"Freq [GHz]","Phi [deg]","Theta [deg]","mag(rERHCP) [mV]","cang_rad(rERHCP) [rad]"
1.23,0,-180,50.6626885992603,-1.46563432768018
1.23,0,-177,40.5568002792404,-1.49671571799023
1.23,0,-174,30.1159692876451,-1.54822407927052
1.23,0,-171,19.5390057385828,-1.65422945520512
1.23,0,-168,9.46572660187064,-1.9941484940468
1.23,0,-165,6.48460976223028,-3.50825160169156
1.23,0,-162,15.5632445557766,-4.1678970951568
1.23,0,-159,26.1843000371627,-4.32716959732434
1.23,0,-156,36.9040011953921,-4.40108372967267
1.23,0,-153,47.5106442918435,-4.4490399415274
1.23,0,-150,57.9431861564178,-4.48711411552839
1.23,0,-147,68.1980094894674,-4.52139421999314
1.23,0,-144,78.311764196496,-4.55460597103691
1.23,0,-141,88.354996833757,-4.58801501002362
1.23,0,-138,98.4262917040736,-4.62211651538442
1.23,0,-135,108.644816838572,-4.65694060404476
1.23,0,-132,119.141344757604,-4.69222227762897
1.23,0,-129,130.048696797808,-4.72752091691042
1.23,0,-126,141.492868767766,-4.7623173521901
1.23,0,-123,153.585970761243,-4.79609410962779
1.23,0,-120,166.421668815486,-4.82839655643222
1.23,0,-117,180.073233838569,-4.85887219436585
1.23,0,-114,194.593786122258,-4.88728824928397
1.23,0,-111,210.01801241307,-4.91353106512225
1.23,0,-108,226.36456297272,-4.9375928914815
1.23,0,-105,243.638455122474,-4.95955196886256
1.23,0,-102,261.833024607369,-4.97955078035033
1.23,0,-99,280.931191774276,-4.99777570265265
1.23,0,-96,300.905993554374,-5.01443969528601
1.23,0,-93,321.720456317725,-5.02976846957512
1.23,0,-90,343.326954062888,-5.04398986797008
1.23,0,-87,365.666226791853,-5.05732588512458
1.23,0,-84,388.666241492919,-5.06998673927088
1.23,0,-81,412.241074232887,-5.08216652260389
1.23,0,-78,436.289981340563,-5.09404012184035
1.23,0,-75,460.696810042395,-5.10576124212043
1.23,0,-72,485.329870753888,-5.11746145854609
1.23,0,-69,510.042351197202,-5.12925025242168
1.23,0,-66,534.673296229735,-5.14121597040727
1.23,0,-63,559.049111395887,-5.15342758873618
1.23,0,-60,582.985483151997,-5.16593708931187
1.23,0,-57,606.289559414751,-5.17878217885873
1.23,0,-54,628.762216835529,-5.19198902479754
1.23,0,-51,650.200268742133,-5.20557465854367
1.23,0,-48,670.398543706461,-5.21954872081579
1.23,0,-45,689.151879483561,-5.23391429994692
1.23,0,-42,706.257206279404,-5.24866773940195
1.23,0,-39,721.516001360646,-5.26379745004488
1.23,0,-36,734.737445331352,-5.27928193130534
1.23,0,-33,745.742568754879,-5.29508735231317
1.23,0,-30,754.369535491931,-5.31116513927888
1.23,0,-27,760.479981810737,-5.32745003792823
1.23,0,-24,763.9660594497,-5.34385906415116
1.23,0,-21,764.757574956019,-5.36029163429794
1.23,0,-18,762.828437943191,-5.3766310053028
1.23,0,-15,758.201575070691,-5.39274698771665
1.23,0,-12,750.951556028219,-5.40849975374595
1.23,0,-9,741.204402232868,-5.42374447032062
1.23,0,-6,729.134368788598,-5.43833645355848
1.23,0,-3,714.957846702971,-5.45213656156686
1.23,0,0,698.924861385579,-5.46501660192357
1.23,0,3,681.308890287355,-5.47686460596149
1.23,0,6,662.395852909459,-5.4875898894726
1.23,0,9,642.47313213719,-5.49712785674619
1.23,0,12,621.819383828637,-5.50544449769938
1.23,0,15,600.695716881119,-5.51254047391877
1.23,0,18,579.33862128282,-5.5184546010687
1.23,0,21,557.95482592753,-5.52326643916211
1.23,0,24,536.718107646893,-5.52709763541221
1.23,0,27,515.767957668989,-5.53011166432013
1.23,0,30,495.209935977331,-5.53251170221237
1.23,0,33,475.117493372271,-5.53453656104623
1.23,0,36,455.535000785179,-5.53645486167439
1.23,0,39,436.481688261113,-5.53855789677084
1.23,0,42,417.956165287761,-5.54115185410598
1.23,0,45,399.941181279186,-5.5445501880792
1.23,0,48,382.408302912673,-5.54906691750071
1.23,0,51,365.322240211075,-5.55501150508638
1.23,0,54,348.644641072758,-5.56268578522844
1.23,0,57,332.337278776482,-5.57238321043674
1.23,0,60,316.364657516464,-5.58439053304002
1.23,0,63,300.696137671154,-5.59899195110533
1.23,0,66,285.307723723684,-5.6164757190371
1.23,0,69,270.183662719385,-5.63714322138628
1.23,0,72,255.317978354404,-5.66132048456458
1.23,0,75,240.716028581881,-5.68937199716383
1.23,0,78,226.396135673951,-5.72171645345105
1.23,0,81,212.391304077724,-5.75884352348755
1.23,0,84,198.751011084069,-5.80132982468246
1.23,0,87,185.543014616134,-5.84985067124177
1.23,0,90,172.855044126174,-5.90518156844504
1.23,0,93,160.796082952031,-5.96817948034379
1.23,0,96,149.496661746262,-6.03972874574988
1.23,0,99,139.107123976848,-6.12063169312824
1.23,0,102,129.792238180251,-6.2114242662837
1.23,0,105,121.720079315223,-6.3121119132874
1.23,0,108,115.04342616872,-6.4218623955771
1.23,0,111,109.873959412993,-6.5387596214182
1.23,0,114,106.253685514464,-6.65977817908784
1.23,0,117,104.132562658935,-6.78110480004122
1.23,0,120,103.362225799291,-6.89876864281717
1.23,0,123,103.710109236502,-7.00934322970698
1.23,0,126,104.889006302122,-7.11043160008946
1.23,0,129,106.591160773552,-7.20079548855736
1.23,0,132,108.517029957132,-7.28019143502378
1.23,0,135,110.39418750049,-7.34907368310713
1.23,0,138,111.986751748498,-7.40830000540561
1.23,0,141,113.098046690756,-7.45890698702202
1.23,0,144,113.569381517056,-7.5019658482725
1.23,0,147,113.277088607406,-7.5385037062439
1.23,0,150,112.129114341496,-7.56946952624108
1.23,0,153,110.061817917634,-7.59572743696833
1.23,0,156,107.037223051578,-7.61806567488702
1.23,0,159,103.040725436393,-7.63721445981441
1.23,0,162,98.0791299066487,-7.65387011676895
1.23,0,165,92.1788439885631,-7.66872625513347
1.23,0,168,85.3840733370334,-7.68251687455382
1.23,0,171,77.7549384850127,-7.69608296137448
1.23,0,174,69.3655524464954,-7.71048836630414
1.23,0,177,60.302274897356,-7.72724629458474
1.23,0,180,50.6626885992603,-7.74881963485977
1.23,3,-180,50.6626885992603,-1.41327445012035
1.23,3,-177,39.6855218607924,-1.4337928663931
1.23,3,-174,28.4385138357657,-1.47208119928508
1.23,3,-171,17.1146210285398,-1.56305401357617
1.23,3,-168,6.39231908885107,-1.97893877973946
1.23,3,-165,7.40970130372666,-3.94639611790735
1.23,3,-162,18.0880397412226,-4.27980829707704
1.23,3,-159,29.0075723467859,-4.36850850075236
1.23,3,-156,39.6940644015894,-4.41519192232514
1.23,3,-153,50.0505855963878,-4.44945340736788
1.23,3,-150,60.0521285234957,-4.48001114295383
1.23,3,-147,69.7190279528873,-4.51037417340652
1.23,3,-144,79.1122572591752,-4.542155522864
1.23,3,-141,88.3302148979244,-4.57605254910126
1.23,3,-138,97.5032238684003,-4.61220532205268
1.23,3,-135,106.785030226946,-4.65036171379689
1.23,3,-132,116.341856710736,-4.68998580310231
1.23,3,-129,126.340373528338,-4.73035705337738
1.23,3,-126,136.936344159369,-4.77067158239446
1.23,3,-123,148.265592446124,-4.81013957383522
1.23,3,-120,160.438351899029,-4.84806662222861
1.23,3,-117,173.537220134189,-4.88390870091005
1.23,3,-114,187.618162036259,-4.91729701240085
1.23,3,-111,202.713526652032,-4.94803607858698
1.23,3,-108,218.835937728396,-4.97608299807288
1.23,3,-105,235.982103550639,-5.00151691990903
1.23,3,-102,254.135917248668,-5.02450628984212
1.23,3,-99,273.270549741283,-5.04527879436885
1.23,3,-96,293.349497049654,-5.06409637413264
1.23,3,-93,314.326710466175,-5.0812358195044
1.23,3,-90,336.146024796848,-5.09697440811673
1.23,3,-87,358.740131680503,-5.11157963309132
1.23,3,-84,382.029345092618,-5.12530206057472
1.23,3,-81,405.92038996831,-5.13837053547656
1.23,3,-78,430.305419361569,-5.15098918162447
1.23,3,-75,455.061431393849,-5.16333583792882
1.23,3,-72,480.050212224648,-5.17556170374949
1.23,3,-69,505.118873683168,-5.18779203146832
1.23,3,-66,530.100985633878,-5.20012771400609
1.23,3,-63,554.818230248862,-5.21264758715773
1.23,3,-60,579.082439952047,-5.22541121967978
1.23,3,-57,602.697838155082,-5.23846191567209
1.23,3,-54,625.463297127391,-5.25182962000196
1.23,3,-51,647.174470470005,-5.26553341219821
1.23,3,-48,667.625748655806,-5.27958330779622
1.23,3,-45,686.612111420981,-5.29398116332772
1.23,3,-42,703.931083300697,-5.3087205987538
1.23,3,-39,719.385101869119,-5.3237859962732
1.23,3,-36,732.784645117127,-5.33915078529052
1.23,3,-33,743.952407927477,-5.35477535282423
1.23,3,-30,752.72866106303,-5.3706050007317
1.23,3,-27,758.977688480428,-5.38656838800447
1.23,3,-24,762.594923277761,-5.40257684392078
1.23,3,-21,763.514147503161,-5.41852482717757
1.23,3,-18,761.713945789194,-5.43429166056251
1.23,3,-15,757.222552736229,-5.44974451909464
1.23,3,-12,750.120328940818,-5.46474251853
1.23,3,-9,740.539329809882,-5.47914165907193
1.23,3,-6,728.659756330673,-5.49280033318164
1.23,3,-3,714.703440858147,-5.50558510289383
1.23,3,0,698.924861385579,-5.5173764794834
1.23,3,3,681.600440161071,-5.52807448137395
1.23,3,6,663.017030607019,-5.53760378967625
1.23,3,9,643.46051769142,-5.54591835294201
1.23,3,12,623.205362146482,-5.55300530742778
1.23,3,15,602.505737679367,-5.5588880768494
1.23,3,18,581.588682208531,-5.56362850336251
1.23,3,21,560.649449694145,-5.5673278518082
1.23,3,24,539.84904155579,-5.5701265373945
1.23,3,27,519.313736737612,-5.57220246714911
1.23,3,30,499.136334035269,-5.5737679661642
1.23,3,33,479.378764564729,-5.57506537937212
1.23,3,36,460.075714718706,-5.57636158470895
1.23,3,39,441.238908017376,-5.57794179976214
1.23,3,42,422.861718618171,-5.58010318220711
1.23,3,45,404.923825640673,-5.58314878925019
1.23,3,48,387.395665451442,-5.58738246021264
1.23,3,51,370.242498939776,-5.59310512406525
1.23,3,54,353.427980486921,-5.60061293096951
1.23,3,57,336.917188770827,-5.61019749316101
1.23,3,60,320.679147728267,-5.62214842339965
1.23,3,63,304.688919628371,-5.63675829485551
1.23,3,66,288.929384936831,-5.65433011384021
1.23,3,69,273.39283414385,-5.6751873770947
1.23,3,72,258.082488812463,-5.69968674136412
1.23,3,75,243.014049831973,-5.72823320711869
1.23,3,78,228.217347221659,-5.76129742136375
1.23,3,81,213.738140836587,-5.79943409227618
1.23,3,84,199.6400899271,-5.84329934500255
1.23,3,87,186.006854167428,-5.89366276747193
1.23,3,90,172.94417456087,-5.95140640661586
1.23,3,93,160.581553314564,-6.01749764050968
1.23,3,96,149.072734922175,-6.0929159297706
1.23,3,99,138.593534692594,-6.17850749311896
1.23,3,102,129.334748582241,-6.27474455151019
1.23,3,105,121.487353753305,-6.38139151857241
1.23,3,108,115.218004763362,-6.49714445202213
1.23,3,111,110.636262095844,-6.61940160692641
1.23,3,114,107.761057129193,-6.7443705717102
1.23,3,117,106.499082911517,-6.86761387378588
1.23,3,120,106.646169420427,-6.98487859720441
1.23,3,123,107.912615577704,-7.09284977347889
1.23,3,126,109.9620439633,-7.18952480654351
1.23,3,129,112.449599860508,-7.27416472799489
1.23,3,132,115.050133165504,-7.34698768889566
1.23,3,135,117.474279463078,-7.40880384445029
1.23,3,138,119.474974084779,-7.46071304453169
1.23,3,141,120.848118787174,-7.50390151615852
1.23,3,144,121.430413997818,-7.5395259046712
1.23,3,147,121.096224366566,-7.56865859157664
1.23,3,150,119.754424581891,-7.59227042916956
1.23,3,153,117.345594550287,-7.61123407004072
1.23,3,156,113.839615182481,-7.62633771785605
1.23,3,159,109.233555902996,-7.63830406613672
1.23,3,162,103.54967626891,-7.64781268691502
1.23,3,165,96.8333556416929,-7.65552694925726
1.23,3,168,89.1508046965628,-7.66212975864192
1.23,3,171,80.5864931924991,-7.66837786574832
1.23,3,174,71.240340964865,-7.67519656218842
1.23,3,177,61.2248628148978,-7.6838679261079
1.23,3,180,50.6626885992603,-7.69645975729994
1.23,6,-180,50.6626885992604,-1.36091457256052
1.23,6,-177,38.8473978550371,-1.37045907814093
1.23,6,-174,26.8352144525557,-1.39348501788932
1.23,6,-171,14.8104472062954,-1.46124428836088
1.23,6,-168,3.47606590221768,-2.02856744468409
1.23,6,-165,9.49686393926875,-4.20183918088676
1.23,6,-162,20.830143971989,-4.33958934365613
1.23,6,-159,31.8506667003613,-4.38453848406957
1.23,6,-156,42.3991504987153,-4.41254079359985
1.23,6,-153,52.4210637199415,-4.43683170379305
1.23,6,-150,61.9093871281865,-4.46179297731614
1.23,6,-147,70.9016612176379,-4.48937133061722
1.23,6,-144,79.4805004856419,-4.52051765090229
1.23,6,-141,87.771915807637,-4.55560462868737
1.23,6,-138,95.9398157877714,-4.59456289962065
1.23,6,-135,104.176290561493,-4.63693996682976
1.23,6,-132,112.688314343309,-4.68195727095547
1.23,6,-129,121.682509514031,-4.72859521413039
1.23,6,-126,131.350321275025,-4.77570927121169
1.23,6,-123,141.856019555571,-4.82216103959692
1.23,6,-120,153.329250719853,-4.86693845681809
1.23,6,-117,165.862650548916,-4.90924198731945
1.23,6,-114,179.513803569272,-4.94852546725479
1.23,6,-111,194.310047047807,-4.98449431406756
1.23,6,-108,210.254437950129,-5.01707339447076
1.23,6,-105,227.331498032042,-5.04635962046477
1.23,6,-102,245.51186335788,-5.07257187031055
1.23,6,-99,264.755463346011,-5.09600615999718
1.23,6,-96,285.013223991149,-5.11699955867306
1.23,6,-93,306.227510029006,-5.1359032718476
1.23,6,-90,328.331622426541,-5.15306370483582
1.23,6,-87,351.248693743886,-5.1688097828166
1.23,6,-84,374.890309367761,-5.18344488180008
1.23,6,-81,399.15514821728,-5.19724205963815
1.23,6,-78,423.927891291362,-5.21044165104382
1.23,6,-75,449.078592122525,-5.22325060123983
1.23,6,-72,474.462638918675,-5.23584312686421
1.23,6,-69,499.921364040111,-5.24836241539407
1.23,6,-66,525.283276146604,-5.26092312641307
1.23,6,-63,550.365812211682,-5.27361446372372
1.23,6,-60,574.977443213637,-5.28650356884707
1.23,6,-57,598.919933306339,-5.29963896274917
1.23,6,-54,621.990560637066,-5.3130537493767
1.23,6,-51,643.984165490197,-5.32676830445453
1.23,6,-48,664.694994389815,-5.34079221504062
1.23,6,-45,683.918440554199,-5.35512531336797
1.23,6,-42,701.452912902775,-5.36975775918968
1.23,6,-39,717.102161641553,-5.38466925650135
1.23,6,-36,730.678413442028,-5.39982762392228
1.23,6,-33,742.006599855782,-5.41518704981439
1.23,6,-30,750.929795529345,-5.430686431487
1.23,6,-27,757.315739215385,-5.4462482081998
1.23,6,-24,761.06403407558,-5.461778047697
1.23,6,-21,762.113371379642,-5.47716564604495
1.23,6,-18,760.447950652018,-5.49228677064586
1.23,6,-15,756.102223045068,-5.50700654025906
1.23,6,-12,749.163182218294,-5.52118381474764
1.23,6,-9,739.769658314793,-5.53467647466746
1.23,6,-6,728.108399362075,-5.54734731113647
1.23,6,-3,714.407096212008,-5.55907021634078
1.23,6,0,698.92486138558,-5.56973635704323
1.23,6,3,681.940954132016,-5.57926002001097
1.23,6,6,663.742714311117,-5.58758383501285
1.23,6,9,644.613707999865,-5.59468310806143
1.23,6,12,624.823001652175,-5.6005690383909
1.23,6,15,604.616291971598,-5.60529065118771
1.23,6,18,584.209361671339,-5.60893535502211
1.23,6,21,563.784049745416,-5.61162812318543
1.23,6,24,543.486660644178,-5.61352939093688
1.23,6,27,523.428524174306,-5.61483184268062
1.23,6,30,503.688278696541,-5.61575632353183
1.23,6,33,484.315390617203,-5.61654714481032
1.23,6,36,465.33443479363,-5.61746706733757
1.23,6,39,446.74972377819,-5.61879225029732
1.23,6,42,428.549964349333,-5.62080745730407
1.23,6,45,410.712714783839,-5.62380182055346
1.23,6,48,393.208499920095,-5.62806547660191
1.23,6,51,376.004506272183,-5.63388739631954
1.23,6,54,359.067827003606,-5.64155472930478
1.23,6,57,342.368261465415,-5.65135396606839
1.23,6,60,325.88070172844,-5.66357419189337
1.23,6,63,309.587162463518,-5.67851267023773
1.23,6,66,293.478531257975,-5.69648295454532
1.23,6,69,277.556132798492,-5.71782567937444
1.23,6,72,261.833210779881,-5.74292210013426
1.23,6,75,246.336434981878,-5.77221027990231
1.23,6,78,231.107536842642,-5.80620345653574
1.23,6,81,216.205161999295,-5.84550937822137
1.23,6,84,201.706993181575,-5.89084796200413
1.23,6,87,187.712119299478,-5.9430620342845
1.23,6,90,174.34346351816,-6.00311154202035
1.23,6,93,161.749764277437,-6.07203500694707
1.23,6,96,150.106039424592,-6.15085376170182
1.23,6,99,139.610605603358,-6.2403886589586
1.23,6,102,130.475736569324,-6.34096643508967
1.23,6,105,122.908621958957,-6.45203280621441
1.23,6,108,117.080885042657,-6.57177587900184
1.23,6,111,113.090018151257,-6.69696688750975
1.23,6,114,110.923713613894,-6.82323810026252
1.23,6,117,110.442507378818,-6.9458286296094
1.23,6,120,111.390685828455,-7.06051702263032
1.23,6,123,113.431558473438,-7.16431533749319
1.23,6,126,116.192078818198,-7.25568154088941
1.23,6,129,119.301689815539,-7.33431709991328
1.23,6,132,122.418080091361,-7.40077800975142
1.23,6,135,125.240239522066,-7.45609488118382
1.23,6,138,127.512746273365,-7.5014920237581
1.23,6,141,129.025322702634,-7.53821481589339
1.23,6,144,129.610440590401,-7.56744019569228
1.23,6,147,129.140476251734,-7.59024035575512
1.23,6,150,127.525047493989,-7.60757641197314
1.23,6,153,124.708685551651,-7.62030709660954
1.23,6,156,120.668767586018,-7.62920403814391
1.23,6,159,115.413542482461,-7.63496957603686
1.23,6,162,108.980058047793,-7.63825591951773
1.23,6,165,101.431813914729,-7.63968658232768
1.23,6,168,92.8560141560316,-7.6398833065743
1.23,6,171,83.3603734374941,-7.63950555438957
1.23,6,174,73.0695323443405,-7.63931841954525
1.23,6,177,62.121250963542,-7.64032837423925
1.23,6,180,50.6626885992604,-7.64409987974011
1.23,9,-180,50.6626885992603,-1.30855469500069
1.23,9,-177,38.0446055186467,-1.30673726650725
1.23,9,-174,25.3111892465234,-1.31221827063354
1.23,9,-171,12.6418706654308,-1.34433626268723
1.23,9,-168,0.966474391482977,-2.69865109365912
1.23,9,-165,12.0185244936527,-4.32450568126549
1.23,9,-162,23.619202437153,-4.36471881743106
1.23,9,-159,34.6330455946458,-4.38199778379458
1.23,9,-156,44.9733174806434,-4.39669636520555
1.23,9,-153,54.5972414470928,-4.41334964461222
1.23,9,-150,63.5061867736174,-4.43383964817344
1.23,9,-147,71.7502181088098,-4.45921900074701
1.23,9,-144,79.4310595399441,-4.49010695148659
1.23,9,-141,86.7016321613503,-4.52675942441416
1.23,9,-138,93.7608680537595,-4.56904481516963
1.23,9,-135,100.843087250514,-4.6164073612097
1.23,9,-132,108.20223281508,-4.66786576617106
1.23,9,-129,116.092640624551,-4.72207753914364
1.23,9,-126,124.749350326724,-4.77747577978635
1.23,9,-123,134.371558273276,-4.83245524897906
1.23,9,-120,145.112160135303,-4.88556189245232
1.23,9,-117,157.074574090829,-4.93563812130419
1.23,9,-114,170.315992057178,-4.9818958153004
1.23,9,-111,184.854803340266,-5.02391696378912
1.23,9,-108,200.679592376002,-5.06160248710954
1.23,9,-105,217.757621188076,-5.09509624757917
1.23,9,-102,236.041565996172,-5.12470654237198
1.23,9,-99,255.474067718575,-5.15083828098672
1.23,9,-96,275.990191955928,-5.17394082895547
1.23,9,-93,297.518173326446,-5.194471235857
1.23,9,-90,319.978918057201,-5.21287013659926
1.23,9,-87,343.284737650995,-5.22954706477249
1.23,9,-84,367.337739978945,-5.24487230703236
1.23,9,-81,392.02824035905,-5.25917312687614
1.23,9,-78,417.233484177162,-5.27273286371933
1.23,9,-75,442.816895728797,-5.28579193953603
1.23,9,-72,468.627984432255,-5.29855016020385
1.23,9,-69,494.502950510971,-5.31116990905458
1.23,9,-66,520.265942675925,-5.32377993632966
1.23,9,-63,545.730839536577,-5.33647948860931
1.23,9,-60,570.703366918309,-5.34934252801718
1.23,9,-57,594.983338224268,-5.36242178588027
1.23,9,-54,618.366824922189,-5.37575239723777
1.23,9,-51,640.648132800503,-5.38935488388926
1.23,9,-48,661.62157013858,-5.40323730252179
1.23,9,-45,681.083127741946,-5.41739645326516
1.23,9,-42,698.832318740793,-5.43181814852973
1.23,9,-39,714.674513437826,-5.44647666081083
1.23,9,-36,728.424119103601,-5.46133358406215
1.23,9,-33,739.908875976507,-5.47633643643707
1.23,9,-30,748.975367874604,-5.49141738510702
1.23,9,-27,755.495600885736,-5.50649247603307
1.23,9,-24,759.374229324359,-5.5214617027285
1.23,9,-21,760.555759537357,-5.53621015811027
1.23,9,-18,759.030894166707,-5.55061039932246
1.23,9,-15,754.841134168255,-5.56452603543075
1.23,9,-12,748.080852442806,-5.57781643711371
1.23,9,-9,738.896283336554,-5.59034237410469
1.23,9,-6,727.48120322499,-5.60197231133312
1.23,9,-3,714.069457665589,-5.61258903525849
1.23,9,0,698.92486138558,-5.62209623460306
1.23,9,3,682.329303073066,-5.63042462581635
1.23,9,6,664.570084097278,-5.63753720128805
1.23,9,9,645.927583341331,-5.6434332015562
1.23,9,12,626.664264142206,-5.64815048625454
1.23,9,15,607.015838898104,-5.65176610964037
1.23,9,18,587.185114941675,-5.6543950871289
1.23,9,21,567.338707815641,-5.65618754206287
1.23,9,24,547.606477870528,-5.65732460481621
1.23,9,27,528.083273853917,-5.65801355492706
1.23,9,30,508.832391720986,-5.65848272167872
1.23,9,33,489.890096650194,-5.65897658807153
1.23,9,36,471.270604850387,-5.65975140729737
1.23,9,39,452.971050405481,-5.6610714903874
1.23,9,42,434.976128687891,-5.66320621098067
1.23,9,45,417.262268317032,-5.666427732448
1.23,9,48,399.801305760338,-5.67100949897501
1.23,9,51,382.563706229557,-5.67722562300616
1.23,9,54,365.521395929919,-5.68535140854792
1.23,9,57,348.650261348254,-5.6956653360198
1.23,9,60,331.93235263092,-5.70845287627518
1.23,9,63,315.357817641429,-5.72401249376089
1.23,9,66,298.926599566713,-5.74266414850514
1.23,9,69,282.649953159979,-5.76476051953465
1.23,9,72,266.551865465148,-5.79070103513078
1.23,9,75,250.670495996085,-5.82094855447272
1.23,9,78,235.059768534005,-5.85604808045835
1.23,9,81,219.791241240517,-5.89664597211523
1.23,9,84,204.956338502698,-5.94350639635395
1.23,9,87,190.668919292871,-5.99751866172703
1.23,9,90,177.067932347532,-6.05968395122511
1.23,9,93,164.319487564335,-6.13106247720639
1.23,9,96,152.616961384868,-6.21265351741544
1.23,9,99,142.176732481575,-6.30517695321539
1.23,9,102,133.226106040841,-6.40873989125205
1.23,9,105,125.979914451519,-6.52242676939204
1.23,9,108,120.604944220466,-6.6439530507507
1.23,9,111,117.177968246514,-6.76961737422778
1.23,9,114,115.651316372846,-6.89474483373567
1.23,9,117,115.842201010005,-7.01455636747974
1.23,9,120,117.452686598294,-7.12509358650235
1.23,9,123,120.111676288551,-7.22378461316561
1.23,9,126,123.421501892805,-7.30950378006901
1.23,9,129,126.99506076621,-7.38227361519538
1.23,9,132,130.478643260125,-7.44285183490382
1.23,9,135,133.562601336122,-7.49237107463312
1.23,9,138,135.98437082118,-7.53209073769966
1.23,9,141,137.527740364585,-7.56325334505435
1.23,9,144,138.020777474577,-7.58701511035161
1.23,9,147,137.33356962764,-7.6044214489383
1.23,9,150,135.376169624172,-7.6164064215808
1.23,9,153,132.096752349427,-7.62380322465546
1.23,9,156,127.47983734823,-7.6273587039373
1.23,9,159,121.544390675504,-7.62774860242259
1.23,9,162,114.341626567153,-7.62559251844367
1.23,9,165,105.952360599572,-7.62146901407134
1.23,9,168,96.4838181230506,-7.61593259667098
1.23,9,171,86.0658760747023,-7.60953621615953
1.23,9,174,74.8468069871756,-7.60286722522091
1.23,9,177,62.9886851212136,-7.59661662599019
1.23,9,180,50.6626885992603,-7.59174000218028
1.23,12,-180,50.6626885992604,-1.25619481744086
1.23,12,-177,37.2792036036312,-1.24265564914965
1.23,12,-174,23.8715870352885,-1.22806689627292
1.23,12,-171,10.632248286069,-1.20539398558361
1.23,12,-168,2.27856189658358,1.8064657098712
1.23,12,-165,14.64625755434,1.90677799248887
1.23,12,-162,26.3672925869289,1.91646098021275
1.23,12,-159,37.3129561252789,1.91754549315312
1.23,12,-156,47.3980242897545,1.91287802261827
1.23,12,-153,56.5782305867965,1.90252068857571
1.23,12,-150,64.8573498551446,1.88599667380615
1.23,12,-147,72.2937388492632,1.86270749733386
1.23,12,-144,79.0049383075598,1.83211308920724
1.23,12,-141,85.1688217686562,1.79387980392873
1.23,12,-138,91.0196261968782,1.74803115980865
1.23,12,-135,96.8373756939206,1.69508773973633
1.23,12,-132,102.930064528348,1.63615544646176
1.23,12,-129,109.609738822667,1.57291091780667
1.23,12,-126,117.165995662143,1.50745183143353
1.23,12,-123,125.842267974976,1.44202990503011
1.23,12,-120,135.820160249102,1.37874053546829
1.23,12,-117,147.214609401402,1.31926544223012
1.23,12,-114,160.079025146574,1.26473562478698
1.23,12,-111,174.416834554177,1.21572434096508
1.23,12,-108,190.195147049862,1.17233315757854
1.23,12,-105,207.3572236542,1.13431907208239
1.23,12,-102,225.832007012075,1.10122116140686
1.23,12,-99,245.540296934997,1.07246448026523
1.23,12,-96,266.397940346165,1.04743498175319
1.23,12,-93,288.316722234123,1.02552831479766
1.23,12,-90,311.203686065149,1.00617867480061
1.23,12,-87,334.959533972628,0.988873927670863
1.23,12,-84,359.476645684814,0.973161955821213
1.23,12,-81,384.637144701355,0.958651687888727
1.23,12,-78,410.311337067812,0.945011033618604
1.23,12,-75,436.356748735403,0.931963064056917
1.23,12,-72,462.617888176576,0.919281217399113
1.23,12,-69,488.926761705155,0.906783990645633
1.23,12,-66,515.10407470195,0.894329416114559
1.23,12,-63,540.960971772895,0.881809555562712
1.23,12,-60,566.301114392544,0.869145226487841
1.23,12,-57,590.922877356154,0.856281172885878
1.23,12,-54,614.621473533145,0.843181884822858
1.23,12,-51,637.190891235159,0.82982824422372
1.23,12,-48,658.425641484469,0.816215121606176
1.23,12,-45,678.122444259896,0.802349969878414
1.23,12,-42,696.082104905301,0.788252362985259
1.23,12,-39,712.111911469433,0.773954321135349
1.23,12,-36,726.028891065262,0.759501166457266
1.23,12,-33,737.664180154639,0.744952579672262
1.23,12,-30,746.868590200271,0.730383492730944
1.23,12,-27,753.519208141327,0.715884460394755
1.23,12,-24,757.5266016226,0.701561203001353
1.23,12,-21,758.841954379058,0.687533093311176
1.23,12,-18,757.463290505183,0.673930458715175
1.23,12,-15,753.439898824225,0.660890673271354
1.23,12,-12,746.874160608331,0.648553113746717
1.23,12,-9,737.920210452129,0.637053148010642
1.23,12,-6,726.779191852586,0.626515415467964
1.23,12,-3,713.691258394739,0.617046751054637
1.23,12,0,698.92486138558,0.6087291950167
1.23,12,3,682.76419837606,0.601613608849286
1.23,12,6,665.495925596462,0.595714460641806
1.23,12,9,647.396326680799,0.591006320535256
1.23,12,12,628.720064680906,0.587422491821413
1.23,12,15,609.691430389047,0.584855985588188
1.23,12,18,590.498666480642,0.58316274750225
1.23,12,21,571.291544612108,0.582166719747408
1.23,12,24,552.181967586648,0.581666048461324
1.23,12,27,533.247031152882,0.581439604692622
1.23,12,30,514.533768076546,0.581253019946027
1.23,12,33,496.064741456714,0.58086363673059
1.23,12,36,477.843748770851,0.58002407640012
1.23,12,39,459.861101732251,0.578484434718671
1.23,12,42,442.09819649832,0.575993336669636
1.23,12,45,424.531318357773,0.572298158427166
1.23,12,48,407.134785710943,0.567144650863124
1.23,12,51,389.883609540544,0.5602760181427
1.23,12,54,372.755836153108,0.551431286369133
1.23,12,57,355.734683605331,0.540342609931062
1.23,12,60,338.810514103622,0.526731053788623
1.23,12,63,321.982637559425,0.510300373734313
1.23,12,66,305.260931966048,0.490728384238393
1.23,12,69,288.667293810646,0.467655639378414
1.23,12,72,272.236982725983,0.440671360758578
1.23,12,75,256.019979029123,0.409296879891661
1.23,12,78,240.082510099429,0.372967454335051
1.23,12,81,224.508902412606,0.331014418282188
1.23,12,84,209.403858902813,0.282651648705359
1.23,12,87,194.895113393385,0.226973842176679
1.23,12,90,181.136119480458,0.162979698242045
1.23,12,93,168.307907375766,0.0896407952300684
1.23,12,96,156.618408329466,0.00604449779825398
1.23,12,99,146.296448074844,-0.0883609191851101
1.23,12,102,137.57670605622,-0.193414497765002
1.23,12,105,130.672457477935,-0.30784611891844
1.23,12,108,125.736681789368,-0.429000733515917
1.23,12,111,122.819671058495,-0.552915010061013
1.23,12,114,121.838692143022,-0.67487986341762
1.23,12,117,122.574675609385,-0.790337992608187
1.23,12,120,124.698967874715,-0.895717874005964
1.23,12,123,127.818289132268,-0.988855040260057
1.23,12,126,131.520358376952,-1.06894303576271
1.23,12,129,135.40823158155,-1.13619873631022
1.23,12,132,139.120542987067,-1.19146575211516
1.23,12,135,142.340696556683,-1.23588995142154
1.23,12,138,144.799502078114,-1.27070454978635
1.23,12,141,146.27477991805,-1.29710959995696
1.23,12,144,146.589967928625,-1.31621595581124
1.23,12,147,145.612613233623,-1.32902716964503
1.23,12,150,143.252966739348,-1.33644093225132
1.23,12,153,139.46259671428,-1.33925895087564
1.23,12,156,134.232843283824,-1.33819924081986
1.23,12,159,127.592934623624,-1.33390793263829
1.23,12,162,119.607616189098,-1.32696944357116
1.23,12,165,110.374184348627,-1.31791470268611
1.23,12,168,100.018865803147,-1.30722733220073
1.23,12,171,88.6925505005629,-1.29534731676174
1.23,12,174,76.5659673103994,-1.28267036454751
1.23,12,177,63.8244737997922,-1.26953728462636
1.23,12,180,50.6626885992604,-1.25619481744086
1.23,15,-180,50.6626885992603,-1.20383493988103
1.23,15,-177,36.5531258790521,-1.1782481499591
1.23,15,-174,22.521584174752,-1.14083385505059
1.23,15,-171,8.81953017510265,-1.03365644139546
1.23,15,-168,4.77058117102057,1.67451159039792
1.23,15,-165,17.2500859497221,1.89307405506372
1.23,15,-162,29.0306496694351,1.93029546636307
1.23,15,-159,39.8727752167215,1.94437871034643
1.23,15,-156,49.6735753531384,1.9478292500127
1.23,15,-153,58.3809882433135,1.94312621134029
1.23,15,-150,65.9965997833022,1.93055133403807
1.23,15,-147,72.5824669881607,1.90967263175448
1.23,15,-144,78.267277386984,1.87983250008546
1.23,15,-141,83.2498522592527,1.84042775466762
1.23,15,-138,87.7978456804838,1.79116282723031
1.23,15,-135,92.2390796696583,1.73231037767004
1.23,15,-132,96.9431477006678,1.66494004807266
1.23,15,-129,102.292685525672,1.59102349777378
1.23,15,-126,108.64751301501,1.51331607817226
1.23,15,-123,116.309357054572,1.43498707975391
1.23,15,-120,125.496805973805,1.35910031415361
1.23,15,-117,136.336992707557,1.28813863630793
1.23,15,-114,148.873724200995,1.22373613570798
1.23,15,-111,163.085984492855,1.16665815946096
1.23,15,-108,178.909173759697,1.11695694522573
1.23,15,-105,196.253520777461,1.0741949853483
1.23,15,-102,215.017255186743,1.03765513209487
1.23,15,-99,235.094471312345,1.00650057401316
1.23,15,-96,256.378724369351,0.979880143783189
1.23,15,-93,278.763641413342,0.956989426314137
1.23,15,-90,302.141675166685,0.937101362281405
1.23,15,-87,326.401876177352,0.919577948784943
1.23,15,-84,351.427331227474,0.903871216485107
1.23,15,-81,377.092739199106,0.889518637414177
1.23,15,-78,403.262458059907,0.87613594760485
1.23,15,-75,429.789240538825,0.863408988143932
1.23,15,-72,456.513769425123,0.851085369094166
1.23,15,-69,483.265002361359,0.83896634239411
1.23,15,-66,509.861243628703,0.826899080326493
1.23,15,-63,536.111784713426,0.814769491509953
1.23,15,-60,561.818906762218,0.802495699300895
1.23,15,-57,586.780026388466,0.790022315896096
1.23,15,-54,610.789798270705,0.777315644142536
1.23,15,-51,633.642063664715,0.764359914739963
1.23,15,-48,655.131644434294,0.751154614813623
1.23,15,-45,675.056108735855,0.737712887831191
1.23,15,-42,693.217750040041,0.724060893772212
1.23,15,-39,709.42609489726,0.71023792587616
1.23,15,-36,723.501258936222,0.696297001340585
1.23,15,-33,735.278387969122,0.682305591375422
1.23,15,-30,744.613251916084,0.668346139381327
1.23,15,-27,751.38882387344,0.654516036016576
1.23,15,-24,755.522413582655,0.640926770943155
1.23,15,-21,756.972683746855,0.627702053000866
1.23,15,-18,755.745710194805,0.614974772836129
1.23,15,-15,751.899194063073,0.602882767553524
1.23,15,-12,745.544018378353,0.591563434787263
1.23,15,-9,736.842561459028,0.581147338560681
1.23,15,-6,726.003510768285,0.571751058661256
1.23,15,-3,713.273319724565,0.563469662601141
1.23,15,0,698.92486138558,0.55636931745687
1.23,15,3,683.244198155667,0.550480684772315
1.23,15,6,666.516650871749,0.545793815515054
1.23,15,9,649.013469451091,0.542255235222325
1.23,15,12,630.980353305676,0.539767741365883
1.23,15,15,612.62883906676,0.538193115310453
1.23,15,18,594.131191339466,0.537357518710849
1.23,15,21,575.618956176582,0.537058889375549
1.23,15,24,557.184849368594,0.537075296012094
1.23,15,27,538.887245082152,0.537173065468752
1.23,15,30,520.756283999017,0.537113613933072
1.23,15,33,502.800576155596,0.536658264950536
1.23,15,36,485.013623603354,0.535570815068124
1.23,15,39,467.379374902293,0.533618067538259
1.23,15,42,449.876660732545,0.530568865954028
1.23,15,45,432.482558984451,0.526192251007008
1.23,15,48,415.174934209984,0.520255237968302
1.23,15,51,397.934465808259,0.512520437031913
1.23,15,54,380.746438126168,0.5027434133082
1.23,15,57,363.602458857594,0.490669404652033
1.23,15,60,346.502154300338,0.476028848874376
1.23,15,63,329.454806444003,0.458531139974326
1.23,15,66,312.480871222193,0.437856124262966
1.23,15,69,295.613348819477,0.413643039058696
1.23,15,72,278.899045752481,0.385476887030824
1.23,15,75,262.399844882761,0.352872680871245
1.23,15,78,246.194152838408,0.315258727469837
1.23,15,81,230.37869664538,0.271961413488629
1.23,15,84,215.070764845706,0.222196218593674
1.23,15,87,200.410796151453,0.165073445155764
1.23,15,90,186.56485429564,0.0996328115476721
1.23,15,93,173.725916879748,0.0249280996998122
1.23,15,96,162.11200431244,-0.0598117506179523
1.23,15,99,151.958121598479,-0.15492414763786
1.23,15,102,143.498400998689,-0.259967645192258
1.23,15,105,136.93607076439,-0.373371630456748
1.23,15,108,132.403495326833,-0.492253340411761
1.23,15,111,129.922125954373,-0.612602540803471
1.23,15,114,129.377904739297,-0.729897866492842
1.23,15,117,130.524455418871,-0.839952226542375
1.23,15,120,133.013644221402,-0.939615775389926
1.23,15,123,136.440348017528,-1.02707179607505
1.23,15,126,140.385342330623,-1.10172864466955
1.23,15,129,144.446630219918,-1.1638916907424
1.23,15,132,148.257752674482,-1.21440502795189
1.23,15,135,151.496332862514,-1.25436732081134
1.23,15,138,153.886984330009,-1.28494623266675
1.23,15,141,155.201663722496,-1.30727503366038
1.23,15,144,155.259168886078,-1.32240465487501
1.23,15,147,153.924457805989,-1.33128814572683
1.23,15,150,151.10789115586,-1.33478162622568
1.23,15,153,146.764262828784,-1.33365205310275
1.23,15,156,140.891433172013,-1.32858642832563
1.23,15,159,133.528410047872,-1.32019967284678
1.23,15,162,124.752771830123,-1.30903968107399
1.23,15,165,114.677372077816,-1.29558831010174
1.23,15,168,103.446311223901,-1.28025612618896
1.23,15,171,91.2302182277126,-1.26336574625154
1.23,15,174,78.220961412836,-1.24511053730873
1.23,15,177,64.6259988879002,-1.22545171676045
1.23,15,180,50.6626885992603,-1.20383493988103
1.23,18,-180,50.6626885992604,-1.1514750623212
1.23,18,-177,35.8681747469172,-1.11355472528254
1.23,18,-174,21.2663533284733,-1.05035860322138
1.23,18,-171,7.26760568628868,-0.813442756953246
1.23,18,-168,7.18837429083791,1.67357149393196
1.23,18,-165,19.7762514803848,1.90147947471216
1.23,18,-162,31.5894775369831,1.95530101639129
1.23,18,-159,42.3100617152039,1.9792916920066
1.23,18,-156,51.8132635761955,1.98981943409989
1.23,18,-153,60.0357407943722,1.99062026589822
1.23,18,-150,66.9728185545574,1.98236324914091
1.23,18,-147,72.6850412250918,1.9646068977167
1.23,18,-144,77.305880940831,1.93643188440658
1.23,18,-141,81.0483213478374,1.89678201790241
1.23,18,-138,84.208038787055,1.84478521932472
1.23,18,-135,87.1596471376099,1.78014297845842
1.23,18,-132,90.341098473406,1.70357301226611
1.23,18,-129,94.2217659514938,1.61717081817218
1.23,18,-126,99.2545569144148,1.52445692005275
1.23,18,-123,105.821775359291,1.42992369938037
1.23,18,-120,114.192424781111,1.33815984976106
1.23,18,-117,124.506369077018,1.25293292177626
1.23,18,-114,136.787556878736,1.1766414035242
1.23,18,-111,150.975132917712,1.11027222285645
1.23,18,-108,166.957578991956,1.05370754461802
1.23,18,-105,184.600062497237,1.00613828996856
1.23,18,-102,203.762008588793,0.966420711721883
1.23,18,-99,224.306139067984,0.933320240584159
1.23,18,-96,246.1015490857,0.90565194502717
1.23,18,-93,269.023169251283,0.882348188060625
1.23,18,-90,292.94930350701,0.862482423715704
1.23,18,-87,317.758346358341,0.845269633037988
1.23,18,-84,343.32538193968,0.830055888353027
1.23,18,-81,369.519117636223,0.816303882954342
1.23,18,-78,396.199445381424,0.80357780792201
1.23,18,-75,423.215807631954,0.79152904170618
1.23,18,-72,450.406446386157,0.779883151019598
1.23,18,-69,477.598522674913,0.76842827417581
1.23,18,-66,504.609011457518,0.757004815862824
1.23,18,-63,531.246209557143,0.745496375674141
1.23,18,-60,557.311651576437,0.733821875870488
1.23,18,-57,582.60221984351,0.721928899049557
1.23,18,-54,606.912265522701,0.709788268641994
1.23,18,-51,630.035629399004,0.697389894070434
1.23,18,-48,651.767554621958,0.684739858065494
1.23,18,-45,671.9066027816,0.67185865391046
1.23,18,-42,690.256794041114,0.658780398605066
1.23,18,-39,706.630262647081,0.645552769964851
1.23,18,-36,720.850724309333,0.632237356467345
1.23,18,-33,732.757974696171,0.61891007883125
1.23,18,-30,742.213477593272,0.605661345666413
1.23,18,-27,749.106875188555,0.592595638515052
1.23,18,-24,753.362997239501,0.579830275194881
1.23,18,-21,754.948708008627,0.567493163904937
1.23,18,-18,753.878759613174,0.555719426401642
1.23,18,-15,750.219759624156,0.544646835693783
1.23,18,-12,744.091434421737,0.534410088996156
1.23,18,-9,735.664581128353,0.525134032607423
1.23,18,-6,725.155430407054,0.516926084325646
1.23,18,-3,712.816550987857,0.509868264943938
1.23,18,0,698.92486138558,0.504009439897041
1.23,18,3,683.767714163055,0.499358548381977
1.23,18,6,667.628321417379,0.495879700953251
1.23,18,9,650.771941077996,0.493489988485243
1.23,18,12,633.434201176337,0.492060611322431
1.23,18,15,615.812688556657,0.491421499772757
1.23,18,18,598.062491761043,0.491369018917655
1.23,18,21,580.295830231941,0.491675765224375
1.23,18,24,562.585325713033,0.492101037719852
1.23,18,27,544.969994741075,0.492400443654654
1.23,18,30,527.462764632082,0.492333330681439
1.23,18,33,510.058291686497,0.491667261164483
1.23,18,36,492.740074957375,0.490179400579822
1.23,18,39,475.486235513103,0.487655287479301
1.23,18,42,458.273757752465,0.483885828639133
1.23,18,45,441.081354997156,0.478663444932519
1.23,18,48,423.891348915706,0.471778101920857
1.23,18,51,406.691015522306,0.463013588828188
1.23,18,54,389.473774602661,0.45214398824656
1.23,18,57,372.240444019556,0.438929924805638
1.23,18,60,355.000615264856,0.423113971964253
1.23,18,63,337.774088789602,0.404414558792952
1.23,18,66,320.592266316598,0.382517839315176
1.23,18,69,303.499430783744,0.357067238288528
1.23,18,72,286.553926752084,0.327650763576937
1.23,18,75,269.82934658508,0.293786728772343
1.23,18,78,253.415890703091,0.254909403678536
1.23,18,81,237.422068331491,0.210357564302374
1.23,18,84,221.976805454429,0.159371324254766
1.23,18,87,207.231790699849,0.101106400763773
1.23,18,90,193.363466402007,0.0346801985664485
1.23,18,93,180.573408170645,-0.0407303114144503
1.23,18,96,169.084942453841,-0.125717013200488
1.23,18,99,159.132969865062,-0.220384233597381
1.23,18,102,150.943825988506,-0.324032841969141
1.23,18,105,144.703921090728,-0.434877385210202
1.23,18,108,140.520909607307,-0.549957123488464
1.23,18,111,138.387958502271,-0.665393876098637
1.23,18,114,138.165279377969,-0.777001047437007
1.23,18,117,139.588127775715,-0.881028048064364
1.23,18,120,142.29845234666,-0.974727236174982
1.23,18,123,145.887324387158,-1.0565566007842
1.23,18,126,149.934264160797,-1.12605198258433
1.23,18,129,154.035776254585,-1.18353089491824
1.23,18,132,157.822359187793,-1.22978131557786
1.23,18,135,160.967010671012,-1.26581675397835
1.23,18,138,163.188832016882,-1.29271543091824
1.23,18,141,164.254366683691,-1.31152934921251
1.23,18,144,163.978092566653,-1.32324086923923
1.23,18,147,162.222589279414,-1.32874733018415
1.23,18,150,158.898407388552,-1.32886003482712
1.23,18,153,153.963477370185,-1.3243090495711
1.23,18,156,147.421881496769,-1.31574886523617
1.23,18,159,139.321868035262,-1.30376208910703
1.23,18,162,129.753051635217,-1.28885921929518
1.23,18,165,118.842793566307,-1.27147219364424
1.23,18,168,106.751795987708,-1.25193725575144
1.23,18,171,93.6689940790493,-1.23045678903572
1.23,18,174,79.8059063590432,-1.20701391585153
1.23,18,177,65.3907261165203,-1.18116613295237
1.23,18,180,50.6626885992604,-1.1514750623212
1.23,21,-180,50.6626885992604,-1.09911518476137
1.23,21,-177,35.2260150556405,-1.04862158672018
1.23,21,-174,20.1109921244141,-0.956542897692663
1.23,21,-171,6.08037468295029,-0.527202423110347
1.23,21,-168,9.49292962775359,1.70172711902367
1.23,21,-165,22.2019888995863,1.92354694638602
1.23,21,-162,34.0373825486824,1.98838066560844
1.23,21,-159,44.6319274618551,2.02051173959079
1.23,21,-156,53.8391458264397,2.03763001973376
1.23,21,-153,61.5822819131437,2.04411969117891
1.23,21,-150,67.8467185886989,2.04084422085951
1.23,21,-147,72.6858455546516,2.02727067786617
1.23,21,-144,76.229969861613,2.00213968631344
1.23,21,-141,78.6962265027435,1.96379507364639
1.23,21,-138,80.3978879460611,1.91050599158812
1.23,21,-135,81.7494817426923,1.84094650897246
1.23,21,-132,83.2602611381067,1.75490807537458
1.23,21,-129,85.5048999064165,1.65413753137522
1.23,21,-126,89.0629090601854,1.5428832229055
1.23,21,-123,94.4341862623236,1.42754623314652
1.23,21,-120,101.96163234842,1.31523237442006
1.23,21,-117,111.798071111215,1.21189219687769
1.23,21,-114,123.928804854491,1.12113007016144
1.23,21,-111,138.227327933306,1.04413238578632
1.23,21,-108,154.51242927956,0.980332696362503
1.23,21,-105,172.588689047894,0.928218102550522
1.23,21,-102,192.268261170142,0.88594056337477
1.23,21,-99,213.379147494966,0.851673585602742
1.23,21,-96,235.765741689695,0.8237779913192
1.23,21,-93,259.285658711603,0.800855525994135
1.23,21,-90,283.805137780489,0.781746951199435
1.23,21,-87,309.194202221141,0.76550739441498
1.23,21,-84,335.322174529138,0.75137545024731
1.23,21,-81,362.053862799707,0.738743292983481
1.23,21,-78,389.246596276344,0.727130383349148
1.23,21,-75,416.748204839523,0.716161217093898
1.23,21,-72,444.395969292776,0.705546727394429
1.23,21,-69,472.016502845036,0.695068735609736
1.23,21,-66,499.426459614901,0.684566894093225
1.23,21,-63,526.433910273195,0.673927705517912
1.23,21,-60,552.840187692532,0.663075350420121
1.23,21,-57,578.44199623968,0.651964168633839
1.23,21,-54,603.033604162671,0.640572704981651
1.23,21,-51,626.409001267861,0.628899243048272
1.23,21,-48,648.363998040286,0.616958720680779
1.23,21,-45,668.698352882092,0.604780861425931
1.23,21,-42,687.218118386414,0.59240928578355
1.23,21,-39,703.738467960423,0.579901303706232
1.23,21,-36,718.087274316884,0.567328050463138
1.23,21,-33,730.109643432349,0.554774620097382
1.23,21,-30,739.673458419467,0.542339873832604
1.23,21,-27,746.675772670858,0.530135646686467
1.23,21,-24,751.04964352584,0.518285131739817
1.23,21,-21,752.770761851189,0.506920276612803
1.23,21,-18,751.863058251861,0.496178075847639
1.23,21,-15,748.402395902594,0.486195691198888
1.23,21,-12,742.517521219272,0.477104394317835
1.23,21,-9,734.387644553509,0.469022423650807
1.23,21,-6,724.236349734361,0.462046997546249
1.23,21,-3,712.321949351168,0.456245932875518
1.23,21,0,698.92486138558,0.45164956233721
1.23,21,3,684.333019352675,0.448243871573648
1.23,21,6,668.826673035956,0.445965907969319
1.23,21,9,652.664121665262,0.444702454901427
1.23,21,12,636.069890144242,0.444292651132787
1.23,21,15,619.226584828995,0.444534664289699
1.23,21,18,602.271167760343,0.445195794747194
1.23,21,21,585.295742697936,0.446024674729684
1.23,21,24,568.352277557815,0.446763753983028
1.23,21,27,551.460141632624,0.447160194066559
1.23,21,30,534.615035789406,0.446973668343872
1.23,21,33,517.79789967723,0.445980274803563
1.23,21,36,500.982667489116,0.443972597239056
1.23,21,39,484.142213923766,0.440756658125548
1.23,21,42,467.25234630735,0.436146917239679
1.23,21,45,450.294125419651,0.429960518033187
1.23,21,48,433.255049088073,0.422011715411519
1.23,21,51,416.129684996781,0.412106957690339
1.23,21,54,398.920227840119,0.400040593509222
1.23,21,57,381.637254736998,0.385590764179739
1.23,21,60,364.30074494354,0.368514807386212
1.23,21,63,346.941281506571,0.348543466393152
1.23,21,66,329.601296376757,0.32537335344659
1.23,21,69,312.336253069157,0.298657426319847
1.23,21,72,295.215750567803,0.267993694952334
1.23,21,75,278.324633051563,0.232913030718347
1.23,21,78,261.76425529674,0.192867939287264
1.23,21,81,245.654042329468,0.147225711367097
1.23,21,84,230.133358279366,0.0952717832521633
1.23,21,87,215.363426937992,0.0362326476818526
1.23,21,90,201.528585944179,-0.0306679924583967
1.23,21,93,188.835486709606,-0.106102547996662
1.23,21,96,177.508047013812,-0.190466637401189
1.23,21,99,167.77535122672,-0.283639135635916
1.23,21,102,159.850038024501,-0.38471153008826
1.23,21,105,153.897102590217,-0.491779746365412
1.23,21,108,149.997927293065,-0.601934597944947
1.23,21,111,148.119877493842,-0.71155408441091
1.23,21,114,148.103446200445,-0.816862086321777
1.23,21,117,149.673238351978,-0.914553233587116
1.23,21,120,152.468709482575,-1.00223848291453
1.23,21,123,156.083068184071,-1.07858503012619
1.23,21,126,160.098816828208,-1.14319354994818
1.23,21,129,164.113826249567,-1.19634509341606
1.23,21,132,167.75750490757,-1.23873806531495
1.23,21,135,170.699632300452,-1.27127933094056
1.23,21,138,172.654883020327,-1.29494434284779
1.23,21,141,173.38525577273,-1.31069563528874
1.23,21,144,172.701587389073,-1.31944185254286
1.23,21,147,170.464554603445,-1.32202124430117
1.23,21,150,166.585139621994,-1.31919793010463
1.23,21,153,161.024385914697,-1.31166332423468
1.23,21,156,153.792284434504,-1.30003804751529
1.23,21,159,144.945708519467,-1.28487134904877
1.23,21,162,134.585394068929,-1.26663555041937
1.23,21,165,122.852015238863,-1.24571206219819
1.23,21,168,109.92144193837,-1.22236208674231
1.23,21,171,95.9993090733135,-1.19666606726948
1.23,21,174,81.3151111058457,-1.16839138455732
1.23,21,177,66.1162153021247,-1.13667274520357
1.23,21,180,50.6626885992604,-1.09911518476137
1.23,24,-180,50.6626885992605,-1.04675530720154
1.23,24,-177,34.6281682553465,-0.983501291910133
1.23,24,-174,19.0603992487976,-0.859382706654587
1.23,24,-171,5.39590809817123,-0.172813978859717
1.23,24,-168,11.6794896107171,1.74065654691714
1.23,24,-165,24.5184156474419,1.95448778498954
1.23,24,-162,36.3755683973898,2.02739299550384
1.23,24,-159,46.8512829159465,2.06667416550672
1.23,24,-156,55.7787657546704,2.09023630575136
1.23,24,-153,63.0666900114411,2.10281019221525
1.23,24,-150,68.6874866355039,2.10538288644154
1.23,24,-147,72.6819288987246,2.09733566776842
1.23,24,-144,75.1683289301891,2.07708063090324
1.23,24,-141,76.3550262340624,2.04230508260689
1.23,24,-138,76.5562961825395,1.99018451323119
1.23,24,-135,76.2100800628758,1.91781281351705
1.23,24,-132,75.8898984101231,1.8231154637098
1.23,24,-129,76.2920896986152,1.70639601362259
1.23,24,-126,78.1704466194751,1.57207923206535
1.23,24,-123,82.206680507232,1.42921417462753
1.23,24,-120,88.8622430773195,1.28929349334016
1.23,24,-117,98.3025091866229,1.16226266574456
1.23,24,-114,110.437721370765,1.05370737354096
1.23,24,-111,125.030918535915,0.964790920637402
1.23,24,-108,141.797416976598,0.893851496315251
1.23,24,-105,160.462852442246,0.838048751209303
1.23,24,-102,180.785501810855,0.794392305444897
1.23,24,-99,202.558783401232,0.760206661224749
1.23,24,-96,225.605593019618,0.733267932514628
1.23,24,-93,249.770398688544,0.711792343512929
1.23,24,-90,274.91149741956,0.694373602680896
1.23,24,-87,300.894219478236,0.679912279163858
1.23,24,-84,327.585260516216,0.667552979405775
1.23,24,-81,354.848146573065,0.656633160150098
1.23,24,-78,382.539807341408,0.646642870726426
1.23,24,-75,410.508232303246,0.63719339656766
1.23,24,-72,438.591172888909,0.627992721967292
1.23,24,-69,466.615824679502,0.618826098036956
1.23,24,-66,494.399382480529,0.609540449208622
1.23,24,-63,521.750317985632,0.600031750523996
1.23,24,-60,548.470196216686,0.590234817432421
1.23,24,-57,574.355834103129,0.580115162818825
1.23,24,-54,599.201621413896,0.56966269906771
1.23,24,-51,622.801875173854,0.558887109677687
1.23,24,-48,644.95318089458,0.547814703884977
1.23,24,-45,665.456775627853,0.536486521370354
1.23,24,-42,684.121128356232,0.52495739640373
1.23,24,-39,700.764946020575,0.513295643713956
1.23,24,-36,715.22085180718,0.501583007827628
1.23,24,-33,727.339926510767,0.489914530017804
1.23,24,-30,736.997168084066,0.478398028226423
1.23,24,-27,744.097721160619,0.467152942834649
1.23,24,-24,748.583487614373,0.456308359160079
1.23,24,-21,750.439494547629,0.446000063872558
1.23,24,-18,749.699215952497,0.436366524884225
1.23,24,-15,746.447962631215,0.42754371379113
1.23,24,-12,740.823502768238,0.419658739935717
1.23,24,-9,733.013265178994,0.412822364752792
1.23,24,-6,723.247800136676,0.407120638099167
1.23,24,-3,711.79059959063,0.402606149187028
1.23,24,0,698.92486138558,0.399289684777381
1.23,24,3,684.938256041073,0.397133366555438
1.23,24,6,670.107142340517,0.396046492653554
1.23,24,9,654.681897271629,0.395885219992922
1.23,24,12,638.87500484893,0.396456816025769
1.23,24,15,622.853247628428,0.397528492072504
1.23,24,18,606.734781498453,0.398839939795648
1.23,24,21,590.591136609196,0.400117866081246
1.23,24,24,574.453425112729,0.401090325211754
1.23,24,27,558.321424827863,0.401498663274952
1.23,24,30,542.173892070584,0.40110543228667
1.23,24,33,525.978501279682,0.399697534173235
1.23,24,36,509.700175671284,0.397084840236817
1.23,24,39,493.30713753736,0.393095322619877
1.23,24,42,476.774604110613,0.387568148413202
1.23,24,45,460.086534641356,0.380346179391337
1.23,24,48,443.236102660132,0.371268968886214
1.23,24,51,426.225604925289,0.360166804333514
1.23,24,54,409.06637230506,0.346855779229022
1.23,24,57,391.779005063211,0.331133432045845
1.23,24,60,374.394010056761,0.312774246393201
1.23,24,63,356.952742845198,0.291524290291377
1.23,24,66,339.508487861133,0.267094462930895
1.23,24,69,322.127538419672,0.239152181550705
1.23,24,72,304.890228905456,0.207311868628017
1.23,24,75,287.891972769203,0.171125334118467
1.23,24,78,271.244420458381,0.130074205905142
1.23,24,81,255.076827233681,0.0835681286609063
1.23,24,84,239.537576330831,0.0309547211473793
1.23,24,87,224.795507609329,-0.0284497208632753
1.23,24,90,211.04023392754,-0.0952966285862458
1.23,24,93,198.480002983013,-0.170095126858455
1.23,24,96,187.33501338774,-0.253046615968343
1.23,24,99,177.823798134178,-0.343832045370421
1.23,24,102,170.141051187516,-0.441393979943626
1.23,24,105,164.427867793018,-0.54379863858843
1.23,24,108,160.739725884599,-0.648283773128982
1.23,24,111,159.021599623602,-0.751553221093299
1.23,24,114,159.099763241036,-0.850262804137839
1.23,24,117,160.694233786998,-0.941527907680676
1.23,24,120,163.447384416236,-1.02326922365394
1.23,24,123,166.958844644471,-1.09431274707119
1.23,24,126,170.817350477182,-1.15428446023166
1.23,24,129,174.624658237478,-1.20340243584777
1.23,24,132,178.011139744543,-1.24225915111904
1.23,24,135,180.645104533549,-1.27164499487809
1.23,24,138,182.238310180974,-1.29242658211185
1.23,24,141,182.549486967695,-1.30547296580036
1.23,24,144,181.386846547782,-1.31161616751004
1.23,24,147,178.609880240864,-1.31163305014417
1.23,24,150,174.130386057664,-1.30623861997704
1.23,24,153,167.912547537196,-1.29608397642862
1.23,24,156,159.97192502802,-1.2817544548591
1.23,24,159,150.3733171553,-1.26376479983696
1.23,24,162,139.227541335771,-1.24254831121746
1.23,24,165,126.687240115091,-1.21843532588015
1.23,24,168,112.941853114045,-1.19161161652404
1.23,24,171,98.2119350455069,-1.16203485839654
1.23,24,174,82.7430990806388,-1.12925324951366
1.23,24,177,66.8001303229052,-1.09196439338936
1.23,24,180,50.6626885992605,-1.04675530720154
1.23,27,-180,50.6626885992604,-0.99439542964171
1.23,27,-177,34.0760070778646,-0.918252675738405
1.23,27,-174,18.1190881528852,-0.759004399436988
1.23,27,-171,5.30849076425151,0.208543291697894
1.23,27,-168,13.7483546682104,1.78450803999446
1.23,27,-165,26.7233110029758,1.99138435224233
1.23,27,-162,38.609412897078,2.0707906838279
1.23,27,-159,48.9841510755059,2.11668229865307
1.23,27,-156,57.6624194735593,2.14673090668281
1.23,27,-153,64.5381836112635,2.16588700027046
1.23,27,-150,69.5690754445251,2.17527526508887
1.23,27,-147,72.7789208201116,2.17427774001472
1.23,27,-144,74.2657630969795,2.16110184294285
1.23,27,-141,74.2148731985137,2.13288334436118
1.23,27,-138,72.9192870104378,2.0856578020154
1.23,27,-135,70.8108677744307,2.01447002869243
1.23,27,-132,68.5001572025775,1.91410049818531
1.23,27,-129,66.8054312965575,1.78120556191947
1.23,27,-126,66.7149304077476,1.61832096134064
1.23,27,-123,69.2072016831041,1.43756696581639
1.23,27,-120,74.9560115726664,1.2585553431486
1.23,27,-117,84.1376673670143,1.09930525354671
1.23,27,-114,96.51109572127,0.96878686072044
1.23,27,-111,111.648424026449,0.867206702950178
1.23,27,-108,129.113950053067,0.790286901032011
1.23,27,-105,148.537667528816,0.732717292156432
1.23,27,-102,169.624466133867,0.689730635569376
1.23,27,-99,192.140365678331,0.657517663026928
1.23,27,-96,215.895246393352,0.63317410779029
1.23,27,-93,240.728070866438,0.614522905104101
1.23,27,-90,266.495421584742,0.599937755526727
1.23,27,-87,293.062795206598,0.58820153008813
1.23,27,-84,320.297983610902,0.578400881166017
1.23,27,-81,348.066064447839,0.569849903853424
1.23,27,-78,376.225718797692,0.562035066768417
1.23,27,-75,404.626721506632,0.55457511928417
1.23,27,-72,433.10851146536,0.54719139011136
1.23,27,-69,461.499761593654,0.539685307741933
1.23,27,-66,489.618849796921,0.531921029695413
1.23,27,-63,517.275098979479,0.523811817100998
1.23,27,-60,544.270621009847,0.515309301321796
1.23,27,-57,570.402579738788,0.506395116106596
1.23,27,-54,595.465693151688,0.497074555286651
1.23,27,-51,619.254831785228,0.487371997512899
1.23,27,-48,641.567640043294,0.477327847929494
1.23,27,-45,662.207200130632,0.466996713056653
1.23,27,-42,680.984856353547,0.456446479027396
1.23,27,-39,697.723394593496,0.445757929707628
1.23,27,-36,712.260800167777,0.435024536676769
1.23,27,-33,724.454775140367,0.42435208247934
1.23,27,-30,734.188074680757,0.413857834724961
1.23,27,-27,741.37453055037,0.403669055220013
1.23,27,-24,745.965396018277,0.393920686581079
1.23,27,-21,747.955412506894,0.38475209573146
1.23,27,-18,747.387812351207,0.376302769456048
1.23,27,-15,744.357379410175,0.368706868619474
1.23,27,-12,739.010723625488,0.362086586158691
1.23,27,-9,731.543103595123,0.356544357106362
1.23,27,-6,722.19144955424,0.352154166318405
1.23,27,-3,711.223673798075,0.348952495462186
1.23,27,0,698.92486138558,0.346929807217551
1.23,27,3,685.581444592957,0.346023792656487
1.23,27,6,671.464894622155,0.346115776309414
1.23,27,9,656.816717232413,0.347031543801031
1.23,27,12,641.836526577221,0.34854734213364
1.23,27,15,626.67464142994,0.350400932289167
1.23,27,18,611.430016108653,0.352306528020551
1.23,27,21,596.153487194041,0.353971531530662
1.23,27,24,580.855463838303,0.355112486749046
1.23,27,27,565.516519103082,0.355467802310504
1.23,27,30,550.099017151112,0.354805523784354
1.23,27,33,534.558001941593,0.352925526684154
1.23,27,36,518.850022196527,0.349656621808317
1.23,27,39,502.939223536369,0.34484990652615
1.23,27,42,486.800711633358,0.338370084418317
1.23,27,45,470.421713992246,0.330086396044819
1.23,27,48,453.801345746643,0.319864368084142
1.23,27,51,436.949804362211,0.307558974765096
1.23,27,54,419.887638575174,0.293009196466021
1.23,27,57,402.645457673588,0.276033497287263
1.23,27,60,385.264171357761,0.256425505951025
1.23,27,63,367.795654354573,0.233949190648962
1.23,27,66,350.303647457885,0.208333044106182
1.23,27,69,332.864728418897,0.179263204198567
1.23,27,72,315.569271614111,0.146376013550907
1.23,27,75,298.522410071142,0.109251301645963
1.23,27,78,281.845063678251,0.067408744397012
1.23,27,81,265.675059354256,0.0203111428408002
1.23,27,84,250.168210225909,-0.0326195576154351
1.23,27,87,235.498920474142,-0.091965376995987
1.23,27,90,221.859439409652,-0.158244560877313
1.23,27,93,209.456354086951,-0.231803615841209
1.23,27,96,198.502457992431,-0.312666414178641
1.23,27,99,189.202145257664,-0.400354729640288
1.23,27,102,181.729533740893,-0.493722901015607
1.23,27,105,176.201062887822,-0.59087856268653
1.23,27,108,172.647906811196,-0.689265806710388
1.23,27,111,170.996257079848,-0.785940375161339
1.23,27,114,171.062751097415,-0.877976557721253
1.23,27,117,172.567288870728,-0.962870628386099
1.23,27,120,175.158942644059,-1.03880790020796
1.23,27,123,178.446834222792,-1.10473780068122
1.23,27,126,182.028533228895,-1.16029009551501
1.23,27,129,185.512032130108,-1.20560924935067
1.23,27,132,188.53087264149,-1.24117741497791
1.23,27,135,190.75396229852,-1.26766679449711
1.23,27,138,191.892022433245,-1.28583420351592
1.23,27,141,191.702140094297,-1.29645420185957
1.23,27,144,189.991203131265,-1.30028092088717
1.23,27,147,186.618438192509,-1.29802834947018
1.23,27,150,181.496960366025,-1.29036078128915
1.23,27,153,174.594157194145,-1.27788740603533
1.23,27,156,165.930788016169,-1.26115679352572
1.23,27,159,155.578793488106,-1.24064792262754
1.23,27,162,143.657913142338,-1.21675412579303
1.23,27,165,130.331271654023,-1.18975410871178
1.23,27,168,115.800126479137,-1.15975802888422
1.23,27,171,100.298011009179,-1.12660063867814
1.23,27,174,84.0846304028134,-1.08960925875148
1.23,27,177,67.4402487843587,-1.04703448340592
1.23,27,180,50.6626885992604,-0.99439542964171
1.23,30,-180,50.6626885992604,-0.94203555208188
1.23,30,-177,33.5707509561661,-0.852940597636317
1.23,30,-174,17.2909360211089,-0.655701077913841
1.23,30,-171,5.75752171698828,0.550152259013331
1.23,30,-168,15.7011077579132,1.83078745083178
1.23,30,-165,28.8176869381296,2.03233976133276
1.23,30,-162,40.7462882758769,2.11740567808477
1.23,30,-159,51.0476166441754,2.16961735599067
1.23,30,-156,59.5207512345554,2.20627386423272
1.23,30,-153,66.045985464437,2.23251603769235
1.23,30,-150,70.5659784673903,2.24967397594174
1.23,30,-147,73.08550455947,2.25728096669937
1.23,30,-144,73.6766676461329,2.25357825101955
1.23,30,-141,72.4893787121959,2.23547271266685
1.23,30,-138,69.7715265957234,2.19818916406822
1.23,30,-135,65.9074054586154,2.13474804394464
1.23,30,-132,61.485898382868,2.03567806216022
1.23,30,-129,57.4000906894391,1.89041310905846
1.23,30,-126,54.918259265665,1.69368041795633
1.23,30,-123,55.5198668093127,1.45818320085547
1.23,30,-120,60.3126278726355,1.21937933702585
1.23,30,-117,69.4808220839515,1.01403725167483
1.23,30,-114,82.454917114583,0.856972926528676
1.23,30,-111,98.4692663507299,0.743932128607332
1.23,30,-108,116.881956725081,0.664452328656358
1.23,30,-105,137.226878715632,0.60884129106696
1.23,30,-102,159.172973730031,0.569826836243708
1.23,30,-99,182.477491899219,0.542296564502653
1.23,30,-96,206.952250846671,0.522705481885141
1.23,30,-93,232.441600882305,0.508580374452261
1.23,30,-90,258.808057563758,0.498173455613932
1.23,30,-87,285.922588099154,0.490232946504221
1.23,30,-84,313.657752604865,0.483852754001358
1.23,30,-81,341.882724414689,0.478373217555198
1.23,30,-78,370.459696099774,0.473314419863736
1.23,30,-75,399.241437454919,0.468330298781709
1.23,30,-72,428.069895380603,0.463176173408658
1.23,30,-69,456.775767903812,0.457685066812753
1.23,30,-66,485.178979348036,0.451749956393156
1.23,30,-63,513.089953474727,0.445310189293879
1.23,30,-60,540.311543674766,0.438340995410934
1.23,30,-57,566.641449219898,0.430845453002779
1.23,30,-54,591.874937660318,0.422848497345983
1.23,30,-51,615.807715626318,0.414392668941977
1.23,30,-48,638.238846933472,0.405535318878253
1.23,30,-45,658.973701853107,0.396346963360548
1.23,30,-42,677.827017853565,0.386910440939586
1.23,30,-39,694.626234461668,0.377320501749576
1.23,30,-36,709.215304221788,0.367683465060772
1.23,30,-33,721.459153639053,0.358116623232341
1.23,30,-30,731.248860667408,0.348747136865982
1.23,30,-27,738.507435141451,0.339710238159746
1.23,30,-24,743.195861263769,0.331146615824709
1.23,30,-21,745.318827839798,0.323198881807222
1.23,30,-18,744.929380725533,0.31600701978161
1.23,30,-15,742.131629198406,0.309702710085511
1.23,30,-12,737.080659720972,0.30440245453295
1.23,30,-9,729.978977177944,0.300199532940794
1.23,30,-6,721.069106822053,0.297155046243633
1.23,30,-3,710.622430996577,0.295288642084655
1.23,30,0,698.92486138558,0.294569929657721
1.23,30,3,686.260492566786,0.294911962305265
1.23,30,6,672.894852820494,0.296168341639841
1.23,30,9,659.059653000444,0.298135314646864
1.23,30,12,644.940928232129,0.300559603653479
1.23,30,15,630.672105665156,0.30315168195941
1.23,30,18,616.332830238543,0.305603017186952
1.23,30,21,601.953457814472,0.307604808087462
1.23,30,24,587.524186539482,0.308865287467532
1.23,30,27,573.007077031134,0.309122935585294
1.23,30,30,558.348891790429,0.308153868652595
1.23,30,33,543.492827362591,0.305772935338344
1.23,30,36,528.387744467402,0.301829280518544
1.23,30,39,512.99424335757,0.296197997158631
1.23,30,42,497.287670762204,0.28876982706302
1.23,30,45,481.258702903451,0.279440710113281
1.23,30,48,464.912429617876,0.268102466503772
1.23,30,51,448.266864099873,0.254635226817787
1.23,30,54,431.351592478144,0.238901589092611
1.23,30,57,414.206967262697,0.220742018026452
1.23,30,60,396.883947914829,0.199970780600484
1.23,30,63,379.444478399029,0.176371745025267
1.23,30,66,361.962197440686,0.149693626541723
1.23,30,69,344.523289732112,0.119644704555287
1.23,30,72,327.227362086116,0.0858876404584501
1.23,30,75,310.188311479651,0.0480358123732183
1.23,30,78,293.535188934237,0.00565360755167757
1.23,30,81,277.41301300438,-0.0417355661361949
1.23,30,84,261.983322894033,-0.0946282022724314
1.23,30,87,247.423974745378,-0.153499660675176
1.23,30,90,233.927295008743,-0.218735674909152
1.23,30,93,221.69529162763,-0.290531048889376
1.23,30,96,210.930379158148,-0.368757821981866
1.23,30,99,201.820341477904,-0.452820638941681
1.23,30,102,194.51745428562,-0.541538706618168
1.23,30,105,189.113985095922,-0.633111198280042
1.23,30,108,185.619057359719,-0.725217477941817
1.23,30,111,183.943482180639,-0.815261363072343
1.23,30,114,183.897889285353,-0.900702977081575
1.23,30,117,185.205244027632,-0.979374972172156
1.23,30,120,187.523908800842,-1.0496887801292
1.23,30,123,190.474730184126,-1.11069376418522
1.23,30,126,193.666275315575,-1.16201431657105
1.23,30,129,196.715019458424,-1.20372113319375
1.23,30,132,199.259998202006,-1.23618955517436
1.23,30,135,200.973020573624,-1.25997743271889
1.23,30,138,201.565927333216,-1.27573448953268
1.23,30,141,200.7960489745,-1.28414208651438
1.23,30,144,198.470467275016,-1.2858765720686
1.23,30,147,194.449219901,-1.2815883419809
1.23,30,150,188.647328521219,-1.27188976584602
1.23,30,153,181.035472781381,-1.25734668519495
1.23,30,156,171.639209059532,-1.23846944491669
1.23,30,159,160.536761456397,-1.21569994661623
1.23,30,162,147.855526303438,-1.18939054208519
1.23,30,165,133.767499716546,-1.15976772833633
1.23,30,168,118.483870981981,-1.12686599917539
1.23,30,171,102.249071222934,-1.0903975541352
1.23,30,174,85.334723720712,-1.0494686237687
1.23,30,177,68.0344713309589,-1.00187692952915
1.23,30,180,50.6626885992604,-0.94203555208188
1.23,33,-180,50.6626885992604,-0.889675674522051
1.23,33,-177,33.1134624185787,-0.787635486288842
1.23,33,-174,16.5788792453591,-0.549962280273546
1.23,33,-171,6.5626509540222,0.819581316736848
1.23,33,-168,17.5396367462071,1.87821112028267
1.23,33,-165,30.8039687983079,2.07604669747861
1.23,33,-162,42.7940733241649,2.16631925686985
1.23,33,-159,53.0581882446604,2.22468165937119
1.23,33,-156,61.3825960438174,2.2680638638692
1.23,33,-153,67.6362043739172,2.30181604486947
1.23,33,-150,71.7485368546108,2.3275647042706
1.23,33,-147,73.7063449985058,2.34517615964024
1.23,33,-144,73.5548466917714,2.3532422427297
1.23,33,-141,71.4028089301864,2.34896722886495
1.23,33,-138,67.435867536663,2.32758565609558
1.23,33,-135,61.9490370603889,2.28115845232542
1.23,33,-132,55.4221742402536,2.19648350752042
1.23,33,-129,48.6842325770983,2.05257962176406
1.23,33,-126,43.2060345158613,1.82332751359999
1.23,33,-123,41.2720659855007,1.50488365670673
1.23,33,-120,45.0227812093956,1.16286182837784
1.23,33,-117,54.6550891034556,0.887472153802132
1.23,33,-114,68.7993692820418,0.701970441251389
1.23,33,-111,86.1011862968006,0.584325803072703
1.23,33,-108,105.696260856203,0.510130587003145
1.23,33,-105,127.072239346092,0.462972778052162
1.23,33,-102,149.908732143465,0.432834300430289
1.23,33,-99,173.985835803731,0.413595815163867
1.23,33,-96,199.136894671056,0.401413292947969
1.23,33,-93,225.223491412513,0.393790299314018
1.23,33,-90,252.121228891605,0.389054920862835
1.23,33,-87,279.710887970405,0.386058972100331
1.23,33,-84,307.872437264206,0.383999766143914
1.23,33,-81,336.480734901505,0.38231095957967
1.23,33,-78,365.402413506957,0.380593359102054
1.23,33,-75,394.493748781696,0.37856945376382
1.23,33,-72,423.599448267674,0.376052392685917
1.23,33,-69,452.552340333434,0.372924000525929
1.23,33,-66,481.173934947859,0.369118646536365
1.23,33,-63,509.275791219145,0.364611092571046
1.23,33,-60,536.661579242654,0.359407224554069
1.23,33,-57,563.129680937001,0.353537026219071
1.23,33,-54,588.476150787294,0.347049398770819
1.23,33,-51,612.497864681239,0.340008536714515
1.23,33,-48,634.995729207639,0.332491589199634
1.23,33,-45,655.77790115273,0.324587309264761
1.23,33,-42,674.663062220282,0.316395355694108
1.23,33,-39,691.483881827328,0.308025891527657
1.23,33,-36,706.09085093319,0.299599136074849
1.23,33,-33,718.356655331673,0.29124457576075
1.23,33,-30,728.181162910338,0.283099611186031
1.23,33,-27,735.496929860431,0.27530749141794
1.23,33,-24,740.274909697828,0.268014438420515
1.23,33,-21,742.529816492405,0.261365880595478
1.23,33,-18,742.324398326997,0.255501698985632
1.23,33,-15,739.771765821808,0.250550369720659
1.23,33,-12,735.034931343972,0.246621907743381
1.23,33,-9,728.322870639089,0.243799632533787
1.23,33,-6,719.882726178683,0.242131025992555
1.23,33,-3,709.988216643161,0.241618337474873
1.23,33,0,698.92486138558,0.242210052097891
1.23,33,3,686.973204249923,0.243794746218093
1.23,33,6,674.391727333452,0.246199025462481
1.23,33,9,661.401458003342,0.24919099498662
1.23,33,12,648.174269850142,0.252489957228178
1.23,33,15,634.82648417773,0.255781852937552
1.23,33,18,621.418609922178,0.25873864339277
1.23,33,21,607.961051828007,0.261038790601402
1.23,33,24,594.424602527586,0.262385605242273
1.23,33,27,580.753774857238,0.262520661358734
1.23,33,30,566.880721582905,0.261230587075922
1.23,33,33,552.737688268509,0.258346963156595
1.23,33,36,538.26655570477,0.25374036236387
1.23,33,39,523.42484729834,0.24731041523177
1.23,33,42,508.188370989444,0.238974062128483
1.23,33,45,492.551248169699,0.228653906782014
1.23,33,48,476.524359820963,0.216268001073782
1.23,33,51,460.133218867012,0.201721680029644
1.23,33,54,443.416040013889,0.184901419020623
1.23,33,57,426.422442700135,0.165670232073694
1.23,33,60,409.21290251488,0.143863931970204
1.23,33,63,391.858839372195,0.119287631294811
1.23,33,66,374.443125985889,0.0917121435601792
1.23,33,69,357.060802044189,0.0608704006546577
1.23,33,72,339.819842682712,0.0264546087718307
1.23,33,75,322.841898574142,-0.0118843799719726
1.23,33,78,306.26294848936,-0.0545330787329575
1.23,33,81,290.233747017045,-0.101903267297923
1.23,33,84,274.919791671036,-0.154407149923085
1.23,33,87,260.500278142749,-0.212414334982349
1.23,33,90,247.165197049229,-0.276185613414043
1.23,33,93,235.109446635701,-0.345781625364316
1.23,33,96,224.522781144911,-0.420952112783141
1.23,33,99,215.574862515077,-0.501024317360297
1.23,33,102,208.395893844037,-0.584824293375541
1.23,33,105,203.055249862673,-0.670673593398345
1.23,33,108,199.542519252602,-0.756493513660831
1.23,33,111,197.756181266091,-0.840014328527786
1.23,33,114,197.503695736042,-0.91904105299673
1.23,33,117,198.513354035822,-0.991699172298134
1.23,33,120,200.454601510487,-1.05659422156755
1.23,33,123,202.961685384545,-1.11286013048352
1.23,33,126,205.65602708156,-1.16011430223977
1.23,33,129,208.164727279225,-1.19835970732603
1.23,33,132,210.134677086647,-1.2278732132303
1.23,33,135,211.243012041951,-1.24910577346109
1.23,33,138,211.205006185001,-1.26260535436394
1.23,33,141,209.780279966468,-1.26896325329045
1.23,33,144,206.777764472501,-1.26877938766958
1.23,33,147,202.059484911713,-1.26264065070968
1.23,33,150,195.543015880391,-1.25110677820693
1.23,33,153,187.202429048866,-1.23469911358285
1.23,33,156,177.067646697374,-1.21388846059197
1.23,33,159,165.222255320427,-1.18907838099979
1.23,33,162,151.799956624844,-1.16057923343262
1.23,33,165,136.979907140924,-1.12856473782956
1.23,33,168,120.981234480262,-1.09299378905005
1.23,33,171,104.057074870849,-1.05345682705141
1.23,33,174,86.4886776168141,-1.00884004073679
1.23,33,177,68.5808305610232,-0.956486100652578
1.23,33,180,50.6626885992604,-0.889675674522051
1.23,36,-180,50.6626885992605,-0.837315796962221
1.23,36,-177,32.7050446978017,-0.722412671197146
1.23,36,-174,15.9845856746915,-0.442488291598869
1.23,36,-171,7.55282524949237,1.02389241886952
1.23,36,-168,19.2657513532212,1.92601691900887
1.23,36,-165,32.6849330694666,2.12155581478972
1.23,36,-162,44.7600857909457,2.21678229117415
1.23,36,-159,55.0304696230202,2.28116436765521
1.23,36,-156,63.2730720548583,2.33132619590218
1.23,36,-153,69.3488622123599,2.37286139175145
1.23,36,-150,73.1780759596411,2.40777715731506
1.23,36,-147,74.7339239940584,2.43644051823928
1.23,36,-144,74.0397867648743,2.45810997124463
1.23,36,-141,71.1678824671293,2.47088750191871
1.23,36,-138,66.241736274842,2.47117966282626
1.23,36,-135,59.4499079364681,2.4523360473757
1.23,36,-132,51.0913816919354,2.4014064408014
1.23,36,-129,41.7153629833581,2.29115603438259
1.23,36,-126,32.563251918418,2.06220405123585
1.23,36,-123,26.752126938849,1.62256067459903
1.23,36,-120,29.2529910654375,1.0600656397554
1.23,36,-117,40.4029790333065,0.674570885794319
1.23,36,-114,56.5468976619201,0.476510038706766
1.23,36,-111,75.5061999788313,0.375240709021057
1.23,36,-108,96.3826258695783,0.321483688941604
1.23,36,-105,118.758918087,0.292694916902249
1.23,36,-102,142.397402506706,0.277897339448546
1.23,36,-99,167.135102826277,0.27126240382314
1.23,36,-96,192.842866152081,0.26945050196162
1.23,36,-93,219.406995313627,0.270426972936018
1.23,36,-90,246.719621826466,0.272891940665895
1.23,36,-87,274.672800392853,0.275985849666413
1.23,36,-84,303.154371432766,0.279127968813616
1.23,36,-81,332.044830810033,0.281923057589211
1.23,36,-78,361.214947795085,0.284104783070518
1.23,36,-75,390.524088342396,0.285499786792178
1.23,36,-72,419.819283749682,0.286003766436044
1.23,36,-69,448.935098086393,0.28556478706794
1.23,36,-66,477.694320951869,0.284171122609539
1.23,36,-63,505.90946204217,0.281842103573102
1.23,36,-60,533.384964033153,0.278621121816727
1.23,36,-57,559.919994078411,0.274570322500155
1.23,36,-54,585.311636230632,0.26976670664011
1.23,36,-51,609.358300473546,0.264299439554348
1.23,36,-48,631.863196713791,0.258268156931245
1.23,36,-45,652.637792418949,0.251782019288563
1.23,36,-42,671.50526679672,0.244959220186939
1.23,36,-39,688.304067284457,0.237926629686591
1.23,36,-36,702.891734140134,0.230819267014964
1.23,36,-33,715.149156831457,0.223779345662239
1.23,36,-30,724.985344250342,0.216954706055396
1.23,36,-27,732.342631083002,0.210496521633856
1.23,36,-24,737.202027573377,0.20455620885153
1.23,36,-21,739.588189214043,0.199281476210786
1.23,36,-18,739.573285108765,0.194811418167739
1.23,36,-15,737.278926455873,0.191270527759164
1.23,36,-12,732.875318654924,0.188761518988748
1.23,36,-9,726.576947528087,0.187356975162489
1.23,36,-6,718.63441189467,0.187090115328149
1.23,36,-3,709.322461995157,0.187945396579637
1.23,36,0,698.92486138558,0.189850174538061
1.23,36,3,687.717290511952,0.192669077848137
1.23,36,6,675.950046403879,0.196202908474188
1.23,36,9,663.83262803449,0.200193561334595
1.23,36,12,651.522294170593,0.204335578671192
1.23,36,15,639.118253984822,0.208293634654026
1.23,36,18,626.662319496259,0.211723825723915
1.23,36,21,614.145765264866,0.214295587490784
1.23,36,24,601.521063827401,0.215710763192489
1.23,36,27,588.716379263216,0.215716943241986
1.23,36,30,575.650410594265,0.21411348177425
1.23,36,33,562.245430703492,0.210750143590631
1.23,36,36,548.437048843653,0.205519678493703
1.23,36,39,534.180109020558,0.198346440102658
1.23,36,42,519.450973647669,0.189173366155078
1.23,36,45,504.247040485631,0.177949313866938
1.23,36,48,488.584611644812,0.164618101481528
1.23,36,51,472.496192088114,0.149109870254042
1.23,36,54,456.028033891632,0.131334735450534
1.23,36,57,439.238386652546,0.111178259922501
1.23,36,60,422.196579444838,0.0884981094438092
1.23,36,63,404.982822065573,0.0631213285787568
1.23,36,66,387.68849909974,0.0348419684694412
1.23,36,69,370.416721203584,0.00341925400465288
1.23,36,72,353.28294788683,-0.0314229401663129
1.23,36,75,336.415550657619,-0.0699938455143095
1.23,36,78,319.956197758969,-0.112628543467434
1.23,36,81,304.059881317648,-0.159672625344018
1.23,36,84,288.894264437891,-0.211454997194796
1.23,36,87,274.637814186066,-0.268244897086608
1.23,36,90,261.475955874418,-0.330190328992951
1.23,36,93,249.594335743432,-0.397238635680299
1.23,36,96,239.168378182345,-0.469046801495091
1.23,36,99,230.348872190705,-0.544899002912502
1.23,36,102,223.244445290076,-0.623658701236069
1.23,36,105,217.903323555396,-0.703785399485193
1.23,36,108,214.298126998669,-0.783434606139424
1.23,36,111,212.317708923745,-0.860632610132336
1.23,36,114,211.768632803657,-0.933486678806055
1.23,36,117,212.386188457499,-1.00037502790633
1.23,36,120,213.852206709368,-1.06007059130445
1.23,36,123,215.815653920037,-1.11178144150624
1.23,36,126,217.912427235788,-1.15512029175463
1.23,36,129,219.782260085515,-1.19003149833626
1.23,36,132,221.082203822464,-1.21670432043309
1.23,36,135,221.497145908135,-1.235492415498
1.23,36,138,220.748144541483,-1.24684912893592
1.23,36,141,218.599211112433,-1.25128029194142
1.23,36,144,214.862836934568,-1.24931188138371
1.23,36,147,209.404255156678,-1.241468229578
1.23,36,150,202.144263203578,-1.22825633973299
1.23,36,153,193.060423572783,-1.21015232542105
1.23,36,156,182.186567386043,-1.18758640137967
1.23,36,159,169.610675224256,-1.16092268362819
1.23,36,162,155.471339958229,-1.13042860848434
1.23,36,165,139.953095516066,-1.09622460936503
1.23,36,168,123.280938021686,-1.05819416457143
1.23,36,171,105.714437207277,-1.01580710557018
1.23,36,174,87.5420915137435,-0.967731710183569
1.23,36,177,69.0774995022081,-0.910856770071221
1.23,36,180,50.6626885992605,-0.837315796962221
1.23,39,-180,50.6626885992605,-0.784955919402391
1.23,39,-177,32.3462407797522,-0.657351500856227
1.23,39,-174,15.5081541693586,-0.33418035280025
1.23,39,-171,8.6167556946099,1.18094909212302
1.23,39,-168,20.8809857517056,1.97369614605467
1.23,39,-165,34.4630414954899,2.16814509853777
1.23,39,-162,46.6503000983719,2.26816588269625
1.23,39,-159,56.9761000861415,2.33842240342345
1.23,39,-156,65.2119757155256,2.39531347378435
1.23,39,-153,71.2152752862352,2.44470325130147
1.23,39,-150,74.9023862172403,2.48903221344841
1.23,39,-147,76.2403741148211,2.52927579652234
1.23,39,-144,75.2413530554394,2.56557649184029
1.23,39,-141,71.9564858382376,2.59738839193137
1.23,39,-138,66.4697039416538,2.62330174339876
1.23,39,-135,58.8930587231115,2.64039295093603
1.23,39,-132,49.3688662131307,2.64236223560421
1.23,39,-129,38.0965014896218,2.61345152487181
1.23,39,-126,25.4795538816983,2.50199836197312
1.23,39,-123,13.3222520913665,2.0446040908418
1.23,39,-120,13.6907130863574,0.745854289741868
1.23,39,-117,28.8514717908779,0.267689952412132
1.23,39,-114,47.5990305635115,0.146680319432426
1.23,39,-111,68.1065725503094,0.107574105169889
1.23,39,-108,89.991147929555,0.0969537820394437
1.23,39,-105,113.080717522739,0.0986513515238727
1.23,39,-102,137.256880297069,0.106190032692672
1.23,39,-99,162.419312120846,0.11647988902498
1.23,39,-96,188.474074464508,0.127863218100784
1.23,39,-93,215.328320717155,0.13937515176393
1.23,39,-90,242.88701898598,0.150422219438049
1.23,39,-87,271.050367648957,0.160627553170837
1.23,39,-84,299.711504827538,0.16975023119301
1.23,39,-81,328.754453537411,0.17764045159147
1.23,39,-78,358.052384518123,0.184213127127962
1.23,39,-75,387.466332590172,0.189431386312853
1.23,39,-72,416.844509375395,0.193295580486742
1.23,39,-69,446.022331362043,0.19583544625251
1.23,39,-66,474.823235801287,0.1971041622416
1.23,39,-63,503.060294378072,0.197173647574635
1.23,39,-60,530.538564189783,0.196130793612657
1.23,39,-57,557.058048553702,0.194074503538867
1.23,39,-54,582.417090480526,0.191113488982235
1.23,39,-51,606.416003307443,0.18736477260949
1.23,39,-48,628.860765648246,0.182952798049166
1.23,39,-45,649.566671856844,0.17800898091283
1.23,39,-42,668.361922245673,0.172671473434971
1.23,39,-39,685.091234428194,0.167084882034982
1.23,39,-36,699.619625787216,0.161399683752507
1.23,39,-33,711.836525885305,0.155771132147704
1.23,39,-30,721.660306839274,0.150357509980037
1.23,39,-27,729.043168964579,0.14531764948492
1.23,39,-24,733.976109980362,0.140807676001025
1.23,39,-21,736.493478255747,0.136976923358755
1.23,39,-18,736.676412529018,0.133962928030162
1.23,39,-15,734.654349909079,0.131885368239312
1.23,39,-12,730.603780007998,0.130838830630707
1.23,39,-9,724.743562700319,0.130884423888527
1.23,39,-6,717.326422963099,0.132040560419184
1.23,39,-3,708.626683315562,0.134273688645228
1.23,39,0,698.92486138558,0.137490296978231
1.23,39,3,688.490378903948,0.141531957153513
1.23,39,6,677.564186823746,0.146175302611623
1.23,39,9,666.343461712548,0.151138440228932
1.23,39,12,654.970521798496,0.15609429694333
1.23,39,15,643.527653446227,0.160689962371333
1.23,39,18,632.038653149595,0.164569597584325
1.23,39,21,620.476744611233,0.167397443945117
1.23,39,24,608.777406708539,0.168877280540296
1.23,39,27,596.853848348512,0.168765435717218
1.23,39,30,584.612599779616,0.166875896775301
1.23,39,33,571.966996010309,0.163077699786369
1.23,39,36,558.847071357023,0.157286136600635
1.23,39,39,545.20531960142,0.14945008639541
1.23,39,42,531.018641593153,0.13953790353649
1.23,39,45,516.287408222372,0.127523902179247
1.23,39,48,501.032827699932,0.113376794253937
1.23,39,51,485.293746451692,0.09705068894409
1.23,39,54,469.123732755893,0.0784786265199715
1.23,39,57,452.588921227433,0.0575682052038853
1.23,39,60,435.766750706451,0.0341987059184459
1.23,39,63,418.745482531938,0.00821921204404377
1.23,39,66,401.624263862481,-0.0205524862801063
1.23,39,69,384.513481372409,-0.0523299760115621
1.23,39,72,367.535188311236,-0.0873565295011348
1.23,39,75,350.823430646827,-0.12590027362972
1.23,39,78,334.524303379053,-0.168244232759183
1.23,39,81,318.795511879372,-0.214668696493026
1.23,39,84,303.805093157863,-0.265423056938062
1.23,39,87,289.72879166679,-0.320684586774571
1.23,39,90,276.745439035349,-0.380503182436684
1.23,39,93,265.029652323471,-0.444734564593278
1.23,39,96,254.741372769408,-0.512970151456895
1.23,39,99,246.012344870545,-0.584478950608683
1.23,39,102,238.930609814939,-0.658182442208989
1.23,39,105,233.525246838774,-0.732682796619911
1.23,39,108,229.754438998448,-0.806353888747852
1.23,39,111,227.499860185103,-0.877484634478915
1.23,39,114,226.569102263704,-0.944443817196202
1.23,39,117,226.705797106266,-1.0058265325552
1.23,39,120,227.605191859569,-1.06055044294796
1.23,39,123,228.932063904262,-1.107889995577
1.23,39,126,230.338207831393,-1.14745696424812
1.23,39,129,231.47782029372,-1.17914711178579
1.23,39,132,232.020269824638,-1.20307382492788
1.23,39,135,231.660508705559,-1.21950407580393
1.23,39,138,230.127653460949,-1.22880483734808
1.23,39,141,227.192161144603,-1.23140217749711
1.23,39,144,222.671769444792,-1.22775162801872
1.23,39,147,216.436126507336,-1.21831675365724
1.23,39,150,208.409911470412,-1.20355240804558
1.23,39,153,198.574261038361,-1.18388926199818
1.23,39,156,186.966434696828,-1.15971626810947
1.23,39,159,173.677806971823,-1.13135724618417
1.23,39,162,158.850409422407,-1.09903594711485
1.23,39,165,142.672328684075,-1.06281912586265
1.23,39,168,125.372316874587,-1.02251516640398
1.23,39,171,107.214061952492,-0.977474763229584
1.23,39,174,88.4908859936858,-0.926151354259244
1.23,39,177,69.5227996054406,-0.864984068486181
1.23,39,180,50.6626885992605,-0.784955919402391
1.23,42,-180,50.6626885992605,-0.732596041842562
1.23,42,-177,32.0376340802736,-0.592534259253246
1.23,42,-174,15.1479055214284,-0.226101422701637
1.23,42,-171,9.69069037850975,1.30548321451583
1.23,42,-168,22.3864825199676,2.02087425406356
1.23,42,-165,36.1400085939591,2.21524309403195
1.23,42,-162,48.4687829388835,2.31993070116722
1.23,42,-159,58.9029557022695,2.39587136217962
1.23,42,-156,67.2125504725038,2.45931505059534
1.23,42,-153,73.2560237473697,2.51640411077209
1.23,42,-150,76.9521605026995,2.5700182702799
1.23,42,-147,78.2708244609597,2.6217593041192
1.23,42,-144,77.2265340040665,2.67270014921496
1.23,42,-141,73.8715010222643,2.72376361700797
1.23,42,-138,68.2878494616061,2.77603104496226
1.23,42,-135,60.579980011613,2.83119950346208
1.23,42,-132,50.8692233243322,2.89263292099786
1.23,42,-129,39.2965991510877,2.96864762957386
1.23,42,-126,26.0627102143026,3.08722655528889
1.23,42,-123,11.8414242096335,3.42500347186971
1.23,42,-120,8.88633388793653,5.32620934232288
1.23,42,-117,25.4818365166557,5.86603314730079
1.23,42,-114,44.776703399313,6.00236441464221
1.23,42,-111,65.5552019531591,6.07617839206337
1.23,42,-108,87.6053611099709,6.12844523575194
1.23,42,-105,110.809293619735,6.17004636965437
1.23,42,-102,135.07041938467,6.2050712651854
1.23,42,-99,160.298529918935,6.23539264273048
1.23,42,-96,186.404677995638,6.26198888470309
1.23,42,-93,213.298441981048,6.28542471240732
1.23,42,-90,240.885809719993,6.3060552394797
1.23,42,-87,269.067194647332,6.32412307610448
1.23,42,-84,297.735491437846,6.33980881345631
1.23,42,-81,326.77423730492,6.35325914720527
1.23,42,-78,356.056016618456,6.36460335013746
1.23,42,-75,385.441273284649,6.3739631917855
1.23,42,-72,414.777692014022,6.38145890427376
1.23,42,-69,443.900282390745,6.38721262506331
1.23,42,-66,472.632252193594,6.39135018413453
1.23,42,-63,500.786692775216,6.39400182399616
1.23,42,-60,528.169026138007,6.39530229096399
1.23,42,-57,554.580091190015,6.39539063596679
1.23,42,-54,579.819689616049,6.39440997217373
1.23,42,-51,603.690384949322,6.39250733830168
1.23,42,-48,626.001363228239,6.38983371045511
1.23,42,-45,646.572222408798,6.38654410295908
1.23,42,-42,665.23664958904,6.38279761651974
1.23,42,-39,681.846045595749,6.37875724565349
1.23,42,-36,696.273232217188,6.37458925439764
1.23,42,-33,708.416395339533,6.37046196528494
1.23,42,-30,718.203355790079,6.36654386391108
1.23,42,-27,725.596117085164,6.36300097418487
1.23,42,-24,730.595436494725,6.35999348238181
1.23,42,-21,733.244942251852,6.35767156882206
1.23,42,-18,733.634123834967,6.35617035459557
1.23,42,-15,731.899401371988,6.35560382481107
1.23,42,-12,728.222473285537,6.35605760920657
1.23,42,-9,722.825275728088,6.3575806513155
1.23,42,-6,715.961177784553,6.36017612300144
1.23,42,-3,707.90248089177,6.36379243149223
1.23,42,0,698.92486138558,6.36831572659799
1.23,42,3,689.290023931559,6.37356576092953
1.23,42,6,679.228404701303,6.37929704374571
1.23,42,9,668.924120558545,6.38520674933969
1.23,42,12,658.504345512782,6.39094973711499
1.23,42,15,648.03480988245,6.39615950672753
1.23,42,18,637.522188384151,6.4004723855909
1.23,42,21,626.922953064297,6.40355125887744
1.23,42,24,616.15711466831,6.40510508896639
1.23,42,27,605.124475872227,6.40490137752016
1.23,42,30,593.720781451169,6.40277028174572
1.23,42,33,581.851502191296,6.39860078749181
1.23,42,36,569.441780052039,6.39233068060273
1.23,42,39,556.442033092136,6.3839327677996
1.23,42,42,542.829603377868,6.373399852846
1.23,42,45,528.60743733763,6.36073052969467
1.23,42,48,513.801037856741,6.34591714612868
1.23,42,51,498.454852387454,6.32893654403407
1.23,42,54,482.628967124027,6.30974356353037
1.23,42,57,466.396596078403,6.28826690370528
1.23,42,60,449.842501602722,6.26440679255939
1.23,42,63,433.062231879533,6.23803401276535
1.23,42,66,416.161932137417,6.20899010822962
1.23,42,69,399.258458502924,6.17708900010455
1.23,42,72,382.479551340079,6.14212071515242
1.23,42,75,365.963859608575,6.10385842524846
1.23,42,78,349.860611331856,6.0620704555914
1.23,42,81,334.328679342337,6.01653923940864
1.23,42,84,319.534700439907,5.96708919008432
1.23,42,87,305.649798774385,5.91362481682472
1.23,42,90,292.84439611837,5.85617871485939
1.23,42,93,281.280644626098,5.79496595875479
1.23,42,96,271.102286624231,5.73043698628721
1.23,42,99,262.422297165066,5.66331631067215
1.23,42,102,255.309461154547,5.59461166890169
1.23,42,105,249.775862568615,5.52558055766777
1.23,42,108,245.767734782934,5.45765034390729
1.23,42,111,243.161857515009,5.39230235955764
1.23,42,114,241.768594133205,5.33094344668918
1.23,42,117,241.341109989316,5.27479320774461
1.23,42,120,241.588966165956,5.22480890407731
1.23,42,123,242.193693510776,5.18165626919191
1.23,42,126,242.824219640097,5.14572076432333
1.23,42,129,243.150818496464,5.1171456518263
1.23,42,132,242.857108931884,5.09588193850602
1.23,42,135,241.650213764507,5.08173856750969
1.23,42,138,239.269407467754,5.07442615741805
1.23,42,141,235.493511665813,5.07359194373772
1.23,42,144,230.147097698552,5.07884651312546
1.23,42,147,223.105367401533,5.08978447829611
1.23,42,150,214.297494462742,5.10600185224241
1.23,42,153,203.708241683097,5.1271130432152
1.23,42,156,191.377793540317,5.15277058377793
1.23,42,159,177.399900432671,5.18269146636513
1.23,42,162,161.91856561984,5.21669614941877
1.23,42,165,145.123592347508,5.2547717721838
1.23,42,168,127.245367583277,5.29718455087542
1.23,42,171,108.549374659403,5.34470115260771
1.23,42,174,89.3313224244115,5.39907907624154
1.23,42,177,69.9152082155673,5.46432186726202
1.23,42,180,50.6626885992605,5.55058926533702
1.23,45,-180,50.6626885992605,-0.680236164282732
1.23,45,-177,31.7796508785176,-0.528044905097449
1.23,45,-174,14.9003264313526,-0.119408851281933
1.23,45,-171,10.7387839333394,1.40736878586287
1.23,45,-168,23.7829261129716,2.06725219503425
1.23,45,-165,37.7165246481207,2.26238217211892
1.23,45,-162,50.2173119556969,2.37160789028653
1.23,45,-159,60.8146129330871,2.45298251070802
1.23,45,-156,69.2806891959381,2.52267098986669
1.23,45,-153,75.4797004147933,2.58707834603283
1.23,45,-150,79.3389101112734,2.64948134684729
1.23,45,-147,80.8396648363241,2.71203398955576
1.23,45,-144,80.0121151549663,2.77660665287537
1.23,45,-141,76.9308334933199,2.84533520096082
1.23,45,-138,71.7124795579726,2.92125495992924
1.23,45,-135,64.5201622287501,3.00941800687927
1.23,45,-132,55.5869890774674,3.11936622127053
1.23,45,-129,45.297611718768,3.27147687440262
1.23,45,-126,34.4734656657763,3.5148834335217
1.23,45,-123,25.4306140934266,3.96674455598159
1.23,45,-120,24.0456406389141,4.69082429737828
1.23,45,-117,33.7056918276649,5.2743081995779
1.23,45,-114,49.7327472738784,5.58296468936751
1.23,45,-111,68.8544280404604,5.75729368170304
1.23,45,-108,89.9216482910636,5.87059535073564
1.23,45,-105,112.470680326114,5.95228973541003
1.23,45,-102,136.25711024049,6.01538582164222
1.23,45,-99,161.118395637325,6.06634221274018
1.23,45,-96,186.926199660233,6.10868868878712
1.23,45,-93,213.566708767573,6.14450952960976
1.23,45,-90,240.930966422186,6.17511700562057
1.23,45,-87,268.909221514966,6.20138486914604
1.23,45,-84,297.387083610997,6.22392580446208
1.23,45,-81,326.242652983881,6.24319166134843
1.23,45,-78,355.344348120121,6.25953292228879
1.23,45,-75,384.549389882078,6.27323537872518
1.23,45,-72,413.702996999553,6.28454339246703
1.23,45,-69,442.638370633421,6.29367489658907
1.23,45,-66,471.177525576216,6.30083112615773
1.23,45,-63,499.132977043062,6.30620291674176
1.23,45,-60,526.310226193002,6.30997476651535
1.23,45,-57,552.510917167704,6.31232747296686
1.23,45,-54,577.536479096108,6.31343989684139
1.23,45,-51,601.192034900272,6.31349020830495
1.23,45,-48,623.290368248617,6.31265680569923
1.23,45,-45,643.65579495815,6.31111896046771
1.23,45,-42,662.127876148083,6.30905713924287
1.23,45,-39,678.565013539159,6.30665289435569
1.23,45,-36,692.848048588598,6.30408820037122
1.23,45,-33,704.884012410094,6.30154413935666
1.23,45,-30,714.6101196407,6.29919888274765
1.23,45,-27,721.997963970402,6.29722495709857
1.23,45,-24,727.057676639463,6.29578579074164
1.23,45,-21,729.841591241379,6.29503150769701
1.23,45,-18,730.446766918638,6.29509387646821
1.23,45,-15,729.015604109942,6.29608027431565
1.23,45,-12,725.733780347253,6.29806655374268
1.23,45,-9,720.824865191036,6.30108886326436
1.23,45,-6,714.541258767473,6.30513482092039
1.23,45,-3,707.15153784127,6.31013494926081
1.23,45,0,698.92486138558,6.31595584903816
1.23,45,3,690.113717430335,6.3223970166979
1.23,45,6,680.936866042951,6.32919324718741
1.23,45,9,671.564688250412,6.33602400245666
1.23,45,12,662.109123258246,6.34252993332634
1.23,45,15,652.619866552168,6.34833514875885
1.23,45,18,643.087542215365,6.35307230369192
1.23,45,21,633.453347496706,6.3564066659597
1.23,45,24,623.623506644799,6.35805538539283
1.23,45,27,613.486083497555,6.35779922120842
1.23,45,30,602.927493901458,6.35548562369784
1.23,45,33,591.846447283001,6.35102377277396
1.23,45,36,580.163868812905,6.34437347487315
1.23,45,39,567.828343356392,6.33553046460883
1.23,45,42,554.817511664842,6.3245106528914
1.23,45,45,541.13644926112,6.31133538427087
1.23,45,48,526.814296822532,6.29601905055649
1.23,45,51,511.900324273365,6.27855967238547
1.23,45,54,496.460307951154,6.25893246087745
1.23,45,57,480.573713861997,6.23708599271229
1.23,45,60,464.331824740607,6.21294049638006
1.23,45,63,447.836694637539,6.18638783094935
1.23,45,66,431.200681502572,6.15729298972177
1.23,45,69,414.546274188984,6.12549731771054
1.23,45,72,398.005951848102,6.09082403357071
1.23,45,75,381.721844822668,6.05308703517447
1.23,45,78,365.844973214095,6.01210427485692
1.23,45,81,350.533808689039,5.96771711272846
1.23,45,84,335.951845515572,5.91981683180318
1.23,45,87,322.263808867796,5.86837869789658
1.23,45,90,309.63012269524,5.81350232340912
1.23,45,93,298.199370349727,5.75545453238592
1.23,45,96,288.098769298232,5.69470770865783
1.23,45,99,279.423167211731,5.63196371134921
1.23,45,102,272.22368158351,5.56815255191605
1.23,45,105,266.497658560782,5.50439794138028
1.23,45,108,262.181845112755,5.44194912667258
1.23,45,111,259.1503300258,5.38208826681834
1.23,45,114,257.21791694844,5.32603079821066
1.23,45,117,256.148445101433,5.2748386265347
1.23,45,120,255.666627248335,5.22936126149443
1.23,45,123,255.471578249236,5.19021073650631
1.23,45,126,255.250409784349,5.15776685801588
1.23,45,129,254.690840497909,5.13220354210918
1.23,45,132,253.492393936394,5.11352566041595
1.23,45,135,251.376191503025,5.10160774037646
1.23,45,138,248.093514345225,5.09622914796003
1.23,45,141,243.433258102136,5.09710353634242
1.23,45,144,237.228251860211,5.10390265874988
1.23,45,147,229.360270931064,5.11627602533384
1.23,45,150,219.763515937324,5.13386856862046
1.23,45,153,208.426378433075,5.15633882476349
1.23,45,156,195.391439473919,5.18338054553428
1.23,45,159,180.753800480119,5.21475166381363
1.23,45,162,164.657976340738,5.25031707430255
1.23,45,165,147.293667935006,5.29011779717532
1.23,45,168,128.890800187701,5.33449394693936
1.23,45,171,109.714356705442,5.38432747490863
1.23,45,174,90.0600217668689,5.44158216248413
1.23,45,177,70.2533654776697,5.51069470694893
1.23,45,180,50.6626885992605,5.60294914289685
1.23,48,-180,50.6626885992604,-0.627876286722902
1.23,48,-177,31.5725645566926,-0.463967670565506
1.23,48,-174,14.7602049279369,-0.0152684159643311
1.23,48,-171,11.740537641764,1.49290238066088
1.23,48,-168,25.0705151422086,2.11257513043804
1.23,48,-165,39.1920945370824,2.30916912698095
1.23,48,-162,51.8951571387182,2.4227870367296
1.23,48,-159,62.7100732282445,2.50928290999978
1.23,48,-156,71.4145986762326,2.58478668857836
1.23,48,-153,77.8825318558037,2.65593083973275
1.23,48,-150,82.0546137334257,2.72630947101117
1.23,48,-147,83.9304291367506,2.7984871247735
1.23,48,-144,83.5653381741579,2.87487558626121
1.23,48,-141,81.0702370888566,2.95833536151442
1.23,48,-138,76.6167463979807,3.05285652546156
1.23,48,-135,70.4552511525063,3.16462087625613
1.23,48,-132,62.9625789660875,3.3038722368509
1.23,48,-129,54.7570410812087,3.48808669928185
1.23,48,-126,46.9541080435445,3.74529536863514
1.23,48,-123,41.5835079987199,4.10527777792775
1.23,48,-120,41.4936484077627,4.54646357792198
1.23,48,-117,48.3095105555713,4.95925419535935
1.23,48,-114,60.9640825025347,5.26690710316244
1.23,48,-111,77.583622553201,5.48005457831113
1.23,48,-108,96.8856588705701,5.63087753815825
1.23,48,-105,118.148453829146,5.74260541590608
1.23,48,-102,140.953833720757,5.82903705494731
1.23,48,-99,165.033743839729,5.89824075153035
1.23,48,-96,190.19521519839,5.95508098687416
1.23,48,-93,216.283451391198,6.00261485437189
1.23,48,-90,243.162445456032,6.04284610866598
1.23,48,-87,270.703871528804,6.07714198647918
1.23,48,-84,298.780114156129,6.106472087676
1.23,48,-81,327.259566828672,6.13155057683874
1.23,48,-78,356.003366968964,6.15292390667796
1.23,48,-75,384.863221527184,6.17102665132155
1.23,48,-72,413.680205306421,6.18621795622602
1.23,48,-69,442.284509879621,6.19880578186196
1.23,48,-66,470.496142318929,6.20906322165159
1.23,48,-63,498.126548684672,6.21723955610142
1.23,48,-60,524.981085254951,6.22356776987583
1.23,48,-57,550.862196857361,6.22826969037024
1.23,48,-54,575.573104053617,6.2315595340417
1.23,48,-51,598.921767888769,6.23364637958786
1.23,48,-48,620.724907755406,6.23473588130968
1.23,48,-45,640.811900755474,6.23503137570713
1.23,48,-42,659.028481669464,6.234734418214
1.23,48,-39,675.240267806144,6.23404471795149
1.23,48,-36,689.336218401428,6.23315941568336
1.23,48,-33,701.23216883608,6.23227166422533
1.23,48,-30,710.874532002369,6.23156850225166
1.23,48,-27,718.244129762076,6.23122803713595
1.23,48,-24,723.359927438723,6.23141594850709
1.23,48,-21,726.282233255294,6.23228128350859
1.23,48,-18,727.114740491854,6.23395145199498
1.23,48,-15,726.004678368828,6.23652628609704
1.23,48,-12,723.140334586973,6.24007106517395
1.23,48,-9,718.74534373657,6.24460858814727
1.23,48,-6,713.069416753114,6.25011073783851
1.23,48,-3,706.37561867733,6.2564905013745
1.23,48,0,698.92486138558,6.26359597147833
1.23,48,3,690.958898973176,6.27120824792052
1.23,48,6,682.683676909385,6.27904513423732
1.23,48,9,674.25522862307,6.28677188771859
1.23,48,12,665.770269326061,6.29401902298634
1.23,48,15,657.263108715138,6.30040555395737
1.23,48,18,648.709530397712,6.3055645779915
1.23,48,21,640.037067148798,6.30916729450206
1.23,48,24,631.139951914403,6.31094173412611
1.23,48,27,621.896261846946,6.31068360451866
1.23,48,30,612.184594218571,6.30825833862436
1.23,48,33,601.898026684753,6.3035951171654
1.23,48,36,590.953950579661,6.29667487738537
1.23,48,39,579.299357133838,6.28751490063817
1.23,48,42,566.912037870867,6.27615252166022
1.23,48,45,553.798748580244,6.26263000721779
1.23,48,48,539.991613721766,6.2469819443865
1.23,48,51,525.543954471926,6.22922576405094
1.23,48,54,510.526418026801,6.20935544586383
1.23,48,57,495.023899589449,6.18733808206153
1.23,48,60,479.133394041052,6.1631128365574
1.23,48,63,462.962659980191,6.1365918971701
1.23,48,66,446.62944326501,6.1076632310267
1.23,48,69,430.260969559028,6.07619525354311
1.23,48,72,413.993434080953,6.04204384665035
1.23,48,75,397.971248802792,6.00506244957184
1.23,48,78,382.345822511843,5.96511612533261
1.23,48,81,367.273637062631,5.92210048597135
1.23,48,84,352.913354349533,5.87596601368281
1.23,48,87,339.421672026305,5.82674749556664
1.23,48,90,326.947684155685,5.77459688051108
1.23,48,93,315.625642137148,5.71981590366309
1.23,48,96,305.566284217511,5.66288266044414
1.23,48,99,296.847300776063,5.6044647398754
1.23,48,102,289.503950787441,5.54541166905484
1.23,48,105,283.521190983387,5.48672223244851
1.23,48,108,278.828740594478,5.42948770325224
1.23,48,111,275.300163032304,5.37481862751808
1.23,48,114,272.756346318133,5.32376785557781
1.23,48,117,270.972932705618,5.27726362438121
1.23,48,120,269.690589474315,5.23606310626064
1.23,48,123,268.6267449857,5.20073063145479
1.23,48,126,267.487558893341,5.17163853836861
1.23,48,129,265.979298548887,5.14898451432614
1.23,48,132,263.818736629668,5.13281806573567
1.23,48,135,260.742499820461,5.12306978793663
1.23,48,138,256.515421782533,5.11957924129689
1.23,48,141,250.937917384554,5.12211948043026
1.23,48,144,243.852282517667,5.13041806807379
1.23,48,147,235.147722884934,5.14417558728185
1.23,48,150,224.763885578863,5.16308336072656
1.23,48,153,212.692725535718,5.18684254654334
1.23,48,156,198.978662042665,5.21518735821598
1.23,48,159,183.717123671087,5.24791638338682
1.23,48,162,167.051701820605,5.28493884340527
1.23,48,165,149.170218624809,5.32634935368864
1.23,48,168,130.300094606952,5.37256098204712
1.23,48,171,110.703579500528,5.42456857661766
1.23,48,174,90.6739824228167,5.48453685383731
1.23,48,177,70.5360806389189,5.55732380917961
1.23,48,180,50.6626885992604,5.65530902045668
1.23,51,-180,50.6626885992604,-0.575516409163072
1.23,51,-177,31.4165016018276,-0.400385567188276
1.23,51,-174,14.7209556333671,0.0852347757458239
1.23,51,-171,12.6840321921919,1.56609145644384
1.23,51,-168,26.2489696573565,2.15661444694055
1.23,51,-165,40.5649703556342,2.35526601038908
1.23,51,-162,53.4990094516258,2.47310828289788
1.23,51,-159,64.5837368306211,2.56435646050779
1.23,51,-156,73.6049123984417,2.64514495772606
1.23,51,-153,80.4488405648081,2.72228682744206
1.23,51,-150,85.0730049699302,2.79959450944336
1.23,51,-147,87.4990015751037,2.87987295675989
1.23,51,-144,87.8116228430692,2.96578331357244
1.23,51,-141,86.1620471237394,3.06039530084704
1.23,51,-138,82.777842166643,3.16771664911594
1.23,51,-135,77.9862538826824,3.29332925976338
1.23,51,-132,72.2616956961046,3.445113622993
1.23,51,-129,66.31090196667,3.63357227211686
1.23,51,-126,61.1919791916434,3.86983810213051
1.23,51,-123,58.3708540757159,4.15725215203867
1.23,51,-120,59.4346475741049,4.47672515460187
1.23,51,-117,65.3382148516603,4.78651480956343
1.23,51,-114,75.9284655827985,5.05107110199804
1.23,51,-111,90.3691857187988,5.26103458334816
1.23,51,-108,107.775560066453,5.42416017025411
1.23,51,-105,127.470121662753,5.55187753283501
1.23,51,-102,148.979635918376,5.65372880042016
1.23,51,-99,171.971585918871,5.736572093589
1.23,51,-96,196.200429689533,5.80513401533509
1.23,51,-93,221.472171449395,5.86266627282946
1.23,51,-90,247.622206485012,5.91143882744685
1.23,51,-87,274.501290623462,5.95307094762375
1.23,51,-84,301.966325404374,5.98874691797612
1.23,51,-81,329.87408791714,6.01935659951643
1.23,51,-78,358.076911544541,6.04558811830857
1.23,51,-75,386.419818826169,6.06798995743082
1.23,51,-72,414.738873527891,6.08701319672291
1.23,51,-69,442.860649464788,6.10304061144103
1.23,51,-66,470.602761014615,6.11640689313045
1.23,51,-63,497.775394104499,6.12741276988834
1.23,51,-60,524.183736263373,6.13633488725927
1.23,51,-57,549.63114748994,6.14343272716699
1.23,51,-54,573.922859082019,6.14895344893409
1.23,51,-51,596.869955084459,6.15313525298224
1.23,51,-48,618.293397332502,6.15620965266403
1.23,51,-45,638.027907546846,6.15840287554812
1.23,51,-42,655.925611279707,6.15993649813726
1.23,51,-39,671.859455482409,6.16102734717213
1.23,51,-36,685.726499622386,6.16188667294439
1.23,51,-33,697.451214243329,6.16271860461447
1.23,51,-30,706.988876812384,6.16371791586827
1.23,51,-27,714.329030090716,6.16506713907613
1.23,51,-24,719.498784539846,6.16693304917585
1.23,51,-21,722.565543347011,6.16946249008281
1.23,51,-18,723.638553961583,6.1727774534874
1.23,51,-15,722.868587537878,6.17696928382398
1.23,51,-12,720.445051470351,6.18209193348099
1.23,51,-9,716.589973752129,6.18815438859808
1.23,51,-6,711.548575162409,6.1951127586366
1.23,51,-3,705.57656760742,6.20286303919257
1.23,51,0,698.92486138558,6.2112360939185
1.23,51,3,691.822966241716,6.21999674702133
1.23,51,6,684.462912914873,6.22884878669756
1.23,51,9,676.985841988622,6.23744697697927
1.23,51,12,669.47334318007,6.24541588157283
1.23,51,15,661.945088287368,6.25237370621551
1.23,51,18,654.363329374924,6.25795796369286
1.23,51,21,646.643633850764,6.26184906987826
1.23,51,24,638.670110993223,6.26378827252951
1.23,51,27,630.312657870728,6.26358750671966
1.23,51,30,621.443602715074,6.26113044821156
1.23,51,33,611.951550516631,6.25636566833056
1.23,51,36,601.751068084631,6.2492939613675
1.23,51,39,590.787821338042,6.23995243597902
1.23,51,42,579.039639146504,6.22839788277103
1.23,51,45,566.514549363659,6.21469143697455
1.23,51,48,553.24705042269,6.19888586991366
1.23,51,51,539.293786146245,6.18101615574468
1.23,51,54,524.729489320639,6.16109340020726
1.23,51,57,509.643679176208,6.13910185308824
1.23,51,60,494.138248530075,6.11499857044757
1.23,51,63,478.32582460199,6.08871532194336
1.23,51,66,462.328652009155,6.06016250348326
1.23,51,69,446.277707802289,6.02923505500203
1.23,51,72,430.31177749903,5.9958206344335
1.23,51,75,414.576257707479,5.95981049986684
1.23,51,78,399.221477386104,5.92111363750371
1.23,51,81,384.400337143757,5.87967456863048
1.23,51,84,370.265064226269,5.83549488858694
1.23,51,87,356.962894761418,5.78865785469229
1.23,51,90,344.630557136614,5.73935422186229
1.23,51,93,333.387571458731,5.68790613201544
1.23,51,96,323.328613361707,5.63478452586273
1.23,51,99,314.515494848833,5.58061483893678
1.23,51,102,306.96962172477,5.52616635215466
1.23,51,105,300.665986509028,5.47232293631907
1.23,51,108,295.529733572868,5.42003682834135
1.23,51,111,291.436033415712,5.37027138959611
1.23,51,114,288.213478831996,5.32394186924862
1.23,51,117,285.650627690802,5.28186368304188
1.23,51,120,283.50486229523,5.24471539984336
1.23,51,123,281.51254854153,5.2130195514056
1.23,51,126,279.399570036333,5.1871402156226
1.23,51,129,276.891582135046,5.16729344409666
1.23,51,132,273.723633822211,5.15356553800775
1.23,51,135,269.64902538972,5.14593464703534
1.23,51,138,264.447358834543,5.14429250448541
1.23,51,141,257.93171459175,5.14846466391384
1.23,51,144,249.954811725437,5.15822894884593
1.23,51,147,240.413944851874,5.17333281197639
1.23,51,150,229.254485458661,5.19351096891317
1.23,51,153,216.471799773096,5.21850520675884
1.23,51,156,202.111549955075,5.24808898063124
1.23,51,159,186.26847314354,5.28210083269787
1.23,51,162,169.083841170568,5.32049384360968
1.23,51,165,150.741885169081,5.36341563361671
1.23,51,168,131.465560051778,5.41135100381078
1.23,51,171,111.512238444249,5.46540498803685
1.23,51,174,91.1705969667337,5.52793723638073
1.23,51,177,70.7623377070819,5.60421302972199
1.23,51,180,50.6626885992604,5.70766889801651
1.23,54,-180,50.6626885992604,-0.523156531603242
1.23,54,-177,31.3114492235354,-0.337378854669208
1.23,54,-174,14.7750902155516,0.181171999496826
1.23,54,-171,13.5623915064033,1.62951485959455
1.23,54,-168,27.3175719371433,2.19915656694032
1.23,54,-165,41.8321637713055,2.40037707600101
1.23,54,-162,55.0230414031848,2.52225667596059
1.23,54,-159,66.4256016417748,2.61784435627557
1.23,54,-156,75.835197233087,2.70331345411593
1.23,54,-153,83.1522059885191,2.78560889232238
1.23,54,-150,88.3521083751801,2.8686625262453
1.23,54,-147,91.4790520948264,2.95535914929616
1.23,54,-144,92.6461979182116,3.04835657185114
1.23,54,-141,92.0403163594158,3.15054171549552
1.23,54,-138,89.9322060172764,3.26535657536297
1.23,54,-135,86.6962885364838,3.39702657178041
1.23,54,-132,82.8424202559534,3.5505452200668
1.23,54,-129,79.0568562956502,3.73098301037765
1.23,54,-126,76.2289937051255,3.94135900577621
1.23,54,-123,75.4019665495362,4.17870073579082
1.23,54,-120,77.5711239714595,4.43054312154996
1.23,54,-117,83.3724775678691,4.67724579057764
1.23,54,-114,92.9001359027115,4.90099810464112
1.23,54,-111,105.816937593266,5.09297505811693
1.23,54,-108,121.609932990509,5.25292705421976
1.23,54,-105,139.777726774586,5.38497823163024
1.23,54,-102,159.901874572501,5.49426931208848
1.23,54,-99,181.65093599813,5.58542619077865
1.23,54,-96,204.762047506679,5.66215437914046
1.23,54,-93,229.020331659481,5.72728947160299
1.23,54,-90,254.242029433967,5.78297079526689
1.23,54,-87,280.261872164025,5.83081510381095
1.23,54,-84,306.923857793095,5.87205710239152
1.23,54,-81,334.074554761235,5.9076548990728
1.23,54,-78,361.55831126917,5.9383668755874
1.23,54,-75,389.213992641352,5.96480718822987
1.23,54,-72,416.873039465135,5.98748577990384
1.23,54,-69,444.358735755596,6.0068372540886
1.23,54,-66,471.486614122029,6.0232417221451
1.23,54,-63,498.065917857135,6.03703983650584
1.23,54,-60,523.902001252575,6.04854359407667
1.23,54,-57,548.799494255275,6.05804405342057
1.23,54,-54,572.566004084308,6.06581678987373
1.23,54,-51,595.016094692273,6.07212567092882
1.23,54,-48,615.975292113032,6.07722534584753
1.23,54,-45,635.283917456065,6.08136269846893
1.23,54,-42,652.800642282646,6.08477740824614
1.23,54,-39,668.405769808778,6.0877017008815
1.23,54,-36,682.004335084297,6.0903593422051
1.23,54,-33,693.529152661205,6.09296392645074
1.23,54,-30,702.943898064083,6.09571651614729
1.23,54,-27,710.246188137771,6.09880268673126
1.23,54,-24,715.470447610664,6.10238900084354
1.23,54,-21,718.690155388176,6.10661888430604
1.23,54,-18,720.01890100395,6.11160781700431
1.23,54,-15,719.609591374841,6.11743772797323
1.23,54,-12,717.651161800901,6.12415055052692
1.23,54,-9,714.362283440523,6.13174110326609
1.23,54,-6,709.981833750268,6.1401498383557
1.23,54,-3,704.75630653713,6.14925649811443
1.23,54,0,698.92486138558,6.15887621635867
1.23,54,3,692.703285296086,6.16875988398547
1.23,54,6,686.268647849364,6.17860043751204
1.23,54,9,679.746719357402,6.18804597528629
1.23,54,12,673.204135330576,6.19671930806513
1.23,54,15,666.646746359796,6.20424201242179
1.23,54,18,660.024640063411,6.21025976434051
1.23,54,21,653.243162435096,6.21446516043981
1.23,54,24,646.178200019634,6.21661461973175
1.23,54,27,638.69330347273,6.21653717613385
1.23,54,30,630.656109325001,6.21413460663866
1.23,54,33,621.951944032237,6.20937388992854
1.23,54,36,612.493305763812,6.20227407473944
1.23,54,39,602.224862851969,6.19289010387894
1.23,54,42,591.124438378881,6.18129604621057
1.23,54,45,579.20100040791,6.16756971368794
1.23,54,48,566.49088678458,6.15177998924878
1.23,54,51,553.053400787099,6.13397753672066
1.23,54,54,538.966621740192,6.11418902271124
1.23,54,57,524.323905978969,6.09241461385087
1.23,54,60,509.231213703088,6.0686283350665
1.23,54,63,493.805151220842,6.04278086463073
1.23,54,66,478.171484991548,6.01480445470882
1.23,54,69,462.46384648521,5.98461984507439
1.23,54,72,446.822368835688,5.95214522285728
1.23,54,75,431.392039858221,5.91730741498569
1.23,54,78,416.320594971642,5.88005552699463
1.23,54,81,401.755798809279,5.84037710748167
1.23,54,84,387.841983255906,5.798316571197
1.23,54,87,374.715741393986,5.75399502505312
1.23,54,90,362.500744713488,5.70762983320442
1.23,54,93,351.30177330563,5.65955135246312
1.23,54,96,341.198228391118,5.61021352606905
1.23,54,99,332.237610567528,5.56019481910052
1.23,54,102,324.42964304499,5.5101866931951
1.23,54,105,317.741824006498,5.46096862341029
1.23,54,108,312.097139549148,5.41337130003035
1.23,54,111,307.37443457854,5.36823239555401
1.23,54,114,303.411567808741,5.32635113543822
1.23,54,117,300.011073796278,5.28844814622928
1.23,54,120,296.947742112834,5.25513556970002
1.23,54,123,293.977384218895,5.22689983705764
1.23,54,126,290.84610051123,5.20409676928545
1.23,54,129,287.299522844814,5.18695665622096
1.23,54,132,283.091700677857,5.17559606162273
1.23,54,135,277.993444987812,5.17003322202402
1.23,54,138,271.800008017471,5.17020469065094
1.23,54,141,264.337968395245,5.17598191523079
1.23,54,144,255.471149444838,5.18718742946188
1.23,54,147,245.105369329151,5.20361114136389
1.23,54,150,233.191836929591,5.22502782570983
1.23,54,153,219.729073957409,5.25121750921466
1.23,54,156,204.76334490631,5.28199125851056
1.23,54,159,188.387683548044,5.31722647555725
1.23,54,162,170.739695190916,5.35691927022671
1.23,54,165,151.99838892768,5.40126935106703
1.23,54,168,132.38039621101,5.45083173032374
1.23,54,171,112.136186115472,5.50681857602607
1.23,54,174,91.5476675948117,5.57177784151605
1.23,54,177,70.9313004284256,5.65136606388478
1.23,54,180,50.6626885992604,5.76002877557634
1.23,57,-180,50.6626885992604,-0.470796654043411
1.23,57,-177,31.2572643414161,-0.275023532981453
1.23,57,-174,14.9147585423721,0.271821269445551
1.23,57,-171,14.3719232890366,1.68484892758095
1.23,57,-168,28.2752400096288,2.2399953016197
1.23,57,-165,42.989527552986,2.44423935265178
1.23,57,-162,56.4590826735669,2.56995752517584
1.23,57,-159,68.221652289966,2.66944405867568
1.23,57,-156,78.082770291632,2.75894658511223
1.23,57,-153,85.9571135921277,2.8455002840779
1.23,57,-150,91.8374880691447,2.93307307106008
1.23,57,-147,95.7883338735918,3.02450441823734
1.23,57,-144,97.9461378104289,3.12227562319387
1.23,57,-141,98.5233428092448,3.22887263752655
1.23,57,-138,97.8157830395876,3.34695400444913
1.23,57,-135,96.2141106517462,3.47934364926555
1.23,57,-132,94.2176114780725,3.62875312537538
1.23,57,-129,92.4429182388329,3.79706005005501
1.23,57,-126,91.6099648501169,3.98403492952321
1.23,57,-123,92.4796984926095,4.1858498601972
1.23,57,-120,95.7323502293837,4.39449946541829
1.23,57,-117,101.8253728046,4.59940795948063
1.23,57,-114,110.914651818584,4.79080909871552
1.23,57,-111,122.887860773534,4.9625348661197
1.23,57,-108,137.470864205899,5.11253349357879
1.23,57,-105,154.333129707766,5.24168028795378
1.23,57,-102,173.153034617232,5.35227591239704
1.23,57,-99,193.644627229396,5.4469932262194
1.23,57,-96,215.561546682502,5.52834233539458
1.23,57,-93,238.691079978921,5.59847489300648
1.23,57,-90,262.845421678202,5.65915847969785
1.23,57,-87,287.85314734226,5.71181933630888
1.23,57,-84,313.551908681459,5.75760383964607
1.23,57,-81,339.782556937902,5.79743808778998
1.23,57,-78,366.384650838909,5.83207869123516
1.23,57,-75,393.19326566159,5.86215364205867
1.23,57,-72,420.037039760484,5.88819423281408
1.23,57,-69,446.737414613863,5.91065954789522
1.23,57,-66,473.109023052469,5.92995501749226
1.23,57,-63,498.961153054842,5.94644631247901
1.23,57,-60,524.100165080013,5.96046962059651
1.23,57,-57,548.332679915572,5.9723391277568
1.23,57,-54,571.469297833236,5.98235234162002
1.23,57,-51,593.328577754485,5.99079373559066
1.23,57,-48,613.741013732076,5.99793705810397
1.23,57,-45,632.552802276158,6.0040465453725
1.23,57,-42,649.629289609874,6.0093771977798
1.23,57,-39,664.858098368453,6.01417423134497
1.23,57,-36,678.152023368639,6.01867179231034
1.23,57,-33,689.451820929288,6.02309101560697
1.23,57,-30,698.728973866029,6.02763750313088
1.23,57,-27,705.988395007179,6.03249828133787
1.23,57,-24,711.270860003008,6.03783826096186
1.23,57,-21,714.654776395179,6.04379616803933
1.23,57,-18,716.25674643987,6.0504798654476
1.23,57,-15,716.230305850977,6.05796097642676
1.23,57,-12,714.762247331743,6.0662688058856
1.23,57,-9,712.06608303846,6.07538377597005
1.23,57,-6,708.372471841832,6.08523096178685
1.23,57,-3,703.916832752715,6.09567478213517
1.23,57,0,698.92486138558,6.10651633879884
1.23,57,3,693.597200680681,6.11749510753215
1.23,57,6,688.094981215526,6.12829645488279
1.23,57,9,682.528194147886,6.13856566845585
1.23,57,12,676.948749600653,6.14792791965225
1.23,57,15,671.349532617316,6.15601213642031
1.23,57,18,665.669852015546,6.16247561058578
1.23,57,21,659.806578979186,6.16702572386191
1.23,57,24,653.62927458808,6.16943563280473
1.23,57,27,646.996978516137,6.16955195887659
1.23,57,30,639.77423066215,6.16729408530476
1.23,57,33,631.844313464959,6.16264610610714
1.23,57,36,623.118476933965,6.1556434673408
1.23,57,39,613.540804881213,6.14635676019419
1.23,57,42,603.089170142527,6.13487503108228
1.23,57,45,591.773251183793,6.12129053015211
1.23,57,48,579.630784960271,6.10568621160509
1.23,57,51,566.72314629083,6.08812668113047
1.23,57,54,553.131068161324,6.06865276248703
1.23,57,57,538.950966360367,6.0472794835595
1.23,57,60,524.292006281562,6.02399707804383
1.23,57,63,509.273812692638,5.99877454636411
1.23,57,66,494.024594845039,5.97156538007195
1.23,57,69,478.679424851379,5.94231517693873
1.23,57,72,463.378433409881,5.91097100517451
1.23,57,75,448.264738147133,5.87749246404881
1.23,57,78,433.48197036573,5.84186439053196
1.23,57,81,419.171305218208,5.80411104138505
1.23,57,84,405.467931944285,5.76431131342696
1.23,57,87,392.496937857648,5.72261415029614
1.23,57,90,380.368637917098,5.67925276220425
1.23,57,93,369.173471930843,5.63455575903482
1.23,57,96,358.976713075743,5.5889529414251
1.23,57,99,349.813367203351,5.54297353030415
1.23,57,102,341.683758170223,5.49723523477142
1.23,57,105,334.550346631173,5.45242380974744
1.23,57,108,328.336281524444,5.40926444422075
1.23,57,111,322.926024160999,5.36848800696663
1.23,57,114,318.16814214228,5.33079631213351
1.23,57,117,313.88010544302,5.29683074125605
1.23,57,120,309.854701162938,5.26714770510729
1.23,57,123,305.867567647866,5.24220286526601
1.23,57,126,301.68534329326,5.22234430161732
1.23,57,129,297.074000717486,5.2078134207001
1.23,57,132,291.807042397904,5.19875164363695
1.23,57,135,285.673322568114,5.19521081607011
1.23,57,138,278.484307701553,5.19716567872938
1.23,57,141,270.080596888331,5.20452738967156
1.23,57,144,260.337516018059,5.21715779465985
1.23,57,147,249.169603315778,5.23488478541796
1.23,57,150,236.533837091408,5.25751965800103
1.23,57,153,222.431521590019,5.28487799378456
1.23,57,156,206.908830175049,5.31680649705015
1.23,57,159,190.056087330017,5.35321997445799
1.23,57,162,172.005940452096,5.39415637962014
1.23,57,165,152.930639328819,5.43986625464754
1.23,57,168,133.03875485856,5.49097297682141
1.23,57,171,112.57196413763,5.54879243885446
1.23,57,174,91.8034201156381,5.61605365170589
1.23,57,177,71.042316549819,5.6987864800703
1.23,57,180,50.6626885992604,5.81238865313617
1.23,60,-180,50.6626885992604,-0.418436776483582
1.23,60,-177,31.253683606207,-0.213389918473702
1.23,60,-174,15.132279294795,0.356688137141396
1.23,60,-171,15.1111379925493,1.73318518952675
1.23,60,-168,29.1206333084578,2.27892601285546
1.23,60,-165,44.0318971621797,2.48661531551971
1.23,60,-162,57.7968922160691,2.615972011175
1.23,60,-159,69.954397855376,2.7189064297562
1.23,60,-156,80.3197288045607,2.81178210221785
1.23,60,-153,88.8208653371724,2.90169645784729
1.23,60,-150,95.4656914784259,2.99259468468929
1.23,60,-147,100.334702366127,3.08719164940701
1.23,60,-144,103.580440300451,3.1877037556912
1.23,60,-141,105.429312213226,3.29614800027347
1.23,60,-138,106.184567595717,3.41442481841317
1.23,60,-135,106.229286403083,3.54422990856858
1.23,60,-132,106.02650489561,3.68677642043665
1.23,60,-129,106.110485627888,3.84231193846446
1.23,60,-126,107.060259834403,4.00951019352197
1.23,60,-123,109.448282857472,4.18501166903402
1.23,60,-120,113.768461457692,4.36354109124607
1.23,60,-117,120.366215466685,4.53885114419277
1.23,60,-114,129.40190514251,4.70516924739678
1.23,60,-111,140.863119638055,4.85838611350986
1.23,60,-108,154.612809345517,4.99645303207082
1.23,60,-105,170.445856617087,5.119063623354
1.23,60,-102,188.133712005375,5.22703623173491
1.23,60,-99,207.451054733351,5.32174200802673
1.23,60,-96,228.1876032706,5.40471364245276
1.23,60,-93,250.15060484095,5.47742822590824
1.23,60,-90,273.162521206553,5.54121053962552
1.23,60,-87,297.056742743698,5.59720572206667
1.23,60,-84,321.672872409507,5.64638652171441
1.23,60,-81,346.85235571228,5.68957496314441
1.23,60,-78,372.434838422462,5.72746793019062
1.23,60,-75,398.255447425064,5.76066172980342
1.23,60,-72,424.143102622667,5.78967362918257
1.23,60,-69,449.919917130279,5.8149598008914
1.23,60,-66,475.401696957236,5.83692977144581
1.23,60,-63,500.399495565824,5.85595773888681
1.23,60,-60,524.722110829612,5.87239120616256
1.23,60,-57,548.179339368895,5.88655736956195
1.23,60,-54,570.585740910873,5.8987676533184
1.23,60,-51,591.76463156987,5.90932071730458
1.23,60,-48,611.552035229955,5.91850419860768
1.23,60,-45,629.80038184359,5.92659538911471
1.23,60,-42,646.381840267448,5.93386100602387
1.23,60,-39,661.191285225117,5.94055618244724
1.23,60,-36,674.148987339845,5.94692278836902
1.23,60,-33,685.203147712058,5.95318718120167
1.23,60,-30,694.332354174097,5.95955747054905
1.23,60,-27,701.547917840391,5.96622035495175
1.23,60,-24,706.895881999523,5.97333754629986
1.23,60,-21,710.458322592219,5.98104174758489
1.23,60,-18,712.353425610136,5.98943211298316
1.23,60,-15,712.733768919928,5.9985691309549
1.23,60,-12,711.782278209504,6.00846897328721
1.23,60,-9,709.705480868417,6.0190975797282
1.23,60,-6,706.723950915261,6.03036510110432
1.23,60,-3,703.060216256153,6.0421217481159
1.23,60,0,698.92486138558,6.05415646123901
1.23,60,3,694.50204530728,6.06619994611198
1.23,60,6,689.936064486886,6.0779333274146
1.23,60,9,685.320790983582,6.08900287675475
1.23,60,12,680.693681078658,6.09904006401997
1.23,60,15,676.035520477399,6.1076848701447
1.23,60,18,671.276206002014,6.11460930413907
1.23,60,21,666.305843643208,6.11953775372359
1.23,60,24,660.989527823154,6.12226130241692
1.23,60,27,655.183600144719,6.12264430666043
1.23,60,30,648.751105864151,6.12062297208683
1.23,60,33,641.574560756565,6.11619698685974
1.23,60,36,633.564864485282,6.10941617042158
1.23,60,39,624.666033058142,6.10036447456278
1.23,60,42,614.856161918144,6.08914358900266
1.23,60,45,604.145526532982,6.07585800157169
1.23,60,48,592.57292387328,6.06060280540116
1.23,60,51,580.201286018472,6.04345496733895
1.23,60,54,567.113343573293,6.02446826699979
1.23,60,57,553.407789180328,6.00367173810158
1.23,60,60,539.196084907553,5.98107121218283
1.23,60,63,524.599832573302,5.95665347025209
1.23,60,66,509.748504266677,5.93039251989589
1.23,60,69,494.77729971022,5.90225759063853
1.23,60,72,479.824927400866,5.87222253211022
1.23,60,75,465.031163994909,5.84027636520632
1.23,60,78,450.534105378134,5.80643474234633
1.23,60,81,436.467070440951,5.77075199724047
1.23,60,84,422.955154303827,5.73333329934193
1.23,60,87,410.111459367689,5.69434618406224
1.23,60,90,398.033070541977,5.65403044326744
1.23,60,93,386.796893164519,5.61270510045056
1.23,60,96,376.455539475753,5.57077106169814
1.23,60,99,367.033523711776,5.52870814134472
1.23,60,102,358.524089425653,5.48706559878241
1.23,60,105,350.887022730522,5.44644610041434
1.23,60,108,344.047781395408,5.40748402723762
1.23,60,111,337.898183555726,5.3708200531708
1.23,60,114,332.298761195601,5.33707463604152
1.23,60,117,327.082720460116,5.30682326245101
1.23,60,120,322.061300003571,5.28057589993586
1.23,60,123,317.030211485351,5.25876226133232
1.23,60,126,311.776797522628,5.24172344451383
1.23,60,129,306.087546037177,5.22970957099743
1.23,60,132,299.755635763454,5.22288242371527
1.23,60,135,292.588232540039,5.22132185723664
1.23,60,138,284.413294306005,5.22503487909015
1.23,60,141,275.085671346947,5.23396666381955
1.23,60,144,264.492314495328,5.24801323758285
1.23,60,147,252.556438248657,5.26703607531028
1.23,60,150,239.240534314171,5.29087937262097
1.23,60,153,224.548191432836,5.3193913831921
1.23,60,156,208.524739829899,5.35245220108534
1.23,60,159,191.256793397302,5.39001226282053
1.23,60,162,172.870809316687,5.43214983955217
1.23,60,165,153.530842841207,5.47916470862938
1.23,60,168,133.435800457105,5.53174642497417
1.23,60,171,112.816833134671,5.59131082125503
1.23,60,174,91.9365163026148,5.6607601105988
1.23,60,177,71.0949213323672,5.74647775186613
1.23,60,180,50.6626885992604,5.864748530696
1.23,63,-180,50.6626885992604,-0.366076898923753
1.23,63,-177,31.3003340489019,-0.152541360811954
1.23,63,-174,15.4205937896332,0.435500196608135
1.23,63,-171,15.7802463214412,1.77522495525716
1.23,63,-168,29.8522899757922,2.3157406057453
1.23,63,-165,44.9532839893544,2.52728669151137
1.23,63,-162,59.0245073958773,2.66009261951619
1.23,63,-159,71.6035148444729,2.76603106565626
1.23,63,-156,82.5140981339728,2.86163336392661
1.23,63,-153,91.6955530314579,2.9540482909721
1.23,63,-150,99.1675005932996,3.04716668033391
1.23,63,-147,105.021185686293,3.14354343002467
1.23,63,-144,109.417280181826,3.24511028375079
1.23,63,-141,112.585065125069,3.35344520338557
1.23,63,-138,114.821052307845,3.46982956072122
1.23,63,-135,116.485421970979,3.59516687122336
1.23,63,-132,117.993900449873,3.72979286535765
1.23,63,-129,119.801783829046,3.87321763290421
1.23,63,-126,122.377028963366,4.02388914166076
1.23,63,-123,126.162279657549,4.17912169438877
1.23,63,-120,131.531697697722,4.33532619951259
1.23,63,-117,138.754455316953,4.48855538972361
1.23,63,-114,147.977162176495,4.63518700553823
1.23,63,-111,159.230019559224,4.77247101890442
1.23,63,-108,172.451112328455,4.89875948692249
1.23,63,-105,187.517570368794,5.01342727533746
1.23,63,-102,204.273733809631,5.11661773133708
1.23,63,-99,222.551456664872,5.20895459843219
1.23,63,-96,242.182098612199,5.29130353101123
1.23,63,-93,263.0019690327,5.36460821000952
1.23,63,-90,284.85344080294,5.42979315894901
1.23,63,-87,307.583584102684,5.48771470804289
1.23,63,-84,331.041625553505,5.53914243545091
1.23,63,-81,355.076084824163,5.58475798034828
1.23,63,-78,379.532132624454,5.62516267492803
1.23,63,-75,404.249521877385,5.66088885374369
1.23,63,-72,429.061323409152,5.69241194493648
1.23,63,-69,453.793611716231,5.72016182251509
1.23,63,-66,478.26617021401,5.7445327016152
1.23,63,-63,502.294205379464,5.765891310992
1.23,63,-60,525.690972738577,5.78458332213761
1.23,63,-57,548.27113203267,5.80093813900256
1.23,63,-54,569.854579134167,5.81527220742637
1.23,63,-51,590.270466415875,5.82789101958562
1.23,63,-48,609.361135539849,5.8390899850396
1.23,63,-45,626.985750188438,5.84915432830503
1.23,63,-42,643.023518456509,5.85835816021195
1.23,63,-39,657.376507505608,5.86696285902609
1.23,63,-36,669.972140297463,5.87521488606241
1.23,63,-33,680.765492695973,5.88334314520982
1.23,63,-30,689.741461385249,5.89155597175956
1.23,63,-27,696.916754530377,5.90003780057286
1.23,63,-24,702.341496300101,5.90894551949994
1.23,63,-21,706.100075847007,5.9184044717755
1.23,63,-18,708.310755034587,5.92850405160792
1.23,63,-15,709.123511259465,5.9392928702334
1.23,63,-12,708.715651607951,5.95077358820247
1.23,63,-9,707.284898866628,5.9628977360615
1.23,63,-6,705.039916387307,5.97556117178978
1.23,63,-3,702.188596727798,5.98860118985885
1.23,63,0,698.92486138558,6.00179658367918
1.23,63,3,695.41515006102,6.014872008796
1.23,63,6,691.786125909061,6.02750765060317
1.23,63,9,688.115271189407,6.03935441529134
1.23,63,12,684.425889010679,6.05005374977703
1.23,63,15,680.6875165804,6.05926004153987
1.23,63,18,676.821952617923,6.06666272394449
1.23,63,21,672.714174146829,6.07200501833137
1.23,63,24,668.226596584409,6.07509677158187
1.23,63,27,663.214629629871,6.07581993445571
1.23,63,30,657.54141946011,6.07412653737415
1.23,63,33,651.090032585135,6.07003020079238
1.23,63,36,643.771998532102,6.0635930207155
1.23,63,39,635.531894590142,6.05491001190969
1.23,63,42,626.34833682499,6.04409322352889
1.23,63,45,616.23220395976,6.03125728816491
1.23,63,48,605.223111683747,6.01650766292861
1.23,63,51,593.385098733969,5.99993228613055
1.23,63,54,580.802259978092,5.98159688897377
1.23,63,57,567.574763327522,5.96154381996555
1.23,63,60,553.8154043966,5.93979398368164
1.23,63,63,539.646643506266,5.91635136349846
1.23,63,66,525.197955922042,5.89120956832639
1.23,63,69,510.60329937971,5.86435988159844
1.23,63,72,495.998535864649,5.8358003578435
1.23,63,75,481.518705450883,5.8055455730285
1.23,63,78,467.295112734599,5.77363666392248
1.23,63,81,453.452235894699,5.74015127539158
1.23,63,84,440.104500587821,5.70521297127628
1.23,63,87,427.352979600433,5.66899956456302
1.23,63,90,415.282092136487,5.63174970808851
1.23,63,93,403.956391654164,5.59376699252464
1.23,63,96,393.417553509855,5.55542076938239
1.23,63,99,383.681704103247,5.51714300329883
1.23,63,102,374.737267123929,5.47942070064955
1.23,63,105,366.543530163496,5.44278387177159
1.23,63,108,359.03014371178,5.40778952403731
1.23,63,111,352.097742838002,5.37500275908027
1.23,63,114,345.61982410679,5.34497652663343
1.23,63,117,339.445920537388,5.31823183800011
1.23,63,120,333.406009468852,5.29524018446813
1.23,63,123,327.315981595443,5.27640954862529
1.23,63,126,320.983912999917,5.26207483792158
1.23,63,129,314.216827914653,5.25249296238269
1.23,63,132,306.827621169942,5.24784227353565
1.23,63,135,298.641821184305,5.24822578185717
1.23,63,138,289.503908671695,5.25367750749985
1.23,63,141,279.282955088563,5.26417146414399
1.23,63,144,267.877402383492,5.27963306735629
1.23,63,147,255.218867265049,5.29995314268554
1.23,63,150,241.274913805785,5.32500517801637
1.23,63,153,226.050791330797,5.35466710459475
1.23,63,156,209.590174527305,5.38884994798902
1.23,63,159,191.974969177093,5.42753771940709
1.23,63,162,173.324270501554,5.47084715722126
1.23,63,165,153.792610478585,5.51912533014126
1.23,63,168,133.567768296261,5.57312542811716
1.23,63,171,112.868800177448,5.63435904747368
1.23,63,174,91.94606442753,5.70589313761393
1.23,63,177,71.0888402869487,5.79444328883645
1.23,63,180,50.6626885992604,5.91710840825583
1.23,66,-180,50.6626885992604,-0.313717021363923
1.23,66,-177,31.3967439088221,-0.0925331497591574
1.23,66,-174,15.7736037512847,0.508183113289489
1.23,66,-171,16.3809312253651,1.8114016795775
1.23,66,-168,30.4687955524788,2.3502227723698
1.23,66,-165,45.7471123970277,2.56604878200088
1.23,66,-162,60.1286510609788,2.7021381921576
1.23,66,-159,73.1465545240942,2.81066012615994
1.23,66,-156,84.6310168439617,2.90837861679235
1.23,66,-153,94.5299488167989,3.00250078285468
1.23,66,-150,102.870769179541,3.09685647925794
1.23,66,-147,109.749889395091,3.19384020390578
1.23,66,-144,115.328638309784,3.29512452574365
1.23,66,-141,119.829934839557,3.40192675774627
1.23,66,-138,123.533494113214,3.51507560722103
1.23,66,-135,126.768099102497,3.63497059686503
1.23,66,-132,129.899523698804,3.7614840850819
1.23,66,-129,133.312899876991,3.89385404815993
1.23,66,-126,137.389326333586,4.03062782587121
1.23,66,-123,142.478615677453,4.16971920001072
1.23,66,-120,148.872686368299,4.30861198685105
1.23,66,-117,156.785622824212,4.44468146463894
1.23,66,-114,166.345271356205,4.57554304872518
1.23,66,-111,177.597513258185,4.69932117448604
1.23,66,-108,190.520183537984,4.81477356309796
1.23,66,-105,205.041355371637,4.92127318360969
1.23,66,-102,221.05706848725,5.01869725072756
1.23,66,-99,238.445492989329,5.10728208749706
1.23,66,-96,257.076550431175,5.18748655196094
1.23,66,-93,276.817362685581,5.25988452435
1.23,66,-90,297.534487234659,5.32509037311186
1.23,66,-87,319.093982451324,5.38371278072194
1.23,66,-84,341.360203075504,5.43632965508243
1.23,66,-81,364.194027928222,5.48347724881221
1.23,66,-78,387.451045620233,5.52564809066144
1.23,66,-75,410.980087815591,5.56329390050529
1.23,66,-72,434.622395322652,5.59683093951229
1.23,66,-69,458.211613916184,5.62664617751787
1.23,66,-66,481.574729892151,5.65310329455234
1.23,66,-63,504.53396176138,5.67654795170546
1.23,66,-60,526.909524777065,5.69731203679958
1.23,66,-57,548.523088881704,5.71571676328974
1.23,66,-54,569.201674795256,5.7320746108501
1.23,66,-51,588.781695817536,5.74669016583097
1.23,66,-48,607.112867645429,5.75985996363126
1.23,66,-45,624.061775972446,5.77187146177731
1.23,66,-42,639.514996502765,5.78300128663346
1.23,66,-39,653.381774375428,5.79351289956643
1.23,66,-36,665.59635321903,5.8036538195379
1.23,66,-33,676.120066696133,5.81365251767943
1.23,66,-30,684.943252902827,5.82371506594927
1.23,66,-27,692.086933298607,5.83402157996039
1.23,66,-24,697.604043712451,5.84472245324327
1.23,66,-21,701.579858524559,5.85593434960826
1.23,66,-18,704.131152720238,5.86773592066717
1.23,66,-15,705.403630782565,5.88016327009495
1.23,66,-12,705.567230785349,5.89320531716168
1.23,66,-9,704.809087186848,5.90679943002831
1.23,66,-6,703.324198451609,5.92082798712483
1.23,66,-3,701.304180093304,5.93511682208371
1.23,66,0,698.92486138558,5.94943670611935
1.23,66,3,696.333853079404,5.96350898611872
1.23,66,6,693.639493683624,5.97701611492244
1.23,66,9,690.902674620315,5.98961706149359
1.23,66,12,688.132863863765,6.00096659506389
1.23,66,15,685.289163118263,6.01073645801429
1.23,66,18,682.286504168907,6.018635790509
1.23,66,21,679.006265356201,6.02442808286585
1.23,66,24,675.309869014617,6.02794246113951
1.23,66,27,671.053487501702,6.02907810099577
1.23,66,30,666.101939866862,6.02780172530863
1.23,66,33,660.340191162922,6.02413917459209
1.23,66,36,653.681459307967,6.01816274429503
1.23,66,39,646.071622638389,6.00997629074442
1.23,66,42,637.49023835126,5.99970006009986
1.23,66,45,627.948908136207,5.98745689274688
1.23,66,48,617.487912292883,5.97336101157808
1.23,66,51,606.171995526172,5.9575101140812
1.23,66,54,594.085992802927,5.93998102875613
1.23,66,57,581.330718664956,5.92082881590957
1.23,66,60,568.01928795583,5.90008891871185
1.23,66,63,554.273844561915,5.87778180874627
1.23,66,66,540.222569971112,5.85391950863656
1.23,66,69,525.996819355485,5.82851338684501
1.23,66,72,511.728265636038,5.80158267495199
1.23,66,75,497.545991833366,5.773163226623
1.23,66,78,483.5735330251,5.74331609908085
1.23,66,81,469.925914643044,5.71213558132772
1.23,66,84,456.706756974208,5.6797563163877
1.23,66,87,444.005518116361,5.64635917081919
1.23,66,90,431.894936125495,5.61217549981767
1.23,66,93,420.428715134764,5.57748944847741
1.23,66,96,409.639489660795,5.54263793070342
1.23,66,99,399.537104232799,5.50800795418682
1.23,66,102,390.107265852886,5.4740310362802
1.23,66,105,381.31066220008,5.44117460613225
1.23,66,108,373.082679048695,5.40993052705275
1.23,66,111,365.333880233045,5.3808011882307
1.23,66,114,357.951415384982,5.35428395976028
1.23,66,117,350.801482439304,5.33085510204533
1.23,66,120,343.732892346275,5.31095438507103
1.23,66,123,336.58167450762,5.29497164605655
1.23,66,126,329.176545300653,5.28323629163908
1.23,66,129,321.344963899817,5.27601039060757
1.23,66,132,312.91943969291,5.27348560487521
1.23,66,135,303.743743580785,5.27578387489285
1.23,66,138,293.678709083891,5.28296158665272
1.23,66,141,282.607376750717,5.29501692974342
1.23,66,144,270.439320068404,5.31190029858566
1.23,66,147,257.114075324543,5.33352786825145
1.23,66,150,242.603666715878,5.35979889639361
1.23,66,153,226.914261894801,5.39061794879558
1.23,66,156,210.087010464425,5.42592436336598
1.23,66,159,192.198117296931,5.46573342178681
1.23,66,162,173.35820485094,5.5101981683749
1.23,66,165,153.711060868788,5.55971067175719
1.23,66,168,133.432018699357,5.61508484685841
1.23,66,171,112.726643118998,5.67792347047996
1.23,66,174,91.8316277982002,5.75144914706926
1.23,66,177,71.0239911055735,5.84268646615093
1.23,66,180,50.6626885992604,5.96946828581566
1.23,69,-180,50.6626885992605,-0.261357143804092
1.23,69,-177,31.5423531792661,-0.0334116498288118
1.23,69,-174,16.1863813531285,0.574827044150281
1.23,69,-171,16.9162862501526,1.8419607742038
1.23,69,-168,30.9689832574685,2.38214313255196
1.23,69,-165,46.4064935236435,2.6027048992026
1.23,69,-162,61.0951789518185,2.74194852780807
1.23,69,-159,74.5596794164918,2.85267107505862
1.23,69,-156,86.6338975637797,2.95194866497528
1.23,69,-153,97.2712250622025,3.04707051288637
1.23,69,-150,106.502769212785,3.14181911716331
1.23,69,-147,114.424820562241,3.23845195278771
1.23,69,-144,121.192965627591,3.33843180915677
1.23,69,-141,127.016745624679,3.44270774696523
1.23,69,-138,132.152620806115,3.55180638607829
1.23,69,-135,136.894123514728,3.66583616833809
1.23,69,-132,141.558600604254,3.78445880385067
1.23,69,-129,146.470540312955,3.90686849148473
1.23,69,-126,151.942407108565,4.03181387388807
1.23,69,-123,158.255074287445,4.15768625052971
1.23,69,-120,165.640866475244,4.28267505724498
1.23,69,-117,174.272253469241,4.40496369570802
1.23,69,-114,184.258059013371,4.52291968209124
1.23,69,-111,195.647071093585,4.63523461507266
1.23,69,-108,208.437101349345,4.74099031096305
1.23,69,-105,222.586638725812,4.83965415093538
1.23,69,-102,238.026433445747,4.93102513984927
1.23,69,-99,254.669220030726,5.01515711803971
1.23,69,-96,272.416788789178,5.09228045735535
1.23,69,-93,291.164383956407,5.16273481094388
1.23,69,-90,310.802844121393,5.22691773376164
1.23,69,-87,331.219068714393,5.2852490089724
1.23,69,-84,352.295401285888,5.33814812837491
1.23,69,-81,373.908455557507,5.38602171107014
1.23,69,-78,395.927826793227,5.42925786977392
1.23,69,-75,418.215050923593,5.46822509168127
1.23,69,-72,440.623099475164,5.50327379589538
1.23,69,-69,462.996622930368,5.53473924102003
1.23,69,-66,485.173070609118,5.56294485619529
1.23,69,-63,506.984717872223,5.58820536819935
1.23,69,-60,528.26152560523,5.61082931930961
1.23,69,-57,548.834655315026,5.63112073722116
1.23,69,-54,568.540384522308,5.64937984574583
1.23,69,-51,587.224130586669,5.66590280366994
1.23,69,-48,604.744308805197,5.68098053460402
1.23,69,-45,620.975821186801,5.69489676499135
1.23,69,-42,635.813077895808,5.70792542060019
1.23,69,-39,649.172562580833,5.72032754310254
1.23,69,-36,660.995029374177,5.73234787796656
1.23,69,-33,671.247434128472,5.74421125547716
1.23,69,-30,679.924644441743,5.75611884416066
1.23,69,-27,687.050854652646,5.76824430950813
1.23,69,-24,692.680486239743,5.78072987271674
1.23,69,-21,696.89822418294,5.79368224820599
1.23,69,-18,699.817766059714,5.8071684601092
1.23,69,-15,701.57886946906,5.82121161176872
1.23,69,-12,702.342383684669,5.83578681948023
1.23,69,-9,702.283137442236,5.85081772150965
1.23,69,-6,701.580811815819,5.8661742115589
1.23,69,-3,700.409234673679,5.88167226440663
1.23,69,0,698.92486138558,5.89707682855952
1.23,69,3,697.255508659468,5.91210865093171
1.23,69,6,695.490617393555,5.92645549570629
1.23,69,9,693.674357482166,5.93978752983949
1.23,69,12,691.802687789362,5.95177579392313
1.23,69,15,689.825031394112,5.96211188343897
1.23,69,18,687.650576840455,5.97052648351722
1.23,69,21,685.158500022547,5.97680440554637
1.23,69,24,682.210786126412,5.98079428653318
1.23,69,27,678.665967367133,5.98241198874564
1.23,69,30,674.392062363228,5.98163773702074
1.23,69,33,669.277295725891,5.97850791438436
1.23,69,36,663.237696959187,5.97310304258951
1.23,69,39,656.2212840953,5.96553374798229
1.23,69,42,648.209086693697,5.95592648619941
1.23,69,45,639.213649702404,5.94441054937811
1.23,69,48,629.275837408338,5.93110749554819
1.23,69,51,618.460737288153,5.9161237014186
1.23,69,54,606.853302203586,5.89954631099662
1.23,69,57,594.554140744728,5.8814424811248
1.23,69,60,581.675640348411,5.8618615421034
1.23,69,63,568.338436158497,5.84083951044527
1.23,69,66,554.668142775842,5.81840530759629
1.23,69,69,540.792242851638,5.79458803550891
1.23,69,72,526.837055503113,5.7694247123526
1.23,69,75,512.924761613688,5.74296795444652
1.23,69,78,499.170517241784,5.71529318419333
1.23,69,81,485.67972324293,5.68650503611698
1.23,69,84,472.54553080084,5.6567427173009
1.23,69,87,459.846649339824,5.62618414960889
1.23,69,90,447.645492194115,5.59504877273748
1.23,69,93,435.986657660321,5.56359891161141
1.23,69,96,424.895711955584,5.53213960363274
1.23,69,99,414.378228883083,5.50101674511492
1.23,69,102,404.419057449974,5.47061337209537
1.23,69,105,394.981834403206,5.4413438753622
1.23,69,108,386.00882444949,5.413646006899
1.23,69,111,377.421237598074,5.38797069741762
1.23,69,114,369.12021584794,5.36476997169348
1.23,69,117,360.988678117483,5.34448357454508
1.23,69,120,352.894152226044,5.32752522256386
1.23,69,123,344.692612723704,5.31426958320823
1.23,69,126,336.233207362891,5.30504109094505
1.23,69,129,327.363626763154,5.30010553498097
1.23,69,132,317.935783584653,5.29966505153184
1.23,69,135,307.811439459795,5.30385682055996
1.23,69,138,296.867452464055,5.31275549882419
1.23,69,141,285.00040056674,5.32637928482989
1.23,69,144,272.130441934836,5.34469953470615
1.23,69,147,258.20437323682,5.3676540360642
1.23,69,150,243.197919554599,5.39516441909531
1.23,69,153,227.117322506502,5.42715883121311
1.23,69,156,210.000289031266,5.46360217223766
1.23,69,159,191.916338607431,5.50453845856317
1.23,69,162,172.966571208501,5.55015457327206
1.23,69,165,153.282916006974,5.60088494050907
1.23,69,168,133.027085864972,5.65760091043153
1.23,69,171,112.389931230077,5.72199143584715
1.23,69,174,91.5932311308474,5.79742507196088
1.23,69,177,70.9004847665668,5.89121065316534
1.23,69,180,50.6626885992605,6.02182816337549
1.23,72,-180,50.6626885992604,-0.208997266244261
1.23,72,-177,31.7365234288614,0.0247863121782229
1.23,72,-174,16.6552604312512,0.635650827006281
1.23,72,-171,17.390859512917,1.86701444373093
1.23,72,-168,31.3521668036936,2.41125405841547
1.23,72,-165,46.9245299536531,2.63706064103273
1.23,72,-162,61.909552319108,2.77937853368918
1.23,72,-159,75.8184011625854,2.89196875417894
1.23,72,-156,88.4855231349243,2.99231408551655
1.23,72,-153,99.8664656270158,3.08782418287328
1.23,72,-150,109.992067621301,3.18226255854561
1.23,72,-147,118.953854664753,3.27778674502804
1.23,72,-144,126.896582702622,3.37570749126971
1.23,72,-141,134.01149323207,3.47679271103239
1.23,72,-138,140.528094251301,3.58138664466277
1.23,72,-135,146.703662579445,3.68945138321858
1.23,72,-132,152.810375307563,3.8005835393745
1.23,72,-129,159.120606321073,3.91403806238175
1.23,72,-126,165.891580048,4.02877918972623
1.23,72,-123,173.351125917621,4.14356620791463
1.23,72,-120,181.686462863331,4.25706764386854
1.23,72,-117,191.037557205056,4.36798534637767
1.23,72,-114,201.495678248151,4.47516480416527
1.23,72,-111,213.106650177593,4.57767229794433
1.23,72,-108,225.877404661348,4.67483040473204
1.23,72,-105,239.784066727513,4.76621517396899
1.23,72,-102,254.779966708314,4.85162606369275
1.23,72,-99,270.802459520923,4.93104188879519
1.23,72,-96,287.777997235967,5.00457396387134
1.23,72,-93,305.625366746051,5.07242374290363
1.23,72,-90,324.257305865922,5.13484849226244
1.23,72,-87,343.580861587633,5.19213579982125
1.23,72,-84,363.49689994846,5.24458614439105
1.23,72,-81,383.899165200329,5.2925020633515
1.23,72,-78,404.67324963467,5.33618231981587
1.23,72,-75,425.695790600589,5.37591960765456
1.23,72,-72,446.834160716303,5.41200056803546
1.23,72,-69,467.946856355288,5.44470713446758
1.23,72,-66,488.884712447163,5.47431843972912
1.23,72,-63,509.492977146311,5.50111270210393
1.23,72,-60,529.614174585062,5.52536866633578
1.23,72,-57,549.09158269688,5.54736631440162
1.23,72,-54,567.773076150448,5.56738668715759
1.23,72,-51,585.515051019639,5.58571077030973
1.23,72,-48,602.18616878746,5.60261749358208
1.23,72,-45,617.670729106689,5.61838096505085
1.23,72,-42,631.871583645531,5.63326710815695
1.23,72,-39,644.712605319758,5.64752988391851
1.23,72,-36,656.14079334547,5.66140726644441
1.23,72,-33,666.128098909528,5.67511710225176
1.23,72,-30,674.672991912829,5.6888529342701
1.23,72,-27,681.801672209965,5.70277982416586
1.23,72,-24,687.568693865831,5.7170301768196
1.23,72,-21,692.056660876766,5.73169957177078
1.23,72,-18,695.374604838914,5.74684264825534
1.23,72,-15,697.654690836865,5.76246917891972
1.23,72,-12,699.047020093252,5.77854060214162
1.23,72,-9,699.712494117805,5.79496745332581
1.23,72,-6,699.813954182706,5.81160831328745
1.23,72,-3,699.506086899871,5.82827102542787
1.23,72,0,698.92486138558,5.84471695099969
1.23,72,3,698.177495753576,5.86066885931802
1.23,72,6,697.33408755036,5.87582264496078
1.23,72,9,696.422025839994,5.88986245380912
1.23,72,12,695.42408774037,5.9024780996047
1.23,72,15,694.280704969536,5.91338304611828
1.23,72,18,692.896320003825,5.92233090730842
1.23,72,21,691.149145420193,5.92912849851117
1.23,72,24,688.903129718566,5.9336439519211
1.23,72,27,686.020638429932,5.93580916431512
1.23,72,30,682.374345241661,5.93561668191077
1.23,72,33,677.85708400699,5.9331118610226
1.23,72,36,672.388861036363,5.92838165082311
1.23,72,39,665.920750938664,5.92154158303031
1.23,72,42,658.435878939826,5.91272254421934
1.23,72,45,649.94803788704,5.90205870648576
1.23,72,48,640.498656435019,5.88967766825719
1.23,72,51,630.152832943947,5.87569347225712
1.23,72,54,618.995021689056,5.86020277657858
1.23,72,57,607.124766663182,5.84328410239621
1.23,72,60,594.652684588335,5.82499980137185
1.23,72,63,581.69674745113,5.80540019644738
1.23,72,66,568.378827401609,5.78452925496092
1.23,72,69,554.821442333474,5.76243114234445
1.23,72,72,541.144662166891,5.73915705839582
1.23,72,75,527.463179949388,5.71477185377077
1.23,72,78,513.883595425916,5.68936004176923
1.23,72,81,500.501984977206,5.66303094409553
1.23,72,84,487.401832535859,5.63592282694068
1.23,72,87,474.652371361702,5.60820598394031
1.23,72,90,462.307343429099,5.58008479206212
1.23,72,93,450.404133724354,5.55179879101303
1.23,72,96,438.963195841934,5.52362280593523
1.23,72,99,427.98766765928,5.49586604849847
1.23,72,102,417.463092385261,5.46887001410073
1.23,72,105,407.357213555155,5.44300488560564
1.23,72,108,397.619893755075,5.4186641135499
1.23,72,111,388.183295364728,5.39625692083771
1.23,72,114,378.96252910761,5.37619869924728
1.23,72,117,369.856995235421,5.35889960026035
1.23,72,120,360.752596562652,5.34475199895513
1.23,72,123,351.524895462577,5.33411782423396
1.23,72,126,342.043142346203,5.32731690915371
1.23,72,129,332.174959183261,5.32461747744319
1.23,72,132,321.791357661608,5.32622966857546
1.23,72,135,310.771734591623,5.33230269179379
1.23,72,138,299.008522919073,5.34292589021842
1.23,72,141,286.411269072434,5.35813377813167
1.23,72,144,272.910025155345,5.37791504425463
1.23,72,147,258.458052599496,5.40222562221762
1.23,72,150,243.03390449616,5.43100625438005
1.23,72,153,226.642974404543,5.46420561796755
1.23,72,156,209.318576025534,5.50181129924685
1.23,72,159,191.122573974457,5.54389328158349
1.23,72,162,172.145557630077,5.59066950681463
1.23,72,165,152.506586973644,5.64261374557068
1.23,72,168,132.352719976387,5.70065109990323
1.23,72,171,111.85904157343,5.76655125911819
1.23,72,174,91.231364599853,5.84381839253604
1.23,72,177,70.7186257961667,5.94001924104515
1.23,72,180,50.6626885992604,6.07418804093532
1.23,75,-180,50.6626885992605,-0.156637388684431
1.23,75,-177,31.9785465057985,0.0820337956130018
1.23,75,-174,17.1778290711384,0.690968756491947
1.23,75,-171,17.8107656096564,1.8865823585873
1.23,75,-168,31.6184077386839,2.43728407663495
1.23,75,-165,47.2946469215663,2.66891780284221
1.23,75,-162,62.5573237298221,2.8142919532257
1.23,75,-159,76.8982997814539,2.92847714693385
1.23,75,-156,90.1490557705372,3.02947282193921
1.23,75,-153,102.263965847758,3.1248595806333
1.23,75,-150,113.270004830639,3.21842006861255
1.23,75,-147,123.250092854617,3.31225498389898
1.23,75,-144,132.334370014701,3.40757957590541
1.23,75,-141,140.692611545918,3.50505406001933
1.23,75,-138,148.525631391659,3.60492844288994
1.23,75,-135,156.055062048511,3.70711145733618
1.23,75,-132,163.511654910978,3.81121415276595
1.23,75,-129,171.122785103985,3.91659432886699
1.23,75,-126,179.100262075715,4.02241452319588
1.23,75,-123,187.629765597862,4.12771595137842
1.23,75,-120,196.863135896674,4.2315022983339
1.23,75,-117,206.914312818328,4.33282186403371
1.23,75,-114,217.859048440862,4.43083571477142
1.23,75,-111,229.73782786915,4.52486304510582
1.23,75,-108,242.56094624489,4.61440094452228
1.23,75,-105,256.314525060341,4.69912151031293
1.23,75,-102,270.966386738205,4.77885282946882
1.23,75,-99,286.471026355385,4.85355128208618
1.23,75,-96,302.773286883173,4.92327155808923
1.23,75,-93,319.810659941305,4.98813879814528
1.23,75,-90,337.514353374712,5.04832525520416
1.23,75,-87,355.809389827298,5.10403230340022
1.23,75,-84,374.614050204462,5.15547761733171
1.23,75,-81,393.838980876037,5.2028868231093
1.23,75,-78,413.386265915203,5.24648872932968
1.23,75,-75,433.148737277301,5.28651323783164
1.23,75,-72,453.009758356458,5.32319110915916
1.23,75,-69,472.843665527936,5.35675485879906
1.23,75,-66,492.516983153489,5.38744016386111
1.23,75,-63,511.89043973149,5.41548726224354
1.23,75,-60,530.821713960172,5.44114193174698
1.23,75,-57,549.168745035142,5.46465574899533
1.23,75,-54,566.793371594553,5.48628544667089
1.23,75,-51,583.565036487468,5.50629130616099
1.23,75,-48,599.364318895598,5.52493463079361
1.23,75,-45,614.086125686858,5.54247443062532
1.23,75,-42,627.64246929167,5.55916350340761
1.23,75,-39,639.964848499371,5.57524411307886
1.23,75,-36,651.006299216527,5.59094344919505
1.23,75,-33,660.743172814784,5.60646900798926
1.23,75,-30,669.176627972772,5.62200398404924
1.23,75,-27,676.333707467244,5.63770271919181
1.23,75,-24,682.26775030417,5.65368623836025
1.23,75,-21,687.05780314305,5.67003792209866
1.23,75,-18,690.806676459978,5.68679942486519
1.23,75,-15,693.63735615922,5.70396704436672
1.23,75,-12,695.68762629202,5.72148886867243
1.23,75,-9,697.102963664934,5.73926315682692
1.23,75,-6,698.028003322626,5.75713851640221
1.23,75,-3,698.59711657646,5.77491648703779
1.23,75,0,698.92486138558,5.79235707343986
1.23,75,3,699.097226019833,5.80918755161082
1.23,75,6,699.164653165685,5.8251144851862
1.23,75,9,699.137764552482,5.83983837485026
1.23,75,12,698.986480546925,5.85306982363288
1.23,75,15,698.642850784907,5.86454567468757
1.23,75,18,698.007429472247,5.87404339842406
1.23,75,21,696.958530476367,5.88139214433734
1.23,75,24,695.363288604046,5.88647930933383
1.23,75,27,693.089226243407,5.88925210470772
1.23,75,30,690.015027159437,5.88971428196652
1.23,75,33,686.039442053823,5.88791876712816
1.23,75,36,681.087631101229,5.8839573644752
1.23,75,39,675.114693034436,5.87794889176457
1.23,75,42,668.106541166018,5.87002711280369
1.23,75,45,660.078588873207,5.86032967888851
1.23,75,48,651.072862986793,5.84898902552829
1.23,75,51,641.154175871442,5.83612584294709
1.23,75,54,630.40589007167,5.82184539303669
1.23,75,57,618.925654019762,5.80623662247963
1.23,75,60,606.821324520236,5.78937375545417
1.23,75,63,594.207160247618,5.77131986262122
1.23,75,66,581.200290246182,5.7521318050977
1.23,75,69,567.917433541302,5.731865938039
1.23,75,72,554.471857616612,5.71058401281024
1.23,75,75,540.970594906682,5.68835881861107
1.23,75,78,527.511967728761,5.66527923248443
1.23,75,81,514.183488171155,5.64145448199367
1.23,75,84,501.060192567874,5.61701755129272
1.23,75,87,488.203440119929,5.59212776381542
1.23,75,90,475.660158432116,5.56697263821776
1.23,75,93,463.462466744047,5.5417691241759
1.23,75,96,451.627564954053,5.51676427193431
1.23,75,99,440.157757851316,5.49223527694818
1.23,75,102,429.040500430876,5.46848869028656
1.23,75,105,418.24840513941,5.44585843958235
1.23,75,108,407.739237512939,5.42470222209744
1.23,75,111,397.456022991821,5.40539586743517
1.23,75,114,387.327466261716,5.38832545500572
1.23,75,117,377.268916339485,5.37387729852144
1.23,75,120,367.184077020678,5.36242631344501
1.23,75,123,356.967563624652,5.35432366377438
1.23,75,126,346.508265650211,5.34988483922407
1.23,75,129,335.693329679344,5.34937937624513
1.23,75,132,324.412469582198,5.35302330182329
1.23,75,135,312.562271929815,5.36097510472983
1.23,75,138,300.050201175072,5.37333571901437
1.23,75,141,286.798104832291,5.39015273602122
1.23,75,144,272.745139422274,5.41142891975112
1.23,75,147,257.850144562305,5.43713513959085
1.23,75,150,242.093555155075,5.46722811233593
1.23,75,153,225.478948206871,5.50167397825704
1.23,75,156,208.034280875225,5.54047999085869
1.23,75,159,189.812818169633,5.5837390797678
1.23,75,162,170.893713653493,5.63169713099152
1.23,75,165,151.382247126284,5.68486386768319
1.23,75,168,131.409921311991,5.74421404993586
1.23,75,171,111.135170595936,5.8115922157591
1.23,75,174,90.7469854236375,5.89062716984962
1.23,75,177,70.4789116742176,5.989115669499
1.23,75,180,50.6626885992605,6.12654791849516
1.23,78,-180,50.6626885992605,-0.104277511124602
1.23,78,-177,32.2676518056348,0.138313832770235
1.23,78,-174,17.7528472799221,0.741162286240329
1.23,78,-171,18.1838377000866,1.90062517968545
1.23,78,-168,31.7688206007161,2.45993185055819
1.23,78,-165,47.5109477035218,2.69806776240079
1.23,78,-162,63.0246275196746,2.84655468093384
1.23,78,-159,77.7757116696652,2.96213107929144
1.23,78,-156,91.588951009644,3.06343864941815
1.23,78,-153,104.414339474176,3.15828948747323
1.23,78,-150,116.271861672131,3.25052936617752
1.23,78,-147,127.232821898068,3.34224626031921
1.23,78,-144,137.410123073762,3.4346104661501
1.23,78,-141,146.950281960182,3.5282324187962
1.23,78,-138,156.024995362558,3.62332948732862
1.23,78,-135,164.821716516395,3.71981405207961
1.23,78,-132,173.533438903743,3.81735218720904
1.23,78,-129,182.348319740587,3.91541617587515
1.23,78,-126,191.44003220912,4.01334072329446
1.23,78,-123,200.959797994791,4.11038434123443
1.23,78,-120,211.030888434022,4.205791899439
1.23,78,-117,221.746014524482,4.29885166021194
1.23,78,-114,233.167547503675,4.38894027432828
1.23,78,-111,245.330061204512,4.47555161329204
1.23,78,-108,258.244388717796,4.55830870452647
1.23,78,-105,271.90229800794,4.63696108817006
1.23,78,-102,286.280995821649,4.71137176093889
1.23,78,-99,301.346895732618,4.78149832928221
1.23,78,-96,317.058350545379,4.84737239430883
1.23,78,-93,333.367285621019,4.9090800636882
1.23,78,-90,350.219843149611,4.96674529178918
1.23,78,-87,367.556251762347,5.02051676514986
1.23,78,-84,385.310183223038,5.07055837283735
1.23,78,-81,403.407867119671,5.11704290830497
1.23,78,-78,421.76722224551,5.16014846541097
1.23,78,-75,440.297239517513,5.20005693414121
1.23,78,-72,458.897817908129,5.23695400736513
1.23,78,-69,477.460208878458,5.2710301407869
1.23,78,-66,495.868162471475,5.30248194942661
1.23,78,-63,513.999789911686,5.33151357584164
1.23,78,-60,531.730070745095,5.35833763405188
1.23,78,-57,548.933851786879,5.3831754231011
1.23,78,-54,565.489128448167,5.40625621334033
1.23,78,-51,581.280381712296,5.42781552745791
1.23,78,-48,596.201772120396,5.44809245224397
1.23,78,-45,610.160057912904,5.46732610987957
1.23,78,-42,623.077186746044,5.48575147618677
1.23,78,-39,634.892579916036,5.50359475197013
1.23,78,-36,645.565157010923,5.52106847604142
1.23,78,-33,655.075121452006,5.53836652772114
1.23,78,-30,663.4254466632,5.55565912171823
1.23,78,-27,670.642891794573,5.57308786944293
1.23,78,-24,676.778271808745,5.59076098335435
1.23,78,-21,681.905648034565,5.6087487411519
1.23,78,-18,686.120120094671,5.62707940029693
1.23,78,-15,689.533997349203,5.64573584743763
1.23,78,-12,692.271296057772,5.66465336293487
1.23,78,-9,694.460720778744,5.68371895566248
1.23,78,-6,696.227512590522,5.70277275299935
1.23,78,-3,697.684751682635,5.72161188905364
1.23,78,0,698.92486138558,5.73999719588003
1.23,78,3,700.012151398894,5.75766275355279
1.23,78,6,700.977237274546,5.77432800523561
1.23,78,9,701.814061423631,5.78971173799526
1.23,78,12,702.480009337041,5.80354684917592
1.23,78,15,702.899276734734,5.81559455852952
1.23,78,18,702.969241598988,5.82565666919505
1.23,78,21,702.569197977904,5.83358465942767
1.23,78,24,701.570494929348,5.83928477213949
1.23,78,27,699.846960658655,5.84271877865067
1.23,78,30,697.28451252554,5.84390062168734
1.23,78,33,693.789048566212,5.84288959672398
1.23,78,36,689.29203609372,5.83978104966987
1.23,78,39,683.753583984889,5.83469573024499
1.23,78,42,677.163130347961,5.82776895157375
1.23,78,45,669.538135707734,5.81914059196344
1.23,78,48,660.921311900858,5.80894676609388
1.23,78,51,651.376938586103,5.79731372397444
1.23,78,54,640.986748449508,5.78435424223126
1.23,78,57,629.845738814784,5.77016648870528
1.23,78,60,618.058132808949,5.75483509997904
1.23,78,63,605.733599890587,5.73843403668323
1.23,78,66,592.983771286977,5.72103068598958
1.23,78,69,579.919053484191,5.70269066414315
1.23,78,72,566.645743442028,5.68348282234131
1.23,78,75,553.263467419673,5.66348405754423
1.23,78,78,539.862985111307,5.64278365415313
1.23,78,81,526.524409444294,5.62148701219737
1.23,78,84,513.315882769363,5.59971873458733
1.23,78,87,500.29272143561,5.57762513439593
1.23,78,90,487.496997846859,5.5553762691911
1.23,78,93,474.95748165252,5.53316760187788
1.23,78,96,462.68982235302,5.51122132060704
1.23,78,99,450.696837539269,5.48978722900333
1.23,78,102,438.96878480396,5.46914296311556
1.23,78,105,427.483545029658,5.44959314201053
1.23,78,108,416.206724198514,5.43146696729393
1.23,78,111,405.091772730344,5.41511380616048
1.23,78,114,394.080299685246,5.4008964573024
1.23,78,117,383.102796496649,5.38918210587953
1.23,78,120,372.079962169946,5.38033137260468
1.23,78,123,360.924737473012,5.37468626427764
1.23,78,126,349.545029041656,5.3725581387094
1.23,78,129,337.846971501662,5.3742169298093
1.23,78,132,325.738477032452,5.37988281481575
1.23,78,135,313.132787084547,5.38972128103736
1.23,78,138,299.951778187582,5.40384224362639
1.23,78,141,286.128866338508,5.42230357366792
1.23,78,144,271.61146795247,5.44511920333833
1.23,78,147,256.363070809974,5.47227195438873
1.23,78,150,240.365016426212,5.50373146679925
1.23,78,153,223.618085971938,5.53947822093386
1.23,78,156,206.14392807671,5.57953593081457
1.23,78,159,187.986300237021,5.62401715565832
1.23,78,162,169.212059915756,5.67319223796394
1.23,78,165,149.911890559825,5.72760304387127
1.23,78,168,130.200965219068,5.7882694662632
1.23,78,171,110.220340471122,5.85710454306955
1.23,78,174,90.1415168654483,5.93785008455141
1.23,78,177,70.1820313771763,6.03850345266499
1.23,78,180,50.6626885992605,6.17890779605498
1.23,81,-180,50.6626885992605,-0.0519176335647729
1.23,81,-177,32.6030118741994,0.193619268548327
1.23,81,-174,18.3801121260293,0.786657176370863
1.23,81,-171,18.5197941128525,1.90907573726712
1.23,81,-168,31.8059206361321,2.4788598869137
1.23,81,-165,47.5685932654597,2.72428419192053
1.23,81,-162,63.2986700007734,2.87602763956845
1.23,81,-159,78.4283800127023,2.99286798416998
1.23,81,-156,92.7717779001808,3.09423070922256
1.23,81,-153,106.271460054942,3.18822848667986
1.23,81,-150,118.93779524324,3.27881750979521
1.23,81,-147,130.828234217802,3.36811538579721
1.23,81,-144,142.036794403676,3.4572903894858
1.23,81,-141,152.685972325482,3.546946929308
1.23,81,-138,162.91878811229,3.63731108831844
1.23,81,-135,172.890399666206,3.72833213837744
1.23,81,-132,182.759431000995,3.81974949401781
1.23,81,-129,192.679509353171,3.91114739018671
1.23,81,-126,202.791667447186,4.00200654803097
1.23,81,-123,213.218269394268,4.0917549420782
1.23,81,-120,224.058966328655,4.1798157846541
1.23,81,-117,235.388911010239,4.26564914721689
1.23,81,-114,247.259125762299,4.3487837981459
1.23,81,-111,259.698611672583,4.42883726832168
1.23,81,-108,272.717584065157,4.50552410043515
1.23,81,-105,286.311157300762,4.57865397619681
1.23,81,-102,300.462873033235,4.64812249152792
1.23,81,-99,315.147628288874,4.71389765006947
1.23,81,-96,330.333758547847,4.77600482370366
1.23,81,-93,345.984218465941,4.8345122581249
1.23,81,-90,362.056948749109,4.88951844262988
1.23,81,-87,378.504611304517,4.94114199414208
1.23,81,-84,395.273920507379,4.98951420811274
1.23,81,-81,412.304808435719,5.03477411075368
1.23,81,-78,429.52964932474,5.07706567285389
1.23,81,-75,446.872742539665,5.11653676613407
1.23,81,-72,464.25021783036,5.15333941536488
1.23,81,-69,481.570481092487,5.18763089546342
1.23,81,-66,498.735262023287,5.21957523153135
1.23,81,-63,515.641258517668,5.24934468289168
1.23,81,-60,532.182303336479,5.27712083655753
1.23,81,-57,548.251918573122,5.30309500635251
1.23,81,-54,563.746086755346,5.32746772950525
1.23,81,-51,578.566064662728,5.35044726318504
1.23,81,-48,592.621098930635,5.37224709318691
1.23,81,-45,605.830961200716,5.3930825582138
1.23,81,-42,618.128284222028,5.41316675214152
1.23,81,-39,629.460723253599,5.43270588792966
1.23,81,-36,639.792967706862,5.45189429581686
1.23,81,-33,649.108577448544,5.4709092001282
1.23,81,-30,657.411526084465,5.48990539372192
1.23,81,-27,664.727226804131,5.50900992586212
1.23,81,-24,671.102731887737,5.52831694941639
1.23,81,-21,676.605769866453,5.54788293613364
1.23,81,-18,681.322336130833,5.5677225516039
1.23,81,-15,685.352684283586,5.58780556301935
1.23,81,-12,688.805756839234,5.60805520886149
1.23,81,-9,691.792311360173,5.6283484684982
1.23,81,-6,694.417204750117,5.64851861565443
1.23,81,-3,696.771462702748,5.66836031430119
1.23,81,0,698.92486138558,5.6876373183202
1.23,81,3,700.919771194726,5.70609257762538
1.23,81,6,702.766950362727,5.72346025818831
1.23,81,9,704.443826423061,5.73947889363671
1.23,81,12,705.895570798476,5.7539046570332
1.23,81,15,707.038974346816,5.76652362903104
1.23,81,18,707.76880531153,5.77716198117975
1.23,81,21,707.966026600533,5.78569319574848
1.23,81,24,707.507022311646,5.79204177325338
1.23,81,27,706.272879366368,5.79618327507873
1.23,81,30,704.157810227419,5.79814094161692
1.23,81,33,701.075976785917,5.79797945739025
1.23,81,36,696.966244468965,5.79579666703512
1.23,81,39,691.794702301822,5.79171416654525
1.23,81,42,685.555069386913,5.78586770687935
1.23,81,45,678.26732358845,5.77839826588057
1.23,81,48,669.975008655242,5.76944448821912
1.23,81,51,660.741700602105,5.7591369838071
1.23,81,54,650.64706216868,5.74759473825035
1.23,81,57,639.782816412479,5.73492365248981
1.23,81,60,628.248859548975,5.7212170208387
1.23,81,63,616.14963532275,5.70655760055617
1.23,81,66,603.590823967661,5.69102083630129
1.23,81,69,590.676362145945,5.67467878211691
1.23,81,72,577.505800825186,5.65760430366948
1.23,81,75,564.172015105746,5.63987522779451
1.23,81,78,550.75929139744,5.62157821449817
1.23,81,81,537.341822729845,5.60281223794332
1.23,81,84,523.982635827984,5.58369165957812
1.23,81,87,510.7329519694,5.56434894379496
1.23,81,90,497.631950246196,5.54493709306979
1.23,81,93,484.706863452967,5.52563185787898
1.23,81,96,471.973303212966,5.50663370467836
1.23,81,99,459.435693201779,5.48816940937081
1.23,81,102,447.087697017012,5.47049300284615
1.23,81,105,434.912565016328,5.45388566234115
1.23,81,108,422.883388708342,5.43865406167282
1.23,81,111,410.963328632498,5.42512671055087
1.23,81,114,399.105950661254,5.41364796019378
1.23,81,117,387.255842564441,5.40456963141314
1.23,81,120,375.34967004695,5.39824059454919
1.23,81,123,363.317766426084,5.39499502471954
1.23,81,126,351.086248224578,5.3951403812379
1.23,81,129,338.579540839074,5.39894634048343
1.23,81,132,325.723119331511,5.40663591066568
1.23,81,135,312.446245572054,5.41837979046134
1.23,81,138,298.684521067665,5.434294761538
1.23,81,141,284.382158867784,5.45444661182776
1.23,81,144,269.493975603676,5.47885786065027
1.23,81,147,253.987179958261,5.50752048501828
1.23,81,150,237.843060791107,5.5404140287487
1.23,81,153,221.058650680231,5.5775300688334
1.23,81,156,203.648374921069,5.61890531723073
1.23,81,159,185.645625864245,5.66466828433209
1.23,81,162,167.104172057327,5.71510985169849
1.23,81,165,148.099373964279,5.77079976115961
1.23,81,168,128.729416968061,5.83279805638215
1.23,81,171,109.11739978912,5.90307945367923
1.23,81,174,89.4168445515047,5.9854864812214
1.23,81,177,69.8288630576037,6.08818620416662
1.23,81,180,50.6626885992605,6.23126767361481
1.23,84,-180,50.6626885992604,0.000442243995055833
1.23,84,-177,32.9837462171658,0.247952377494394
1.23,84,-174,19.0602892664284,0.827905547624106
1.23,84,-171,18.8303906938862,1.91187120543219
1.23,84,-168,31.7340201875451,2.49368832798344
1.23,84,-165,47.4642090990834,2.74731496183922
1.23,84,-162,63.3682182719983,2.90255914545197
1.23,84,-159,78.8360665254634,3.02061973708049
1.23,84,-156,93.6669527704174,3.12186408215821
1.23,84,-153,107.793265808992,3.2147822947782
1.23,84,-150,121.213608741607,3.30349021563598
1.23,84,-147,133.970012219187,3.39017461096046
1.23,84,-144,146.136736373346,3.47603729605306
1.23,84,-141,157.812246914691,3.56170887010347
1.23,84,-138,169.111885729144,3.64745097834064
1.23,84,-135,180.160589203907,3.73326792044054
1.23,84,-132,191.085693308766,3.81897842238632
1.23,84,-129,202.010155756964,3.90427015839196
1.23,84,-126,213.046635135974,3.98874671548656
1.23,84,-123,224.292854747616,4.07197018190296
1.23,84,-120,235.828566273431,4.1534991927618
1.23,84,-117,247.714239542104,4.23292084659241
1.23,84,-114,259.991379903744,4.30987480354927
1.23,84,-111,272.684165437158,4.38406860800282
1.23,84,-108,285.801950084922,4.45528436985349
1.23,84,-105,299.342124438656,4.52337797240408
1.23,84,-102,313.292865332715,4.58827267102513
1.23,84,-99,327.635417069091,4.64994920403603
1.23,84,-96,342.34569622927,4.70843440383106
1.23,84,-93,357.395163033094,4.76378990642734
1.23,84,-90,372.751028058854,4.816102062682
1.23,84,-87,388.375949639899,4.86547367607829
1.23,84,-84,404.227422356475,4.91201780254782
1.23,84,-81,420.257067027506,4.95585357202905
1.23,84,-78,436.410017202238,4.99710381994811
1.23,84,-75,452.624565427485,5.03589422276078
1.23,84,-72,468.832190757744,5.07235358574158
1.23,84,-69,484.958040526867,5.10661491128078
1.23,84,-66,500.921886714047,5.13881687135036
1.23,84,-63,516.639523974679,5.16910531795619
1.23,84,-60,532.024528957756,5.1976344950843
1.23,84,-57,546.990267580076,5.2245676690597
1.23,84,-54,561.452026857693,5.25007697024714
1.23,84,-51,575.329164836737,5.27434232937296
1.23,84,-48,588.547212369527,5.29754948261146
1.23,84,-45,601.039910974497,5.3198870958368
1.23,84,-42,612.751211891659,5.3415431090369
1.23,84,-39,623.637271778381,5.36270042423228
1.23,84,-36,633.668446264851,5.38353206189453
1.23,84,-33,642.831203722988,5.40419590747344
1.23,84,-30,651.129775029982,5.42482917958799
1.23,84,-27,658.587251929117,5.44554278870522
1.23,84,-24,665.24578349074,5.46641582310833
1.23,84,-21,671.165527692664,5.48749048747802
1.23,84,-18,676.422106980689,5.50876790648003
1.23,84,-15,681.102484234234,5.53020526348032
1.23,84,-12,685.299389911994,5.55171474726631
1.23,84,-9,689.104651678154,5.57316471151128
1.23,84,-6,692.601963981321,5.59438331069208
1.23,84,-3,695.859756483346,5.61516467425567
1.23,84,0,698.92486138558,5.63527744076037
1.23,84,3,701.817638642824,5.6544752245705
1.23,84,6,704.529101677272,5.67250836117499
1.23,84,9,707.020405894232,5.68913610486476
1.23,84,12,709.224832916585,5.70413836238726
1.23,84,15,711.05214545065,5.7173260578142
1.23,84,18,712.394929509989,5.72854934215106
1.23,84,21,713.13631786052,5.73770307253093
1.23,84,24,713.158337685909,5.74472925915626
1.23,84,27,712.35007501741,5.74961647234116
1.23,84,30,710.614909407483,5.75239647629306
1.23,84,33,707.876233366423,5.75313857936515
1.23,84,36,704.081300444365,5.75194234480431
1.23,84,39,699.20309916605,5.74892938637682
1.23,84,42,693.240381671837,5.74423498272815
1.23,84,45,686.216149877778,5.73800019002212
1.23,84,48,678.174999101034,5.73036502359188
1.23,84,51,669.17973898908,5.7214631279542
1.23,84,54,659.307669276394,5.7114181764527
1.23,84,57,648.646807278614,5.70034205698046
1.23,84,60,637.292270519919,5.6883347308057
1.23,84,63,625.342932369228,5.67548551791319
1.23,84,66,612.898404052332,5.6618754789166
1.23,84,69,600.056357438965,5.64758053585233
1.23,84,72,586.910187093052,5.63267499756725
1.23,84,75,573.547010278545,5.61723521738188
1.23,84,78,560.046011228718,5.60134319390827
1.23,84,81,546.477142781162,5.58509001194811
1.23,84,84,532.900198236929,5.56857909280449
1.23,84,87,519.364255735524,5.55192926915106
1.23,84,90,505.907476655518,5.53527770990998
1.23,84,93,492.557212143384,5.51878269077417
1.23,84,96,479.33034451765,5.50262613651994
1.23,84,99,466.233771603686,5.48701575940633
1.23,84,102,453.264940454719,5.47218650018727
1.23,84,105,440.412357716778,5.45840087135246
1.23,84,108,427.656046297009,5.44594774132339
1.23,84,111,414.967973334535,5.43513912027827
1.23,84,114,402.312527128644,5.42630464026106
1.23,84,117,389.647152307887,5.4197836690509
1.23,84,120,376.923248859675,5.41591533250522
1.23,84,123,364.087398371131,5.41502708689075
1.23,84,126,351.082911181558,5.41742280677036
1.23,84,129,337.851614556896,5.42337156549086
1.23,84,132,324.335751831114,5.43309834133597
1.23,84,135,310.479855784066,5.4467777805837
1.23,84,138,296.232499978682,5.46453192696484
1.23,84,141,281.547904017194,5.48643255262424
1.23,84,144,266.387443940377,5.51250848250062
1.23,84,147,250.721166621668,5.54275818817803
1.23,84,150,234.529407015721,5.57716805901843
1.23,84,153,217.804558734887,5.61573731858142
1.23,84,156,200.552971478361,5.65851186552723
1.23,84,159,182.796878492241,5.70563203185068
1.23,84,162,164.576236551608,5.75740481500047
1.23,84,165,145.950440375517,5.81442305284845
1.23,84,168,127.000135679167,5.87778147120836
1.23,84,171,107.830018265533,5.94950916051772
1.23,84,174,88.5753100358667,6.03353641865238
1.23,84,177,69.4204708656111,6.13816766132799
1.23,84,180,50.6626885992604,6.28362755117464
1.23,87,-180,50.6626885992604,0.0528021215548858
1.23,87,-177,33.4089232889674,0.301324290161512
1.23,87,-174,19.794725978922,0.865371866409409
1.23,87,-171,19.1295235358548,1.9089883396931
1.23,87,-168,31.5596806512107,2.50398953196544
1.23,87,-165,47.1963255106941,2.76687312244898
1.23,87,-162,63.2240903364759,2.92597663415142
1.23,87,-159,78.9811277842348,3.04530446534745
1.23,87,-156,94.2473972279373,3.14634121015911
1.23,87,-153,108.942454335834,3.2380390747387
1.23,87,-150,123.051402557823,3.32472434264385
1.23,87,-147,136.599837958167,3.40868969774579
1.23,87,-144,149.641989129304,3.49119988315384
1.23,87,-141,162.252817303286,3.57293521939619
1.23,87,-138,174.521345014368,3.65420987454574
1.23,87,-135,186.544441343106,3.73509204790775
1.23,87,-132,198.42097518869,3.81547920540704
1.23,87,-129,210.246503304584,3.89515199263114
1.23,87,-126,222.108742613476,3.97381737917273
1.23,87,-123,234.084069884615,4.05114529836246
1.23,87,-120,246.235224921922,4.1267999254638
1.23,87,-117,258.610281550619,4.2004653233156
1.23,87,-114,271.242813121991,4.27186480198803
1.23,87,-111,284.153042792114,4.34077358490055
1.23,87,-108,297.349663094164,4.40702493483526
1.23,87,-105,310.831957822125,4.47051050892456
1.23,87,-102,324.59187168291,4.53117619129459
1.23,87,-99,338.615742925506,4.58901489449897
1.23,87,-96,352.885521613758,4.64405781351225
1.23,87,-93,367.379415903243,4.6963654112997
1.23,87,-90,382.07201685696,4.74601909646425
1.23,87,-87,396.934032332565,4.79311420482339
1.23,87,-84,411.931804796937,4.83775458120579
1.23,87,-81,427.026797304774,4.88004881016759
1.23,87,-78,442.175212577944,4.92010797336559
1.23,87,-75,457.327870860455,4.95804470742964
1.23,87,-72,472.430421841819,4.99397328148326
1.23,87,-69,487.423912320549,5.02801039038086
1.23,87,-66,502.245681375492,5.06027635621295
1.23,87,-63,516.830515158999,5.09089644142802
1.23,87,-60,531.111970255528,5.12000200151185
1.23,87,-57,545.023772898322,5.14773124399907
1.23,87,-54,558.5012230799,5.17422941162638
1.23,87,-51,571.482574103723,5.19964826464914
1.23,87,-48,583.910408831646,5.22414479189269
1.23,87,-45,595.73307702706,5.24787912369616
1.23,87,-42,606.90627450663,5.27101164883406
1.23,87,-39,617.394818613861,5.29369935550903
1.23,87,-36,627.174600489646,5.31609143474975
1.23,87,-33,636.234582591344,5.33832421811607
1.23,87,-30,644.578585360895,5.36051558345702
1.23,87,-27,652.226505763595,5.38275905677966
1.23,87,-24,659.21456906291,5.40511795594865
1.23,87,-21,665.594258979647,5.42762004016157
1.23,87,-18,671.429705106886,5.45025321607609
1.23,87,-15,676.793511025936,5.47296287479364
1.23,87,-12,681.761243332674,5.49565137098771
1.23,87,-9,686.405023274453,5.51818000155865
1.23,87,-6,690.786825964188,5.54037361269509
1.23,87,-3,694.952169618573,5.56202769535628
1.23,87,0,698.92486138558,5.58291756320054
1.23,87,3,702.703366955201,5.6028089851199
1.23,87,6,706.259208425798,5.62146949705497
1.23,87,9,709.537591743858,5.63867955969082
1.23,87,12,712.460242986583,5.65424276035744
1.23,87,15,714.930212024321,5.66799436796207
1.23,87,18,716.838203726794,5.67980772024621
1.23,87,21,718.069843663869,5.68959812950858
1.23,87,24,718.513199222893,5.69732421079383
1.23,87,27,718.065873838381,5.70298674174339
1.23,87,30,716.641074711025,5.70662533743807
1.23,87,33,714.172210220742,5.7083133557773
1.23,87,36,710.615775011722,5.70815153583691
1.23,87,39,705.952492872689,5.70626091491433
1.23,87,42,700.186874735799,5.70277557320269
1.23,87,45,693.34548453542,5.69783572149364
1.23,87,48,685.474276179349,5.69158157970758
1.23,87,51,676.635372052383,5.6841483961614
1.23,87,54,666.903610585233,5.67566283631085
1.23,87,57,656.363117163249,5.6662408366836
1.23,87,60,645.104069393749,5.65598688996096
1.23,87,63,633.219751156235,5.6449946167661
1.23,87,66,620.803930559483,5.63334840207596
1.23,87,69,607.948559247208,5.62112583672051
1.23,87,72,594.74177353238,5.60840070691733
1.23,87,75,581.266177159647,5.5952463096334
1.23,87,78,567.597394790548,5.58173892597667
1.23,87,81,553.802897808605,5.56796134380851
1.23,87,84,539.941113628736,5.55400637006559
1.23,87,87,526.060831806775,5.53998030145974
1.23,87,90,512.200912659581,5.52600632182968
1.23,87,93,498.390287513409,5.5122277624369
1.23,87,96,484.648217832674,5.49881109976441
1.23,87,99,470.98475953229,5.48594848134751
1.23,87,102,457.401365875828,5.4738594779337
1.23,87,105,443.891563271712,5.46279168101811
1.23,87,108,430.441650873115,5.45301972534765
1.23,87,111,417.031403428104,5.44484234427309
1.23,87,114,403.634788157754,5.43857718326637
1.23,87,117,390.220728685319,5.43455330934862
1.23,87,120,376.75395234514,5.43310164484568
1.23,87,123,363.195938757773,5.4345438824494
1.23,87,126,349.505954401664,5.43918074824867
1.23,87,129,335.642125442342,5.44728071123601
1.23,87,132,321.562487080599,5.45907034706004
1.23,87,135,307.225963997965,5.47472753269921
1.23,87,138,292.593282219825,5.4943784916878
1.23,87,141,277.627872633631,5.51809947168906
1.23,87,144,262.296875916259,5.54592359006045
1.23,87,147,246.572373838844,5.57785322901715
1.23,87,150,230.432940382764,5.61387843911323
1.23,87,153,213.865533678898,5.65400232556031
1.23,87,156,196.867660680483,5.69827569539438
1.23,87,159,179.449677116335,5.74684600672202
1.23,87,162,161.63707681952,5.8000313470257
1.23,87,165,143.472723703858,5.85844229042763
1.23,87,168,125.019266702652,5.92320225560048
1.23,87,171,106.362675222927,5.99638691341551
1.23,87,174,87.6197015711486,6.0820007265758
1.23,87,177,68.9581009243064,6.18845170850835
1.23,87,180,50.6626885992604,6.33598742873447
1.23,90,-180,50.6626885992605,0.105161999114716
1.23,90,-177,33.8775607285678,0.353754265378134
1.23,90,-174,20.5852575327847,0.89952185520917
1.23,90,-171,19.4332387509702,1.90048233614828
1.23,90,-168,31.2922262089411,2.5092846799701
1.23,90,-165,46.765861439178,2.78262690564962
1.23,90,-162,62.8596533331151,2.94607756831514
1.23,90,-159,78.8490632188972,3.06681814328133
1.23,90,-156,94.4901328037432,3.16764386927136
1.23,90,-153,109.687089309579,3.25806213786514
1.23,90,-150,124.410138074823,3.34266244485887
1.23,90,-147,138.667857919198,3.42387814697121
1.23,90,-144,152.494616117953,3.50306170986933
1.23,90,-141,165.942772665919,3.58096062410656
1.23,90,-138,179.076623878112,3.6579521459946
1.23,90,-135,191.967159258261,3.73417183274831
1.23,90,-132,204.687408250932,3.80959213280516
1.23,90,-129,217.308391289978,3.88407615568794
1.23,90,-126,229.895760699814,3.9574182091143
1.23,90,-123,242.507223961334,4.02937635018379
1.23,90,-120,255.190817776696,4.099699089752
1.23,90,-117,267.984054135039,4.16814688819475
1.23,90,-114,280.913892469027,4.23450846759085
1.23,90,-111,293.997413881587,4.29861187927282
1.23,90,-108,307.243000702224,4.36033048128599
1.23,90,-105,320.651776586481,4.41958432390193
1.23,90,-102,334.219053771357,4.4763377733965
1.23,90,-99,347.935569324415,4.53059442749742
1.23,90,-96,361.788363700368,4.58239044416846
1.23,90,-93,375.761246044301,4.63178732193524
1.23,90,-90,389.834881372096,4.67886497359496
1.23,90,-87,403.986607113623,4.72371568095748
1.23,90,-84,418.190128723986,4.7664392595444
1.23,90,-81,432.415251958979,4.8071395384495
1.23,90,-78,446.627785799279,4.84592209289408
1.23,90,-75,460.789702924071,4.88289305945943
1.23,90,-72,474.859585144428,4.91815880881787
1.23,90,-69,488.793321467639,4.95182623473647
1.23,90,-66,502.544978170906,4.98400342752188
1.23,90,-63,516.067733306765,5.0148005236934
1.23,90,-60,529.314769112086,5.04433055326027
1.23,90,-57,542.240046675305,5.07271013528125
1.23,90,-54,554.798943355464,5.10005989606285
1.23,90,-51,566.948803036227,5.1265044979581
1.23,90,-48,578.649514115065,5.15217216811181
1.23,90,-45,589.864268655553,5.17719360808233
1.23,90,-42,600.560648949393,5.2017001557685
1.23,90,-39,610.712124098561,5.22582107514045
1.23,90,-36,620.299922799216,5.24967988421061
1.23,90,-33,629.315099863916,5.27338971158678
1.23,90,-30,637.760468123178,5.29704780107035
1.23,90,-27,645.651965708245,5.32072945148339
1.23,90,-24,653.019007894396,5.344481858585
1.23,90,-21,659.903452549706,5.3683184787701
1.23,90,-18,666.356984013362,5.39221461786895
1.23,90,-15,672.43696155372,5.41610492837334
1.23,90,-12,678.201036561221,5.43988335975216
1.23,90,-9,683.701063194789,5.46340586097396
1.23,90,-6,688.976965953865,5.48649582071019
1.23,90,-3,694.051261371275,5.50895190610606
1.23,90,0,698.92486138558,5.53055768564071
1.23,90,3,703.574634837196,5.55109224194128
1.23,90,6,707.953002897255,5.57034091781757
1.23,90,9,711.989625684264,5.58810538743034
1.23,90,12,715.595025883746,5.60421237833739
1.23,90,15,718.66580877411,5.61852055422002
1.23,90,18,721.090990547751,5.63092526883578
1.23,90,21,722.758850949013,5.64136109306447
1.23,90,24,723.563693537116,5.64980218184152
1.23,90,27,723.411934141431,5.65626067768142
1.23,90,30,722.227042853788,5.66078344057025
1.23,90,33,719.953022790527,5.66344745353759
1.23,90,36,716.556294762699,5.66435428550755
1.23,90,39,712.026040348044,5.66362400486314
1.23,90,42,706.37320791843,5.6613889333736
1.23,90,45,699.628486731889,5.65778761223723
1.23,90,48,691.839595458472,5.65295931851258
1.23,90,51,683.068218188546,5.64703941870543
1.23,90,54,673.386867090424,5.64015577608299
1.23,90,57,662.875874816031,5.63242634273553
1.23,90,60,651.620639351739,5.6239579744701
1.23,90,63,639.709173166866,5.6148464175965
1.23,90,66,627.229955669478,5.60517734339658
1.23,90,69,614.270056325409,5.59502825772309
1.23,90,72,600.91348439641,5.58447109374147
1.23,90,75,587.239726401855,5.57357530311292
1.23,90,78,573.322448777276,5.56241128725346
1.23,90,81,559.228364707137,5.55105404458011
1.23,90,84,545.016284639637,5.53958693993292
1.23,90,87,530.736384180259,5.52810551830547
1.23,90,90,516.429727116398,5.51672127966774
1.23,90,93,502.128073800296,5.50556530242032
1.23,90,96,487.853987349953,5.49479155204487
1.23,90,99,473.621226080735,5.4845796458823
1.23,90,102,459.435385919842,5.47513677664178
1.23,90,105,445.294737056675,5.46669844268592
1.23,90,108,431.191188766774,5.45952761198188
1.23,90,111,417.111316033904,5.45391197878512
1.23,90,114,403.037388592044,5.45015907332615
1.23,90,117,388.948352384997,5.44858916099334
1.23,90,120,374.820720635628,5.44952611034226
1.23,90,123,360.62933543795,5.45328669405846
1.23,90,126,346.34796463405,5.46016907533891
1.23,90,129,331.94971022455,5.47044147867309
1.23,90,132,317.407231302795,5.48433220587732
1.23,90,135,302.692828978395,5.50202220502178
1.23,90,138,287.778496238967,5.52364132211728
1.23,90,141,272.636086019428,5.54926918196553
1.23,90,144,257.237775068824,5.57894140993873
1.23,90,147,241.556982563855,5.61266171943147
1.23,90,150,225.569836566739,5.65042040570971
1.23,90,153,209.257181781711,5.69222024231152
1.23,90,156,192.607018144055,5.7381120515485
1.23,90,159,175.61718992463,5.7882450125381
1.23,90,162,158.298148709538,5.84294255368883
1.23,90,165,140.675733322221,5.9028269633559
1.23,90,168,122.794222032912,5.96904380573165
1.23,90,171,104.720641686971,6.04370704778576
1.23,90,174,86.5532420762716,6.1308810694397
1.23,90,177,68.4431764780529,6.23904239948307
1.23,90,180,50.6626885992605,6.3883473062943
1.23,93,-180,50.6626885992605,0.157521876674547
1.23,93,-177,34.3886239923464,0.405268847077387
1.23,93,-174,21.4340161737562,0.930813508216157
1.23,93,-171,19.7595998690049,1.88652784658098
1.23,93,-168,30.9443217673296,2.50904445768579
1.23,93,-165,46.1766660821493,2.79418881900117
1.23,93,-162,62.2713412360868,2.96261931292393
1.23,93,-159,78.4290455529094,3.08502571109494
1.23,93,-156,94.3768259684689,3.18572532939343
1.23,93,-153,110.001137404561,3.27488344700082
1.23,93,-150,125.256133545795,3.35740848368437
1.23,93,-147,140.133112121623,3.43590838907313
1.23,93,-144,154.647066906205,3.51184521454395
1.23,93,-141,168.828917640845,3.58604719653946
1.23,93,-138,182.719978893784,3.65896141572865
1.23,93,-135,196.36756246667,3.73079134749315
1.23,93,-132,209.821353033487,3.80157941567143
1.23,93,-129,223.130432957915,3.87126150922766
1.23,93,-126,236.340902052125,3.93970616648888
1.23,93,-123,249.49406122731,4.00674455337482
1.23,93,-120,262.625142302803,4.07219415387639
1.23,93,-117,275.76257181482,4.13587747699407
1.23,93,-114,288.927746235942,4.19763629669743
1.23,93,-111,302.135265484397,4.25734163111775
1.23,93,-108,315.393527372152,4.31489965156998
1.23,93,-105,328.705543095326,4.37025386554118
1.23,93,-102,342.069810600512,4.42338413387774
1.23,93,-99,355.481090735284,4.47430327175062
1.23,93,-96,368.930972190899,4.52305208449997
1.23,93,-93,382.408176344896,4.56969367817759
1.23,93,-90,395.898626040391,4.61430776984168
1.23,93,-87,409.385365153646,4.65698553761037
1.23,93,-84,422.84845382513,4.69782533807208
1.23,93,-81,436.264969388843,4.73692941877554
1.23,93,-78,449.609215098085,4.77440159475348
1.23,93,-75,462.85318476216,4.81034575452856
1.23,93,-72,475.967263934323,4.84486501362486
1.23,93,-69,488.92108294097,4.87806133319726
1.23,93,-66,501.684389706321,4.91003545309354
1.23,93,-63,514.227794242369,4.94088703518483
1.23,93,-60,526.523259519566,4.97071495691733
1.23,93,-57,538.544274797608,4.99961772149883
1.23,93,-54,550.265737332401,5.02769394868118
1.23,93,-51,561.663667268478,5.05504287407367
1.23,93,-48,572.714962474984,5.08176472003347
1.23,93,-45,583.397437990496,5.10796072316857
1.23,93,-42,593.690367835549,5.13373253799859
1.23,93,-39,603.575648314115,5.15918071387926
1.23,93,-36,613.039543615141,5.18440198988647
1.23,93,-33,622.074787928185,5.20948528378685
1.23,93,-30,630.682648498494,5.23450645961526
1.23,93,-27,638.874448994309,5.25952221373055
1.23,93,-24,646.672049560596,5.28456367241438
1.23,93,-21,654.106893678446,5.30963048684457
1.23,93,-18,661.217447964648,5.33468628999361
1.23,93,-15,668.045137377916,5.35965631036172
1.23,93,-12,674.62915570428,5.38442771629397
1.23,93,-9,681.000749185044,5.40885292500891
1.23,93,-6,687.177684785835,5.43275571661608
1.23,93,-3,693.159606142836,5.45593962506607
1.23,93,0,698.92486138558,5.47819780808088
1.23,93,3,704.429191476732,5.49932347180407
1.23,93,6,709.60643756308,5.51911994955692
1.23,93,9,714.371198681238,5.53740967849143
1.23,93,12,718.623172775884,5.55404153309893
1.23,93,15,722.252758417951,5.56889620818703
1.23,93,18,725.147389024374,5.58188955565361
1.23,93,21,727.19802099795,5.59297394635139
1.23,93,24,728.305206724665,5.6021378437511
1.23,93,27,728.384254357781,5.60940384410181
1.23,93,30,727.369102897569,5.61482546831125
1.23,93,33,725.214707192864,5.61848299600766
1.23,93,36,721.897908110475,5.62047862418192
1.23,93,39,717.416929334021,5.62093122124311
1.23,93,42,711.789768384437,5.61997093809015
1.23,93,45,705.051819348188,5.61773393169538
1.23,93,48,697.253075082471,5.61435744974746
1.23,93,51,688.455216090602,5.60997551029621
1.23,93,54,678.728818838619,5.60471538144924
1.23,93,57,668.150827934989,5.59869501960219
1.23,93,60,656.80235220463,5.59202156220965
1.23,93,63,644.766776935214,5.58479089967229
1.23,93,66,632.128139943348,5.57708828078825
1.23,93,69,618.969698652886,5.56898984792077
1.23,93,72,605.372616340038,5.56056495924882
1.23,93,75,591.414713157762,5.55187913886416
1.23,93,78,577.169255608775,5.54299749815417
1.23,93,81,562.703790619965,5.53398848641717
1.23,93,84,548.079061267294,5.52492784519701
1.23,93,87,533.348065090619,5.51590264983354
1.23,93,90,518.555328555042,5.50701531618759
1.23,93,93,503.736470051352,5.49838742746306
1.23,93,96,488.918108594746,5.49016319724434
1.23,93,99,474.118148118525,5.48251233649424
1.23,93,102,459.346431974394,5.47563204421311
1.23,93,105,444.605724122831,5.46974780620866
1.23,93,108,429.892937849121,5.46511267761761
1.23,93,111,415.200504193812,5.46200475563504
1.23,93,114,400.517753821763,5.46072263007221
1.23,93,117,385.832179682955,5.46157873690609
1.23,93,120,371.130454776771,5.46489073292706
1.23,93,123,356.399100878455,5.47097124799431
1.23,93,126,341.624741670462,5.48011663520227
1.23,93,129,326.793928073375,5.4925955984203
1.23,93,132,311.892592684776,5.50863879339832
1.23,93,135,296.905266991653,5.52843063265632
1.23,93,138,281.814265923729,5.55210454257888
1.23,93,141,266.599090913529,5.57974281229412
1.23,93,144,251.236306429479,5.61138196749311
1.23,93,147,235.700094854257,5.64702438813177
1.23,93,150,219.963594070531,5.68665683486384
1.23,93,153,204.000992462485,5.73027692229372
1.23,93,156,187.790233076074,5.77792979606319
1.23,93,159,171.316104057122,5.82976006244699
1.23,93,162,154.573505121169,5.88608986957512
1.23,93,165,137.570818388821,5.94754643763024
1.23,93,168,120.333648538632,6.01529033128131
1.23,93,171,102.909956031642,6.09146504616662
1.23,93,174,85.3795743263512,6.18018001797916
1.23,93,177,67.8772922392235,6.28994397876213
1.23,93,180,50.6626885992605,6.44070718385413
1.23,96,-180,50.6626885992604,0.209881754234376
1.23,96,-177,34.9410236009422,0.455900944064126
1.23,96,-174,22.3432500355247,0.959689653001113
1.23,96,-171,20.1283641879062,1.8674581187933
1.23,96,-168,30.5326080444561,2.50269701037811
1.23,96,-165,45.4361368765459,2.80110417171558
1.23,96,-162,61.4592085928892,2.97530775773283
1.23,96,-159,77.7144485951588,3.09975139647441
1.23,96,-156,93.8942989462624,3.20050229121807
1.23,96,-153,109.864951271552,3.28849736161736
1.23,96,-150,125.563503726888,3.36902396386658
1.23,96,-147,140.96392514857,3.44489910875984
1.23,96,-144,156.062536993509,3.5177149607557
1.23,96,-141,170.870146883299,3.58839201911433
1.23,96,-138,185.406924541437,3.65745196570071
1.23,96,-135,199.698708014326,3.72516550758458
1.23,96,-132,213.774240664337,3.79163991261046
1.23,96,-129,227.66308946554,3.85687534166446
1.23,96,-126,241.394072387575,3.92080387222592
1.23,96,-123,254.994063694864,3.9833181500745
1.23,96,-120,268.48709106942,4.04429322590962
1.23,96,-117,281.893685899476,4.10360339971517
1.23,96,-114,295.230481824688,4.16113497947615
1.23,96,-111,308.510063794769,4.21679540138071
1.23,96,-108,321.74104980217,4.27051898751739
1.23,96,-105,334.928352131809,4.32226963294001
1.23,96,-102,348.07353313795,4.37204083174317
1.23,96,-99,361.175159041176,4.41985359264971
1.23,96,-96,374.229072186842,4.46575289446819
1.23,96,-93,387.228544546184,4.50980335220138
1.23,96,-90,400.164330575948,4.55208469717455
1.23,96,-87,413.02468893999,4.59268753671553
1.23,96,-84,425.7954740508,4.63170968379995
1.23,96,-81,438.460399363503,4.6692531719578
1.23,96,-78,451.001542301347,4.70542192745462
1.23,96,-75,463.400101554028,4.74031997983206
1.23,96,-72,475.637344436363,4.77405006045889
1.23,96,-69,487.69561282798,4.80671246134183
1.23,96,-66,499.559209876818,4.83840408743044
1.23,96,-63,511.214982191153,4.86921771233547
1.23,96,-60,522.652452723699,4.89924151361293
1.23,96,-57,533.863446533381,4.92855899418371
1.23,96,-54,544.841271240432,4.95724937178894
1.23,96,-51,555.579640707684,4.98538843149673
1.23,96,-48,566.071631184325,5.01304969754702
1.23,96,-45,576.309000763667,5.04030562017748
1.23,96,-42,586.282162104293,5.0672283361911
1.23,96,-39,595.980970174597,5.09388949971522
1.23,96,-36,605.396290335589,5.12035873248745
1.23,96,-33,614.522088839653,5.14670042640909
1.23,96,-30,623.357593061485,5.17296892590913
1.23,96,-27,631.908957437623,5.19920247097923
1.23,96,-24,640.189882052101,5.22541661774428
1.23,96,-21,648.220774294758,5.25159809121626
1.23,96,-18,656.026296356987,5.27770009876182
1.23,96,-15,663.631449277183,5.30364001037807
1.23,96,-12,671.05663845305,5.32930000542457
1.23,96,-9,678.312379560429,5.35453085298912
1.23,96,-6,685.394392778949,5.37915852612265
1.23,96,-3,692.279785510799,5.4029929498482
1.23,96,0,698.92486138558,5.42583793052105
1.23,96,3,705.264861011926,5.44750124796204
1.23,96,6,711.215688243022,5.46780399885497
1.23,96,9,716.677445840774,5.48658850681452
1.23,96,12,721.539420672474,5.50372439069791
1.23,96,15,725.686030099513,5.51911264462525
1.23,96,18,729.003169147449,5.53268778978695
1.23,96,21,731.384382323862,5.54441829411708
1.23,96,24,732.736325597032,5.55430552564418
1.23,96,27,732.983082352289,5.56238152369247
1.23,96,30,732.06904461416,5.56870585711219
1.23,96,33,729.960249890911,5.573361807351
1.23,96,36,726.644248105059,5.57645208066224
1.23,96,39,722.128732230169,5.57809422859432
1.23,96,42,716.439274830607,5.5784159448863
1.23,96,45,709.616556259194,5.57755041011792
1.23,96,48,701.713448866818,5.57563186741783
1.23,96,51,692.792248599545,5.57279162370235
1.23,96,54,682.922242689525,5.56915467080965
1.23,96,57,672.17769373908,5.5648371016117
1.23,96,60,660.636226557559,5.5599444552081
1.23,96,63,648.377537516554,5.55457106646662
1.23,96,66,635.482311664494,5.54880042748422
1.23,96,69,622.031228358225,5.54270650333689
1.23,96,72,608.103955471647,5.53635589196657
1.23,96,75,593.778067366243,5.52981068438956
1.23,96,78,579.127864874731,5.52313186729351
1.23,96,81,564.223119646381,5.51638311101671
1.23,96,84,549.127804608745,5.509634793946
1.23,96,87,533.898902415101,5.50296812073581
1.23,96,90,518.585401039872,5.49647918934799
1.23,96,93,503.227587778357,5.4902828472191
1.23,96,96,487.856738764469,5.48451615071865
1.23,96,99,472.495271240985,5.47934120930567
1.23,96,102,457.15738238084,5.47494716403693
1.23,96,105,441.85014537429,5.47155102812232
1.23,96,108,426.574976337722,5.46939711366713
1.23,96,111,411.329331372692,5.46875479129204
1.23,96,114,396.108449774122,5.46991438485389
1.23,96,117,380.90693507998,5.47318109848439
1.23,96,120,365.719967516725,5.47886701364879
1.23,96,123,350.543974200138,5.48728138386003
1.23,96,126,335.376648147805,5.4987196921435
1.23,96,129,320.216299591577,5.51345220799635
1.23,96,132,305.06063316085,5.5317130566178
1.23,96,135,289.905156205093,5.55369104663178
1.23,96,138,274.741516134836,5.57952363740577
1.23,96,141,259.556116006453,5.60929541833947
1.23,96,144,244.329349402158,5.64304231629677
1.23,96,147,229.035720529194,5.68076251473718
1.23,96,150,213.644982919834,5.72243493319049
1.23,96,153,198.124268714204,5.76804637743379
1.23,96,156,182.441033192205,5.81762959311641
1.23,96,159,166.56655282823,5.87131720556748
1.23,96,162,150.479730206978,5.92942240460783
1.23,96,165,134.171111958261,5.99256968219698
1.23,96,168,117.647383992328,6.06192682033259
1.23,96,171,100.937393202511,6.13965761378959
1.23,96,174,84.1027434249806,6.22990112947354
1.23,96,177,67.2622079660079,6.34116090169548
1.23,96,180,50.6626885992604,6.49306706141396
1.23,99,-180,50.6626885992604,0.262241631794207
1.23,99,-177,35.5336112651442,0.505688868938092
1.23,99,-174,23.315157678788,0.986571747504882
1.23,99,-171,20.5604329356133,1.84379554843288
1.23,99,-168,30.0783675477728,2.48964784642888
1.23,99,-165,44.5559358528819,2.80283988099815
1.23,99,-162,60.4275429316239,2.98378452402277
1.23,99,-159,76.7033922823181,3.11076787951214
1.23,99,-156,93.0350245307976,3.21184615865455
1.23,99,-153,109.265714110013,3.29885409325539
1.23,99,-150,125.314551640556,3.37752388572684
1.23,99,-147,141.138252309093,3.45091811244134
1.23,99,-144,156.7152931869,3.52077972486845
1.23,99,-141,172.037793237324,3.58813242464408
1.23,99,-138,187.106659523284,3.65357668858231
1.23,99,-135,201.928447418588,3.71744962897234
1.23,99,-132,216.513291066769,3.77991877437767
1.23,99,-129,230.873540250618,3.84104135343482
1.23,99,-126,245.022833371416,3.90080426573019
1.23,99,-123,258.975396969664,3.95915246059467
1.23,99,-120,272.745434073843,4.01600983473071
1.23,99,-117,286.34654287664,4.07129489959675
1.23,99,-114,299.791173273941,4.12493245638221
1.23,99,-111,313.090163738213,4.17686196002355
1.23,99,-108,326.252399943521,4.22704298040897
1.23,99,-105,339.284609162441,4.27545808510723
1.23,99,-102,352.191269394979,4.32211350113113
1.23,99,-99,364.974588527651,4.36703799520204
1.23,99,-96,377.63450841935,4.41028048295241
1.23,99,-93,390.168712620201,4.45190689613293
1.23,99,-90,402.572655276596,4.49199678665473
1.23,99,-87,414.839667466033,4.53064003485616
1.23,99,-84,426.961219954819,4.56793388188594
1.23,99,-81,438.927416727691,4.60398035559133
1.23,99,-78,450.727757743316,4.63888403742079
1.23,99,-75,462.352147156838,4.6727500477891
1.23,99,-72,473.792047672534,4.70568211981897
1.23,99,-69,485.041611309567,4.73778068325927
1.23,99,-66,496.098572190651,4.76914097546954
1.23,99,-63,506.964685927071,4.79985130758468
1.23,99,-60,517.6455532711,4.82999170721897
1.23,99,-57,528.149771648748,4.85963319899353
1.23,99,-54,538.487501250908,4.88883794239074
1.23,99,-51,548.668682896447,4.91766031134363
1.23,99,-48,558.701264078708,4.94614878560637
1.23,99,-45,568.589838616365,4.97434827369063
1.23,99,-42,578.335057009847,5.002302267966
1.23,99,-39,587.934014451555,5.03005411855351
1.23,99,-36,597.381595441385,5.05764676176466
1.23,99,-33,606.67249814642,5.08512047039854
1.23,99,-30,615.803442778241,5.11250857611215
1.23,99,-27,624.774948459539,5.13983157065694
1.23,99,-24,633.592083506313,5.16709041751488
1.23,99,-21,642.263761580204,5.19426019237823
1.23,99,-18,650.800438979464,5.22128524151538
1.23,99,-15,659.210402881588,5.24807687206276
1.23,99,-12,667.495147945926,5.27451419791288
1.23,99,-9,675.644547537611,5.30044824430442
1.23,99,-6,683.632591535002,5.32570888286804
1.23,99,-3,691.414379859432,5.35011374720489
1.23,99,0,698.92486138558,5.37347805296122
1.23,99,3,706.079546487949,5.39562424274513
1.23,99,6,712.777155443673,5.41639056039816
1.23,99,9,718.903937046301,5.43563795423069
1.23,99,12,724.339223416126,5.45325502732234
1.23,99,15,728.961681837429,5.46916102521408
1.23,99,18,732.655678375736,5.48330704029322
1.23,99,21,735.317177603481,5.49567571272459
1.23,99,24,736.858667808643,5.50627973573749
1.23,99,27,737.212720878634,5.51515945255806
1.23,99,30,736.3339629883,5.52237978671126
1.23,99,33,734.199427357098,5.52802669562467
1.23,99,36,730.80745446925,5.53220329311091
1.23,99,39,726.175465146047,5.53502575828249
1.23,99,42,720.337029804683,5.53661914080415
1.23,99,45,713.338678516745,5.53711318377406
1.23,99,48,705.236843699958,5.53663830920048
1.23,99,51,696.095218791406,5.53532193620189
1.23,99,54,685.982680189288,5.53328531670193
1.23,99,57,674.971785976215,5.53064106789488
1.23,99,60,663.137757714662,5.5274915508961
1.23,99,63,650.557785075742,5.52392819323754
1.23,99,66,637.310470306659,5.52003178750015
1.23,99,69,623.475244685636,5.51587373080395
1.23,99,72,609.131631080036,5.51151811118403
1.23,99,75,594.358283090318,5.50702450477864
1.23,99,78,579.231791084152,5.5024513248498
1.23,99,81,563.825300594156,5.49785955739209
1.23,99,84,548.207033873688,5.49331672216583
1.23,99,87,532.438837896591,5.48890090469812
1.23,99,90,516.574900063893,5.48470470741916
1.23,99,93,500.66077521766,5.48083896280279
1.23,99,96,484.732853344669,5.47743603796565
1.23,99,99,468.818365986033,5.47465254167776
1.23,99,102,452.935981126308,5.47267122601781
1.23,99,105,437.096973230806,5.47170186098871
1.23,99,108,421.306881847751,5.47198085532158
1.23,99,111,405.567496864794,5.47376940364693
1.23,99,114,389.878942415569,5.47734996330741
1.23,99,117,374.241587847148,5.48302091095055
1.23,99,120,358.657505864786,5.49108931269743
1.23,99,123,343.131234037733,5.50186187957322
1.23,99,126,327.669678519329,5.51563438827295
1.23,99,129,312.281121455369,5.53268013111688
1.23,99,132,296.973440272971,5.55323829975009
1.23,99,135,281.751794416755,5.57750355497748
1.23,99,138,266.616155439855,5.60561831288504
1.23,99,141,251.559122535964,5.63766940251475
1.23,99,144,236.564457180166,5.67369067568449
1.23,99,147,221.60668071037,5.7136729140182
1.23,99,150,206.651920181427,5.75758215171751
1.23,99,153,191.659994813431,5.80538764434567
1.23,99,156,176.587558052161,5.85710168298967
1.23,99,159,161.392002724839,5.91283610063048
1.23,99,162,146.035844192449,5.97288616124941
1.23,99,165,130.491455290841,6.03786494963453
1.23,99,168,114.74640107768,6.10893900468463
1.23,99,171,98.8104276421208,6.18828276980357
1.23,99,174,82.7271766550737,6.28004903776481
1.23,99,177,66.599841310603,6.3926978531679
1.23,99,180,50.6626885992604,6.54542693897379
1.23,102,-180,50.6626885992603,0.314601509354036
1.23,102,-177,36.1651751853626,0.554675368822878
1.23,102,-174,24.3517424931511,1.01185479107301
1.23,102,-171,21.0770710511822,1.81626512730741
1.23,102,-168,29.6081611121922,2.46931791749419
1.23,102,-165,43.5528271360383,2.7987753183053
1.23,102,-162,59.1855653339662,2.98761277173256
1.23,102,-159,75.3993311751376,3.11778393973189
1.23,102,-156,91.7976275245757,3.21957318289426
1.23,102,-153,108.197863663785,3.30585235733595
1.23,102,-150,124.500121707767,3.38287198919939
1.23,102,-147,140.643975662386,3.45398028756909
1.23,102,-144,156.590938573207,3.52109318106913
1.23,102,-141,172.315899216553,3.58534916477158
1.23,102,-138,187.802387090127,3.6474321623326
1.23,102,-135,203.039831626978,3.70774549736114
1.23,102,-132,218.022018642277,3.76651335166401
1.23,102,-129,232.746274549648,3.82384416307426
1.23,102,-126,247.21302820741,3.87977257884341
1.23,102,-123,261.425483049035,3.93428848532804
1.23,102,-120,275.389226505915,3.98735773679891
1.23,102,-117,289.111705451525,4.03893720723481
1.23,102,-114,302.601583388095,4.08898569699139
1.23,102,-111,315.868047844806,4.13747160826419
1.23,102,-108,328.920148640896,4.18437796655951
1.23,102,-105,341.766227750912,4.22970521193586
1.23,102,-102,354.413467488026,4.27347214587326
1.23,102,-99,366.867554815341,4.31571543791109
1.23,102,-96,379.132448832594,4.35648811904818
1.23,102,-93,391.210248810614,4.39585747925261
1.23,102,-90,403.101184725853,4.43390272733577
1.23,102,-87,414.803778005126,4.47071266661324
1.23,102,-84,426.315232788182,4.50638350905315
1.23,102,-81,437.632106584572,4.54101682246903
1.23,102,-78,448.751269682512,4.5747175087268
1.23,102,-75,459.671099286079,4.60759166849651
1.23,102,-72,470.392779239219,4.63974423118054
1.23,102,-69,480.921507363054,4.67127631482415
1.23,102,-66,491.267370450452,4.70228241301925
1.23,102,-63,501.445650503024,4.73284765351788
1.23,102,-60,511.47638654868,4.76304549582358
1.23,102,-57,521.383134064176,4.79293628815241
1.23,102,-54,531.191022879316,4.82256705032221
1.23,102,-51,540.924382933068,4.85197267094057
1.23,102,-48,550.60434273394,4.88117842034726
1.23,102,-45,560.246864048364,4.9102033400906
1.23,102,-42,569.861626834851,4.93906376302942
1.23,102,-39,579.452014851026,4.96777604420254
1.23,102,-36,589.01620138806,4.99635761906613
1.23,102,-33,598.549052710525,5.02482577852635
1.23,102,-30,608.044326832868,5.05319401776147
1.23,102,-27,617.496516066983,5.08146637550539
1.23,102,-24,626.901707309796,5.1096306957699
1.23,102,-21,636.257018912401,5.13765208249195
1.23,102,-18,645.558478878326,5.16546788751909
1.23,102,-15,654.797563829755,5.19298534812795
1.23,102,-12,663.956934978026,5.22008252121244
1.23,102,-9,673.006109913913,5.2466125603929
1.23,102,-6,681.897853667306,5.2724107960715
1.23,102,-3,690.565959634697,5.29730364430675
1.23,102,0,698.92486138558,5.32111817540139
1.23,102,3,706.871233318622,5.34369123034801
1.23,102,6,714.287463999297,5.36487722565139
1.23,102,9,721.046663730969,5.38455413604942
1.23,102,12,727.018714926116,5.40262748937714
1.23,102,15,732.076788393851,5.41903247636537
1.23,102,18,736.103722184695,5.43373444052589
1.23,102,21,738.997686856276,5.446728075831
1.23,102,24,740.676642356299,5.45803564986313
1.23,102,27,741.081228088424,5.4677045197117
1.23,102,30,740.175912329012,5.47580414428146
1.23,102,33,737.948439887728,5.48242273851408
1.23,102,36,734.407825182246,5.48766367325358
1.23,102,39,729.581304110588,5.49164170419636
1.23,102,42,723.510750484948,5.49447911493683
1.23,102,45,716.249065249194,5.49630187849839
1.23,102,48,707.856963749076,5.49723597078412
1.23,102,51,698.400441426367,5.49740399717407
1.23,102,54,687.949026635851,5.4969223088738
1.23,102,57,676.574767718545,5.49589878023221
1.23,102,60,664.351779338764,5.4944313890138
1.23,102,63,651.356106393114,5.49260769157287
1.23,102,66,637.665653978184,5.49050522213538
1.23,102,69,623.359968742607,5.48819278058378
1.23,102,72,608.51972375241,5.48573251639049
1.23,102,75,593.225838052741,5.48318267474678
1.23,102,78,577.558238793169,5.4806008471749
1.23,102,81,561.594338568498,5.47804756131327
1.23,102,84,545.407349054092,5.47559004826963
1.23,102,87,529.064583311157,5.47330603476556
1.23,102,90,512.625914292611,5.47128741566334
1.23,102,93,496.142557108769,5.46964366679851
1.23,102,96,479.656327488703,5.46850485728275
1.23,102,99,463.199497388165,5.46802411551064
1.23,102,102,446.795319272107,5.46837939557115
1.23,102,105,430.459222900194,5.46977438139591
1.23,102,108,414.200605329478,5.4724383541378
1.23,102,111,398.02504402056,5.47662483306861
1.23,102,114,381.936677425891,5.48260878374584
1.23,102,117,365.940434297177,5.49068217869893
1.23,102,120,350.043769937978,5.50114771569877
1.23,102,123,334.2575985744,5.51431057776677
1.23,102,126,318.596201113774,5.53046829250828
1.23,102,129,303.076030208275,5.54989904143783
1.23,102,132,287.713510886303,5.57284917981457
1.23,102,135,272.522116421612,5.59952120676124
1.23,102,138,257.509151881753,5.63006387873186
1.23,102,141,242.672769236826,5.66456646345229
1.23,102,144,227.999743159583,5.70305918391058
1.23,102,147,213.464446003687,5.74552169117321
1.23,102,150,199.029285958223,5.79190107904701
1.23,102,153,184.646650707356,5.84214086636097
1.23,102,156,170.262186600922,5.89622310812501
1.23,102,159,155.819103372571,5.95422825125526
1.23,102,162,141.26318039808,6.016423077587
1.23,102,165,126.548303096823,6.08339939390891
1.23,102,168,111.642739738629,6.15631332301237
1.23,102,171,96.5371901353281,6.23733995635716
1.23,102,174,81.2576608405208,6.33062955432048
1.23,102,177,65.8922599836735,6.44455976463208
1.23,102,180,50.6626885992603,6.59778681653362
1.23,105,-180,50.6626885992603,0.366961386913866
1.23,105,-177,36.8344348308446,0.602906676049884
1.23,105,-174,25.454689762906,1.03590334191663
1.23,105,-171,21.6989400141148,1.7857827461903
1.23,105,-168,29.1543209063909,2.44120698111013
1.23,105,-165,42.4496524966745,2.78819849730656
1.23,105,-162,57.7482557677263,2.98626202979349
1.23,105,-159,73.8117205236099,3.12043029404725
1.23,105,-156,90.1874219263898,3.22343301082337
1.23,105,-153,106.663518548423,3.30933071443594
1.23,105,-150,123.119928210472,3.3849748079098
1.23,105,-147,139.479151018799,3.45404427107803
1.23,105,-144,155.686601716235,3.51865299168827
1.23,105,-141,171.701378358305,3.5800675520425
1.23,105,-138,187.491479800173,3.63906125688047
1.23,105,-135,203.031304054792,3.69610465432997
1.23,105,-132,218.300463775817,3.75147625126939
1.23,105,-129,233.28335012154,3.80533121166918
1.23,105,-126,247.969031615369,3.85774627877237
1.23,105,-123,262.351182225723,3.90875029813275
1.23,105,-120,276.42784599175,3.95834546745004
1.23,105,-117,290.200961238966,4.00652227911069
1.23,105,-114,303.675664805163,4.0532699562488
1.23,105,-111,316.859457681279,4.09858352570865
1.23,105,-108,329.761332837495,4.14246829914239
1.23,105,-105,342.390952270391,4.18494233478185
1.23,105,-102,354.75793046965,4.22603735744995
1.23,105,-99,366.871253357711,4.26579856968741
1.23,105,-96,378.738847345231,4.3042837502426
1.23,105,-93,390.367315497526,4.34156197923643
1.23,105,-90,401.761871368411,4.37771224041858
1.23,105,-87,412.926514853396,4.41282203491046
1.23,105,-84,423.864496381141,4.44698601532718
1.23,105,-81,434.579096817422,4.48030453874428
1.23,105,-78,445.074707377312,4.51288196659221
1.23,105,-75,455.358130606672,4.54482452873781
1.23,105,-72,465.439951113288,4.57623762725278
1.23,105,-69,475.335759739655,4.60722257905048
1.23,105,-66,485.06697662936,4.63787296723952
1.23,105,-63,494.661025451414,4.66827095534254
1.23,105,-60,504.150675288789,4.69848407067972
1.23,105,-57,513.572489519449,4.72856303149082
1.23,105,-54,522.964487967668,4.75854113086162
1.23,105,-51,532.363308268528,4.78843547556663
1.23,105,-48,541.801300284135,4.81825002504917
1.23,105,-45,551.30405614448,4.84797994920178
1.23,105,-42,560.888832654063,4.87761643006533
1.23,105,-39,570.564153989615,4.90715079487287
1.23,105,-36,580.330618146218,4.93657688454422
1.23,105,-33,590.182630965361,4.96589086743387
1.23,105,-30,600.110535628302,4.99508825280841
1.23,105,-27,610.102467579064,5.02415851600924
1.23,105,-24,620.145291731584,5.05307835063055
1.23,105,-21,630.22417404076,5.08180495346715
1.23,105,-18,640.320660169821,5.11027082030943
1.23,105,-15,650.409501292793,5.1383812630558
1.23,105,-12,660.454788203746,5.16601531924546
1.23,105,-9,670.406150082078,5.19303005390664
1.23,105,-6,680.195800526309,5.21926762218451
1.23,105,-3,689.737076261237,5.2445640212905
1.23,105,0,698.92486138558,5.26875829784156
1.23,105,3,707.637992272433,5.29170108979931
1.23,105,6,715.74346116351,5.31326169241561
1.23,105,9,723.102022234535,5.33333322724903
1.23,105,12,729.574665691655,5.35183585129792
1.23,105,15,735.029356405474,5.36871819810111
1.23,105,18,739.347421571544,5.38395737275457
1.23,105,21,742.429010899793,5.39755784649755
1.23,105,24,744.19714504138,5.40954955207784
1.23,105,27,744.60001687266,5.41998540809884
1.23,105,30,743.611410501144,5.42893842890853
1.23,105,33,741.229333239112,5.43649852359955
1.23,105,36,737.473180008059,5.44276905998669
1.23,105,39,732.379924892497,5.44786326639626
1.23,105,42,725.999924444034,5.45190056054579
1.23,105,45,718.392903638128,5.45500292254008
1.23,105,48,709.624584180824,5.45729145813787
1.23,105,51,699.764234728565,5.45888331887034
1.23,105,54,688.883215965305,5.45988914915394
1.23,105,57,677.054404583126,5.46041121297745
1.23,105,60,664.352243662337,5.46054231478569
1.23,105,63,650.85310064138,5.46036557620783
1.23,105,66,636.635617734042,5.45995507064776
1.23,105,69,621.780798534811,5.45937726047458
1.23,105,72,606.37166611538,5.45869313408033
1.23,105,75,590.492428970308,5.4579609068998
1.23,105,78,574.227183323716,5.45723913272931
1.23,105,81,557.658252628351,5.45659006756872
1.23,105,84,540.864314009811,5.45608313414163
1.23,105,87,523.918488673126,5.45579834704272
1.23,105,90,506.88658300518,5.45582957244559
1.23,105,93,489.825662973998,5.45628750993436
1.23,105,96,472.783127875698,5.45730229581452
1.23,105,99,455.796419156446,5.45902563599537
1.23,105,102,438.893452734457,5.46163238002739
1.23,105,105,422.093796082711,5.46532144195387
1.23,105,108,405.410524595175,5.47031595236498
1.23,105,111,388.852591525529,5.47686248406253
1.23,105,114,372.427445214469,5.48522913096851
1.23,105,117,356.143545657071,5.49570214762402
1.23,105,120,340.012391429885,5.50858080257999
1.23,105,123,324.049686177678,5.52417010811831
1.23,105,126,308.275360642824,5.54277121619927
1.23,105,129,292.712317398665,5.56466956519884
1.23,105,132,277.383962082088,5.5901213422474
1.23,105,135,262.310795916831,5.61933945419844
1.23,105,138,247.506531814647,5.6524808685218
1.23,105,141,232.974322420921,5.68963772813719
1.23,105,144,218.703722328979,5.73083489011097
1.23,105,147,204.668932274384,5.77603639973654
1.23,105,150,190.828696959526,5.82516298768372
1.23,105,153,177.127984661212,5.87812233086584
1.23,105,156,163.50132604983,5.93485420568632
1.23,105,159,149.877504473162,5.9953947877316
1.23,105,162,136.185236535857,6.05996983705078
1.23,105,165,122.359610747046,6.12913860299305
1.23,105,168,108.34942840744,6.20403687891082
1.23,105,171,94.1264188837617,6.2868301684604
1.23,105,174,79.6993173866916,6.38164978187034
1.23,105,177,65.1416732872085,6.4967518291662
1.23,105,180,50.6626885992603,6.65014669409345
1.23,108,-180,50.6626885992604,0.419321264473696
1.23,108,-177,37.5400355006682,0.650431601948724
1.23,108,-174,26.6252677810319,1.05904867504595
1.23,108,-171,22.4450414757349,1.75341413905605
1.23,108,-168,28.7551125400525,2.40498796758526
1.23,108,-165,41.2764420988865,2.77031334679737
1.23,108,-162,56.1373453328725,2.97909329112038
1.23,108,-159,71.9568034845749,3.11824354962006
1.23,108,-156,88.2170218993963,3.22309521290135
1.23,108,-153,104.672937858485,3.3090571020894
1.23,108,-150,121.182881337118,3.38367406550538
1.23,108,-147,137.652217458168,3.45100746202181
1.23,108,-144,154.011049350574,3.51339810605798
1.23,108,-141,170.204053353422,3.57225659751684
1.23,108,-138,186.18546517456,3.62845353044185
1.23,108,-135,201.916651539306,3.68252936175555
1.23,108,-132,217.365118207685,3.73481612311579
1.23,108,-129,232.504290058816,3.78551264858323
1.23,108,-126,247.31360127156,3.8347334313091
1.23,108,-123,261.778568959705,3.88254143806153
1.23,108,-120,275.890652039998,3.92897053067045
1.23,108,-117,289.646819037178,3.97404079053143
1.23,108,-114,303.048846699727,4.01776879915907
1.23,108,-111,316.102431788336,4.06017424219203
1.23,108,-108,328.816219188088,4.10128381566222
1.23,108,-105,341.200840232886,4.14113318873552
1.23,108,-102,353.268031677923,4.17976763897592
1.23,108,-99,365.029883341799,4.21724187360679
1.23,108,-96,376.498250458017,4.25361944992834
1.23,108,-93,387.684366731061,4.28897209243197
1.23,108,-90,398.598700627072,4.32337907053958
1.23,108,-87,409.251101339765,4.35692665914174
1.23,108,-84,419.651272735702,4.38970757256882
1.23,108,-81,429.8095868874,4.42182016325343
1.23,108,-78,439.738202000051,4.4533671297522
1.23,108,-75,449.452386912704,4.48445349996472
1.23,108,-72,458.971885867276,4.51518375009677
1.23,108,-69,468.322097491172,4.54565808188968
1.23,108,-66,477.534808253388,4.57596808935191
1.23,108,-63,486.648230042271,4.60619226583716
1.23,108,-60,495.706156373857,4.63639198304154
1.23,108,-57,504.756174570652,4.66660865762638
1.23,108,-54,513.847039616207,4.69686275558277
1.23,108,-51,523.025499442395,4.72715503942962
1.23,108,-48,532.333016691041,4.75747005319865
1.23,108,-45,541.802909228137,4.7877813362996
1.23,108,-42,551.458392339241,4.81805738279758
1.23,108,-39,561.31183833958,4.84826706232035
1.23,108,-36,571.365300655251,4.87838321155327
1.23,108,-33,581.612041353445,4.90838343548321
1.23,108,-30,592.038535914218,4.93824776903955
1.23,108,-27,602.62628480291,4.96795359547641
1.23,108,-24,613.352787122141,4.997468902679
1.23,108,-21,624.191230600996,5.02674539875414
1.23,108,-18,635.10877892543,5.05571308579435
1.23,108,-15,646.063709176562,5.08427758705923
1.23,108,-12,657.001972230517,5.11232092362066
1.23,108,-9,667.853935481671,5.13970570625938
1.23,108,-6,678.532078027111,5.16628204095916
1.23,108,-3,688.930252765146,5.19189600514961
1.23,108,0,698.92486138558,5.21639842028173
1.23,108,3,708.37798200631,5.23965280809177
1.23,108,6,717.142213316213,5.26154177510354
1.23,108,9,725.066794249014,5.28197148872095
1.23,108,12,732.004433675359,5.30087426982548
1.23,108,15,737.818229034474,5.31820956147381
1.23,108,18,742.388051370847,5.33396362837714
1.23,108,21,745.615820926507,5.34814832724976
1.23,108,24,747.429196753451,5.36079921259857
1.23,108,27,747.783362227298,5.37197315260855
1.23,108,30,746.660802113361,5.38174555773541
1.23,108,33,744.069213709385,5.39020728568997
1.23,108,36,740.037934469499,5.3974612819105
1.23,108,39,734.613453311015,5.40361903652113
1.23,108,42,727.854661379471,5.40879697476373
1.23,108,45,719.828470026244,5.4131129344275
1.23,108,48,710.606286733205,5.41668290882965
1.23,108,51,700.261627269049,5.41961823897214
1.23,108,54,688.868903933767,5.42202342026658
1.23,108,57,676.50321645736,5.42399464983425
1.23,108,60,663.240823413796,5.42561918650847
1.23,108,63,649.159907308619,5.42697553631245
1.23,108,66,634.341263624465,5.42813442019525
1.23,108,69,618.868623852603,5.42916043479203
1.23,108,72,602.82843682396,5.43011428434759
1.23,108,75,586.309053221616,5.43105544310102
1.23,108,78,569.399363207272,5.4320451006901
1.23,108,81,552.187014530479,5.4331492459049
1.23,108,84,534.756385744135,5.43444175389092
1.23,108,87,517.186510499749,5.43600735680917
1.23,108,90,499.54915161033,5.43794439689621
1.23,108,93,481.907214186258,5.44036728307921
1.23,108,96,464.313668862784,5.44340859651959
1.23,108,99,446.811127858302,5.44722081362647
1.23,108,102,429.432173872388,5.45197763106193
1.23,108,105,412.200479361038,5.45787487627047
1.23,108,108,395.13266891131,5.46513095683405
1.23,108,111,378.240773839541,5.47398673149849
1.23,108,114,361.535017624287,5.48470457181877
1.23,108,117,345.026573168144,5.49756623855655
1.23,108,120,328.729872466609,5.51286905628365
1.23,108,123,312.664048793385,5.53091979256663
1.23,108,126,296.853165168199,5.55202571173491
1.23,108,129,281.325030659282,5.57648255426584
1.23,108,132,266.108611701295,5.60455973840903
1.23,108,135,251.230278620113,5.63648387333937
1.23,108,138,236.709348660234,5.67242260213031
1.23,108,141,222.553554513873,5.71247165213433
1.23,108,144,208.75514462792,5.75664850539542
1.23,108,147,195.288283148601,5.8048961152731
1.23,108,150,182.108258750851,5.85709959275362
1.23,108,153,169.152758187801,5.91311810567569
1.23,108,156,156.345170633037,5.97283411205124
1.23,108,159,143.5996444961,6.03622363810753
1.23,108,162,130.827502793373,6.10345636493299
1.23,108,165,117.944704743479,6.17504601720567
1.23,108,168,104.880394807801,6.25209739031719
1.23,108,171,91.587405206126,6.33675610846315
1.23,108,174,78.0575752027947,6.43311824243087
1.23,108,177,64.3504230736917,6.54927951417064
1.23,108,180,50.6626885992604,6.70250657165328
1.23,111,-180,50.6626885992605,0.471681142033526
1.23,111,-177,38.2805429513905,0.697300691768723
1.23,111,-174,27.8642530544851,1.08158710060458
1.23,111,-171,23.3317114898169,1.7203071739668
1.23,111,-168,28.4543005990224,2.36063191710199
1.23,111,-165,40.0716116822889,2.74426731634164
1.23,111,-162,54.3825173722621,2.96534714434157
1.23,111,-159,69.8585732225166,3.11064869409709
1.23,111,-156,85.9070759035064,3.21813351385646
1.23,111,-153,102.245056080202,3.30471609577148
1.23,111,-150,118.707444664021,3.37873695137443
1.23,111,-147,135.18219467128,3.44469900205067
1.23,111,-144,151.584739556835,3.50520403345917
1.23,111,-141,167.846580784671,3.56182608411863
1.23,111,-138,183.909837021444,3.61554353579443
1.23,111,-135,199.724715426837,3.66697151873295
1.23,111,-132,215.248546016076,3.71649655030944
1.23,111,-129,230.445619796855,3.76435959329467
1.23,111,-126,245.28733233879,3.81070982243459
1.23,111,-123,259.752300472697,3.85564051386059
1.23,111,-120,273.826260358609,3.89921327628084
1.23,111,-117,287.501676232389,3.94147425557669
1.23,111,-114,300.777079641546,3.98246460895405
1.23,111,-111,313.656211396872,4.02222683324812
1.23,111,-108,326.147055658035,4.06080813813907
1.23,111,-105,338.260849105702,4.09826181881511
1.23,111,-102,350.011132654257,4.13464741401156
1.23,111,-99,361.412900487963,4.17003028282172
1.23,111,-96,372.481896917503,4.20448107134735
1.23,111,-93,383.234114405844,4.23807536168423
1.23,111,-90,393.685549965625,4.2708936089319
1.23,111,-87,403.852274017969,4.30302129414877
1.23,111,-84,413.75084889403,4.33454907378362
1.23,111,-81,423.399099869431,4.36557260992778
1.23,111,-78,432.817190650897,4.39619173748755
1.23,111,-75,442.028892759028,4.42650867408567
1.23,111,-72,451.062873570106,4.45662510731971
1.23,111,-69,459.953773616476,4.48663819212504
1.23,111,-66,468.742815063085,4.51663573533719
1.23,111,-63,477.477695162884,4.54669109692834
1.23,111,-60,486.211582619914,4.57685854480446
1.23,111,-57,495.001154454597,4.60716989997261
1.23,111,-54,503.903775748909,4.63763324215665
1.23,111,-51,512.974107033187,4.66823417745287
1.23,111,-48,522.260581143727,4.69893971209563
1.23,111,-45,531.802273804161,4.72970420661518
1.23,111,-42,541.626659808253,4.76047633917357
1.23,111,-39,551.748585901977,4.7912056497065
1.23,111,-36,562.170526764996,4.82184720473069
1.23,111,-33,572.883883378533,4.85236327031952
1.23,111,-30,583.870816558081,4.88272154742868
1.23,111,-27,595.105961909385,4.91289034490242
1.23,111,-24,606.557395987103,4.94283182158783
1.23,111,-21,618.186420530373,4.9724949141143
1.23,111,-18,629.946056160267,5.00180965144866
1.23,111,-15,641.778504842726,5.03068422542527
1.23,111,-12,653.612153776438,5.05900553881006
1.23,111,-9,665.358869706327,5.08664317474935
1.23,111,-6,676.912330720827,5.11345603632171
1.23,111,-3,688.147974152112,5.13930046502861
1.23,111,0,698.92486138558,5.1640385427219
1.23,111,3,709.089451173673,5.18754548345088
1.23,111,6,718.481001462514,5.20971541557979
1.23,111,9,726.938124899218,5.23046529310953
1.23,111,12,734.305910917034,5.24973703374388
1.23,111,15,740.442982742438,5.26749819257609
1.23,111,18,745.227864041199,5.28374153995655
1.23,111,21,748.5640817302,5.29848386085507
1.23,111,24,750.383535628706,5.31176418955937
1.23,111,27,750.64783141728,5.32364159108298
1.23,111,30,749.347498544126,5.33419253370867
1.23,111,33,746.499275949114,5.34350787855191
1.23,111,36,742.141902059932,5.35168953696055
1.23,111,39,736.331038454842,5.35884689877437
1.23,111,42,729.13404350312,5.36509319313393
1.23,111,45,720.625271083629,5.37054198888602
1.23,111,48,710.882409435137,5.37530405935292
1.23,111,51,699.984134630299,5.37948482022777
1.23,111,54,688.00908787203,5.3831825025081
1.23,111,57,675.03595284555,5.38648715488696
1.23,111,60,661.144252008214,5.38948049581316
1.23,111,63,646.415419203466,5.39223656784312
1.23,111,66,630.933736062635,5.39482309516709
1.23,111,69,614.786817957869,5.39730341286221
1.23,111,72,598.065468866423,5.39973882197194
1.23,111,75,580.862860892127,5.40219122336606
1.23,111,78,563.273108853676,5.4047258903485
1.23,111,81,545.389390432697,5.40741425134752
1.23,111,84,527.301806360578,5.41033656819604
1.23,111,87,509.095189614456,5.41358441309906
1.23,111,90,490.84706771434,5.41726287025079
1.23,111,93,472.625967136053,5.42149241788196
1.23,111,96,454.490228570461,5.4264104829556
1.23,111,99,436.48747576579,5.43217269949233
1.23,111,102,418.65484378344,5.43895393271415
1.23,111,105,401.020017452023,5.44694913900295
1.23,111,108,383.603052277914,5.45637409628047
1.23,111,111,366.418848687077,5.46746594241913
1.23,111,114,349.480035725569,5.48048329228326
1.23,111,117,332.799911010863,5.49570547890549
1.23,111,120,316.395004990056,5.51343022235191
1.23,111,123,300.286815104262,5.53396884511386
1.23,111,126,284.50230800673,5.55763812650998
1.23,111,129,269.07292079976,5.58474813027759
1.23,111,132,254.031994013467,5.61558593495252
1.23,111,135,239.410813157025,5.65039616304683
1.23,111,138,225.233685033511,5.68936044511993
1.23,111,141,211.512687727135,5.73257923083435
1.23,111,144,198.242867514272,5.78006032054337
1.23,111,147,185.398675754832,5.83171878657813
1.23,111,150,172.932322689419,5.88739242537778
1.23,111,153,160.774480240837,5.94687578257246
1.23,111,156,148.837440394812,6.00997492553849
1.23,111,159,137.020516730555,6.07658587093404
1.23,111,162,125.217269635799,6.14680390261214
1.23,111,165,113.324137976145,6.22108219446685
1.23,111,168,101.250367172658,6.30048312607472
1.23,111,171,88.9299343441362,6.38712237016654
1.23,111,174,76.3381417428492,6.48504502186357
1.23,111,177,63.5209741947433,6.60214857123565
1.23,111,180,50.6626885992605,6.75486644921311
1.23,114,-180,50.6626885992605,0.524041019593355
1.23,114,-177,39.0544383491122,0.743565453791487
1.23,114,-174,29.1718784674529,1.10377941445018
1.23,114,-171,24.371814214462,1.68760799292398
1.23,114,-168,28.29980995163,2.30854963236381
1.23,114,-165,38.883107563008,2.70921277629111
1.23,114,-162,52.5228445156524,2.944140397751
1.23,114,-159,67.5499717077446,3.09694157600575
1.23,114,-156,83.2871865257385,3.20800782217274
1.23,114,-153,99.4081493084856,3.2958935644324
1.23,114,-150,115.722072570417,3.3698438436435
1.23,114,-147,132.098909916615,3.43487033197948
1.23,114,-144,148.439852207547,3.49387580488526
1.23,114,-141,164.664296622096,3.54862142778924
1.23,114,-138,180.703726511936,3.60020703115062
1.23,114,-135,196.49889883239,3.6493296513375
1.23,114,-132,211.998738767138,3.69643325400534
1.23,114,-129,227.160083769093,3.74180103230389
1.23,114,-126,241.947751375713,3.78561509954956
1.23,114,-123,256.334605135064,3.82799624770465
1.23,114,-120,270.301442815562,3.86903063284913
1.23,114,-117,283.836645041605,3.908787376515
1.23,114,-114,296.93559807156,3.9473296215585
1.23,114,-111,309.59994247897,3.98472083825789
1.23,114,-108,321.836709021508,4.02102778162365
1.23,114,-105,333.65739797578,4.05632126241806
1.23,114,-102,345.077051921431,4.09067570595738
1.23,114,-99,356.113372285756,4.12416827945363
1.23,114,-96,366.785937822129,4.1568781501548
1.23,114,-93,377.115593720495,4.18888619666099
1.23,114,-90,387.12408551927,4.22027525335046
1.23,114,-87,396.834005059872,4.25113074845065
1.23,114,-84,406.269091825948,4.28154142557785
1.23,114,-81,415.454891481382,4.31159973755038
1.23,114,-78,424.419717547301,4.34140148374785
1.23,114,-75,433.195798566011,4.37104433374446
1.23,114,-72,441.820431055667,4.40062503696324
1.23,114,-69,450.336909388724,4.43023534717571
1.23,114,-66,458.794980165147,4.45995696606704
1.23,114,-63,467.250583520054,4.48985609136665
1.23,114,-60,475.764707303048,4.51997838644409
1.23,114,-57,484.401295390658,4.5503453032915
1.23,114,-54,493.22430951066,4.58095262530121
1.23,114,-51,502.294219778063,4.61177181059631
1.23,114,-48,511.664352324664,4.64275422214247
1.23,114,-45,521.377605374362,4.67383770841399
1.23,114,-42,531.46401803729,4.70495439539336
1.23,114,-39,541.93952423758,4.73603814664091
1.23,114,-36,552.805969990278,4.76703009509375
1.23,114,-33,564.052174923202,4.79788101036446
1.23,114,-30,575.655559538097,4.82854997537796
1.23,114,-27,587.58371621692,4.85899972790447
1.23,114,-24,599.795323816246,4.88918983671718
1.23,114,-21,612.239996590916,4.91906940472155
1.23,114,-18,624.85697296653,4.94857108315152
1.23,114,-15,637.572905764842,4.9776078278735
1.23,114,-12,650.299316354488,5.00607314392661
1.23,114,-9,662.930439606982,5.03384475042006
1.23,114,-6,675.342174288488,5.060790882399
1.23,114,-3,687.392677596072,5.08677800897006
1.23,114,0,698.92486138558,5.11167866516207
1.23,114,3,709.770740135946,5.13537832871709
1.23,114,6,719.757315708997,5.1577806944268
1.23,114,9,728.713499031964,5.17881114988854
1.23,114,12,736.477467217144,5.1984186083811
1.23,114,15,742.903819045516,5.21657604182632
1.23,114,18,747.869904221116,5.23328008245804
1.23,114,21,751.280757528923,5.24854997635286
1.23,114,24,753.072176997393,5.26242604345955
1.23,114,27,753.211656996835,5.27496768701318
1.23,114,30,751.697121698845,5.28625093705542
1.23,114,33,748.553677058926,5.29636551861543
1.23,114,36,743.8288635677,5.30541149339607
1.23,114,39,737.587090327585,5.31349560928403
1.23,114,42,729.904014855338,5.32072757470955
1.23,114,45,720.861579292833,5.32721652843737
1.23,114,48,710.544233676438,5.33306798333951
1.23,114,51,699.036613253453,5.33838148206641
1.23,114,54,686.422650666149,5.34324912341307
1.23,114,57,672.785856832139,5.34775501975428
1.23,114,60,658.210342410238,5.35197564992406
1.23,114,63,642.782095115413,5.35598099599378
1.23,114,66,626.590070295136,5.35983630577905
1.23,114,69,609.726766100491,5.36360430553177
1.23,114,72,592.288103422238,5.36734769219293
1.23,114,75,574.372578789108,5.37113175198219
1.23,114,78,556.079779270274,5.37502697326365
1.23,114,81,537.508428920954,5.37911154150704
1.23,114,84,518.754175995514,5.38347362216876
1.23,114,87,499.90733758903,5.3882133565491
1.23,114,90,481.050805998252,5.39344452114328
1.23,114,93,462.258300253671,5.39929583720619
1.23,114,96,443.593123577887,5.40591196548419
1.23,114,99,425.107563278617,5.41345427660554
1.23,114,102,406.843038427694,5.42210153744713
1.23,114,105,388.831054203011,5.43205067599307
1.23,114,108,371.094952494927,5.4435177534532
1.23,114,111,353.652354072612,5.45673915477643
1.23,114,114,336.518074707975,5.47197279060939
1.23,114,117,319.707182450638,5.48949879331443
1.23,114,120,303.23776986844,5.50961883159275
1.23,114,123,287.132970263825,5.53265285005654
1.23,114,126,271.421772776719,5.5589318882359
1.23,114,129,256.138298523307,5.58878579619212
1.23,114,132,241.319383761395,5.62252527732787
1.23,114,135,227.000556945613,5.6604188254114
1.23,114,138,213.210763913857,5.70266672472593
1.23,114,141,199.966451915914,5.74937610150844
1.23,114,144,187.265826156194,5.80054259967995
1.23,114,147,175.084195201829,5.85604504312335
1.23,114,150,163.37127991811,5.91565901128767
1.23,114,153,152.051151588888,5.97909364397717
1.23,114,156,141.025112267216,6.04605403023633
1.23,114,159,130.177419285967,6.11633090425057
1.23,114,162,119.383418685529,6.18992250832681
1.23,114,165,108.519531503023,6.26720387009445
1.23,114,168,97.4747668444418,6.34918282442711
1.23,114,171,86.1642219317631,6.43793565911733
1.23,114,174,74.5469724341292,6.53744193349706
1.23,114,177,62.65590450696,6.65536504261592
1.23,114,180,50.6626885992605,6.80722632677294
1.23,117,-180,50.6626885992604,0.576400897153184
1.23,117,-177,39.8601137697449,0.789277671105716
1.23,117,-174,30.5478023405823,1.12585139247767
1.23,117,-171,25.5742499429266,1.65637675741833
1.23,117,-168,28.3412423325663,2.24971601739189
1.23,117,-165,37.7692082102369,2.6644188355378
1.23,117,-162,50.6084421070311,2.91448100533941
1.23,117,-159,65.0743863722433,3.07627480770219
1.23,117,-156,80.3970912055865,3.19204497276168
1.23,117,-153,96.2007048624487,3.28205871780425
1.23,117,-150,112.265793336723,3.35657316916032
1.23,117,-147,128.443314997106,3.42118295366857
1.23,117,-144,144.620354405553,3.47913830030446
1.23,117,-141,160.70504089081,3.53241609771499
1.23,117,-138,176.619495419725,3.58225497651504
1.23,117,-135,192.296538765151,3.62944396105665
1.23,117,-132,207.678280076528,3.67448968717879
1.23,117,-129,222.715620969389,3.71771949142315
1.23,117,-126,237.368127267014,3.75934811722922
1.23,117,-123,251.603958286222,3.79952217085834
1.23,117,-120,265.399700575808,3.83834992704588
1.23,117,-117,278.740054669483,3.87592086845761
1.23,117,-114,291.617378075467,3.91231774883229
1.23,117,-111,304.031106349811,3.94762318354025
1.23,117,-108,315.987072827402,3.98192237446396
1.23,117,-105,327.496743121544,4.01530334015889
1.23,117,-102,338.576384520069,4.0478558219896
1.23,117,-99,349.246206416122,4.0796698118016
1.23,117,-96,359.529531627134,4.1108343801478
1.23,117,-93,369.452080781233,4.14143718867061
1.23,117,-90,379.041462967102,4.17156477455761
1.23,117,-87,388.326958228833,4.20130343263234
1.23,117,-84,397.339648456736,4.23074032190852
1.23,117,-81,406.112904835099,4.25996431037428
1.23,117,-78,414.683178265059,4.2890660563255
1.23,117,-75,423.090972674091,4.31813690873941
1.23,117,-72,431.381819837259,4.34726638574188
1.23,117,-69,439.607028946179,4.37653824245018
1.23,117,-66,447.823965627058,4.40602543922542
1.23,117,-63,456.09563389675,4.43578462616609
1.23,117,-60,464.489398679835,4.46585101130507
1.23,117,-57,473.074797981156,4.49623460855993
1.23,117,-54,481.920543914606,4.52691879882709
1.23,117,-51,491.090977421364,4.55786184064352
1.23,117,-48,500.642385484435,4.58900144593224
1.23,117,-45,510.61966775927,4.62026187591846
1.23,117,-42,521.053814397497,4.6515623680086
1.23,117,-39,531.96051432231,4.68282526710414
1.23,117,-36,543.339974179477,4.71398216718136
1.23,117,-33,555.177748400239,4.74497673892153
1.23,117,-30,567.446136855191,4.77576366130217
1.23,117,-27,580.105572236481,4.8063040011546
1.23,117,-24,593.105441308697,4.8365582413669
1.23,117,-21,606.383965988667,4.8664787084917
1.23,117,-18,619.867068920051,4.89600324752516
1.23,117,-15,633.466485142407,4.92505162304829
1.23,117,-12,647.077664243673,4.95352541381438
1.23,117,-9,660.578157851528,4.98131132776333
1.23,117,-6,673.827166671459,5.00828713499682
1.23,117,-3,686.666742498588,5.03432898214924
1.23,117,0,698.92486138558,5.05931878760224
1.23,117,3,710.420282308715,5.0831506748147
1.23,117,6,720.968848907363,5.10573584251475
1.23,117,9,730.390716299804,5.12700572941889
1.23,117,12,738.517892322969,5.14691367448061
1.23,117,15,745.201454255314,5.16543543790965
1.23,117,18,750.317819769387,5.18256894238267
1.23,117,21,753.773510361773,5.19833347711898
1.23,117,24,755.507957291663,5.21276845665269
1.23,117,27,755.494077212082,5.22593170750595
1.23,117,30,753.736586480916,5.2378972087811
1.23,117,33,750.268304044583,5.24875224488567
1.23,117,36,745.144963339273,5.2585940218067
1.23,117,39,738.439253721017,5.26752591785116
1.23,117,42,730.234890719469,5.27565364621977
1.23,117,45,720.621448718077,5.2830816672385
1.23,117,48,709.690492915678,5.28991018443482
1.23,117,51,697.533266083856,5.29623299166193
1.23,117,54,684.23988493481,5.30213632614807
1.23,117,57,669.899745670069,5.3076987531619
1.23,117,60,654.602675671206,5.31299199131535
1.23,117,63,638.440317888349,5.31808250480828
1.23,117,66,621.507287490005,5.32303364870541
1.23,117,69,603.901766740083,5.32790815146669
1.23,117,72,585.725364078109,5.33277074287947
1.23,117,75,567.082219098178,5.33769077036363
1.23,117,78,548.077459120829,5.34274468037097
1.23,117,81,528.815192242805,5.34801826828808
1.23,117,84,509.396256644709,5.35360862038005
1.23,117,87,489.915946605323,5.35962569047675
1.23,117,90,470.46191623526,5.36619348043588
1.23,117,93,451.112435323194,5.37345083445315
1.23,117,96,431.935145826297,5.38155191647245
1.23,117,99,412.986443702884,5.39066651298012
1.23,117,102,394.311584082988,5.40098037514669
1.23,117,105,375.945569547074,5.4126958571752
1.23,117,108,357.914822842542,5.42603308455602
1.23,117,111,340.239562158389,5.4412317573456
1.23,117,114,322.936692234899,5.45855343137258
1.23,117,117,306.022910692084,5.47828372407605
1.23,117,120,289.517627060705,5.50073340488429
1.23,117,123,273.445227535033,5.52623684983874
1.23,117,126,257.83621495607,5.55514601747212
1.23,117,129,242.726826056095,5.58781812885041
1.23,117,132,228.156879139557,5.62459580943017
1.23,117,135,214.165825338516,5.66577972845108
1.23,117,138,200.787246300055,5.71159577685544
1.23,117,141,188.042334363177,5.7621613429
1.23,117,144,175.933171301645,5.81745773615304
1.23,117,147,164.436834521598,5.87731743958068
1.23,117,150,153.501433539927,5.94143476695899
1.23,117,153,143.045045928329,6.009406296771
1.23,117,156,132.958158708759,6.08080387449706
1.23,117,159,123.109696954767,6.15528014643127
1.23,117,162,113.356200538032,6.23270777212503
1.23,117,165,103.553404787474,6.3133627394833
1.23,117,168,93.5695933383218,6.3981855869307
1.23,117,171,83.3008467579313,6.4892050576441
1.23,117,174,72.6902387920899,6.59032270378547
1.23,117,177,61.7578945064683,6.70893526363872
1.23,117,180,50.6626885992604,6.85958620433277
1.23,120,-180,50.6626885992604,0.628760774713013
1.23,120,-177,40.6958684333141,0.834488800445211
1.23,120,-174,31.9910956936317,1.14799518505973
1.23,120,-171,26.9438243873426,1.62751882939818
1.23,120,-168,28.6262602975911,2.18572424095085
1.23,120,-165,36.7984737738663,2.60944778331518
1.23,120,-162,48.7022111035141,2.87531737836699
1.23,120,-159,62.4874820101379,3.04765408304842
1.23,120,-156,77.2881852735962,3.16942075263041
1.23,120,-153,92.6725821919945,3.26254429757286
1.23,120,-150,108.389022437186,3.33838342680093
1.23,120,-147,124.267973634148,3.40319315732318
1.23,120,-144,140.182179763203,3.46062363757284
1.23,120,-141,156.029042709484,3.51290131898145
1.23,120,-138,171.722339033575,3.56142510498544
1.23,120,-135,187.18823991444,3.60708930009731
1.23,120,-132,202.363426606582,3.65047096391159
1.23,120,-129,217.194214717062,3.69194550305141
1.23,120,-126,231.636117403827,3.73176157461628
1.23,120,-123,245.653558041339,3.7700911230123
1.23,120,-120,259.219606179774,3.80706300612772
1.23,120,-117,272.315696120661,3.8427850431425
1.23,120,-114,284.931316577176,3.8773575435192
1.23,120,-111,297.063655220522,3.91088053096224
1.23,120,-108,308.717167496735,3.94345647163342
1.23,120,-105,319.903034561586,3.97519008357255
1.23,120,-102,330.638490449103,4.00618659737562
1.23,120,-99,340.946032436469,4.03654958890214
1.23,120,-96,350.852571120451,4.06637919877997
1.23,120,-93,360.388614244198,4.09577121034828
1.23,120,-90,369.587598212502,4.12481711421224
1.23,120,-87,378.485475685328,4.15360498418044
1.23,120,-84,387.120635157877,4.18222076052106
1.23,120,-81,395.534173490992,4.21074940566289
1.23,120,-78,403.77047371158,4.23927537573147
1.23,120,-75,411.877969039375,4.26788193838934
1.23,120,-72,419.909911463161,4.29664905345142
1.23,120,-69,427.924920149442,4.32564979859185
1.23,120,-66,435.987071301558,4.35494563813178
1.23,120,-63,444.165314980877,4.38458115419975
1.23,120,-60,452.532071106575,4.41457912617319
1.23,120,-57,461.160966015966,4.44493698361526
1.23,120,-54,470.123812971874,4.47562559870955
1.23,120,-51,479.487092944998,4.50659108123717
1.23,120,-48,489.308322066593,4.5377597028009
1.23,120,-45,499.632759857295,4.56904539469087
1.23,120,-42,510.490884822387,4.60035859684833
1.23,120,-39,521.896929713573,4.63161478147361
1.23,120,-36,533.848547878925,4.66274090230187
1.23,120,-33,546.327426271191,4.69367839972987
1.23,120,-30,559.300439879901,4.72438215538882
1.23,120,-27,572.720823476649,4.75481574316869
1.23,120,-24,586.528861486056,4.78494420544238
1.23,120,-21,600.65176793786,4.81472614846415
1.23,120,-18,615.002706016787,4.84410704898533
1.23,120,-15,629.47920811508,4.87301528368088
1.23,120,-12,643.961516803644,4.90136166216794
1.23,120,-9,658.311501517702,4.92904238727861
1.23,120,-6,672.3727780855,4.95594462877169
1.23,120,-3,685.972480483675,4.9819534666178
1.23,120,0,698.92486138558,5.00695891004241
1.23,120,3,711.036605175292,5.03086197427907
1.23,120,6,722.113489656144,5.05357925277205
1.23,120,9,731.967865621115,5.07504588583661
1.23,120,12,740.426338035148,5.09521716136409
1.23,120,15,747.337010234864,5.11406912647274
1.23,120,18,752.575675161894,5.13159855493284
1.23,120,21,756.0504015712,5.14782247037425
1.23,120,24,757.704079492451,5.16277725466381
1.23,120,27,757.51467145953,5.17651724706348
1.23,120,30,755.493163197169,5.18911270456095
1.23,120,33,751.679492904231,5.20064705265936
1.23,120,36,746.13701080159,5.21121348369949
1.23,120,39,738.946218424899,5.22091111229594
1.23,120,42,730.198608734281,5.22984102608151
1.23,120,45,719.991351100335,5.23810263555359
1.23,120,48,708.423355273597,5.24579071024039
1.23,120,51,695.592954981803,5.25299339476802
1.23,120,54,681.597142757245,5.25979135393235
1.23,120,57,666.532029391821,5.26625803821235
1.23,120,60,650.494041376953,5.27246092673505
1.23,120,63,633.581326207646,5.2784635179018
1.23,120,66,615.894897716264,5.2843278058129
1.23,120,69,597.539189392308,5.29011699457148
1.23,120,72,578.621851220241,5.29589824435766
1.23,120,75,559.252785771872,5.30174529320683
1.23,120,78,539.542544245053,5.30774084201772
1.23,120,81,519.600280038428,5.31397862099653
1.23,120,84,499.531487581828,5.32056507539277
1.23,120,87,479.43574858362,5.32762062512879
1.23,120,90,459.404681784523,5.33528047795483
1.23,120,93,439.520259674693,5.34369501963716
1.23,120,96,419.853625422155,5.35302987332249
1.23,120,99,400.464517842387,5.36346581052519
1.23,120,102,381.401387776877,5.37519879191753
1.23,120,105,362.702257817619,5.38844048545746
1.23,120,108,344.396330117742,5.40341960656761
1.23,120,111,326.506278029992,5.42038429817154
1.23,120,114,309.051066497349,5.43960547423934
1.23,120,117,292.049041507059,5.46138057466362
1.23,120,120,275.520926544005,5.48603655654909
1.23,120,123,259.492285316776,5.51393027672774
1.23,120,126,243.994977250805,5.5454438723914
1.23,120,129,229.067162877148,5.58097255544502
1.23,120,132,214.751519774506,5.6209026783448
1.23,120,135,201.091507990742,5.6655792757223
1.23,120,138,188.125774194208,5.71526470600493
1.23,120,141,175.881099389384,5.77009341439948
1.23,120,144,164.364655755721,5.83003164348731
1.23,120,147,153.556691053024,5.89485395987828
1.23,120,150,143.405002593121,5.96414917708592
1.23,120,153,133.822562785252,6.03736543464958
1.23,120,156,124.68931376035,6.11389818979625
1.23,120,159,115.858484802807,6.19321844250555
1.23,120,162,107.16700402488,6.27503644223383
1.23,120,165,98.4489965284236,6.35950386425516
1.23,120,168,89.5513030478838,6.44748073951985
1.23,120,171,80.3506805198218,6.54094234584566
1.23,120,174,70.7742955486538,6.64370318348162
1.23,120,177,60.8297166666027,6.7628658602466
1.23,120,180,50.6626885992604,6.9119460818926
1.23,123,-180,50.6626885992604,0.681120652272842
1.23,123,-177,41.5599058187436,0.879249459020114
1.23,123,-174,33.5002446943477,1.17037142924994
1.23,123,-171,28.4814496236615,1.60174206357378
1.23,123,-168,29.1962885284389,2.11871637449117
1.23,123,-165,36.0481089361849,2.54439435293988
1.23,123,-162,46.8813348464699,2.82564530827006
1.23,123,-159,59.8593303866885,3.00995780189084
1.23,123,-156,74.025454911128,3.13914890992179
1.23,123,-153,88.8865622088256,3.2365272335398
1.23,123,-150,104.154707880326,3.31459318293161
1.23,123,-147,119.637819430563,3.38033385381276
1.23,123,-144,135.193620606511,3.43785548103081
1.23,123,-141,150.708966933406,3.48967281766944
1.23,123,-138,166.090006155709,3.53737081904707
1.23,123,-135,181.257287242234,3.58196585538441
1.23,123,-132,196.143234418195,3.62411595716157
1.23,123,-129,210.690756959024,3.66425076217768
1.23,123,-126,224.852397488989,3.70265590555359
1.23,123,-123,238.589750908818,3.73952959044974
1.23,123,-120,251.873056392956,3.77502078022434
1.23,123,-117,264.680932173378,3.80925435717539
1.23,123,-114,277.000223429512,3.84234660453551
1.23,123,-111,288.825902903539,3.87441344375278
1.23,123,-108,300.16093452897,3.90557343867958
1.23,123,-105,311.01600517704,3.93594734801773
1.23,123,-102,321.409056699543,3.96565579661409
1.23,123,-99,331.364603614362,3.99481636851199
1.23,123,-96,340.9128853375,4.02354108672265
1.23,123,-93,350.088957158429,4.05193486169149
1.23,123,-90,358.931855559424,4.08009510568778
1.23,123,-87,367.483972242977,4.10811236954678
1.23,123,-84,375.79073673507,4.13607159916108
1.23,123,-81,383.900646255743,4.16405345663706
1.23,123,-78,391.865605180453,4.19213511593568
1.23,123,-75,399.741458549104,4.22039002366632
1.23,123,-72,407.588538257904,4.24888630107336
1.23,123,-69,415.471998593364,4.27768373260287
1.23,123,-66,423.461708837311,4.30682960845607
1.23,123,-63,431.631500835321,4.33635401773386
1.23,123,-60,440.057640702281,4.36626546328701
1.23,123,-57,448.816502552364,4.39654781478525
1.23,123,-54,457.981556556075,4.42715956005945
1.23,123,-51,467.619922192745,4.4580360107232
1.23,123,-48,477.788849832149,4.48909457789999
1.23,123,-45,488.53254602505,4.52024254742423
1.23,123,-42,499.879723594859,4.55138611521778
1.23,123,-39,511.842129709139,4.58243899205559
1.23,123,-36,524.41410414902,4.61332882107039
1.23,123,-33,537.5729931229,4.64400004012223
1.23,123,-30,551.280052963919,4.67441259521319
1.23,123,-27,565.481380530226,4.7045368741049
1.23,123,-24,580.10843804469,4.73434611734889
1.23,123,-21,595.077899904868,4.76380813022362
1.23,123,-18,610.290801531918,4.79287821199679
1.23,123,-15,625.631250830916,4.82149482825251
1.23,123,-12,640.965194474462,4.84957880932084
1.23,123,-9,656.139847404803,4.87703599177802
1.23,123,-6,670.984360195505,4.90376248027111
1.23,123,-3,685.312125396675,4.92965128256217
1.23,123,0,698.92486138558,4.95459903248258
1.23,123,3,711.618331001334,4.97851180481245
1.23,123,6,723.189314848025,5.00130949207079
1.23,123,9,733.443299578369,5.02292867872042
1.23,123,12,742.202261597434,5.04332427460624
1.23,123,15,749.311909096437,5.06247029438155
1.23,123,18,754.647772989209,5.08036011083099
1.23,123,21,758.119606846989,5.09700634040153
1.23,123,24,759.673678059582,5.1124403312408
1.23,123,27,759.292719872796,5.12671109630333
1.23,123,30,756.993564653518,5.13988351084841
1.23,123,33,752.822764995365,5.15203567825269
1.23,123,36,746.850779121279,5.16325552864711
1.23,123,39,739.165488531159,5.17363689812499
1.23,123,42,729.865878253084,5.18327548470115
1.23,123,45,719.056622664246,5.19226514611081
1.23,123,48,706.84410044581,5.20069497428954
1.23,123,51,693.334062186221,5.20864746185516
1.23,123,54,678.630862528109,5.21619790157532
1.23,123,57,662.837912086218,5.22341497703102
1.23,123,60,646.058849166623,5.23036235419471
1.23,123,63,628.398894637007,5.23710099590272
1.23,123,66,609.965922842488,5.24369189918832
1.23,123,69,590.870923649759,5.25019898555533
1.23,123,72,571.22770285011,5.25669193282119
1.23,123,75,551.151830576444,5.26324880013542
1.23,123,78,530.758972112448,5.26995834828344
1.23,123,81,510.162809918381,5.27692198896372
1.23,123,84,489.47279158089,5.2842553129461
1.23,123,87,468.791927281735,5.29208915864929
1.23,123,90,448.214827955659,5.30057020388165
1.23,123,93,427.826136127505,5.30986110776967
1.23,123,96,407.699465326987,5.32014030575027
1.23,123,99,387.896934589978,5.33160166661217
1.23,123,102,368.469359632575,5.34445434082703
1.23,123,105,349.457135519281,5.35892322921132
1.23,123,108,330.891809219215,5.37525052740844
1.23,123,111,312.798287820947,5.39369869052883
1.23,123,114,295.197556672726,5.41455485317687
1.23,123,117,278.109694376662,5.43813619880232
1.23,123,120,261.556877861669,5.46479501555161
1.23,123,123,245.565985595994,5.49492129274876
1.23,123,126,230.170348012163,5.52893987864017
1.23,123,129,215.410178378558,5.56729870465513
1.23,123,132,201.331259126414,5.61044474268981
1.23,123,135,187.981571814526,5.65878562434782
1.23,123,138,175.405761187815,5.71263762078924
1.23,123,141,163.637637358888,5.77216513365125
1.23,123,144,152.691356862452,5.83732253713042
1.23,123,147,142.552447785026,5.90781462689608
1.23,123,150,133.170329509161,5.98309442490645
1.23,123,153,124.454200333463,6.06241386054141
1.23,123,156,116.273893586815,6.14493317985087
1.23,123,159,108.466466378485,6.22988240967451
1.23,123,162,100.848122368634,6.31676052453023
1.23,123,165,93.2300784427633,6.40556356192846
1.23,123,168,85.4366828586857,6.49705765007812
1.23,123,171,77.3248153257576,6.59316239326723
1.23,123,174,68.805647146125,6.69760158837679
1.23,123,177,59.8742245550336,6.81716374073377
1.23,123,180,50.6626885992604,6.96430595945243
1.23,126,-180,50.6626885992604,0.733480529832673
1.23,126,-177,42.4503317668204,0.923608997430295
1.23,126,-174,35.0731652265422,1.19311187867486
1.23,126,-171,30.1845894732017,1.57954308589933
1.23,126,-168,30.0824385229255,2.05117075155713
1.23,126,-165,35.5999413597721,2.47014837123907
1.23,126,-162,45.2378499018404,2.76469919666117
1.23,126,-159,57.2766257586483,2.96200149335393
1.23,126,-156,70.6898256964258,3.10008834848846
1.23,126,-153,84.9203703596839,3.20301512380475
1.23,126,-150,99.6399180409253,3.28436149124653
1.23,126,-147,114.631300555143,3.35189453758563
1.23,126,-144,129.736049581147,3.41023059359773
1.23,126,-141,144.830239670624,3.46221459181643
1.23,126,-138,159.812756992001,3.50964723936942
1.23,126,-135,174.599265041563,3.55368730895106
1.23,126,-132,189.118867997672,3.59508732423873
1.23,126,-129,203.312075573439,3.63433975089375
1.23,126,-126,217.129434094163,3.67177224043655
1.23,126,-123,230.530574149594,3.70761175556246
1.23,126,-120,243.483605256449,3.74202812308934
1.23,126,-117,255.964837077364,3.77516294070533
1.23,126,-114,267.958777560326,3.80714752456729
1.23,126,-111,279.458300033089,3.83811256190707
1.23,126,-108,290.464825684121,3.8681916874977
1.23,126,-105,300.988361225226,3.89752097189542
1.23,126,-102,311.047270273848,3.92623609583908
1.23,126,-99,320.667730016744,3.95446870276256
1.23,126,-96,329.882910422372,3.98234305694757
1.23,126,-93,338.731987942726,4.00997371822655
1.23,126,-90,347.259150399446,4.0374645238158
1.23,126,-87,355.512754579073,4.06490879347269
1.23,126,-84,363.544762857257,4.09239038587569
1.23,126,-81,371.410518333716,4.1199850577085
1.23,126,-78,379.168833606797,4.14776152331347
1.23,126,-75,386.882283021724,4.17578168005543
1.23,126,-72,394.617518044577,4.20409964050783
1.23,126,-69,402.445383626942,4.23275947581311
1.23,126,-66,410.440609116446,4.26179189290297
1.23,126,-63,418.680884516807,4.29121039539042
1.23,126,-60,427.245210224491,4.32100775134309
1.23,126,-57,436.211518041036,4.35115373615241
1.23,126,-54,445.653688535878,4.38159506316187
1.23,126,-51,455.638212806989,4.41225811450403
1.23,126,-48,466.220838172926,4.44305455336077
1.23,126,-45,477.44357011193,4.47388922785862
1.23,126,-42,489.332358080767,4.50466912912605
1.23,126,-39,501.895669580721,4.53531173709103
1.23,126,-36,515.123976898794,4.5657510401728
1.23,126,-33,528.989986855339,4.59593991344655
1.23,126,-30,543.449287928399,4.62584831333769
1.23,126,-27,558.441017809596,4.65545770114157
1.23,126,-24,573.888194105962,4.68475298264962
1.23,126,-21,589.697499124616,4.71371380350072
1.23,126,-18,605.758534299799,4.74230712010318
1.23,126,-15,621.942805204661,4.77048256510244
1.23,126,-12,638.1028980672,4.79817137716547
1.23,126,-9,654.072404847565,4.8252887971636
1.23,126,-6,669.667114754004,4.85173909694332
1.23,126,-3,684.687823378935,4.87742199106727
1.23,126,0,698.92486138558,4.90223915492275
1.23,126,3,712.164177284602,4.92609987283759
1.23,126,6,724.194581943406,4.94892531315917
1.23,126,9,734.815609281199,4.9706513935809
1.23,126,12,743.845371629777,4.99123051872059
1.23,126,15,751.12777454015,5.01063258102119
1.23,126,18,756.53848888293,5.02884553585607
1.23,126,21,759.989154671723,5.04587567062335
1.23,126,24,761.429420506009,5.06174748446108
1.23,126,27,760.846615475432,5.07650296428031
1.23,126,30,758.263102890357,5.09020003078104
1.23,126,33,753.731648600747,5.10291003636597
1.23,126,36,747.329399223972,5.11471438739575
1.23,126,39,739.151246859801,5.12570057414922
1.23,126,42,729.303408380974,5.13595805753623
1.23,126,45,717.897950864825,5.14557453236094
1.23,126,48,705.048769819914,5.15463304306625
1.23,126,51,690.869225653527,5.16321028413464
1.23,126,54,675.471334909675,5.17137621604619
1.23,126,57,658.966161364691,5.17919492337868
1.23,126,60,641.464903041243,5.18672648253767
1.23,126,63,623.080140359648,5.19402952064687
1.23,126,66,603.926784953957,5.20116413677034
1.23,126,69,584.122414286107,5.20819490329364
1.23,126,72,563.786851399247,5.215193739845
1.23,126,75,543.041012330294,5.22224252646005
1.23,126,78,522.005167887541,5.22943537795842
1.23,126,81,500.796839073062,5.2368805315398
1.23,126,84,479.528568028597,5.24470180989023
1.23,126,87,458.305790518494,5.25303962612094
1.23,126,90,437.22499737661,5.26205151175622
1.23,126,93,416.372325926273,5.27191219105422
1.23,126,96,395.822678782477,5.28281330523131
1.23,126,99,375.63943170808,5.29496300944901
1.23,126,102,355.874764120576,5.3085858087133
1.23,126,105,336.570621431027,5.32392313053673
1.23,126,108,317.760291696738,5.34123519462853
1.23,126,111,299.470544003119,5.36080465828132
1.23,126,114,281.724227919275,5.38294221271653
1.23,126,117,264.543170446505,5.40799372204874
1.23,126,120,247.951131075547,5.43634762105108
1.23,126,123,231.976493093218,5.46844018226389
1.23,126,126,216.654290033467,5.50475508530963
1.23,126,129,202.027102757412,5.54581274854547
1.23,126,132,188.144330842378,5.59214454028259
1.23,126,135,175.059365159812,5.64424787703159
1.23,126,138,162.824306163623,5.70252110031407
1.23,126,141,151.482144761203,5.76718260611584
1.23,126,144,141.056814449557,5.83818702084695
1.23,126,147,131.542247070749,5.91516060681196
1.23,126,150,122.892388301777,5.9973843204034
1.23,126,153,115.014716464104,6.08385019281381
1.23,126,156,107.769710078037,6.17340153298816
1.23,126,159,100.977664245717,6.26494430170125
1.23,126,162,94.4325230874814,6.35769920990477
1.23,126,165,87.9207646363769,6.4514665789559
1.23,126,168,81.2427200097642,6.54690548857797
1.23,126,171,74.2344897638946,6.64588364071873
1.23,126,174,66.7909139716956,6.75203877430026
1.23,126,177,58.8943418074847,6.87183608057517
1.23,126,180,50.6626885992604,7.01666583701226
1.23,129,-180,50.6626885992605,0.785840407392503
1.23,129,-177,43.3651536425421,0.967615154530321
1.23,129,-174,36.7072266776604,1.21632235359358
1.23,129,-171,32.0478385268957,1.56121841204537
1.23,129,-168,31.3027301991139,1.98558777568527
1.23,129,-165,35.533609374703,2.38858660255182
1.23,129,-162,43.8771650644139,2.69224313320948
1.23,129,-159,54.8444343960849,2.90267815504445
1.23,129,-156,67.3807702243145,3.05098842687819
1.23,129,-153,80.8691952829246,3.16084936655583
1.23,129,-150,94.9379653836689,3.24667438918873
1.23,129,-147,109.342030267147,3.3170022578117
1.23,129,-144,123.90509699483,3.37699902407272
1.23,129,-141,138.491779753557,3.42988029593876
1.23,129,-138,152.993685690535,3.47769455576015
1.23,129,-135,167.322010253549,3.52176638649231
1.23,129,-132,181.40322316659,3.5629592453766
1.23,129,-129,195.176261900771,3.60183955398738
1.23,129,-126,208.590545475698,3.63878413739276
1.23,129,-123,221.604570115567,3.6740529548963
1.23,129,-120,234.185042558758,3.70783884610557
1.23,129,-117,246.306540028751,3.74030085387896
1.23,129,-114,257.951627580245,3.77158517290137
1.23,129,-111,269.111277166742,3.80183663651345
1.23,129,-108,279.785369869371,3.83120317712999
1.23,129,-105,289.983053393943,3.85983546184386
1.23,129,-102,299.722776249179,3.88788368899046
1.23,129,-99,309.031912200482,3.91549323626847
1.23,129,-96,317.94599632748,3.94280046311047
1.23,129,-93,326.507688574474,3.96992952337626
1.23,129,-90,334.76563983092,3.99699059209129
1.23,129,-87,342.773447837557,4.02407950462409
1.23,129,-84,350.588855681842,4.05127849012414
1.23,129,-81,358.273274255983,4.07865747961487
1.23,129,-78,365.891618351133,4.10627539384551
1.23,129,-75,373.51235346986,4.13418086466282
1.23,129,-72,381.207575659646,4.16241200347359
1.23,129,-69,389.052904727157,4.1909950790997
1.23,129,-66,397.126971326283,4.21994227206409
1.23,129,-63,405.510322892208,4.24924898653062
1.23,129,-60,414.283657162844,4.27889146295001
1.23,129,-57,423.525403009823,4.30882557134035
1.23,129,-54,433.308788283066,4.33898760832905
1.23,129,-51,443.698640718789,4.36929763054487
1.23,129,-48,454.748236712107,4.39966534922431
1.23,129,-45,466.496523629068,4.42999797666399
1.23,129,-42,478.965984156764,4.4602088118135
1.23,129,-39,492.16129173509,4.49022496519183
1.23,129,-36,506.068748179393,4.51999260421505
1.23,129,-33,520.656335977901,4.5494785061604
1.23,129,-30,535.874100431473,4.57866746649356
1.23,129,-27,551.65453497439,4.60755603734013
1.23,129,-24,567.912693231891,4.63614391385362
1.23,129,-21,584.545887758513,4.66442480988996
1.23,129,-18,601.433029948275,4.69237872400107
1.23,129,-15,618.433872732419,4.71996708479275
1.23,129,-12,635.388583183809,4.74713151337317
1.23,129,-9,652.118146898703,4.77379607820308
1.23,129,-6,668.426062027765,4.79987219213561
1.23,129,-3,684.10162309233,4.82526489836012
1.23,129,0,698.92486138558,4.84987927736292
1.23,129,3,712.672956973789,4.87362601701768
1.23,129,6,725.127721140607,4.89642566658853
1.23,129,9,736.083600172029,4.91821156129436
1.23,129,12,745.355577718977,4.93893171559733
1.23,129,15,752.78634218931,4.95855007870795
1.23,129,18,758.252124511261,4.97704744747053
1.23,129,21,761.666696790057,4.99442212239458
1.23,129,24,762.983160843936,5.01069017646488
1.23,129,27,762.193354584799,5.02588507267926
1.23,129,30,759.324957053902,5.04005636402595
1.23,129,33,754.436650009862,5.05326733861797
1.23,129,36,747.611944890189,5.06559168954932
1.23,129,39,738.952451345077,5.07710952420847
1.23,129,42,728.571402691053,5.08790320834904
1.23,129,45,716.588149414696,5.09805361207813
1.23,129,48,703.124105410284,5.10763726848224
1.23,129,51,688.300334513238,5.11672479009995
1.23,129,54,672.236663541743,5.12538066344799
1.23,129,57,655.051964931224,5.1336643190937
1.23,129,60,636.865109848441,5.14163220753005
1.23,129,63,617.796066107885,5.14934052845454
1.23,129,66,597.966691385992,5.15684826300231
1.23,129,69,577.500918148425,5.16422022171739
1.23,129,72,556.524200627903,5.17152991128205
1.23,129,75,535.162257046511,5.17886210814512
1.23,129,78,513.539264107396,5.1863150864643
1.23,129,81,491.775732514137,5.19400247528234
1.23,129,84,469.98631288038,5.20205472293266
1.23,129,87,448.277761764239,5.21062014154996
1.23,129,90,426.747253124596,5.21986551127076
1.23,129,93,405.481166319919,5.22997626127535
1.23,129,96,384.554429352916,5.2411563267216
1.23,129,99,364.030452071159,5.25362790982946
1.23,129,102,343.96165060596,5.26763153670761
1.23,129,105,324.39054021258,5.28342696411511
1.23,129,108,305.35135539914,5.30129559263118
1.23,129,111,286.872138940364,5.32154500298067
1.23,129,114,268.977219282843,5.34451595781904
1.23,129,117,251.689962779412,5.37059161835159
1.23,129,120,235.035637521323,5.4002077650254
1.23,129,123,219.044155572419,5.43386149822011
1.23,129,126,203.752369718948,5.47211433323476
1.23,129,129,189.205493583181,5.51558402743381
1.23,129,132,175.457101724958,5.56491831915688
1.23,129,135,162.56707601665,5.62074377550906
1.23,129,138,150.596853002719,5.68358536130205
1.23,129,141,139.601496920285,5.75375877661158
1.23,129,144,129.618616853836,5.8312493275552
1.23,129,147,120.655075861982,5.91560700707373
1.23,129,150,112.673724619505,6.00590143142274
1.23,129,153,105.5835773074,6.10078080748661
1.23,129,156,99.2371345479348,6.19865610916023
1.23,129,159,93.4372883287428,6.29798935188783
1.23,129,162,87.9536307194575,6.39762766255145
1.23,129,165,82.5453195729252,6.49712225592703
1.23,129,168,76.9864696078476,6.59701291122681
1.23,129,171,71.0910144066004,6.69912869805497
1.23,129,174,64.7367987274043,6.80703855177723
1.23,129,177,57.893051034837,6.92689029906963
1.23,129,180,50.6626885992605,7.06902571457209
1.23,132,-180,50.6626885992604,0.838200284952333
1.23,132,-177,44.3022805949359,1.01131378847968
1.23,132,-174,38.3992823613971,1.24008583224003
1.23,132,-171,34.0635327254289,1.54689227891437
1.23,132,-168,32.8613462224057,1.92416867704444
1.23,132,-165,35.9176173539558,2.30256242268039
1.23,132,-162,42.9130795629944,2.60893478877236
1.23,132,-159,52.6863720663005,2.83120904270894
1.23,132,-156,64.218674271068,2.99060373564612
1.23,132,-153,76.8485515567241,3.10874469515627
1.23,132,-150,90.1610811956652,3.20034890107948
1.23,132,-147,103.881031730758,3.27461005238
1.23,132,-144,117.812401062863,3.33724651393489
1.23,132,-141,131.807261096312,3.39187416440813
1.23,132,-138,145.749530745486,3.44081963453191
1.23,132,-135,159.546017935829,3.48559817079432
1.23,132,-132,173.120976189267,3.52720290179282
1.23,132,-129,186.41240723115,3.56628767374575
1.23,132,-126,199.369359466703,3.60328774984219
1.23,132,-123,211.94998637476,3.63850211768622
1.23,132,-120,224.120342116038,3.67215025154515
1.23,132,-117,235.853913007482,3.70441053218592
1.23,132,-114,247.131798581474,3.73544474783838
1.23,132,-111,257.943342293252,3.76541184819921
1.23,132,-108,268.286930987221,3.79447361312665
1.23,132,-105,278.170668440352,3.82279466206762
1.23,132,-102,287.612685964219,3.8505390136494
1.23,132,-99,296.640962298438,3.87786509816704
1.23,132,-96,305.292653269774,3.90492071523317
1.23,132,-93,313.613045465901,3.931838953064
1.23,132,-90,321.654321969856,3.95873560235507
1.23,132,-87,329.474348963728,3.98570816214359
1.23,132,-84,337.135659790874,4.01283619046903
1.23,132,-81,344.704738988648,4.04018252569537
1.23,132,-78,352.251611505695,4.06779480581763
1.23,132,-75,359.849643781926,4.09570674013645
1.23,132,-72,367.575384777205,4.12393872652678
1.23,132,-69,375.508233108082,4.15249763467837
1.23,132,-66,383.729720656299,4.18137585739548
1.23,132,-63,392.322253953522,4.21055002223244
1.23,132,-60,401.367243865806,4.23997999524141
1.23,132,-57,410.942665316357,4.26960892989688
1.23,132,-54,421.120200416933,4.29936505534538
1.23,132,-51,431.962207123147,4.32916562524106
1.23,132,-48,443.518800728637,4.35892298083252
1.23,132,-45,455.825323950006,4.38855210653552
1.23,132,-42,468.900411624645,4.41797851913452
1.23,132,-39,482.744740964007,4.44714500230498
1.23,132,-36,497.340423597187,4.47601571307749
1.23,132,-33,512.650874181786,4.50457659552074
1.23,132,-30,528.620913461098,4.53283177085031
1.23,132,-27,545.176852637796,4.56079645541062
1.23,132,-24,562.226367137943,4.58848775184359
1.23,132,-21,579.658091700072,4.61591514064617
1.23,132,-18,597.341031544066,4.64307253106965
1.23,132,-15,615.124051184107,4.66993330610409
1.23,132,-12,632.835831796455,4.69644904666261
1.23,132,-9,650.28574081232,4.72255176959135
1.23,132,-6,667.266009352727,4.74815880601299
1.23,132,-3,683.555466169134,4.77317906149203
1.23,132,0,698.92486138558,4.79751939980309
1.23,132,3,713.143578489771,4.82109021171027
1.23,132,6,725.987327599936,4.84380971259575
1.23,132,9,737.246269191571,4.86560697667128
1.23,132,12,746.732944598866,4.88642401963014
1.23,132,15,754.289380838129,4.90621732476507
1.23,132,18,759.792782364291,4.9249590939952
1.23,132,21,763.159317597588,4.94263828066524
1.23,132,24,764.345657161325,4.95926123399566
1.23,132,27,763.348126425243,4.97485164886854
1.23,132,30,760.199586913813,4.98944952030091
1.23,132,33,754.964428877598,5.00310894817574
1.23,132,36,747.732292686511,5.015894876796
1.23,132,39,738.611286883967,5.02787910967877
1.23,132,42,727.721496225458,5.0391361335188
1.23,132,45,715.189462509709,5.04973935843805
1.23,132,48,701.144096796051,5.05975831480639
1.23,132,51,685.714193504451,5.06925716299645
1.23,132,54,669.027427650544,5.07829462710833
1.23,132,57,651.210484455364,5.08692522507653
1.23,132,60,632.389835617279,5.09520149328809
1.23,132,63,612.69265247819,5.10317682432521
1.23,132,66,592.247421255491,5.11090854986403
1.23,132,69,571.183968447192,5.11846097976366
1.23,132,72,549.632775635392,5.12590821400552
1.23,132,75,527.72362424465,5.13333664040674
1.23,132,78,505.583734414553,5.14084709507738
1.23,132,81,483.335634096608,5.14855668836682
1.23,132,84,461.0950145006,5.1566002954061
1.23,132,87,438.968805837684,5.16513169603851
1.23,132,90,417.053657694641,5.17432434676267
1.23,132,93,395.434946462214,5.1843717989377
1.23,132,96,374.186370438316,5.19548785870137
1.23,132,99,353.370139960441,5.2079067199614
1.23,132,102,333.03772982684,5.22188348150626
1.23,132,105,313.231136002673,5.23769565014172
1.23,132,108,293.984567464065,5.25564637549037
1.23,132,111,275.326503863253,5.27607017499706
1.23,132,114,257.282054342979,5.29934168786454
1.23,132,117,239.875552715109,5.32588743875548
1.23,132,120,223.133306921977,5.35619960734939
1.23,132,123,207.086372740545,5.39084933706808
1.23,132,126,191.773131101261,5.43049518407907
1.23,132,129,177.241307559459,5.47588001395173
1.23,132,132,163.548882390241,5.52780731008191
1.23,132,135,150.763120121976,5.58708623068802
1.23,132,138,138.956758412977,5.65443549808056
1.23,132,141,128.200374164052,5.7303422951143
1.23,132,144,118.550327694242,5.81488758261256
1.23,132,147,110.032761243595,5.9075752025873
1.23,132,150,102.625996958355,6.00723159173634
1.23,132,153,96.2458382064867,6.11205470624086
1.23,132,156,90.7393982580215,6.21985869560075
1.23,132,159,85.8916803109776,6.3284834579545
1.23,132,162,81.4451349827701,6.43626119151889
1.23,132,165,77.127968184513,6.54241925321844
1.23,132,168,72.6849212548928,6.64736764342633
1.23,132,171,67.9056976719843,6.7529250923933
1.23,132,174,62.6500533473842,6.86262804650095
1.23,132,177,56.8733827388184,6.98233402632329
1.23,132,180,50.6626885992604,7.12138559213192
1.23,135,-180,50.6626885992604,0.890560162512164
1.23,135,-177,45.2595249234127,1.05474867710408
1.23,135,-174,40.1457043866774,1.2644655335911
1.23,135,-171,36.2223174513769,1.53655243545152
1.23,135,-168,34.7499398455839,1.86858562221079
1.23,135,-165,36.8003732052896,2.21560141692929
1.23,135,-162,42.4581771846956,2.51665320031429
1.23,135,-159,50.9414263855699,2.74751945528396
1.23,135,-156,61.3458476187456,2.91791881171029
1.23,135,-153,72.9969573492599,3.0453971621664
1.23,135,-150,85.4434494052181,3.14407541038177
1.23,135,-147,98.3795581287203,3.22350567903734
1.23,135,-144,111.587994004916,3.28988686140567
1.23,135,-141,124.907002148218,3.34723606998099
1.23,135,-138,138.212076633835,3.39817854266169
1.23,135,-135,151.405395571763,3.44444263393363
1.23,135,-132,164.409142563963,3.48717038083646
1.23,135,-129,177.160817076402,3.52711803044673
1.23,135,-126,189.609725238157,3.5647902745549
1.23,135,-123,201.714412493377,3.60053278096412
1.23,135,-120,213.441033761802,3.63459666964186
1.23,135,-117,224.762670763993,3.66718266982722
1.23,135,-114,235.659498290843,3.69846971949997
1.23,135,-111,246.119561929659,3.72863142733609
1.23,135,-108,256.139830245738,3.75784328667098
1.23,135,-105,265.727163907393,3.78628330158703
1.23,135,-102,274.898907017714,3.81412847280937
1.23,135,-99,283.682928829002,3.84154927496011
1.23,135,-96,292.117089912446,3.86870382355751
1.23,135,-93,300.248238059341,3.89573292383482
1.23,135,-90,308.130927176144,3.92275667714771
1.23,135,-87,315.826082566128,3.94987285364787
1.23,135,-84,323.399808042661,3.97715686646232
1.23,135,-81,330.922456207852,4.00466292957494
1.23,135,-78,338.467983178073,4.03242585900402
1.23,135,-75,346.113507064521,4.06046298054528
1.23,135,-72,353.938908812092,4.08877572159172
1.23,135,-69,362.026272650003,4.1173506639535
1.23,135,-66,370.458970990227,4.14616008456145
1.23,135,-63,379.320254218953,4.17516226695652
1.23,135,-60,388.69129802532,4.20430207445405
1.23,135,-57,398.648769829856,4.23351237671296
1.23,135,-54,409.262077221429,4.2627168629292
1.23,135,-51,420.590531621964,4.29183453077679
1.23,135,-48,432.680682504102,4.32078573084858
1.23,135,-45,445.564045041895,4.34949915029435
1.23,135,-42,459.255363936444,4.3779186658354
1.23,135,-39,473.751447560817,4.40600873395114
1.23,135,-36,489.03049662667,4.43375703463295
1.23,135,-33,505.051767983536,4.46117348748914
1.23,135,-30,521.755377544906,4.48828545247025
1.23,135,-27,539.06206536342,4.51512974968493
1.23,135,-24,556.87281689163,4.54174286390168
1.23,135,-21,575.068344466158,4.56815112928875
1.23,135,-18,593.508562872356,4.59436268816768
1.23,135,-15,612.032318352631,4.62036258024303
1.23,135,-12,630.457723158322,4.64611157430958
1.23,135,-9,648.583478805719,4.67154852231188
1.23,135,-6,666.191520167485,4.69659533223654
1.23,135,-3,683.051177963241,4.72116329540253
1.23,135,0,698.92486138558,4.74515952224326
1.23,135,3,713.575045581547,4.76849257032227
1.23,135,6,726.772153863289,4.79107683291234
1.23,135,9,738.302783652099,4.81283571639877
1.23,135,12,747.977651642316,4.83370393061069
1.23,135,15,755.638626014183,4.85362928815788
1.23,135,18,761.164264954002,4.87257428257452
1.23,135,21,764.473387228259,4.89051747837549
1.23,135,24,765.526361804369,4.90745451045604
1.23,135,27,764.324016582829,4.92339835171357
1.23,135,30,760.904316579041,4.93837851913614
1.23,135,33,755.337217835026,4.95243904802574
1.23,135,36,747.718319802097,4.96563532061236
1.23,135,39,738.162068983379,4.97803010824706
1.23,135,42,726.795277178692,4.98968939137656
1.23,135,45,713.751601949291,5.00067859718237
1.23,135,48,699.167418191586,5.0110598208579
1.23,135,51,683.179235074547,5.02089039840642
1.23,135,54,665.922539697581,5.03022293686426
1.23,135,57,647.531730712608,5.03910665524482
1.23,135,60,628.140678068595,5.04758970792717
1.23,135,63,607.8834219778,5.05572208387985
1.23,135,66,586.894594936778,5.06355869737731
1.23,135,69,565.309287163602,5.07116237851306
1.23,135,72,543.262241219508,5.0786065920118
1.23,135,75,520.886419629841,5.08597782096176
1.23,135,78,498.311112247078,5.09337762281953
1.23,135,81,475.659822894607,5.10092439155236
1.23,135,84,453.048195495923,5.10875485176911
1.23,135,87,430.582216545254,5.11702528887409
1.23,135,90,408.35687717006,5.12591250897289
1.23,135,93,386.455409227295,5.13561454756508
1.23,135,96,364.949139172036,5.14635122492754
1.23,135,99,343.897941054797,5.15836478574583
1.23,135,102,323.351223054257,5.17192105260823
1.23,135,105,303.34935493149,5.18731173841534
1.23,135,108,283.925438694359,5.20485874781948
1.23,135,111,265.10734032199,5.22492137280381
1.23,135,114,246.919930677329,5.24790715025854
1.23,135,117,229.38751689968,5.2742866833213
1.23,135,120,212.536463966447,5.30461181193309
1.23,135,123,196.39798812145,5.33953503061641
1.23,135,126,181.011026964165,5.37982587082774
1.23,135,129,166.424934897773,5.42637697694955
1.23,135,132,152.701502700357,5.48018879198355
1.23,135,135,139.915455442479,5.54231754725067
1.23,135,138,128.152181551586,5.61376830327215
1.23,135,141,117.501120674159,5.69531748400068
1.23,135,144,108.043306062583,5.7872657507068
1.23,135,147,99.8325604762578,5.88916096662123
1.23,135,150,92.8723119199488,5.99958938554308
1.23,135,153,87.093666125561,6.11617678296776
1.23,135,156,82.3432641300028,6.23590719690676
1.23,135,159,78.3884135466464,6.35572634332406
1.23,135,162,74.9408428065416,6.4732324993713
1.23,135,165,71.6927124749812,6.58721818365394
1.23,135,168,68.3548662975559,6.69795592662927
1.23,135,171,64.6897730157945,6.80730621311733
1.23,135,174,60.5374468882669,6.91883811255834
1.23,135,177,55.8384043085783,7.03817505888902
1.23,135,180,50.6626885992604,7.17374546969175
1.23,138,-180,50.6626885992603,0.942920040071993
1.23,138,-177,46.2346045351244,1.09796138004487
1.23,138,-174,41.9424212039187,1.28950787547564
1.23,138,-171,38.5136318150684,1.53008679906613
1.23,138,-168,36.95034725994,1.81989343593107
1.23,138,-165,38.2041634195604,2.13134910264436
1.23,138,-162,42.61006978054,2.41859655735627
1.23,138,-159,49.7552982913675,2.65268628495964
1.23,138,-156,58.9242017628258,2.83251453491027
1.23,138,-153,69.4772059485635,2.96970377332883
1.23,138,-150,80.943963188192,3.07653219163008
1.23,138,-147,92.9922048965263,3.16236367699697
1.23,138,-144,105.38323453477,3.23367920387588
1.23,138,-141,117.940490352624,3.29484023024277
1.23,138,-138,130.530195273111,3.34876593971391
1.23,138,-135,143.04942224889,3.39741002355896
1.23,138,-132,155.418190030932,3.44207912722679
1.23,138,-129,167.5737269136,3.48364625722645
1.23,138,-126,179.466079668718,3.52269709515762
1.23,138,-123,191.054835155933,3.55963259764994
1.23,138,-120,202.30697055408,3.59474151613395
1.23,138,-117,213.195856980271,3.62825077089503
1.23,138,-114,223.701314019377,3.66035863398407
1.23,138,-111,233.810449790096,3.69125432564833
1.23,138,-108,243.518902609992,3.72112711787697
1.23,138,-105,252.832070399015,3.75016783791217
1.23,138,-102,261.765977786679,3.77856546892304
1.23,138,-99,270.34756303556,3.80650122504861
1.23,138,-96,278.614326567421,3.83414202277812
1.23,138,-93,286.613428864582,3.86163473159872
1.23,138,-90,294.400426670273,3.88910203459379
1.23,138,-87,302.037876593092,3.91664022823756
1.23,138,-84,309.594013731521,3.944318886436
1.23,138,-81,317.14164203028,3.97218203360112
1.23,138,-78,324.75727393619,4.0002503238807
1.23,138,-75,332.520454862068,4.0285237021209
1.23,138,-72,340.513127473312,4.05698410817402
1.23,138,-69,348.818850775582,4.08559795197837
1.23,138,-66,357.521698844297,4.11431829738614
1.23,138,-63,366.704721572733,4.14308690677171
1.23,138,-60,376.447941279664,4.17183646973088
1.23,138,-57,386.825961987559,4.20049341991196
1.23,138,-54,397.905356785821,4.22898169357139
1.23,138,-51,409.742050149297,4.2572275824844
1.23,138,-48,422.378912928368,4.28516550030846
1.23,138,-45,435.843737941153,4.3127440805952
1.23,138,-42,450.147677658547,4.33993166398912
1.23,138,-39,465.284126722531,4.36672003749227
1.23,138,-36,481.227948512862,4.39312536402921
1.23,138,-33,497.934898882256,4.41918562538369
1.23,138,-30,515.341101839724,4.44495454240358
1.23,138,-27,533.362478214349,4.47049268760789
1.23,138,-24,551.894106437124,4.49585716491489
1.23,138,-21,570.809588760056,4.52109160278169
1.23,138,-18,589.9605921378,4.54621816801036
1.23,138,-15,609.176817277308,4.57123285665985
1.23,138,-12,628.266706302041,4.59610458240497
1.23,138,-9,647.019210100257,4.62077777500774
1.23,138,-6,665.206883879194,4.64517755014641
1.23,138,-3,682.590458678291,4.66921618129283
1.23,138,0,698.92486138558,4.69279964468343
1.23,138,3,713.966457047733,4.7158333485326
1.23,138,6,727.481102593506,4.7382266424784
1.23,138,9,739.252462090979,4.75989615662733
1.23,138,12,749.089958160523,4.78076830555032
1.23,138,15,756.835726700776,4.80078135377206
1.23,138,18,762.369999853983,4.81988730260571
1.23,138,21,765.614460766956,4.83805361241649
1.23,138,24,766.53328835396,4.85526453229414
1.23,138,27,765.131831575535,4.87152166839666
1.23,138,30,761.453100990417,4.8868434369575
1.23,138,33,755.57250779115,4.90126321629743
1.23,138,36,747.591475525457,4.91482628155828
1.23,138,39,737.630657148632,4.92758589227019
1.23,138,42,725.82348436177,4.93959911830278
1.23,138,45,712.310655794526,4.95092306984356
1.23,138,48,697.235959774706,4.96161212032774
1.23,138,51,680.743569929858,4.97171650407376
1.23,138,54,662.97669916552,4.98128239583567
1.23,138,57,644.077296255889,4.99035331455769
1.23,138,60,624.186351220818,4.9989725035474
1.23,138,63,603.444352771425,5.00718585866012
1.23,138,66,581.991505171334,5.01504500284444
1.23,138,69,559.967438654555,5.02261020800587
1.23,138,72,537.510303944566,5.02995299807262
1.23,138,75,514.755293660161,5.03715838756086
1.23,138,78,491.832754291666,5.04432678978087
1.23,138,81,468.866125907354,5.05157565969672
1.23,138,84,445.969968850007,5.05904092792066
1.23,138,87,423.248313543557,5.06687825624602
1.23,138,90,400.793513588444,5.07526412870223
1.23,138,93,378.685708333609,5.08439681152507
1.23,138,96,356.992923143476,5.09449729057318
1.23,138,99,335.771765504667,5.1058104348054
1.23,138,102,315.068622318958,5.11860683389459
1.23,138,105,294.921235228362,5.13318599264142
1.23,138,108,275.360530977696,5.14988178849737
1.23,138,111,256.412613097208,5.16907124199843
1.23,138,114,238.100874171411,5.19118762199847
1.23,138,117,220.448251647229,5.21673859727469
1.23,138,120,203.479703685116,5.24632942091015
1.23,138,123,187.22499815805,5.28068982407943
1.23,138,126,171.721858001544,5.32070115231551
1.23,138,129,157.019359947945,5.36741690579342
1.23,138,132,143.181211335331,5.42206468058794
1.23,138,135,130.288101197231,5.48601005444665
1.23,138,138,118.437720959543,5.56065384127064
1.23,138,141,107.740335914648,5.64722782146462
1.23,138,144,98.3072561487415,5.74646340574455
1.23,138,147,90.2299846424907,5.85815578092684
1.23,138,150,83.5504972421093,5.98075005236407
1.23,138,153,78.2287900395131,6.11119726481616
1.23,138,156,74.1202796137822,6.24533210893085
1.23,138,159,70.9766438345574,6.37878256499477
1.23,138,162,68.4746024524633,6.50805832628214
1.23,138,165,66.2631602333356,6.63134114021701
1.23,138,168,64.0127672479906,6.74876177958276
1.23,138,171,61.4543284821921,6.86231251645832
1.23,138,174,58.4057348296218,6.97570380611502
1.23,138,177,54.7912091661999,7.09442130215549
1.23,138,180,50.6626885992603,7.22610534725158
1.23,141,-180,50.6626885992604,0.995279917631822
1.23,141,-177,47.2251464576737,1.14099115491045
1.23,141,-174,43.784956461287,1.31524522581045
1.23,141,-171,40.9260952336818,1.52731641873031
1.23,141,-168,39.4377880778355,1.77857025592281
1.23,141,-165,40.1242218232602,2.05297050255313
1.23,141,-162,43.4367017584758,2.31896779689084
1.23,141,-159,49.265083044366,2.54928537230523
1.23,141,-156,57.1268968475651,2.73505313438886
1.23,141,-153,66.4739990365362,2.88113183014093
1.23,141,-150,76.8472646951858,2.99661729968478
1.23,141,-147,87.8994870727803,3.08987716889524
1.23,141,-144,99.3738520091772,3.16729626831832
1.23,141,-141,111.079336197874,3.23342530751905
1.23,141,-138,122.872444314528,3.29142312135239
1.23,141,-135,134.644684574334,3.3434567767785
1.23,141,-132,146.313690718847,3.39100181890445
1.23,141,-129,157.816492791238,3.43505726698542
1.23,141,-126,169.104217827427,3.47629929085531
1.23,141,-123,180.138034180515,3.51519208467167
1.23,141,-120,190.886391068423,3.5520679395743
1.23,141,-117,201.323603629588,3.58718391310773
1.23,141,-114,211.42968813796,3.62075989549104
1.23,141,-111,221.191166550874,3.65300169275279
1.23,141,-108,230.602420979624,3.68411234523029
1.23,141,-105,239.667136183706,3.71429477737626
1.23,141,-102,248.399428473382,3.74374872344544
1.23,141,-99,256.824395793302,3.77266456317991
1.23,141,-96,264.977992786542,3.80121622843477
1.23,141,-93,272.906292289715,3.82955476873227
1.23,141,-90,280.664307653536,3.85780357218351
1.23,141,-87,288.314601016021,3.88605569897983
1.23,141,-84,295.925889823609,3.91437334706017
1.23,141,-81,303.571799639368,3.94278916014582
1.23,141,-78,311.329817030534,3.97130891363697
1.23,141,-75,319.28039787112,3.9999150641794
1.23,141,-72,327.506108632755,4.02857070209166
1.23,141,-69,336.090640171291,4.05722357232
1.23,141,-66,345.117544148364,4.08580999498568
1.23,141,-63,354.668598277084,4.11425868515344
1.23,141,-60,364.821792879047,4.14249460715057
1.23,141,-57,375.649024155109,4.17044306672407
1.23,141,-54,387.213653066591,4.19803421497747
1.23,141,-51,399.568121678233,4.22520799592093
1.23,141,-48,412.751801581002,4.25191932545447
1.23,141,-45,426.78918699707,4.27814299102781
1.23,141,-42,441.688457847638,4.30387749203574
1.23,141,-39,457.440353151406,4.32914690547061
1.23,141,-36,474.01723937653,4.35399995150402
1.23,141,-33,491.372248265765,4.37850578977138
1.23,141,-30,509.438394932708,4.40274665722768
1.23,141,-27,528.127656009585,4.4268081337076
1.23,141,-24,547.330068886406,4.45076840603492
1.23,141,-21,566.91298906684,4.47468821196149
1.23,141,-18,586.720704190247,4.49860306693613
1.23,141,-15,606.574647460232,4.52251891229862
1.23,141,-12,626.274476402491,4.54641159856065
1.23,141,-9,645.600275241232,4.57022983974508
1.23,141,-6,664.316086912957,4.59390066209904
1.23,141,-3,682.174874946834,4.61733607622242
1.23,141,0,698.92486138558,4.6404397671236
1.23,141,3,714.317006352607,4.66311294734841
1.23,141,6,728.113219739152,4.6852590010429
1.23,141,9,740.094757298658,4.70678699048409
1.23,141,12,750.070174772201,4.72761437060661
1.23,141,15,757.882205494763,4.74766930744303
1.23,141,18,763.412990777244,4.76689285135595
1.23,141,21,766.587223601169,4.7852409641493
1.23,141,24,767.37295515251,4.80268615302308
1.23,141,27,765.780044112137,4.81921832180805
1.23,141,30,761.856475012588,4.83484446574446
1.23,141,33,755.683000136473,4.84958700900769
1.23,141,36,747.366731322116,4.86348086142443
1.23,141,39,737.034390992666,4.87656956701251
1.23,141,42,724.825908426445,4.88890114191113
1.23,141,45,710.888922051765,4.90052428609705
1.23,141,48,695.374546969882,4.91148557863668
1.23,141,51,678.434529162357,4.92182805573667
1.23,141,54,660.219678580531,4.931591288344
1.23,141,57,640.87929178137,4.94081280060308
1.23,141,60,620.561167569193,4.94953047029959
1.23,141,63,599.41179652927,4.95778546508232
1.23,141,66,577.576361149815,4.96562529378596
1.23,141,69,555.198297398988,4.97310665957102
1.23,141,72,532.418312575407,4.98029794412254
1.23,141,75,509.372897480722,4.98728128450689
1.23,141,78,486.1924874964,4.99415429554374
1.23,141,81,462.999500168323,5.0010315299263
1.23,141,84,439.90650053181,5.00804576410981
1.23,141,87,417.014723626586,5.01534917200051
1.23,141,90,394.41312730584,5.02311442882103
1.23,141,93,372.17807170564,5.03153580173572
1.23,141,96,350.373639171521,5.04083035328887
1.23,141,99,329.052533267531,5.05123951946412
1.23,141,102,308.257438968449,5.06303152364496
1.23,141,105,288.02269728027,5.07650533242775
1.23,141,108,268.376152485646,5.09199711331404
1.23,141,111,249.341070679412,5.10989036474424
1.23,141,114,230.938099332418,5.13063098653252
1.23,141,117,213.187325921058,5.1547484579548
1.23,141,120,196.110577152663,5.18288388095644
1.23,141,123,179.734150500712,5.2158247591301
1.23,141,126,164.092155342553,5.25454471121185
1.23,141,129,149.230530081074,5.3002432491668
1.23,141,132,135.211558107887,5.35437512596324
1.23,141,135,122.118276568281,5.41864870332919
1.23,141,138,110.057473922068,5.49495629277266
1.23,141,141,99.15891261441,5.5851775011518
1.23,141,144,89.5670580869468,5.69078240935216
1.23,141,147,81.4206649395702,5.81219549052438
1.23,141,150,74.8171832626711,5.94803078556219
1.23,141,153,69.7662230420103,6.0945848759305
1.23,141,156,66.1489367731119,6.2461510099726
1.23,141,159,63.7078681472323,6.39637835113078
1.23,141,162,62.0803448891724,6.5400894682929
1.23,141,165,60.8623735418837,6.67455651126004
1.23,141,168,59.6746309595975,6.79976600197688
1.23,141,171,58.210239705824,6.91799307545692
1.23,141,174,56.2616302292767,7.03326492793927
1.23,141,177,53.7349061235819,7.15108069735187
1.23,141,180,50.6626885992604,7.27846522481141
1.23,144,-180,50.6626885992604,1.04763979519165
1.23,144,-177,48.2286913556979,1.18387491969235
1.23,144,-174,45.6684681614555,1.34169839548664
1.23,144,-171,43.4478006024809,1.52802255284115
1.23,144,-168,42.1837967699344,1.74463608780701
1.23,144,-165,42.5328414575997,1.98273398741567
1.23,144,-162,44.9660300524978,2.22225526202468
1.23,144,-159,49.5792002692924,2.44137161585132
1.23,144,-156,56.1217626533593,2.62773661722588
1.23,144,-153,64.1847902320216,2.78022440513905
1.23,144,-150,73.3604789442571,2.90383630675495
1.23,144,-147,83.308111726137,3.00501585323836
1.23,144,-144,93.7619958335224,3.08948297271077
1.23,144,-141,104.520003611268,3.161685510214
1.23,144,-138,115.429851701132,3.22488576552279
1.23,144,-135,126.377580890212,3.28140645628937
1.23,144,-132,137.278385489503,3.33287141051458
1.23,144,-129,148.069159476494,3.38040147858323
1.23,144,-126,158.702368358237,3.42476555147742
1.23,144,-123,169.141201448005,3.46649500778331
1.23,144,-120,179.356133804111,3.50596928299759
1.23,144,-117,189.322997037942,3.54347808533205
1.23,144,-114,199.022488718079,3.57926422151341
1.23,144,-111,208.44084004267,3.6135503129331
1.23,144,-108,217.57120038926,3.64655256324861
1.23,144,-105,226.415238400286,3.67848479068048
1.23,144,-102,234.984511070475,3.70955588549066
1.23,144,-99,243.301287817817,3.73996358041398
1.23,144,-96,251.398690446702,3.76988694237286
1.23,144,-93,259.320176068376,3.7994793891191
1.23,144,-90,267.118513288354,3.8288634014555
1.23,144,-87,274.854463548134,3.8581275214167
1.23,144,-84,282.59537726821,3.88732575283438
1.23,144,-81,290.413859994506,3.91647913944187
1.23,144,-78,298.386578125389,3.94557909079715
1.23,144,-75,306.59318237499,3.97459194427396
1.23,144,-72,315.115254343301,4.00346426699662
1.23,144,-69,324.035145819653,4.03212848396697
1.23,144,-66,333.434590033236,4.06050853659779
1.23,144,-63,343.393015014183,4.0885254014664
1.23,144,-60,353.985565968922,4.11610240788763
1.23,144,-57,365.280922723552,4.14317036211671
1.23,144,-54,377.339055082714,4.1696724938469
1.23,144,-51,390.209074796765,4.19556917059589
1.23,144,-48,403.927311770123,4.22084217662439
1.23,144,-45,418.515673843263,4.24549815253483
1.23,144,-42,433.980267077864,4.26957060162287
1.23,144,-39,450.310186214077,4.29311977698014
1.23,144,-36,467.476357664873,4.31622985487936
1.23,144,-33,485.430340704002,4.33900311969699
1.23,144,-30,504.103058489388,4.36155140322441
1.23,144,-27,523.40351665446,4.38398562202327
1.23,144,-24,543.217646972751,4.40640476795311
1.23,144,-21,563.40746894363,4.428885956405
1.23,144,-18,583.810789404736,4.45147701834184
1.23,144,-15,604.241666543725,4.47419264415556
1.23,144,-12,624.49185723414,4.49701437585706
1.23,144,-9,644.333443671856,4.51989400121101
1.23,144,-6,663.522785286391,4.54275933551539
1.23,144,-3,681.80585193226,4.56552112382861
1.23,144,0,698.92486138558,4.58807988956377
1.23,144,3,714.625981163707,4.61033191596021
1.23,144,6,728.667688211179,4.63217402463134
1.23,144,9,740.829241637433,4.65350724578639
1.23,144,12,750.918640877595,4.67423973424869
1.23,144,15,758.779431924901,4.69428932470607
1.23,144,18,764.295793715622,4.71358596816323
1.23,144,21,767.395480628511,4.73207403681811
1.23,144,24,768.050400930185,4.74971423702062
1.23,144,27,766.274851291918,4.76648472625391
1.23,144,30,762.121672740556,4.78238104500234
1.23,144,33,755.67680745774,4.79741464773677
1.23,144,36,747.052884083047,4.81161009746434
1.23,144,39,736.382516485661,4.82500129052969
1.23,144,42,723.81195873847,4.83762731174786
1.23,144,45,709.495628046733,4.849528615815
1.23,144,48,693.591815086833,4.86074416340868
1.23,144,51,676.259684479194,4.87130993270614
1.23,144,54,657.657464631031,4.88125894166119
1.23,144,57,637.941567230829,4.89062263268222
1.23,144,60,617.266282761922,4.89943325966686
1.23,144,63,595.783677395186,4.9077268186452
1.23,144,66,573.643363757964,4.91554608114656
1.23,144,69,550.991917558609,4.92294339529715
1.23,144,72,527.971840337957,4.92998306741143
1.23,144,75,504.720099268281,4.93674327974683
1.23,144,78,481.366383961423,4.94331760447179
1.23,144,81,458.031290738836,4.94981622588333
1.23,144,84,434.824669266473,4.95636698826852
1.23,144,87,411.844346723152,4.96311636585393
1.23,144,90,389.175389839397,4.97023043167082
1.23,144,93,366.88998850643,4.97789591168752
1.23,144,96,345.047960891319,4.98632147139426
1.23,144,99,323.697803234925,4.99573950665088
1.23,144,102,302.878150299426,5.00640889949446
1.23,144,105,282.619485081744,5.01861944049166
1.23,144,108,262.945946032784,5.03269888798437
1.23,144,111,243.877128863064,5.04902389761091
1.23,144,114,225.429863306537,5.06803627292878
1.23,144,117,207.620049570949,5.09026611524198
1.23,144,120,190.464742861146,5.11636343105655
1.23,144,123,173.98475006527,5.14713948596191
1.23,144,126,158.208022436695,5.18361842797211
1.23,144,129,143.174066448382,5.22709782503366
1.23,144,132,128.93942469972,5.27921232509344
1.23,144,135,115.583949654284,5.34198460798117
1.23,144,138,103.216985511303,5.41782670038549
1.23,144,141,91.9814372758291,5.50941570391242
1.23,144,144,82.0516852729022,5.61931220236894
1.23,144,147,73.6184181849941,5.74915819134178
1.23,144,150,66.8517297342632,5.89841985604484
1.23,144,153,61.8395133417356,6.06312033492032
1.23,144,156,58.5182286100898,6.2356716334198
1.23,144,159,56.6373560000858,6.40674552954572
1.23,144,162,55.7923178650615,6.56843407112746
1.23,144,165,55.5127482694973,6.71655645614013
1.23,144,168,55.3558871699709,6.85094481298235
1.23,144,171,54.9681075379666,6.97440759368246
1.23,144,174,54.1117771831637,7.09156664360939
1.23,144,177,52.6726090061456,7.20816113081028
1.23,144,180,50.6626885992604,7.33082510237124
1.23,147,-180,50.6626885992604,1.09999967275148
1.23,147,-177,49.2426989879739,1.22664725399865
1.23,147,-174,47.5877874102682,1.36887884719995
1.23,147,-171,46.0665277833829,1.53196738747443
1.23,147,-168,45.1584860496657,1.71779484889743
1.23,147,-165,45.3864427138674,1.92189152087252
1.23,147,-162,47.1844098976165,2.13238504283944
1.23,147,-159,50.7587636555681,2.33390828416408
1.23,147,-156,56.0474367355431,2.51445271491338
1.23,147,-153,62.8010920559605,2.66910259015522
1.23,147,-150,70.7020774326875,2.79882712375364
1.23,147,-147,79.4459153108674,2.90744383459859
1.23,147,-144,88.7750928087441,2.99935130576137
1.23,147,-141,98.4848480513279,3.07846455059088
1.23,147,-138,108.41795215643,3.14790456770373
1.23,147,-135,118.456616484038,3.21002028107844
1.23,147,-132,128.514304673374,3.26651880634199
1.23,147,-129,138.528175992642,3.31861174963043
1.23,147,-126,148.452404796033,3.36714659598339
1.23,147,-123,158.252633604967,3.41271568540901
1.23,147,-120,167.901849482993,3.45574265407844
1.23,147,-117,177.377877759823,3.49654797878156
1.23,147,-114,186.662477678293,3.53539561977279
1.23,147,-111,195.741781967395,3.57252306855409
1.23,147,-108,204.607633193642,3.60815755564028
1.23,147,-105,213.259288969008,3.64252156800508
1.23,147,-102,221.705006067059,3.67583096951684
1.23,147,-99,229.963143188103,3.70828883580754
1.23,147,-96,238.062596866407,3.74007765402738
1.23,147,-93,246.042556823518,3.77135190974734
1.23,147,-90,253.951699186077,3.80223240910716
1.23,147,-87,261.847008449875,3.83280306052157
1.23,147,-84,269.792428822296,3.86311032703194
1.23,147,-81,277.857503376408,3.89316518424961
1.23,147,-78,286.116085360705,3.92294718019719
1.23,147,-75,294.645124269778,3.95241007470468
1.23,147,-72,303.523463068247,3.9814885098482
1.23,147,-69,312.830549484107,4.01010519943782
1.23,147,-66,322.644970974535,4.03817819909425
1.23,147,-63,333.042765611978,4.065627910416
1.23,147,-60,344.095524794637,4.09238356964985
1.23,147,-57,355.868366553254,4.11838905909347
1.23,147,-54,368.417897987288,4.14360793872418
1.23,147,-51,381.790286496822,4.16802760315057
1.23,147,-48,396.019519336923,4.19166240932058
1.23,147,-45,411.125862278127,4.21455550225317
1.23,147,-42,427.114455872557,4.23677893477143
1.23,147,-39,443.97394114931,4.25843161068486
1.23,147,-36,461.675007408636,4.2796346635912
1.23,147,-33,480.168807997181,4.30052416572384
1.23,147,-30,499.385280011644,4.32124152173248
1.23,147,-27,519.231500985977,4.3419224357806
1.23,147,-24,539.590289147291,4.36268578359717
1.23,147,-21,560.319286401113,4.38362391104806
1.23,147,-18,581.250757048394,4.40479572158139
1.23,147,-15,602.192306706215,4.42622342277017
1.23,147,-12,622.928691838355,4.44789310585317
1.23,147,-9,643.224855487545,4.46975862804455
1.23,147,-6,662.830279035307,4.49174774910865
1.23,147,-3,681.48466602191,4.51376926605735
1.23,147,0,698.92486138558,4.53572001200394
1.23,147,3,714.892762835589,4.5574909543608
1.23,147,6,729.14382213883,4.57897209685808
1.23,147,9,741.455594692785,4.60005630320396
1.23,147,12,751.635708060055,4.62064240269304
1.23,147,15,759.528608153568,4.64063796594838
1.23,147,18,765.020516112284,4.65996198294158
1.23,147,21,768.042185014909,4.67854742079507
1.23,147,24,768.569264429352,4.69634339260067
1.23,147,27,766.620331711684,4.71331652453381
1.23,147,30,762.252894207463,4.72945112100188
1.23,147,33,755.557867599768,4.74474789759966
1.23,147,36,746.653160872101,4.7592213301632
1.23,147,39,735.677029775047,4.77289597269253
1.23,147,42,722.781798408805,4.78580233740213
1.23,147,45,708.128410251589,4.79797303691307
1.23,147,48,691.882085671012,4.80943983285124
1.23,147,51,674.209166946669,4.8202320362924
1.23,147,54,655.275055188361,4.83037642265366
1.23,147,57,635.243009433929,4.83989853459995
1.23,147,60,614.273500351612,4.84882502268914
1.23,147,63,592.52379380159,4.85718655928636
1.23,147,66,570.147478878258,4.86502086508145
1.23,147,69,547.293738965064,4.87237548514934
1.23,147,72,524.10627446178,4.87931009920206
1.23,147,75,500.721900443497,4.88589830170664
1.23,147,78,477.26894050719,4.89222890589396
1.23,147,81,453.865603214953,4.89840689389455
1.23,147,84,430.618551328708,4.90455415530222
1.23,147,87,407.621856436159,4.91081014559137
1.23,147,90,384.956479876921,4.9173325795325
1.23,147,93,362.690347243072,4.92429827978116
1.23,147,96,340.879002524876,4.93190434918911
1.23,147,99,319.566753670283,4.94036994062933
1.23,147,102,298.78816706355,4.94993906369378
1.23,147,105,278.56974496067,4.9608850875798
1.23,147,108,258.931634425647,4.97351786131069
1.23,147,111,239.889270734424,4.98819466181214
1.23,147,114,221.454947404788,5.00533648738262
1.23,147,117,203.639415607013,5.02545153927374
1.23,147,120,186.45372698904,5.04916808905995
1.23,147,123,169.911621531231,5.07727931838356
1.23,147,126,154.032803958334,5.11080306533722
1.23,147,129,138.847434603196,5.15105936011355
1.23,147,132,124.402076899046,5.19976703344681
1.23,147,135,110.767176067354,5.25915443943867
1.23,147,138,98.0458053599915,5.33206106346977
1.23,147,141,86.3826211261127,5.42196127468217
1.23,147,144,75.9700154884455,5.53274578895156
1.23,147,147,67.0441853028685,5.66794807031666
1.23,147,150,59.8570585524384,5.82903960963479
1.23,147,153,54.6071939068743,6.01291922067881
1.23,147,156,51.3332623372696,6.21025126437211
1.23,147,159,49.826705798736,6.40738456763209
1.23,147,162,49.6456441674184,6.59183683153982
1.23,147,165,50.2359419324416,6.75692260994893
1.23,147,168,51.0712740484674,6.90226795933696
1.23,147,171,51.7382015784563,7.03162904778047
1.23,147,174,51.9627270407375,7.1506601903197
1.23,147,177,51.6074265905136,7.26567032292072
1.23,147,180,50.6626885992604,7.38318497993107
1.23,150,-180,50.6626885992604,1.15235955031131
1.23,150,-177,50.2645545333322,1.26934043212396
1.23,150,-174,49.537456289804,1.39679061464664
1.23,150,-171,48.7698941791999,1.5389089310428
1.23,150,-168,48.3320671083469,1.69756300790022
1.23,150,-165,48.6329716853054,1.87080751053796
1.23,150,-162,50.0438580942224,2.05211829360229
1.23,150,-159,52.8083814691889,2.23178195169612
1.23,150,-156,56.988724192718,2.40033063704784
1.23,150,-153,62.4809912947083,2.55166623633335
1.23,150,-150,69.0799818237126,2.68386771209313
1.23,150,-147,76.5475890882089,2.79806058093175
1.23,150,-144,84.6580245691426,2.89683367156248
1.23,150,-141,93.2187855607509,2.98309436052287
1.23,150,-138,102.076191349773,3.0594812960823
1.23,150,-135,111.113235489947,3.128153170225
1.23,150,-132,120.244142561023,3.19077090172363
1.23,150,-129,129.407757347689,3.24856132311785
1.23,150,-126,138.560879481771,3.30240643162918
1.23,150,-123,147.672292166114,3.35293306300646
1.23,150,-120,156.718056192848,3.40059221840815
1.23,150,-117,165.678432926473,3.44572356191159
1.23,150,-114,174.536523282122,3.48860361184104
1.23,150,-111,183.278418536891,3.52947801284328
1.23,150,-108,191.894430858882,3.5685796737458
1.23,150,-105,200.380860842837,3.6061355439232
1.23,150,-102,208.741777244021,3.64236529691693
1.23,150,-99,216.990403190687,3.67747518772105
1.23,150,-96,225.149875257108,3.71164995096379
1.23,150,-93,233.253316923299,3.74504497180675
1.23,150,-90,241.343307663391,3.77778024895363
1.23,150,-87,249.47091198049,3.80993699995446
1.23,150,-84,257.694455092897,3.84155720382326
1.23,150,-81,266.078203395894,3.87264596261008
1.23,150,-78,274.691046994361,3.90317628901414
1.23,150,-75,283.605211086693,3.9330957701378
1.23,150,-72,292.894964131799,3.96233448950738
1.23,150,-69,302.635259177028,3.99081358390933
1.23,150,-66,312.900247020505,4.01845384995793
1.23,150,-63,323.761632049776,4.04518388835787
1.23,150,-60,335.286890167843,4.07094737624217
1.23,150,-57,347.537413928353,4.09570917919815
1.23,150,-54,360.566673697072,4.11946013170805
1.23,150,-51,374.418473044253,4.14222039436064
1.23,150,-48,389.125331797363,4.1640413086297
1.23,150,-45,404.706965826793,4.18500561054035
1.23,150,-42,421.168774326069,4.20522576961413
1.23,150,-39,438.500220918593,4.22484016417641
1.23,150,-36,456.673022700461,4.2440068749825
1.23,150,-33,475.639140481108,4.2628951305759
1.23,150,-30,495.328671861924,4.28167485251917
1.23,150,-27,515.647850989841,4.300505225388
1.23,150,-24,536.477421790578,4.31952359768226
1.23,150,-21,557.671659859848,4.33883615186356
1.23,150,-18,579.058280327389,4.35851158088171
1.23,150,-15,600.43940966209,4.37857850181636
1.23,150,-12,621.593743335442,4.39902665748072
1.23,150,-9,642.279968225114,4.41981129466633
1.23,150,-6,662.241488794684,4.44085964267889
1.23,150,-3,681.21243817551,4.4620782557823
1.23,150,0,698.92486138558,4.48336013444411
1.23,150,3,715.116825861896,4.5045909156922
1.23,150,6,729.541061753689,4.52565388005265
1.23,150,9,741.973593230809,4.54643391507476
1.23,150,12,752.221729050526,4.56682079848917
1.23,150,15,760.130765855335,4.58671218022797
1.23,150,18,765.588836168006,4.60601648374699
1.23,150,21,768.529500577685,4.62465569558861
1.23,150,24,768.931917090765,4.64256776998944
1.23,150,27,766.818682700288,4.65970823245881
1.23,150,30,762.251688978549,4.67605057526072
1.23,150,33,755.326523687858,4.69158520129026
1.23,150,36,746.166054436752,4.70631694539338
1.23,150,39,734.913836731921,4.72026150508744
1.23,150,42,721.727905768725,4.73344135839348
1.23,150,45,706.775363739172,4.74588186516944
1.23,150,48,690.227995646114,4.7576082081808
1.23,150,51,672.258969385062,4.76864364567457
1.23,150,54,653.040525587494,4.77900927237421
1.23,150,57,632.742454802258,4.78872519504343
1.23,150,60,611.531100484196,4.79781279324363
1.23,150,63,589.568615970466,4.80629760330958
1.23,150,66,567.012237442137,4.81421234778695
1.23,150,69,544.013403747979,4.82159971536566
1.23,150,72,520.716644561694,4.828514638339
1.23,150,75,497.258254026534,4.83502597048663
1.23,150,78,473.764850476006,4.8412176004393
1.23,150,81,450.351979426931,4.84718912271824
1.23,150,84,427.122938057456,4.85305622787023
1.23,150,87,404.167983393931,4.85895097689719
1.23,150,90,381.564039030781,4.86502211521199
1.23,150,93,359.374947209962,4.87143558183557
1.23,150,96,337.652238121332,4.87837540150903
1.23,150,99,316.436320534803,4.88604522512395
1.23,150,102,295.757950293791,4.89467091390028
1.23,150,105,275.639816115658,4.90450474534748
1.23,150,108,256.098101914021,4.91583205221983
1.23,150,111,237.143942365675,4.92898139136577
1.23,150,114,218.784777705399,4.94433969188988
1.23,150,117,201.025721366434,4.96237428839514
1.23,150,120,183.871160767304,4.98366437554628
1.23,150,123,167.326896241073,5.00894533311378
1.23,150,126,151.403169958642,5.03917069184736
1.23,150,129,136.118942855743,5.07559828198524
1.23,150,132,121.507757850803,5.11990894948258
1.23,150,135,107.625507703646,5.17436634839911
1.23,150,138,94.5604039321911,5.24201878120091
1.23,150,141,82.4452672396082,5.32691189962085
1.23,150,144,71.4712921038109,5.43418239383853
1.23,150,147,61.8988316683542,5.56966025736409
1.23,150,150,54.0508984643326,5.73819442966177
1.23,150,153,48.2581724194456,5.93984135728474
1.23,150,156,44.7235536748041,6.16508478449404
1.23,150,159,43.3482964408337,6.39471032756791
1.23,150,162,43.6774430483005,6.60848355142315
1.23,150,165,45.0528787257951,6.79507227188833
1.23,150,168,46.8347324123672,6.95369603059099
1.23,150,171,48.5304110518904,7.08974719177357
1.23,150,174,49.8209178245563,7.2106036786002
1.23,150,177,50.5424528937667,7.32361569404053
1.23,150,180,50.6626885992604,7.4355448574909
1.23,153,-180,50.6626885992603,1.20471942787114
1.23,153,-177,51.2915757083341,1.31198448156156
1.23,153,-174,51.5117645733658,1.4254319411367
1.23,153,-171,51.5454584287517,1.54861107536171
1.23,153,-168,51.6757392888459,1.68336860253183
1.23,153,-165,52.2178373936983,1.82920817955864
1.23,153,-162,53.4742699996472,1.98288651832292
1.23,153,-159,55.6805425735635,2.13885299813516
1.23,153,-156,58.9616114886683,2.29073248469511
1.23,153,-153,63.3202287136305,2.43317837931765
1.23,153,-150,68.6603230511164,2.56304896181791
1.23,153,-147,74.828677558349,2.6794792468674
1.23,153,-144,81.6546916547557,2.78322742082905
1.23,153,-141,88.9777579842917,2.87588060278865
1.23,153,-138,96.6615794217369,2.95925243287699
1.23,153,-135,104.598900029172,3.03503496621362
1.23,153,-132,112.71032032128,3.10464553994589
1.23,153,-129,120.939883539541,3.16919246161499
1.23,153,-126,129.249265244932,3.22950288323106
1.23,153,-123,137.611877010631,3.28617776925508
1.23,153,-120,146.007843169784,3.33965361209565
1.23,153,-117,154.420472920892,3.39025933299442
1.23,153,-114,162.834481500828,3.43826214892498
1.23,153,-111,171.235853059452,3.48389982500133
1.23,153,-108,179.612954910733,3.52739940708886
1.23,153,-105,187.958360873086,3.56898439762859
1.23,153,-102,196.270831627778,3.60887339215839
1.23,153,-99,204.557003884532,3.64727349558242
1.23,153,-96,212.832506926492,3.68437156085429
1.23,153,-93,221.12240201223,3.72032567135919
1.23,153,-90,229.460986430926,3.75525853954137
1.23,153,-87,237.891097078439,3.78925377581372
1.23,153,-84,246.463083204465,3.82235538148043
1.23,153,-81,255.233603150474,3.85457036815263
1.23,153,-78,264.264352712469,3.88587409746326
1.23,153,-75,273.620773856364,3.91621774365268
1.23,153,-72,283.370741134303,3.94553717879885
1.23,153,-69,293.583193183851,3.97376254358097
1.23,153,-66,304.326673902911,4.00082778428703
1.23,153,-63,315.667768871756,4.02667950737288
1.23,153,-60,327.669455828218,4.0512846249021
1.23,153,-57,340.389417218535,4.0746364253652
1.23,153,-54,353.878372266434,4.09675887436456
1.23,153,-51,368.178466448857,4.11770908448632
1.23,153,-48,383.321710222261,4.13757795363239
1.23,153,-45,399.32840208492,4.15648894522684
1.23,153,-42,416.205428928784,4.17459490712428
1.23,153,-39,433.944334852904,4.19207277569048
1.23,153,-36,452.519102429721,4.20911607604446
1.23,153,-33,471.883691427256,4.2259253632069
1.23,153,-30,491.969501266678,4.24269713253358
1.23,153,-27,512.683025521637,4.25961215893607
1.23,153,-24,533.904015735785,4.27682454915217
1.23,153,-21,555.484455563019,4.29445286638347
1.23,153,-18,577.248579325713,4.31257444313701
1.23,153,-15,598.994083626279,4.3312234764338
1.23,153,-12,620.494607574822,4.35039283766965
1.23,153,-9,641.503509449329,4.37003891166523
1.23,153,-6,661.758934811821,4.39008836979159
1.23,153,-3,680.990127987999,4.41044567018115
1.23,153,0,698.92486138558,4.43100025688428
1.23,153,3,715.297737315269,4.45163280828427
1.23,153,6,729.858968933425,4.47222032615981
1.23,153,9,742.383103375478,4.49264022502314
1.23,153,12,752.677051734965,4.5127737829401
1.23,153,15,760.586772727988,4.53250931950832
1.23,153,18,766.002038733055,4.55174530698235
1.23,153,21,768.858890730818,4.57039337511542
1.23,153,24,769.139636002405,4.58838093517352
1.23,153,27,766.870515987271,4.60565300842453
1.23,153,30,762.117421679918,4.62217284962558
1.23,153,33,754.980216035336,4.6379211107539
1.23,153,36,745.586308632272,4.65289355317017
1.23,153,39,734.084110961835,4.66709761406283
1.23,153,42,720.63689693722,4.68054838170273
1.23,153,45,705.417434266162,4.69326466462133
1.23,153,48,688.60357557196,4.70526581779456
1.23,153,51,670.374836191358,4.71656982324076
1.23,153,54,650.909859509949,4.72719286064565
1.23,153,57,630.384588971988,4.7371503152153
1.23,153,60,608.97092770852,4.74645892454351
1.23,153,63,586.835666749623,4.75513961407843
1.23,153,66,564.139494408866,4.763220531501
1.23,153,69,541.035955325906,4.77073985281269
1.23,153,72,517.670298791574,4.77774806376193
1.23,153,75,494.178230931939,4.7843095770926
1.23,153,78,470.684651191357,4.79050369076633
1.23,153,81,447.302498407803,4.79642499969363
1.23,153,84,424.13184756276,4.8021834350247
1.23,153,87,401.25938285213,4.80790412698924
1.23,153,90,378.758330219319,4.81372728594005
1.23,153,93,356.688872253401,4.81980829206727
1.23,153,96,335.09900282021,4.82631819658954
1.23,153,99,314.025721194012,4.83344488119891
1.23,153,102,293.496427784376,4.84139520813347
1.23,153,105,273.530374911038,4.85039862704206
1.23,153,108,254.140051302344,4.86071289394665
1.23,153,111,235.33243742908,4.8726328161339
1.23,153,114,217.110153450321,4.88650329439916
1.23,153,117,199.47261922115,4.90273844823215
1.23,153,120,182.417438895737,4.92184938282462
1.23,153,123,165.942293452111,4.9444843607701
1.23,153,126,150.047661906393,4.97148704599839
1.23,153,129,134.740700038073,5.00398148015101
1.23,153,132,120.040611383065,5.04349697424618
1.23,153,135,105.985904715575,5.09215223699648
1.23,153,138,92.6441226494726,5.15292385789747
1.23,153,141,80.1249952541465,5.2300197170388
1.23,153,144,68.5983141099212,5.32932577339396
1.23,153,147,58.3168414105997,5.45867950494508
1.23,153,150,49.6374625578166,5.62708007674858
1.23,153,153,43.0092113634467,5.84074375313603
1.23,153,156,38.8535955056907,6.09428044707512
1.23,153,159,37.29288609572,6.36355489152086
1.23,153,162,37.9289672130533,6.61567650613347
1.23,153,165,39.9838826104652,6.83017098511979
1.23,153,168,42.6593103140926,7.00517655062617
1.23,153,171,45.354204702045,7.14887325611953
1.23,153,174,47.6926572953905,7.27146299557653
1.23,153,177,49.4807578412264,7.38200420450569
1.23,153,180,50.6626885992603,7.48790473505073
1.23,156,-180,50.6626885992603,1.25707930543097
1.23,156,-177,52.3210205968472,1.35460726122095
1.23,156,-174,53.5047851362451,1.4547966564492
1.23,156,-171,54.3807907717968,1.5608499094239
1.23,156,-168,55.1621239785985,1.67461887915744
1.23,156,-165,56.0878009123965,1.79643761035539
1.23,156,-162,57.3956734056322,1.92499020017732
1.23,156,-159,59.2905859817163,2.05746286399193
1.23,156,-156,61.9153115786894,2.19012667094741
1.23,156,-153,65.3342754909359,2.31922464927307
1.23,156,-150,69.5359023895238,2.44179573434034
1.23,156,-147,74.4508816220595,2.55610286569833
1.23,156,-144,79.9775346884218,2.66160221088006
1.23,156,-141,86.0054822033795,2.75862529239367
1.23,156,-138,92.432709115315,2.84799197647602
1.23,156,-135,99.1750334420512,2.93069141247428
1.23,156,-132,106.169152025111,3.00767473369051
1.23,156,-129,113.371136797446,3.07974935329869
1.23,156,-126,120.752253519977,3.14754668713039
1.23,156,-123,128.293742545315,3.21153523247122
1.23,156,-120,135.981881964635,3.27205665014915
1.23,156,-117,143.804259640589,3.32936868303095
1.23,156,-114,151.747730872681,3.38368419033399
1.23,156,-111,159.798095550958,3.43520025941372
1.23,156,-108,167.941174042708,3.48411525138008
1.23,156,-105,176.164754171886,3.53063455951316
1.23,156,-102,184.460836014324,3.57496766216896
1.23,156,-99,192.827686336329,3.61731978174358
1.23,156,-96,201.271375113694,3.65788135940528
1.23,156,-93,209.806645208504,3.69681795135624
1.23,156,-90,218.457118928428,3.73426235078068
1.23,156,-87,227.254947451663,3.77030995475373
1.23,156,-84,236.240055124581,3.80501774096939
1.23,156,-81,245.459128380824,3.83840673029873
1.23,156,-78,254.964464522235,3.87046747590289
1.23,156,-75,264.812747642563,3.90116790657262
1.23,156,-72,275.063774712277,3.93046273010593
1.23,156,-69,285.779126423077,3.95830355211137
1.23,156,-66,297.020769832814,3.98464888064545
1.23,156,-63,308.849590379805,4.00947326965917
1.23,156,-60,321.323869925984,4.03277500287712
1.23,156,-57,334.497741794984,4.05458191717276
1.23,156,-54,348.419650762141,4.07495517237243
1.23,156,-51,363.130819398144,4.09399094122352
1.23,156,-48,378.663676697686,4.11182007549041
1.23,156,-45,395.040157243983,4.12860579188918
1.23,156,-42,412.269753917541,4.14453935394995
1.23,156,-39,430.347227454154,4.15983368322772
1.23,156,-36,449.249951770394,4.17471490356175
1.23,156,-33,468.934992970609,4.18941205416919
1.23,156,-30,489.336149371796,4.20414557424924
1.23,156,-27,510.361277490392,4.21911555649261
1.23,156,-24,531.89026168876,4.23449103889855
1.23,156,-21,553.773945048544,4.25040162269639
1.23,156,-18,575.834246749985,4.26693241770182
1.23,156,-15,597.865584944506,4.28412278050096
1.23,156,-12,619.637639023475,4.30196866865301
1.23,156,-9,640.899435789425,4.32042786253018
1.23,156,-6,661.38471863644,4.33942695259873
1.23,156,-3,680.818528519949,4.35886892473063
1.23,156,0,698.92486138558,4.37864037932445
1.23,156,3,715.435156291914,4.39861779734806
1.23,156,6,730.09722342109,4.41867268735931
1.23,156,9,742.68407487009,4.43867578846081
1.23,156,12,753.002017566667,4.45850068281813
1.23,156,15,760.897346856667,4.47802716447568
1.23,156,18,766.261063830935,4.49714455251542
1.23,156,21,769.031226310253,4.51575490008453
1.23,156,24,769.192803468634,4.53377582556138
1.23,156,27,766.775189091187,4.55114255663236
1.23,156,30,761.847783419721,4.56780877981763
1.23,156,33,754.51423083671,4.58374603240249
1.23,156,36,744.905972022548,4.59894162418666
1.23,156,39,733.175732095742,4.61339536549042
1.23,156,42,719.491442500758,4.62711562669837
1.23,156,45,704.030922171873,4.64011539594908
1.23,156,48,686.977464726754,4.65240899863918
1.23,156,51,668.516326935457,4.66400999851603
1.23,156,54,648.832007973924,4.67493055562648
1.23,156,57,628.106151872451,4.68518223462651
1.23,156,60,606.515889469196,4.69477800469856
1.23,156,63,584.232449838288,4.70373500134581
1.23,156,66,561.419904726875,4.71207755585484
1.23,156,69,538.233955898113,4.71984003664114
1.23,156,72,514.820728636026,4.72706916170705
1.23,156,75,491.315588476418,4.73382559511805
1.23,156,78,467.842044459207,4.74018479501217
1.23,156,81,444.510832513699,4.74623720774881
1.23,156,84,421.419280670451,4.75208798773663
1.23,156,87,398.651041523374,4.75785646441336
1.23,156,90,376.276239822983,4.7636755865255
1.23,156,93,354.352032035164,4.76969156500185
1.23,156,96,332.923520934375,4.77606392673963
1.23,156,99,312.024923427955,4.78296619874518
1.23,156,102,291.680864144806,4.7905874794114
1.23,156,105,271.907668142447,4.79913523445937
1.23,156,108,252.714556330972,4.8088397945362
1.23,156,111,234.104704631389,4.81996125201273
1.23,156,114,216.076204754171,4.8327997927895
1.23,156,117,198.623048225546,4.84771101690298
1.23,156,120,181.736330500715,4.865128605478
1.23,156,123,165.40592427942,4.88559796435413
1.23,156,126,149.622892772308,4.90982653629618
1.23,156,129,134.382910949188,4.93875988278567
1.23,156,132,119.690964726851,4.9736983504716
1.23,156,135,105.567667178305,5.01647869012671
1.23,156,138,92.0577784723693,5.06976034845242
1.23,156,141,79.2421202942683,5.13747748379793
1.23,156,144,67.2552573510243,5.22553163094535
1.23,156,147,56.3129954485937,5.34272833542478
1.23,156,150,46.7534951303025,5.50148058260668
1.23,156,153,39.0806534622325,5.71597454934247
1.23,156,156,33.9311356585544,5.99189625269209
1.23,156,159,31.7820648895946,6.30660369242088
1.23,156,162,32.4496432394587,6.60928406267556
1.23,156,165,35.0490343339426,6.860984679589
1.23,156,168,38.5570797752966,7.05663811076271
1.23,156,171,42.2186017429585,7.2091463245292
1.23,156,174,45.5841100906752,7.33331281300691
1.23,156,177,48.4253783281462,7.44084216586413
1.23,156,180,50.6626885992603,7.54026461261056
1.23,159,-180,50.6626885992603,1.3094391829908
1.23,159,-177,53.350096110869,1.39723455430288
1.23,159,-174,55.5104080125435,1.48487531653964
1.23,159,-171,57.2635206740981,1.57541727776335
1.23,159,-168,58.7654062274074,1.67074179801511
1.23,159,-165,60.1930522882344,1.77166063205417
1.23,159,-162,61.7274325913601,1.87795670970878
1.23,159,-159,63.5348872720095,1.98848126720279
1.23,159,-156,65.7495188384173,2.10138810490966
1.23,159,-153,68.460615636827,2.2145063306851
1.23,159,-150,71.7085649340069,2.32576153561071
1.23,159,-147,75.4901073384905,2.43351358663857
1.23,159,-144,79.7705921232862,2.53671925098778
1.23,159,-141,84.4990136284942,2.63491381053559
1.23,159,-138,89.6217503028041,2.72807325416938
1.23,159,-135,95.0923983727158,2.81643612649151
1.23,159,-132,100.876805816526,2.9003442869121
1.23,159,-129,106.953719842679,2.98013151835331
1.23,159,-126,113.312225499759,3.05606494651437
1.23,159,-123,119.947464347826,3.1283304974381
1.23,159,-120,126.856087930465,3.19704790991027
1.23,159,-117,134.032605593359,3.26230017606506
1.23,159,-114,141.467323996441,3.32416468177672
1.23,159,-111,149.146066546943,3.38273737308307
1.23,159,-108,157.051427786116,3.43814578079457
1.23,159,-105,165.165046250091,3.49055063947732
1.23,159,-102,173.470293888072,3.54013846530668
1.23,159,-99,181.95484868882,3.58710865199166
1.23,159,-96,190.612776682772,3.63165867139262
1.23,159,-93,199.445934395062,3.67397028535706
1.23,159,-90,208.464663980225,3.71419872497947
1.23,159,-87,217.687864395958,3.75246587297474
1.23,159,-84,227.142577225904,3.78885774137281
1.23,159,-81,236.863233397407,3.82342600415877
1.23,159,-78,246.890682703356,3.85619299542917
1.23,159,-75,257.271089219208,3.88715937169574
1.23,159,-72,268.054737715192,3.91631352262143
1.23,159,-69,279.294769460827,3.94364177611057
1.23,159,-66,291.045854560492,3.96913847666064
1.23,159,-63,303.362809723321,3.99281512284749
1.23,159,-60,316.299177224609,4.01470792662767
1.23,159,-57,329.905781938655,4.03488338102583
1.23,159,-54,344.229269163308,4.05344164979991
1.23,159,-51,359.310593184873,4.07051776901858
1.23,159,-48,375.183382036425,4.08628073530357
1.23,159,-45,391.872065388551,4.10093054538114
1.23,159,-42,409.389643780361,4.1146931922305
1.23,159,-39,427.735018543597,4.12781359701164
1.23,159,-36,446.889897738276,4.14054654629787
1.23,159,-33,466.815426809759,4.15314594915518
1.23,159,-30,487.44882626682,4.16585308973217
1.23,159,-27,508.700408827153,4.17888491535401
1.23,159,-24,530.451364263375,4.19242362164172
1.23,159,-21,552.552638408296,4.20660875887681
1.23,159,-18,574.825119833971,4.22153275597743
1.23,159,-15,597.061226323164,4.23724021087452
1.23,159,-12,619.027890959027,4.25373067613328
1.23,159,-9,640.470898954581,4.27096414429877
1.23,159,-6,661.120507696314,4.28886813801783
1.23,159,-3,680.698261942221,4.30734528767745
1.23,159,0,698.92486138558,4.32628050176462
1.23,159,3,715.528833374932,4.34554720628675
1.23,159,6,730.255619722038,4.36501252633749
1.23,159,9,742.876537249472,4.38454159397545
1.23,159,12,753.196963667588,4.40400132159427
1.23,159,15,761.063077024016,4.42326396249298
1.23,159,18,766.366563699592,4.44221062464181
1.23,159,21,769.046904481503,4.46073467867368
1.23,159,24,769.091119675775,4.47874478845153
1.23,159,27,766.531150427684,4.49616716384347
1.23,159,30,761.439314968162,4.51294663459901
1.23,159,33,753.922454527715,4.52904627778845
1.23,159,36,744.115445130592,4.54444556725657
1.23,159,39,732.174697985941,4.55913729102344
1.23,159,42,718.27212917618,4.57312372853537
1.23,159,45,702.589892478833,4.58641272951288
1.23,159,48,685.315984198344,4.59901435163037
1.23,159,51,666.640682133496,4.61093859341509
1.23,159,54,646.753690065736,4.62219453457281
1.23,159,57,625.841823451898,4.63279092493342
1.23,159,60,604.087077821433,4.64273800817397
1.23,159,63,581.664951376529,4.65205017957689
1.23,159,66,558.742933224657,4.66074898817377
1.23,159,69,535.479110040187,4.66886600644002
1.23,159,72,512.020882771408,4.67644518652214
1.23,159,75,488.503818879251,4.68354446826872
1.23,159,78,465.050691456805,4.69023656497941
1.23,159,81,441.770770416059,4.69660899681053
1.23,159,84,418.759429148939,4.7027635487469
1.23,159,87,396.098111448265,4.70881539172071
1.23,159,90,373.854670454779,4.7148921244496
1.23,159,93,352.084050132158,4.72113298042882
1.23,159,96,330.829238956918,4.72768841455835
1.23,159,99,310.12239450857,4.7347202547767
1.23,159,102,289.986024516171,4.74240259465272
1.23,159,105,270.434119776374,4.7509236333469
1.23,159,108,251.473168286372,4.76048876259397
1.23,159,111,233.103034493386,4.77132538452183
1.23,159,114,215.317754957292,4.78369025685751
1.23,159,117,198.106370746194,4.79788065846201
1.23,159,120,181.453974808893,4.81425143675383
1.23,159,123,165.343188156036,4.83324119477957
1.23,159,126,149.756286352712,4.85541278937864
1.23,159,129,134.678183014396,4.88151650244852
1.23,159,132,120.100463224683,4.91258980782507
1.23,159,135,106.026699682901,4.95011772085401
1.23,159,138,92.4794812112602,4.99629637395322
1.23,159,141,79.510138487179,5.05447699644398
1.23,159,144,67.2134659099414,5.12992759578785
1.23,159,147,55.7525541196891,5.23112804588392
1.23,159,150,45.4039125775332,5.37175613331619
1.23,159,153,36.6361544063161,5.57237620469378
1.23,159,156,30.1979921236067,5.85508713749624
1.23,159,159,26.9863921234199,6.21426191319846
1.23,159,162,27.3047963707595,6.58280588545575
1.23,159,165,30.2689455308804,6.88561762231505
1.23,159,168,34.5390676016806,7.10798123803097
1.23,159,171,39.1321564823324,7.27074210029134
1.23,159,174,43.5012893415225,7.39623769734935
1.23,159,177,47.3793096784809,7.50013502054962
1.23,159,180,50.6626885992603,7.59262449017039
1.23,162,-180,50.6626885992603,1.36179906055063
1.23,162,-177,54.3759670027424,1.43989017147267
1.23,162,-174,57.522373113633,1.51565613342293
1.23,162,-171,60.1813695468844,1.59212240326347
1.23,162,-168,62.461308558842,1.67120850273969
1.23,162,-165,64.4880153238137,1.75399889326287
1.23,162,-162,66.3937036925467,1.84088717739229
1.23,162,-159,68.3059787943743,1.93168242930207
1.23,162,-156,70.3377310737322,2.02572991812037
1.23,162,-153,72.5793728115498,2.12206686010946
1.23,162,-150,75.0949073248768,2.21960267113938
1.23,162,-147,77.9226361612099,2.31729036328517
1.23,162,-144,81.08012730128,2.41425129643928
1.23,162,-141,84.5719123451825,2.50983057846575
1.23,162,-138,88.3977574150133,2.60358476166916
1.23,162,-135,92.5594520825927,2.69522353147881
1.23,162,-132,97.0647324493545,2.78453517310368
1.23,162,-129,101.927885663567,2.87132221165103
1.23,162,-126,107.167476578925,2.95536355544411
1.23,162,-123,112.802283665633,3.03640769904146
1.23,162,-120,118.846813771743,3.11419155993426
1.23,162,-117,125.307661063851,3.18847340670346
1.23,162,-114,132.181562984065,3.25906688792353
1.23,162,-111,139.45544685981,3.32586581507661
1.23,162,-108,147.108240730148,3.38885432917083
1.23,162,-105,155.113879156188,3.44810221977006
1.23,162,-102,163.44481730203,3.50374883340697
1.23,162,-99,172.075438678879,3.55598061378641
1.23,162,-96,180.984923589624,3.60500717606757
1.23,162,-93,190.159354725651,3.65103967121896
1.23,162,-90,199.593015842718,3.6942737518582
1.23,162,-87,209.288961536081,3.73487816082775
1.23,162,-84,219.258997714682,3.77298901203707
1.23,162,-81,229.523224866319,3.80870922333985
1.23,162,-78,240.109276991552,3.84211221578082
1.23,162,-75,251.051355588496,3.87324882329724
1.23,162,-72,262.389124284811,3.90215629604957
1.23,162,-69,274.166504420299,3.92886829521473
1.23,162,-66,286.430398007471,3.95342485833947
1.23,162,-63,299.229359348938,3.97588146262169
1.23,162,-60,312.612233120454,3.99631652167909
1.23,162,-57,326.626766066833,4.01483689350584
1.23,162,-54,341.318174772381,4.03158120849383
1.23,162,-51,356.72761291395,4.04672099630599
1.23,162,-48,372.890437396885,4.06045966629442
1.23,162,-45,389.834142695148,4.07302938448294
1.23,162,-42,407.575839408553,4.08468584339919
1.23,162,-39,426.119213251821,4.09570092138039
1.23,162,-36,445.45101426056,4.10635334979881
1.23,162,-33,465.537270326215,4.11691777398377
1.23,162,-30,486.31955367146,4.12765295469197
1.23,162,-27,507.711709836288,4.13879019370233
1.23,162,-24,529.59745848472,4.15052324018576
1.23,162,-21,551.82919574399,4.16300084478734
1.23,162,-18,574.228200013665,4.17632276415078
1.23,162,-15,596.586312755171,4.19053946487212
1.23,162,-12,618.66907067377,4.20565518190705
1.23,162,-9,640.220219123919,4.22163350954117
1.23,162,-6,660.967522927773,4.23840445445793
1.23,162,-3,680.629776034376,4.25587189483958
1.23,162,0,698.92486138558,4.27392062420479
1.23,162,3,715.578610127794,4.29242251758647
1.23,162,6,730.334064668876,4.31124172612617
1.23,162,9,742.9605977239,4.33023908553189
1.23,162,12,753.262227865506,4.34927605515039
1.23,162,15,761.084447036141,4.36821847763434
1.23,162,18,766.318964304313,4.38694029852833
1.23,162,21,768.90597126673,4.40532717417737
1.23,162,24,768.833815867872,4.42327969880434
1.23,162,27,766.136278261417,4.44071586188374
1.23,162,30,760.887911803497,4.45757234516343
1.23,162,33,753.198090428143,4.47380439172313
1.23,162,36,743.204459941654,4.48938419993815
1.23,162,39,731.066425415589,4.50429805885625
1.23,162,42,716.959149149865,4.51854268152206
1.23,162,45,701.068331653795,4.53212134807678
1.23,162,48,683.585853170738,4.54504050221396
1.23,162,51,664.70620528422,4.55730734629581
1.23,162,54,644.623560032163,4.56892877818601
1.23,162,57,623.529304894352,4.57991175611702
1.23,162,60,601.609898002952,4.59026492476467
1.23,162,63,579.044945848264,4.60000113746843
1.23,162,66,556.00545618012,4.60914039938352
1.23,162,69,532.652260339002,4.61771274437847
1.23,162,72,509.134628116278,4.62576063327998
1.23,162,75,485.589115062922,4.63334059597128
1.23,162,78,462.138688527142,4.64052400139008
1.23,162,81,438.8921753186,4.64739699534167
1.23,162,84,415.944060732353,4.65405977099553
1.23,162,87,393.374646206932,4.66062541588705
1.23,162,90,371.250543435316,4.66721860785927
1.23,162,93,349.62545085925,4.6739744159521
1.23,162,96,328.541130405194,4.68103741389269
1.23,162,99,308.028484672677,4.68856125268263
1.23,162,102,288.108632985374,4.69670878852183
1.23,162,105,268.793901693413,4.70565285025172
1.23,162,108,250.088679526045,4.71557778682014
1.23,162,111,231.990138825418,4.72668209265148
1.23,162,114,214.48888126022,4.73918270301236
1.23,162,117,197.569623084343,4.75332202494491
1.23,162,120,181.212080400498,4.76937948253619
1.23,162,123,165.392240647002,4.78769041490566
1.23,162,126,150.084207833448,4.80867678708796
1.23,162,129,135.262788290376,4.83289681437399
1.23,162,132,120.906955606979,4.86112522932168
1.23,162,135,107.004334182842,4.89448459785631
1.23,162,138,93.5569470996369,4.93466523210269
1.23,162,141,80.5888490363541,4.98430643779148
1.23,162,144,68.1572785479376,5.047685773919
1.23,162,147,56.3715106535444,5.13201647053012
1.23,162,150,45.4298366711745,5.2499289936063
1.23,162,153,35.6990360763621,5.42382545673248
1.23,162,156,27.8752289602378,5.6896177869915
1.23,162,159,23.1427534461589,6.07665591160246
1.23,162,162,22.5905580024372,6.52587102015433
1.23,162,165,25.6663680334284,6.90102215481858
1.23,162,168,30.6152025673348,7.15906356165216
1.23,162,171,36.1029601645503,7.33388512921976
1.23,162,174,41.4500531374515,7.46033330925621
1.23,162,177,46.3454974914124,7.55988708748187
1.23,162,180,50.6626885992603,7.64498436773022
1.23,165,-180,50.6626885992604,1.41415893811046
1.23,165,-177,55.3957653508631,1.48259606063727
1.23,165,-174,59.5343016658095,1.54712572304195
1.23,165,-171,63.1221741172522,1.61079220980399
1.23,165,-168,66.2269806244253,1.67554316090535
1.23,165,-165,68.931396939389,1.74261024415549
1.23,165,-162,71.3258712618881,1.8127142565741
1.23,165,-159,73.5021204953186,1.8861896144381
1.23,165,-156,75.5475749567712,1.96307564840495
1.23,165,-153,77.5412642119895,2.04319720336349
1.23,165,-150,79.551706321386,2.12624116553056
1.23,165,-147,81.6371455269391,2.21182482952617
1.23,165,-144,83.8480212861021,2.29954663729337
1.23,165,-141,86.2309835352698,2.38901049064687
1.23,165,-138,88.8332971284451,2.47982079603343
1.23,165,-135,91.706287876568,2.57155405089705
1.23,165,-132,94.9066708305835,2.66372066447106
1.23,165,-129,98.4951468800794,2.75573471219477
1.23,165,-126,102.532420466939,2.84690754312726
1.23,165,-123,107.073555721197,2.93647351807976
1.23,165,-120,112.16209622505,3.02364492578561
1.23,165,-117,117.825435732287,3.10768263034514
1.23,165,-114,124.072520937913,3.18796377795963
1.23,165,-111,130.894266996749,3.26403001625446
1.23,165,-108,138.266356788298,3.33560744792917
1.23,165,-105,146.153619986598,3.40259874999804
1.23,165,-102,154.515042955543,3.46505463648819
1.23,165,-99,163.308589522352,3.52313448081515
1.23,165,-96,172.495284246552,3.57706507078337
1.23,165,-93,182.042298284071,3.62710382047542
1.23,165,-90,191.925006323606,3.67350984256113
1.23,165,-87,202.128125327524,3.71652395528035
1.23,165,-84,212.646109574016,3.75635719859867
1.23,165,-81,223.482984118227,3.79318664421693
1.23,165,-78,234.651774577258,3.82715697031206
1.23,165,-75,246.17365508406,3.85838622420379
1.23,165,-72,258.076901868867,3.88697427723888
1.23,165,-69,270.395714122988,3.91301261872522
1.23,165,-66,283.1689475239,3.93659431877977
1.23,165,-63,296.438795123476,3.95782321109676
1.23,165,-60,310.249438125645,3.97682159909904
1.23,165,-57,324.645667822953,3.9937360489361
1.23,165,-54,339.671445239315,4.00874106083907
1.23,165,-51,355.368319546665,4.02204056568906
1.23,165,-48,371.773582203797,4.03386725597809
1.23,165,-45,388.918011102534,4.04447974756599
1.23,165,-42,406.82307947589,4.05415753912173
1.23,165,-39,425.497581036276,4.06319376894233
1.23,165,-36,444.93375056535,4.07188592677117
1.23,165,-33,465.103110774367,4.08052496973335
1.23,165,-30,485.952408972014,4.08938365239768
1.23,165,-27,507.400078479737,4.09870519040347
1.23,165,-24,529.333646174685,4.1086935050005
1.23,165,-21,551.608415688134,4.1195061609425
1.23,165,-18,574.047620162118,4.13125071932549
1.23,165,-15,596.444105373466,4.14398467610504
1.23,165,-12,618.563510025128,4.15771859418566
1.23,165,-9,640.148865968334,4.17242160701939
1.23,165,-6,660.926529588964,4.18802826827303
1.23,165,-3,680.613341568707,4.20444576459217
1.23,165,0,698.92486138558,4.22156074664496
1.23,165,3,715.584418626672,4.23924537324916
1.23,165,6,730.332575635562,4.25736249940836
1.23,165,9,742.936440562394,4.27577018532986
1.23,165,12,753.198155915768,4.29432581170065
1.23,165,15,760.961862207049,4.31289005216791
1.23,165,18,766.118527544802,4.33133081059164
1.23,165,21,768.608240931817,4.34952703611903
1.23,165,24,768.419857005834,4.36737214905363
1.23,165,27,765.588196732867,4.38477670200507
1.23,165,30,760.189286859104,4.40166989983515
1.23,165,33,752.334304214091,4.41799971546835
1.23,165,36,742.162946611875,4.43373154344306
1.23,165,39,729.836879651536,4.44884558127906
1.23,165,42,715.533738617745,4.46333335994714
1.23,165,45,699.441947938138,4.47719400190188
1.23,165,48,681.756412845158,4.49043082983964
1.23,165,51,662.674983006596,4.50304887162382
1.23,165,54,642.395507606046,4.51505362665544
1.23,165,57,621.113293001494,4.52645121915777
1.23,165,60,599.018816904416,4.53724981734818
1.23,165,63,576.295618966606,4.54746199362928
1.23,165,66,553.118351842774,4.55710757465124
1.23,165,69,529.651023699567,4.56621649628196
1.23,165,72,506.045487585446,4.57483123205314
1.23,165,75,482.440237296238,4.58300848365042
1.23,165,78,458.95955882274,4.59081997844921
1.23,165,81,435.713066568079,4.59835237977058
1.23,165,84,412.795628300858,4.60570645203061
1.23,165,87,390.287655152901,4.61299571476734
1.23,165,90,368.255705543068,4.62034485623748
1.23,165,93,346.753327848945,4.62788815920553
1.23,165,96,325.822049599842,4.63576812938345
1.23,165,99,305.492414501425,4.64413443076181
1.23,165,102,285.784975384642,4.65314314978281
1.23,165,105,266.711172202614,4.66295636591167
1.23,165,108,248.274058423234,4.67374203696856
1.23,165,111,230.46888346318,4.68567435084543
1.23,165,114,213.283588309863,4.69893498474559
1.23,165,117,196.699320042306,4.71371617787201
1.23,165,120,180.691111735675,4.73022719331562
1.23,165,123,165.228900310523,4.74870667144755
1.23,165,126,150.279060388165,4.76944468666587
1.23,165,129,135.806614417319,4.79282032617948
1.23,165,132,121.77824286224,4.81936405175945
1.23,165,135,108.166182872608,4.84986065040673
1.23,165,138,94.9531196506603,4.88552198288755
1.23,165,141,82.1383556012676,4.92828770070168
1.23,165,144,69.7461552430671,4.98137772908695
1.23,165,147,57.8388983428043,5.05037603120407
1.23,165,150,46.5425135114066,5.14550566464262
1.23,165,153,36.1056596453273,5.28662772177341
1.23,165,156,27.053042877679,5.5133875419121
1.23,165,159,20.540011777824,5.89112184810955
1.23,165,162,18.4617597124733,6.42240514411601
1.23,165,165,21.2696185195168,6.90202322752115
1.23,165,168,26.7942820749175,7.20967447163511
1.23,165,171,33.1386651122593,7.39886610944744
1.23,165,174,39.436106151352,7.5257076643629
1.23,165,177,45.3268298539851,7.62010127156613
1.23,165,180,50.6626885992604,7.69734424529005
1.23,168,-180,50.6626885992604,1.46651881567029
1.23,168,-177,56.4066004437523,1.52537242025478
1.23,168,-174,61.5397264498692,1.57926969790787
1.23,168,-171,66.0739042582706,1.63127081478996
1.23,168,-168,70.0408559142988,1.68332505943172
1.23,168,-165,73.4858559287346,1.73672816034319
1.23,168,-162,76.4630654896347,1.79236245523535
1.23,168,-159,79.0318489543906,1.85083412065081
1.23,168,-156,81.2539683302041,1.91255941895084
1.23,168,-153,83.1918114337877,1.97782420635957
1.23,168,-150,84.9078830019313,2.0468268559302
1.23,168,-147,86.465696265151,2.11970666827318
1.23,168,-144,87.9319564218604,2.19655528184175
1.23,168,-141,89.3795723531328,2.27740710440686
1.23,168,-138,90.8906591455255,2.36220656161223
1.23,168,-135,92.5584254666992,2.45075505742075
1.23,168,-132,94.4868107116023,2.54264827350832
1.23,168,-129,96.7870577241293,2.63722267988822
1.23,168,-126,99.5711102460106,2.73353493074363
1.23,168,-123,102.942689575141,2.8303943393771
1.23,168,-120,106.987815957445,2.92645435132075
1.23,168,-117,111.766970464141,3.02034762794412
1.23,168,-114,117.310750510487,3.11083131573226
1.23,168,-111,123.61984702866,3.19690487434946
1.23,168,-108,130.668934295409,3.27787486399239
1.23,168,-105,138.413162205801,3.35336155958891
1.23,168,-102,146.795656534339,3.42325983818424
1.23,168,-99,155.754684797684,3.48767478264948
1.23,168,-96,165.229654076003,3.54685124327363
1.23,168,-93,175.165609456045,3.6011105350824
1.23,168,-90,185.516258854383,3.65080077575419
1.23,168,-87,196.245739327891,3.69626236436345
1.23,168,-84,207.329400336096,3.73780722458445
1.23,168,-81,218.753863636824,3.77570921989114
1.23,168,-78,230.516570919686,3.81020292371437
1.23,168,-75,242.624976732197,3.84148816733936
1.23,168,-72,255.095499908978,3.86973818074526
1.23,168,-69,267.95231582384,3.8951095456324
1.23,168,-66,281.226051898577,3.9177525549607
1.23,168,-63,294.952433322074,3.93782092006866
1.23,168,-60,309.170906560504,3.95548008830629
1.23,168,-57,323.923237921564,3.97091371981246
1.23,168,-54,339.252040857264,3.98432809640647
1.23,168,-51,355.199134450561,3.99595437386239
1.23,168,-48,371.803591295453,4.00604863667121
1.23,168,-45,389.09931676709,4.01488970166953
1.23,168,-42,407.11203365683,4.02277460610255
1.23,168,-39,425.855635704078,4.03001178040655
1.23,168,-36,445.328010923606,4.03691209612148
1.23,168,-33,465.506590233091,4.04377828864251
1.23,168,-30,486.344005490718,4.0508936094637
1.23,168,-27,507.764303858221,4.05851084335646
1.23,168,-24,529.660143181173,4.06684291424496
1.23,168,-21,551.891296361378,4.07605613548595
1.23,168,-18,574.284657390637,4.08626675781271
1.23,168,-15,596.635812619112,4.09754093328479
1.23,168,-12,618.712151303151,4.10989768874614
1.23,168,-9,640.257447422737,4.12331411836312
1.23,168,-6,660.997831341189,4.137731839134
1.23,168,-3,680.649050603812,4.15306381289468
1.23,168,0,698.92486138558,4.16920086908513
1.23,168,3,715.546281037728,4.1860175747299
1.23,168,6,730.251279374676,4.20337739717376
1.23,168,9,742.804327761331,4.22113731708403
1.23,168,12,753.00511019385,4.23915213542104
1.23,168,15,760.695676300131,4.2572786783378
1.23,168,18,765.765410808102,4.27537997025647
1.23,168,21,768.153406447753,4.29332926954638
1.23,168,24,767.848124844288,4.31101370083465
1.23,168,27,764.884555828002,4.32833712290679
1.23,168,30,759.339373153304,4.34522187305194
1.23,168,33,751.324775327361,4.36160913435213
1.23,168,36,740.981759227666,4.37745786211614
1.23,168,39,728.4734992595,4.39274243752826
1.23,168,42,713.979326055268,4.40744943650348
1.23,168,45,697.6895686851,4.42157405713659
1.23,168,48,679.801301937923,4.435116802801
1.23,168,51,660.51487374696,4.44808095767739
1.23,168,54,640.031002838216,4.46047123231065
1.23,168,57,618.548232476419,4.47229373554185
1.23,168,60,596.260581119463,4.483557193629
1.23,168,63,573.35531320123,4.49427513400483
1.23,168,66,550.010833090663,4.50446861492474
1.23,168,69,526.394762168082,4.51416903106015
1.23,168,72,502.66228491145,4.52342055853334
1.23,168,75,478.954847179269,4.53228190520647
1.23,168,78,455.39926663918,4.54082717712478
1.23,168,81,432.107281093597,4.5491458292931
1.23,168,84,409.175523461584,4.55734180893175
1.23,168,87,386.685878127531,4.56553209811704
1.23,168,90,364.706145813225,4.57384490525199
1.23,168,93,343.290925143701,4.58241773704806
1.23,168,96,322.482609850106,4.59139551247295
1.23,168,99,302.312401681754,4.60092877728171
1.23,168,102,282.801250648287,4.61117197321564
1.23,168,105,263.960655717812,4.62228164945137
1.23,168,108,245.793289620335,4.63441451990591
1.23,168,111,228.293449600387,4.64772541176056
1.23,168,114,211.447380000628,4.66236545241368
1.23,168,117,195.233559754636,4.67848132254122
1.23,168,120,179.623093951284,4.69621706323594
1.23,168,123,164.580386929583,4.71572076207413
1.23,168,126,150.064295605056,4.73715949079902
1.23,168,129,136.029955662753,4.76074729347671
1.23,168,132,122.431433274536,4.78679332278202
1.23,168,135,109.225286696636,4.81578161294335
1.23,168,138,96.37505652636,4.84850329717848
1.23,168,141,83.8567193548632,4.88628301718303
1.23,168,144,71.6654156334128,4.93139059825614
1.23,168,147,59.8247405849226,4.98785237111369
1.23,168,150,48.4028647216584,5.06320874243697
1.23,168,153,37.5492330857656,5.17272908584099
1.23,168,156,27.5991335176251,5.35039236181938
1.23,168,159,19.4120830608619,5.67464296871828
1.23,168,162,15.1751051465281,6.25136759640095
1.23,168,165,17.1203260485039,6.87924545338373
1.23,168,168,23.0839633527479,7.25948914145701
1.23,168,171,30.246538812922,7.46606682939083
1.23,168,174,37.4650066489408,7.59248240354571
1.23,168,177,44.3261298866326,7.68077873583024
1.23,168,180,50.6626885992604,7.74970412284988
1.23,171,-180,50.6626885992604,1.51887869323012
1.23,171,-177,57.4055689906519,1.56823781367629
1.23,171,-174,63.5321209387935,1.61207312933571
1.23,171,-171,69.024677815482,1.65341852667145
1.23,171,-168,73.8825042983771,1.6941863287803
1.23,171,-165,78.1175225049326,1.73567621885579
1.23,171,-162,81.7516721270294,1.77883293819872
1.23,171,-159,84.8151640102243,1.8243885669438
1.23,171,-156,87.3454242286922,1.87294771640797
1.23,171,-153,89.3867650184083,1.92504209898915
1.23,171,-150,90.9909130073272,1.98116607020911
1.23,171,-147,92.2185002089284,2.04179667782899
1.23,171,-144,93.1414771415335,2.10739678497751
1.23,171,-141,93.8461481236983,2.17839683178199
1.23,171,-138,94.4361892381033,2.25514992224332
1.23,171,-135,95.034655059542,2.33785716072569
1.23,171,-132,95.7837196580204,2.42646693566714
1.23,171,-129,96.8408950706521,2.52056391849988
1.23,171,-126,98.3709293067595,2.61927875378945
1.23,171,-123,100.533640869088,2.72126023065622
1.23,171,-120,103.469451364332,2.82474628904755
1.23,171,-117,107.285736004578,2.9277408721685
1.23,171,-114,112.047465027182,3.02825915983878
1.23,171,-111,117.774473479775,3.12457026480799
1.23,171,-108,124.445528583113,3.21536795036172
1.23,171,-105,132.007332309576,3.29983505585887
1.23,171,-102,140.385671675918,3.37761097195725
1.23,171,-99,149.496229028905,3.44869861434036
1.23,171,-96,159.253529868848,3.51335096409592
1.23,171,-93,169.577493383369,3.57196593348222
1.23,171,-90,180.397715493487,3.62500370860739
1.23,171,-87,191.655917632467,3.67292965230889
1.23,171,-84,203.307047357701,3.71617983842712
1.23,171,-81,215.319446205195,3.75514412504488
1.23,171,-78,227.674394215266,3.7901616394635
1.23,171,-75,240.365244834485,3.82152437003347
1.23,171,-72,253.396294433668,3.84948554803187
1.23,171,-69,266.781487013139,3.87427037648331
1.23,171,-66,280.543028428233,3.89608736017246
1.23,171,-63,294.709964366074,3.91513903457366
1.23,171,-60,309.316751470907,3.93163131565829
1.23,171,-57,324.401814075381,3.94578101577492
1.23,171,-54,340.006029124759,3.95782129409093
1.23,171,-51,356.17102702269,3.96800493179732
1.23,171,-48,372.937152827375,3.97660535648045
1.23,171,-45,390.340921711744,3.98391532787192
1.23,171,-42,408.411843062487,3.99024320276999
1.23,171,-39,427.168584879724,3.99590678636081
1.23,171,-36,446.614591025463,4.00122498746894
1.23,171,-33,466.733416301704,4.00650780845396
1.23,171,-30,487.484166622032,4.0120455387031
1.23,171,-27,508.797487869963,4.0180982701741
1.23,171,-24,530.572522559153,4.02488691002218
1.23,171,-21,552.675160969272,4.03258668078525
1.23,171,-18,574.937787801175,4.04132370470624
1.23,171,-15,597.16060733341,4.05117476689433
1.23,171,-12,619.114548042512,4.06216987421555
1.23,171,-9,640.545706193018,4.07429688818848
1.23,171,-6,661.181267640904,4.08750737353931
1.23,171,-3,680.736815703351,4.10172286821962
1.23,171,0,698.92486138558,4.1168409915253
1.23,171,3,715.464309242936,4.13274108234121
1.23,171,6,730.090411447093,4.14928931659179
1.23,171,9,742.564600793291,4.1663434294191
1.23,171,12,752.683479213186,4.18375723308282
1.23,171,15,760.286217447888,4.20138507885704
1.23,171,18,765.259721065747,4.21908628973136
1.23,171,21,767.541136384197,4.23672943592129
1.23,171,24,767.117574511003,4.2541961866049
1.23,171,27,764.023265911647,4.27138439175266
1.23,171,30,758.334654689809,4.28821005480897
1.23,171,33,750.164141296624,4.30460795658591
1.23,171,36,739.653247684552,4.32053086639813
1.23,171,39,726.965905512883,4.33594749172573
1.23,171,42,712.282384449498,4.35083952440419
1.23,171,45,695.794136589453,4.36519829158935
1.23,171,48,677.699595692666,4.37902157831807
1.23,171,51,658.200788609882,4.39231114203324
1.23,171,54,637.50052097485,4.40507129929438
1.23,171,57,615.799892681233,4.41730876282571
1.23,171,60,593.295960103994,4.42903368591472
1.23,171,63,570.179457772277,4.44026167386938
1.23,171,66,546.632587913189,4.45101638242183
1.23,171,69,522.826956637031,4.46133225948144
1.23,171,72,498.921768657302,4.47125700213159
1.23,171,75,475.062389132152,4.48085338355925
1.23,171,78,451.379350766792,4.49020023264733
1.23,171,81,427.987839389561,4.49939249458427
1.23,171,84,404.987643679021,4.50854043558289
1.23,171,87,382.463513295568,4.51776815369522
1.23,171,90,360.485839274275,4.5272116029656
1.23,171,93,339.111552759879,4.53701632205239
1.23,171,96,318.385132288986,4.54733498551318
1.23,171,99,298.339613934201,4.55832478439174
1.23,171,102,278.997510652873,4.57014452467262
1.23,171,105,260.371565773614,4.58295125199337
1.23,171,108,242.465290632768,4.59689622107296
1.23,171,111,225.273269231694,4.61212018083654
1.23,171,114,208.781255423878,4.62874828131233
1.23,171,117,192.966141693038,4.6468854399154
1.23,171,120,177.795940913623,4.66661370911854
1.23,171,123,163.229985590407,4.68799400580114
1.23,171,126,149.21959767824,4.71107543272703
1.23,171,129,135.709495388903,4.73591636499207
1.23,171,132,122.640161719289,4.76262276219911
1.23,171,135,109.951295912397,4.79141164309962
1.23,171,138,97.5863242783451,4.82271337166193
1.23,171,141,85.4978243584836,4.85734013160984
1.23,171,144,73.6537465613347,4.89678151771666
1.23,171,147,62.0447726313971,4.94377392320053
1.23,171,150,50.6947550328603,5.00352846795828
1.23,171,153,39.6814668201427,5.08674392885286
1.23,171,156,29.1948989705285,5.21816683396158
1.23,171,159,19.7527095691339,5.46437971025125
1.23,171,162,13.1072964408102,6.00117477138014
1.23,171,165,13.2925032105021,6.8144635551379
1.23,171,168,19.4907892142602,7.30797877252189
1.23,171,171,27.4335599939222,7.53599678158062
1.23,171,174,35.5421789702702,7.66079398563762
1.23,171,177,43.3461485782278,7.74191853603655
1.23,171,180,50.6626885992604,7.80206400040971
1.23,174,-180,50.6626885992603,1.57123857078995
1.23,174,-177,58.3897655903437,1.61120928253213
1.23,174,-174,65.5049274352608,1.6455209016277
1.23,174,-171,71.9627740788018,1.67711057873863
1.23,174,-168,77.7324949945952,1.70780747156509
1.23,174,-165,82.7954946225156,1.73886850323948
1.23,174,-162,87.144425847039,1.77123929084226
1.23,174,-159,90.7829057219438,1.80569418631227
1.23,174,-156,93.7256779074728,1.84291847926112
1.23,174,-153,95.9992124549045,1.88356066061234
1.23,174,-150,97.6428462934102,1.92826716560142
1.23,174,-147,98.7105915684292,1.97770398137798
1.23,174,-144,99.2736664796751,2.03256437741439
1.23,174,-141,99.423625993655,2.09355808856365
1.23,174,-138,99.2756870273329,2.1613742039764
1.23,174,-135,98.9714659086147,2.23660857126075
1.23,174,-132,98.6799161370763,2.31964887691323
1.23,174,-129,98.5948877792291,2.41052021838842
1.23,174,-126,98.9276812857696,2.50871401951621
1.23,174,-123,99.8936348983409,2.61305113376707
1.23,174,-120,101.693487636982,2.72165126760749
1.23,174,-117,104.492741489304,2.83206966478164
1.23,174,-114,108.404272358802,2.94160229703195
1.23,174,-111,113.479331229532,3.047676411093
1.23,174,-108,119.709275684027,3.14819428921844
1.23,174,-105,127.036409625394,3.24172560699753
1.23,174,-102,135.369626733497,3.32752415347058
1.23,174,-99,144.600338225638,3.40541637366736
1.23,174,-96,154.615716242799,3.47563450994501
1.23,174,-93,165.30817521653,3.53865276375605
1.23,174,-90,176.581322422883,3.59505687597634
1.23,174,-87,188.353172529863,3.64545462831968
1.23,174,-84,200.557477118459,3.69042238038645
1.23,174,-81,213.14385120927,3.73047861207791
1.23,174,-78,226.077167307416,3.76607568161784
1.23,174,-75,239.336514324144,3.79760283392458
1.23,174,-72,252.913903057896,3.82539547334857
1.23,174,-69,266.812832744221,3.84974733087268
1.23,174,-66,281.046796353846,3.87092333375254
1.23,174,-63,295.637777231752,3.88917180530234
1.23,174,-60,310.614761398249,3.90473518308687
1.23,174,-57,326.012249782647,3.91785881639008
1.23,174,-54,341.868702691835,3.92879762995238
1.23,174,-51,358.224794197137,3.93782054875324
1.23,174,-48,375.121314036565,3.94521260190455
1.23,174,-45,392.596549339386,3.95127461271667
1.23,174,-42,410.683023624935,3.95632039932808
1.23,174,-39,429.403568924131,3.96067151254629
1.23,174,-36,448.766843565927,3.96464974995178
1.23,174,-33,468.762552175109,3.96856798263996
1.23,174,-30,489.356738056581,3.97272013760065
1.23,174,-27,510.487570939956,3.97737139279505
1.23,174,-24,532.062034143847,3.98274967582235
1.23,174,-21,553.953837668758,3.98903937571307
1.23,174,-18,576.002778225851,3.99637781606846
1.23,174,-15,598.015667715837,4.00485458963416
1.23,174,-12,619.768880099884,4.01451343523287
1.23,174,-9,641.01252385618,4.02535604525284
1.23,174,-6,661.476214443007,4.037347075733
1.23,174,-3,680.876370087281,4.05041968625058
1.23,174,0,698.92486138558,4.06448111396547
1.23,174,3,715.338704515612,4.07941801408776
1.23,174,6,729.85031621041,4.09510150795597
1.23,174,9,742.217683249182,4.11139201900799
1.23,174,12,752.233687415787,4.12814402281359
1.23,174,15,759.733811842814,4.14521079417516
1.23,174,18,764.60156133426,4.16244912785497
1.23,174,21,766.771154812882,4.17972387817996
1.23,174,24,766.227359832743,4.19691204815117
1.23,174,27,763.002680987835,4.21390609671325
1.23,174,30,757.172419522631,4.23061614679169
1.23,174,33,748.84833019541,4.24697087217517
1.23,174,36,738.171674836745,4.26291700425988
1.23,174,39,725.306403177873,4.27841759848593
1.23,174,42,710.433006685646,4.29344939247505
1.23,174,45,693.743342033478,4.30799973023891
1.23,174,48,675.436469714681,4.32206358671169
1.23,174,51,655.715355660811,4.33564119075592
1.23,174,54,634.78417411374,4.34873662141059
1.23,174,57,612.845935366119,4.36135756909524
1.23,174,60,590.100224049984,4.37351624902674
1.23,174,63,566.740938409671,4.3852312672396
1.23,174,66,542.954031130462,4.39653010153015
1.23,174,69,518.915337981134,4.40745178865833
1.23,174,72,494.788625519848,4.41804940924381
1.23,174,75,470.723991420378,4.42839202424811
1.23,174,78,446.856719417398,4.43856582349485
1.23,174,81,423.306639735452,4.44867437344421
1.23,174,84,400.177989817285,4.45883797269629
1.23,174,87,377.559720674219,4.46919221552719
1.23,174,90,355.526157896544,4.47988590735627
1.23,174,93,334.1379051601,4.49107846090076
1.23,174,96,313.442870219062,4.50293682879951
1.23,174,99,293.477295325643,4.51563191289782
1.23,174,102,274.266682303703,4.52933426390025
1.23,174,105,255.826515483516,4.54420879629317
1.23,174,108,238.162704703156,4.56040825449634
1.23,174,111,221.271700043175,4.57806534381235
1.23,174,114,205.140276193846,4.59728383829987
1.23,174,117,189.745052586143,4.61812961499514
1.23,174,120,175.051905349549,4.64062339466854
1.23,174,123,161.015528094297,4.66473787061698
1.23,174,126,147.579486384946,4.69040270026033
1.23,174,129,134.67715037361,4.71752137445195
1.23,174,132,122.233845285875,4.74600433678433
1.23,174,135,110.170411113659,4.77582347645374
1.23,174,138,98.4081285137813,4.8070958035075
1.23,174,141,86.8747147930499,4.84021216597647
1.23,174,144,75.5109421461253,4.87604819575573
1.23,174,147,64.2775684842637,4.91635013904077
1.23,174,150,53.1630805323436,4.96454210864155
1.23,174,153,42.1954415844455,5.02768488183824
1.23,174,156,31.4709916449651,5.12212192112969
1.23,174,159,21.2621882687617,5.29368137233724
1.23,174,162,12.5935784191776,5.705581402251
1.23,174,165,9.94333581122916,6.67051412761938
1.23,174,168,16.0202721989923,7.35421851615823
1.23,174,171,24.7065764436317,7.60934804543744
1.23,174,174,33.6729313608861,7.73079466461766
1.23,174,177,42.3895578593688,7.80351721909799
1.23,174,180,50.6626885992603,7.85442387796954
1.23,177,-180,50.6626885992603,1.62359844834978
1.23,177,-177,59.356293393496,1.6543024576253
1.23,177,-174,67.4515843109656,1.67959797788495
1.23,177,-171,74.8766469520072,1.70223575379421
1.23,177,-168,81.5722762327861,1.72391202042294
1.23,177,-165,87.4913710349663,1.74580293883904
1.23,177,-162,92.5994119637455,1.76881519492964
1.23,177,-159,96.8753674982185,1.79371710151303
1.23,177,-156,100.312794091544,1.8212145969168
1.23,177,-153,102.921100955736,1.85199992107523
1.23,177,-150,104.727071503954,1.88678542421788
1.23,177,-147,105.776789589269,1.92632739630233
1.23,177,-144,106.138101099306,1.97144005098007
1.23,177,-141,105.903637594421,2.02299581631928
1.23,177,-138,105.194224251449,2.08190403317912
1.23,177,-135,104.162168941376,2.14905610933507
1.23,177,-132,102.993461522502,2.22522261882162
1.23,177,-129,101.907321102088,2.31089069525303
1.23,177,-126,101.150975759569,2.4060450743266
1.23,177,-123,100.987490736924,2.50992959154779
1.23,177,-120,101.675613288743,2.62087312564005
1.23,177,-117,103.443511214126,2.73629515751536
1.23,177,-114,106.462216668867,2.85297218135468
1.23,177,-111,110.826977503237,2.96752862484358
1.23,177,-108,116.552845864561,3.07698223471985
1.23,177,-105,123.585047911331,3.17913826868813
1.23,177,-102,131.818906518159,3.27272319711925
1.23,177,-99,141.122034234918,3.35728814427544
1.23,177,-96,151.353313962508,3.43299075776601
1.23,177,-93,162.376389851933,3.50035992465001
1.23,177,-90,174.067848497957,3.56010312931713
1.23,177,-87,186.321366409934,3.61297404064587
1.23,177,-84,199.049216244826,3.65969411025242
1.23,177,-81,212.182216353492,3.7009139393618
1.23,177,-78,225.668833916561,3.73720054102844
1.23,177,-75,239.473858115188,3.76903987149555
1.23,177,-72,253.576871910707,3.79684740895355
1.23,177,-69,267.970646750311,3.82098221144715
1.23,177,-66,282.659531100963,3.84176170793164
1.23,177,-63,297.657872319828,3.85947565033388
1.23,177,-60,312.98848155742,3.87439838316885
1.23,177,-57,328.681112460886,3.88679902117463
1.23,177,-54,344.77087591537,3.89694936064498
1.23,177,-51,361.296464039415,3.90512945019608
1.23,177,-48,378.298023162193,3.91163076507086
1.23,177,-45,395.814515282189,3.91675692178214
1.23,177,-42,413.880452962927,3.92082189426121
1.23,177,-39,432.521984313126,3.92414579400816
1.23,177,-36,451.752428159121,3.92704847017566
1.23,177,-33,471.567487857888,3.9298414439066
1.23,177,-30,491.940474497822,3.93281894847022
1.23,177,-27,512.817922758437,3.93624901921911
1.23,177,-24,534.115977938594,3.94036559665849
1.23,177,-21,555.717881571246,3.94536244793019
1.23,177,-18,577.472809003913,3.9513894089451
1.23,177,-15,599.196239566927,3.95855107827367
1.23,177,-12,620.671982059476,3.96690774792749
1.23,177,-9,641.655932298418,3.97647811248261
1.23,177,-6,661.881588175724,3.98724319536343
1.23,177,-3,681.067268714475,3.99915096422495
1.23,177,0,698.924861385579,4.01212123640564
1.23,177,3,715.169757244486,4.02605064389567
1.23,177,6,729.531447331468,4.04081758054182
1.23,177,9,741.764084212157,4.05628715302574
1.23,177,12,751.656204794444,4.07231618397207
1.23,177,15,759.038804295204,4.08875827433195
1.23,177,18,763.791067972544,4.10546884370046
1.23,177,21,765.843302016564,4.12230996214592
1.23,177,24,765.176924683388,4.13915469879973
1.23,177,27,761.821727967118,4.15589067011659
1.23,177,30,755.850933364447,4.17242249364864
1.23,177,33,747.374782635089,4.18867294624993
1.23,177,36,736.533486357456,4.20458277709935
1.23,177,39,723.490290524116,4.22010930869124
1.23,177,42,708.425238188589,4.23522413582314
1.23,177,45,691.529949159671,4.24991036516809
1.23,177,48,673.003478137653,4.26415989653831
1.23,177,51,653.049098142669,4.27797121843835
1.23,177,54,631.871730090476,4.291348081868
1.23,177,57,609.675712393662,4.30429925167633
1.23,177,60,586.662661756419,4.3168393481272
1.23,177,63,563.029285154743,4.32899061766965
1.23,177,66,538.965124626099,4.34078533933272
1.23,177,69,514.650317580986,4.35226849836965
1.23,177,72,490.25351531321,4.36350034592137
1.23,177,75,465.930115557668,4.37455850571861
1.23,177,78,441.820938154373,4.38553937124364
1.23,177,81,418.051420405796,4.39655863940281
1.23,177,84,394.731346741583,4.40775092760287
1.23,177,87,371.955069470247,4.41926849863356
1.23,177,90,349.802132270732,4.43127915341924
1.23,177,93,328.338178610959,4.44396333296754
1.23,177,96,307.616011873102,4.4575103948701
1.23,177,99,287.676668565621,4.47211390793614
1.23,177,102,268.550366681772,4.48796567164776
1.23,177,105,250.257196684939,4.50524806887983
1.23,177,108,232.807435786875,4.52412437738498
1.23,177,111,216.201394940038,4.54472688877345
1.23,177,114,200.42876322845,4.56714319568461
1.23,177,117,185.467505906934,4.59140184304751
1.23,177,120,171.282501972126,4.61745963158777
1.23,177,123,157.824260526967,4.64519399988508
1.23,177,126,145.028196298874,4.67440474647511
1.23,177,129,132.815018275015,4.70482951364439
1.23,177,132,121.092732895803,4.73617679684289
1.23,177,135,109.760550999438,4.76817920700433
1.23,177,138,98.7146373690581,4.8006696842293
1.23,177,141,87.8552436062203,4.83368711366043
1.23,177,144,77.0944625561424,4.86763071095869
1.23,177,147,66.3638015910854,4.90351729469391
1.23,177,150,55.6211980166391,4.94348984599137
1.23,177,153,44.858495219244,4.99201462846966
1.23,177,156,34.1149811270078,5.05927135433168
1.23,177,159,23.5235649253188,5.17332921313542
1.23,177,162,13.569318819458,5.44200365994748
1.23,177,165,7.44159269430701,6.38025834182213
1.23,177,168,12.6771044951895,7.39642393408834
1.23,177,171,22.0725582318519,7.68707942242482
1.23,177,174,31.8624787114003,7.80265304135361
1.23,177,177,41.4589438578137,7.86556838855675
1.23,177,180,50.6626885992603,7.90678375552937
