"Freq [GHz]","Phi [deg]","Theta [deg]","mag(rERHCP) [mV]","cang_rad(rERHCP) [rad]"
1.58,0,-180,84.3042145304794,-2.50673501850062
1.58,0,-177,92.2916895707875,-2.57238780100879
1.58,0,-174,99.1762485081929,-2.61661491398334
1.58,0,-171,104.534200462816,-2.64555175056555
1.58,0,-168,108.025537028237,-2.66342726127933
1.58,0,-165,109.378522569154,-2.67323367311963
1.58,0,-162,108.391130524133,-2.67716312279045
1.58,0,-159,104.938193186229,-2.67688016811945
1.58,0,-156,98.9763079434131,-2.67369357708143
1.58,0,-153,90.5415976317052,-2.6686751362841
1.58,0,-150,79.7385705678344,-2.66276926072541
1.58,0,-147,66.7213092331224,-2.65696435201376
1.58,0,-144,51.6705746930706,-2.65274424946942
1.58,0,-141,34.7720516075547,-2.65394729249554
1.58,0,-138,16.2071116369352,-2.68218269609111
1.58,0,-135,4.12693699663217,-5.4567364776454
1.58,0,-132,25.5358204497199,-5.68558239871767
1.58,0,-129,48.402874385311,-5.69595401827588
1.58,0,-126,72.5304383529954,-5.69240013429558
1.58,0,-123,97.8403774050715,-5.68460471771393
1.58,0,-120,124.256904322686,-5.67485586340807
1.58,0,-117,151.699405871915,-5.66405768741346
1.58,0,-114,180.081999961642,-5.65271861352507
1.58,0,-111,209.316376393581,-5.64120430215873
1.58,0,-108,239.3159911867,-5.62981515867233
1.58,0,-105,269.999861745504,-5.61881088845977
1.58,0,-102,301.294647790291,-5.60841784551093
1.58,0,-99,333.134364035403,-5.59883137154387
1.58,0,-96,365.457761746438,-5.59021730396118
1.58,0,-93,398.203967096828,-5.58271367829043
1.58,0,-90,431.307276889013,-5.57643240934479
1.58,0,-87,464.692068319835,-5.57146040938574
1.58,0,-84,498.268622089631,-5.56785976173504
1.58,0,-81,531.930362578739,-5.56566696215802
1.58,0,-78,565.552664743547,-5.56489167926664
1.58,0,-75,598.99303106409,-5.56551581862007
1.58,0,-72,632.092151198684,-5.56749379341615
1.58,0,-69,664.675156956777,-5.57075474839133
1.58,0,-66,696.552307593684,-5.57520705298054
1.58,0,-63,727.518420755014,-5.58074474054434
1.58,0,-60,757.3506395137,-5.58725485333028
1.58,0,-57,785.804618329539,-5.59462404126784
1.58,0,-54,812.609899661434,-5.6027424606853
1.58,0,-51,837.466041020793,-5.61150319635739
1.58,0,-48,860.041746988867,-5.62079615490495
1.58,0,-45,879.979595832681,-5.63049656122008
1.58,0,-42,896.908661818848,-5.64044958133202
1.58,0,-39,910.466276477455,-5.65045384455358
1.58,0,-36,920.328423276404,-5.66024741354177
1.58,0,-33,926.246154253829,-5.66949986073858
1.58,0,-30,928.083465760208,-5.6778135565986
1.58,0,-27,925.850801425153,-5.68473621919066
1.58,0,-24,919.728137374839,-5.68978542649429
1.58,0,-21,910.072565340814,-5.69248430412499
1.58,0,-18,897.407284333768,-5.69240602256294
1.58,0,-15,882.391615370545,-5.68922306999583
1.58,0,-12,865.774636700921,-5.6827555940158
1.58,0,-9,848.337814346681,-5.67301174536328
1.58,0,-6,830.834054563248,-5.66021251505663
1.58,0,-3,813.931420633066,-5.64479475581858
1.58,0,0,798.168966342781,-5.62738932516433
1.58,0,3,783.929727035566,-5.60877615485156
1.58,0,6,771.432391683303,-5.58982311329127
1.58,0,9,760.739553963994,-5.5714188844987
1.58,0,12,751.777823840671,-5.55441041725587
1.58,0,15,744.364187809877,-5.53955288595574
1.58,0,18,738.233805195765,-5.52747595635913
1.58,0,21,733.066223456226,-5.51866626135491
1.58,0,24,728.508855455997,-5.51346353829038
1.58,0,27,724.197791128557,-5.51206702620861
1.58,0,30,719.776397968843,-5.51454892868942
1.58,0,33,714.911907181519,-5.52087233229711
1.58,0,36,709.309690906702,-5.53091149154478
1.58,0,39,702.724579318294,-5.54447272941935
1.58,0,42,694.968536154055,-5.56131443811433
1.58,0,45,685.914299773896,-5.58116492272312
1.58,0,48,675.495059678894,-5.60373718720236
1.58,0,51,663.700690156994,-5.62874022037996
1.58,0,54,650.571361240895,-5.65588684741131
1.58,0,57,636.189438476596,-5.6848986869323
1.58,0,60,620.670500044642,-5.7155091103051
1.58,0,63,604.154126963761,-5.74746526880177
1.58,0,66,586.794947946808,-5.78053020501781
1.58,0,69,568.754300571246,-5.81448580950677
1.58,0,72,550.192813853144,-5.84913697900742
1.58,0,75,531.26419627771,-5.88431686307749
1.58,0,78,512.110485606767,-5.91989264074253
1.58,0,81,492.858947564176,-5.95577091997128
1.58,0,84,473.62068477638,-5.99190164263361
1.58,0,87,454.490841291431,-6.02827932017379
1.58,0,90,435.550083987546,-6.06494052092394
1.58,0,93,416.866843112177,-6.10195678500278
1.58,0,96,398.499640081634,-6.13942258227719
1.58,0,99,380.498766262787,-6.17743859247008
1.58,0,102,362.90664588945,-6.2160914988872
1.58,0,105,345.756451000127,-6.2554326064594
1.58,0,108,329.068935924741,-6.29545875423639
1.58,0,111,312.847970600781,-6.3360998719899
1.58,0,114,297.075761521253,-6.37721770684731
1.58,0,117,281.709098635839,-6.41861935880162
1.58,0,120,266.678008310338,-6.46008727108123
1.58,0,123,251.887863610615,-6.50142470852609
1.58,0,126,237.225381292315,-6.54251351825857
1.58,0,129,222.568227701532,-6.58338026817952
1.58,0,132,207.797412348444,-6.62426855134498
1.58,0,135,192.811438083281,-6.66571958611414
1.58,0,138,177.541322849395,-6.70867010374382
1.58,0,141,161.966025421964,-6.75458599738576
1.58,0,144,146.128441335029,-6.80566319964374
1.58,0,147,130.153118650576,-6.86514489071493
1.58,0,150,114.268584258772,-6.93782272770302
1.58,0,153,98.8401658235752,-7.03077792463922
1.58,0,156,84.4226269773356,-7.15422895513176
1.58,0,159,71.8370154377823,-7.32147002988391
1.58,0,162,62.2249660139965,-7.54429638497407
1.58,0,165,56.8687605014314,-7.81825153063323
1.58,0,168,56.490913350575,-8.1070311814275
1.58,0,171,60.5261249251444,-8.36092415434696
1.58,0,174,67.4630810720849,-8.55534833808251
1.58,0,177,75.768210740529,-8.6939221164338
1.58,0,180,84.3042145304794,-8.7899203256802
1.58,3,-180,84.3042145304796,-2.45437514094079
1.58,3,-177,91.0441079404097,-2.51716541628324
1.58,3,-174,96.8154272717369,-2.55978609072608
1.58,3,-171,101.240591605106,-2.58716334861113
1.58,3,-168,104.005613303395,-2.60274829337744
1.58,3,-165,104.850309294819,-2.60894379602246
1.58,3,-162,103.573132169389,-2.60737773940307
1.58,3,-159,100.04128180921,-2.59902757380886
1.58,3,-156,94.1987866161181,-2.58419545650335
1.58,3,-153,86.0681668226675,-2.56227941723355
1.58,3,-150,75.7453824648716,-2.53114208968832
1.58,3,-147,63.3941458223167,-2.48542296174794
1.58,3,-144,49.2614696274818,-2.41132107643164
1.58,3,-141,33.8124420003576,-2.26565493492927
1.58,3,-138,18.7619859979268,-1.85355508600592
1.58,3,-135,15.3261331942134,-0.62712542392194
1.58,3,-132,31.1860763165341,0.0355616931331543
1.58,3,-129,52.392662001645,0.237273904262577
1.58,3,-126,75.7019302521614,0.331762495702185
1.58,3,-123,100.522161418498,0.389416177870348
1.58,3,-120,126.623424305748,0.43055291833086
1.58,3,-117,153.854954436834,0.462939690067111
1.58,3,-114,182.089380654968,0.490067628905192
1.58,3,-111,211.211037290267,0.513653238012865
1.58,3,-108,241.115615052703,0.534575519332293
1.58,3,-105,271.711861604255,0.553285695045059
1.58,3,-102,302.92189104562,0.570007816104222
1.58,3,-99,334.678996518832,0.584845174086781
1.58,3,-96,366.923138359546,0.597839761819939
1.58,3,-93,399.594982683126,0.609006533836285
1.58,3,-90,432.62961939218,0.618353530258514
1.58,3,-87,465.950995683273,0.625893929825929
1.58,3,-84,499.467785775435,0.631653448109197
1.58,3,-81,533.071008939137,0.635674903654297
1.58,3,-78,566.633312313829,0.63802074420103
1.58,3,-75,600.009519974993,0.638773688822095
1.58,3,-72,633.037844139475,0.638035353307384
1.58,3,-69,665.541061971827,0.63592276294449
1.58,3,-66,697.326980141931,0.632562971525115
1.58,3,-63,728.187647870072,0.628086503414072
1.58,3,-60,757.897061772921,0.622620872683709
1.58,3,-57,786.20755753752,0.616285831331971
1.58,3,-54,812.845697576467,0.609192079581438
1.58,3,-51,837.509161858183,0.601444808772918
1.58,3,-48,859.866757799477,0.593152621671102
1.58,3,-45,879.56393751193,0.584441208535749
1.58,3,-42,896.235903257449,0.57546990329312
1.58,3,-39,909.529366834726,0.566448216201773
1.58,3,-36,919.132388354874,0.557648902967725
1.58,3,-33,924.809766763748,0.549414206730777
1.58,3,-30,926.439650860422,0.542152546218333
1.58,3,-27,924.045851194922,0.536323948653871
1.58,3,-24,917.820086148508,0.532413755583465
1.58,3,-21,908.129200212987,0.530895465564848
1.58,3,-18,895.504153680253,0.53218503858365
1.58,3,-15,880.610061839213,0.53659064306036
1.58,3,-12,864.199434306062,0.544263642700125
1.58,3,-9,847.053635624774,0.555158267889159
1.58,3,-6,829.919965788089,0.569008168807303
1.58,3,-3,813.453059619016,0.585326943178916
1.58,3,0,798.168966342781,0.603436104455426
1.58,3,3,784.418025422094,0.622518157665395
1.58,3,6,772.378831178177,0.641686208393409
1.58,3,9,762.071201998782,0.660057374507232
1.58,3,12,753.382538812187,0.676817112815091
1.58,3,15,746.100395305897,0.691265436997584
1.58,3,18,739.944770522308,0.702841973904858
1.58,3,21,734.595926969456,0.711132265904375
1.58,3,24,729.716286094342,0.715860853370442
1.58,3,27,724.967110206353,0.716877123461561
1.58,3,30,720.021704758173,0.714138519081096
1.58,3,33,714.576797745761,0.707693683034001
1.58,3,36,708.362987010638,0.697666423153854
1.58,3,39,701.15421648209,0.684240457424651
1.58,3,42,692.775565813537,0.667644704099323
1.58,3,45,683.108413036646,0.648139134782054
1.58,3,48,672.092236847764,0.626001573110888
1.58,3,51,659.722800168957,0.601516047629117
1.58,3,54,646.046992633552,0.574963281051662
1.58,3,57,631.155039481783,0.546613633874265
1.58,3,60,615.171022602399,0.516722419694101
1.58,3,63,598.242701849765,0.485527109934738
1.58,3,66,580.53152024985,0.453245671680869
1.58,3,69,562.203492186839,0.420075210943423
1.58,3,72,543.421466722108,0.386190237924483
1.58,3,75,524.339064209648,0.351740185631991
1.58,3,78,505.0964163439,0.316846218295494
1.58,3,81,485.817695260048,0.281597775497088
1.58,3,84,466.61028685139,0.246049642636183
1.58,3,87,447.565337768258,0.210220572595429
1.58,3,90,428.759281114423,0.174094574805552
1.58,3,93,410.255829784108,0.137625898503619
1.58,3,96,392.107840065557,0.100748410859293
1.58,3,99,374.358427533907,0.0633894409925697
1.58,3,102,357.040806790432,0.025487186359241
1.58,3,105,340.176564133692,-0.0129904945720236
1.58,3,108,323.772465559262,-0.0520294456690284
1.58,3,111,307.816403499967,-0.091559341091062
1.58,3,114,292.273576271205,-0.131455435983284
1.58,3,117,277.084302332115,-0.1715557987309
1.58,3,120,262.164830642542,-0.211695596744642
1.58,3,123,247.412046678127,-0.251757031188403
1.58,3,126,232.712186460041,-0.291731033671511
1.58,3,129,217.952817337945,-0.331786186206095
1.58,3,132,203.036744016274,-0.372342393764942
1.58,3,135,187.89637956112,-0.41415172559975
1.58,3,138,172.507518330645,-0.458396035424757
1.58,3,141,156.902224729853,-0.506819832846737
1.58,3,144,141.181538259991,-0.561926633898526
1.58,3,147,125.529840595737,-0.627274496724596
1.58,3,150,110.234102545746,-0.707896707179832
1.58,3,153,95.7124806354153,-0.810789235067915
1.58,3,156,82.5548536624268,-0.945067995577282
1.58,3,159,71.560639230811,-1.12042604465709
1.58,3,162,63.6989294627103,-1.341040230221
1.58,3,165,59.8278163144723,-1.59439642478589
1.58,3,168,60.1538134988646,-1.84779720763069
1.58,3,171,63.9547374976943,-2.06737445352941
1.58,3,174,69.9890788846647,-2.23861237197224
1.58,3,177,77.071757955203,-2.36451735925738
1.58,3,180,84.3042145304796,-2.45437514094079
1.58,6,-180,84.3042145304795,-2.40201526338096
1.58,6,-177,89.7776844755274,-2.46179969039489
1.58,6,-174,94.4209409700406,-2.50284671947464
1.58,6,-171,97.9074158576488,-2.52884801783332
1.58,6,-168,99.9541538981821,-2.54240039854526
1.58,6,-165,100.318155524239,-2.54523985276687
1.58,6,-162,98.8057252129715,-2.53836678829925
1.58,6,-159,95.2870181587757,-2.52202588901524
1.58,6,-156,89.7095040824566,-2.49548935406411
1.58,6,-153,82.1077297295864,-2.45650728749468
1.58,6,-150,72.6136924233038,-2.40005557931304
1.58,6,-147,61.4870193468767,-2.31533903330589
1.58,6,-144,49.2279045895502,-2.17792110445062
1.58,6,-141,37.0024992563333,-1.92822936187799
1.58,6,-138,28.137941770397,-1.44154117155835
1.58,6,-135,29.4713554280142,-0.751829113301125
1.58,6,-132,42.2001643300195,-0.271241731363047
1.58,6,-129,60.9346180626703,-0.0228962631458739
1.58,6,-126,82.7659996088491,0.116902952352754
1.58,6,-123,106.646941196979,0.206624618140239
1.58,6,-120,132.114913886711,0.270512759826445
1.58,6,-117,158.897222177222,0.319602651608725
1.58,6,-114,186.794888753909,0.359416087087072
1.58,6,-111,215.647286507329,0.392914940740895
1.58,6,-108,245.321918848124,0.421763062332003
1.58,6,-105,275.711101132457,0.446922532615468
1.58,6,-102,306.728829566926,0.468960266427515
1.58,6,-99,338.305671368165,0.488216752903516
1.58,6,-96,370.381666022998,0.504903891715068
1.58,6,-93,402.898232822091,0.519163873667931
1.58,6,-90,435.790366354132,0.531105438010138
1.58,6,-87,468.980223149879,0.540826355989213
1.58,6,-84,502.372773028156,0.548427138423424
1.58,6,-81,535.853688202024,0.554018834233322
1.58,6,-78,569.289200610875,0.557726544556454
1.58,6,-75,602.52734230295,0.559689566006779
1.58,6,-72,635.399812948961,0.560058746597951
1.58,6,-69,667.723680786793,0.558991612069958
1.58,6,-66,699.302201895808,0.556646026054899
1.58,6,-63,729.924235730779,0.553173483617165
1.58,6,-60,759.362059068255,0.548713468597134
1.58,6,-57,787.367854692306,0.543390475512642
1.58,6,-54,813.669761315118,0.537315164251046
1.58,6,-51,837.969032762373,0.530590596404087
1.58,6,-48,859.940395660742,0.523323614192013
1.58,6,-45,879.237885644821,0.515640308361992
1.58,6,-42,895.508072186973,0.507703422450944
1.58,6,-39,908.411562354008,0.499728727795567
1.58,6,-36,917.652109601129,0.491997078865082
1.58,6,-33,923.010845025309,0.484859082556289
1.58,6,-30,924.381506128182,0.478729999208631
1.58,6,-27,921.801455288355,0.474073464215083
1.58,6,-24,915.473021948057,0.471373724452884
1.58,6,-21,905.770361253606,0.471097278614194
1.58,6,-18,893.228541742237,0.473646178422585
1.58,6,-15,878.513807698917,0.479306922955722
1.58,6,-12,862.376700643152,0.488200868002747
1.58,6,-9,845.592675234792,0.500244024644007
1.58,6,-6,828.897552215743,0.515125174733381
1.58,6,-3,812.926950764947,0.532310173938338
1.58,6,0,798.168966342781,0.551076226895596
1.58,6,3,784.937268579827,0.570573124495637
1.58,6,6,773.367634275897,0.589901026153981
1.58,6,9,763.435783087091,0.608189540421392
1.58,6,12,754.989958852361,0.62466304885761
1.58,6,15,747.789530069216,0.638682432198327
1.58,6,18,741.541522220136,0.6497610812831
1.58,6,21,735.929798020912,0.657559915692583
1.58,6,24,730.635192137117,0.661869765509137
1.58,6,27,725.347920017061,0.662589502177658
1.58,6,30,719.775205334573,0.659705847607148
1.58,6,33,713.647189295968,0.653277486377106
1.58,6,36,706.723204260014,0.643423311630943
1.58,6,39,698.799055033326,0.630313063402545
1.58,6,42,689.714659996268,0.614158341586776
1.58,6,45,679.360652989474,0.595202631383509
1.58,6,48,667.68245021279,0.57371002926593
1.58,6,51,654.680722830234,0.549953313810503
1.58,6,54,640.407934248423,0.524202560375426
1.58,6,57,624.961336307673,0.496715557153754
1.58,6,60,608.473375392451,0.467730921750812
1.58,6,63,591.100744347196,0.437464222578601
1.58,6,66,573.013328969186,0.406106785294671
1.58,6,69,554.384101181136,0.373826386063757
1.58,6,72,535.380694795038,0.340768806368324
1.58,6,75,516.159052621494,0.307059273833945
1.58,6,78,496.859223160121,0.272803097046526
1.58,6,81,477.603148493291,0.238085235638578
1.58,6,84,458.494129155125,0.202969035156559
1.58,6,87,439.617560752566,0.167494813263119
1.58,6,90,421.04248515868,0.131679334475074
1.58,6,93,402.823465147981,0.0955173789667782
1.58,6,96,385.002271692709,0.0589865081657134
1.58,6,99,367.608887663496,0.0220556590666825
1.58,6,102,350.661420247808,-0.0153027090401659
1.58,6,105,334.164721419673,-0.0530985121642238
1.58,6,108,318.107863832254,-0.0913111140296363
1.58,6,111,302.461078241049,-0.129882034832968
1.58,6,114,287.173223021424,-0.168718312464698
1.58,6,117,272.17115503999,-0.207710793134681
1.58,6,120,257.362321254557,-0.246769468230393
1.58,6,123,242.641393515092,-0.285874938093491
1.58,6,126,227.900902388957,-0.325142369918462
1.58,6,129,213.044860896052,-0.364893341070071
1.58,6,132,198.003676607794,-0.405732691907877
1.58,6,135,182.748529354333,-0.448632021097723
1.58,6,138,167.303924447359,-0.495027894379245
1.58,6,141,151.758162231952,-0.546949560116723
1.58,6,144,136.272702998165,-0.60719468894357
1.58,6,147,121.092538730207,-0.679563413025432
1.58,6,150,106.560258686535,-0.769114131043011
1.58,6,153,93.1351269314718,-0.882248488361556
1.58,6,156,81.4106844339548,-1.02603121590168
1.58,6,159,72.1003545402422,-1.20548593205491
1.58,6,162,65.9186386737137,-1.41780509872445
1.58,6,165,63.2959375011581,-1.64669569943421
1.58,6,168,64.0687306804654,-1.86620981454294
1.58,6,171,67.4858592602254,-2.05491955173146
1.58,6,174,72.5593306836882,-2.20486272163307
1.58,6,177,78.3947662484438,-2.31846498427148
1.58,6,180,84.3042145304795,-2.40201526338096
1.58,9,-180,84.3042145304796,-2.34965538582113
1.58,9,-177,88.4954566425867,-2.40629099334645
1.58,9,-174,91.9971260071478,-2.44580062653138
1.58,9,-171,94.5380501996674,-2.47064317333808
1.58,9,-168,95.8709316933835,-2.48249432977512
1.58,9,-165,95.7749930701182,-2.48234800892261
1.58,9,-162,94.0708344539148,-2.47052225848861
1.58,9,-159,90.6407764944242,-2.44651415892897
1.58,9,-156,85.4495066767329,-2.4086271964059
1.58,9,-153,78.5647077624844,-2.35320724471925
1.58,9,-150,70.1872893830371,-2.2731189225561
1.58,9,-147,60.7216095794782,-2.15469208437108
1.58,9,-144,50.9633316808589,-1.97209144575722
1.58,9,-141,42.5605447005502,-1.68254325975536
1.58,9,-138,38.6469196323723,-1.25740494402871
1.58,9,-135,42.6193199428396,-0.790121206333869
1.58,9,-132,54.4125419580695,-0.431995497867219
1.58,9,-129,71.5123009222862,-0.200066338410363
1.58,9,-126,92.0116995088924,-0.0490162912867216
1.58,9,-123,114.90401975425,0.0555330953781306
1.58,9,-120,139.637246094872,0.132664288421019
1.58,9,-117,165.859436972412,0.192700125708243
1.58,9,-114,193.314109978062,0.241409008943808
1.58,9,-111,221.800799433357,0.282141667051472
1.58,9,-108,251.160645556908,0.316909127400012
1.58,9,-105,281.269815692744,0.346949358165103
1.58,9,-102,312.033579160713,0.373040688597915
1.58,9,-99,343.378618486221,0.395684034582428
1.58,9,-96,375.2435788109,0.415213683310323
1.58,9,-93,407.568980032531,0.431867098108283
1.58,9,-90,440.287907461488,0.445829877841911
1.58,9,-87,473.318665052381,0.457264743147695
1.58,9,-84,506.560075669208,0.466329631242177
1.58,9,-81,539.889548599633,0.473187952642335
1.58,9,-78,573.163542569887,0.478012959441776
1.58,9,-75,606.219702156729,0.48098758880971
1.58,9,-72,638.87975414968,0.48230088537607
1.58,9,-69,670.952209010685,0.482142075883698
1.58,9,-66,702.23401042246,0.480693496885268
1.58,9,-63,732.51051530683,0.478123774938414
1.58,9,-60,761.553580423723,0.474582815963163
1.58,9,-57,789.118081985422,0.470200148283184
1.58,9,-54,814.937860671111,0.465087870046856
1.58,9,-51,838.722754026198,0.459348821919002
1.58,9,-48,860.158867480193,0.453089682632645
1.58,9,-45,878.914329423,0.446437620488025
1.58,9,-42,894.652308240379,0.439558159399949
1.58,9,-39,907.052005924308,0.432671270123456
1.58,9,-36,915.836827984526,0.426062529958373
1.58,9,-33,920.807259701574,0.420086522713649
1.58,9,-30,921.874513695102,0.415160359792611
1.58,9,-27,919.090065290686,0.411746120757419
1.58,9,-24,912.665950231091,0.410322011149887
1.58,9,-21,902.981223869236,0.411343116805278
1.58,9,-18,890.571248354322,0.415193937492528
1.58,9,-15,876.098430841108,0.422136601424833
1.58,9,-12,860.305604242308,0.432260840730111
1.58,9,-9,843.956247458919,0.445444066018983
1.58,9,-6,827.768774676593,0.461331210784418
1.58,9,-3,812.354435461681,0.479342957353032
1.58,9,0,798.168966342781,0.498716349335766
1.58,9,3,785.486196361328,0.518573975063878
1.58,9,6,774.397301735972,0.538009389195127
1.58,9,9,764.833487195902,0.556171083596095
1.58,9,12,756.604589945382,0.572328017544053
1.58,9,15,749.443390606811,0.585906325777
1.58,9,18,743.046057652648,0.596496171237657
1.58,9,21,737.102461976986,0.60383570610438
1.58,9,24,731.314465459326,0.607783078685549
1.58,9,27,725.40407013173,0.608287033524423
1.58,9,30,719.115485875903,0.605363277132723
1.58,9,33,712.215497259487,0.599079369780791
1.58,9,36,704.495372119705,0.58954709772748
1.58,9,39,695.775675034233,0.576919031400209
1.58,9,42,685.91348699311,0.561385501556273
1.58,9,45,674.810259159259,0.54316916627171
1.58,9,48,662.418099656792,0.522516017468141
1.58,9,51,648.742645987493,0.499683375865002
1.58,9,54,633.841532718237,0.474926625738164
1.58,9,57,617.818473185098,0.448486908539033
1.58,9,60,600.813835958173,0.42058175372241
1.58,9,63,582.99313110445,0.391399878578565
1.58,9,66,564.534975242356,0.361100414890806
1.58,9,69,545.619927519129,0.329815890734736
1.58,9,72,526.421193245354,0.297657620007244
1.58,9,75,507.0977124174,0.26472184695136
1.58,9,78,487.789707289739,0.231095076731527
1.58,9,81,468.616436572356,0.196857434018142
1.58,9,84,449.67572110116,0.162083518639047
1.58,9,87,431.044746368615,0.12684094308324
1.58,9,90,412.781661528054,0.091187415492799
1.58,9,93,394.927529938102,0.0551677502945176
1.58,9,96,377.508211880533,0.0188124156794804
1.58,9,99,360.53578038219,-0.017860975461549
1.58,9,102,344.009125853899,-0.0548425707908712
1.58,9,105,327.913552331882,-0.0921222300058567
1.58,9,108,312.219452245554,-0.12968088413787
1.58,9,111,296.88056199249,-0.167485367863107
1.58,9,114,281.832760731063,-0.205491867239581
1.58,9,117,266.994711224874,-0.243662946005138
1.58,9,120,252.271651316064,-0.282001378611706
1.58,9,123,237.563188047057,-0.320601091194819
1.58,9,126,222.775057511593,-0.359712481318957
1.58,9,129,207.83374925585,-0.399817684525788
1.58,9,132,192.702062519272,-0.441712047167839
1.58,9,135,177.39344020966,-0.48659120288853
1.58,9,138,161.983468844946,-0.536147426268076
1.58,9,141,146.618078096988,-0.592681286076014
1.58,9,144,131.519287290822,-0.65922859374447
1.58,9,147,116.990174303897,-0.739673698936929
1.58,9,150,103.420036984736,-0.838737050399151
1.58,9,153,91.2864139611525,-0.96153842269128
1.58,9,156,81.1392879591063,-1.11215405421992
1.58,9,159,73.5343853790447,-1.29059138436907
1.58,9,162,68.88025938803,-1.48905261688507
1.58,9,165,67.2348363931306,-1.69142383743863
1.58,9,168,68.2105468858119,-1.87935775785408
1.58,9,171,71.1084709044391,-2.04043970585727
1.58,9,174,75.1672503640366,-2.1708477171537
1.58,9,177,79.7335886803757,-2.27254815867996
1.58,9,180,84.3042145304796,-2.34965538582113
1.58,12,-180,84.3042145304795,-2.29729550826129
1.58,12,-177,87.2005019723816,-2.35063914904329
1.58,12,-174,89.5483337132716,-2.388648431554
1.58,12,-171,91.1357138604254,-2.41258270560331
1.58,12,-168,91.7551645888188,-2.42314319147612
1.58,12,-165,91.2123946649649,-2.42050890142141
1.58,12,-162,89.3473951696485,-2.40426583487791
1.58,12,-159,86.0616738231555,-2.37317371391476
1.58,12,-156,81.3471560510294,-2.32470073306621
1.58,12,-153,75.3181806447828,-2.25420625622906
1.58,12,-150,68.2590945299361,-2.15359357402548
1.58,12,-147,60.7176533162609,-2.00941791847944
1.58,12,-144,53.6908226623172,-1.80198571256459
1.58,12,-141,48.8829861098112,-1.51335430958594
1.58,12,-138,48.5977794538372,-1.15846992460613
1.58,12,-135,54.4638669120443,-0.807629169475302
1.58,12,-132,66.1982959394322,-0.525776107892698
1.58,12,-129,82.4484617097853,-0.321341758639245
1.58,12,-126,102.004974234215,-0.17475428194732
1.58,12,-123,124.064668943725,-0.0665837393529189
1.58,12,-120,148.102638215911,0.016377058635616
1.58,12,-117,173.748308839229,0.0823585922786668
1.58,12,-114,200.719662872147,0.136444885515679
1.58,12,-111,228.794276932386,0.181821016560748
1.58,12,-108,257.797100567027,0.220520770825317
1.58,12,-105,287.593479788795,0.253866850059275
1.58,12,-102,318.081954962243,0.282734715522271
1.58,12,-99,349.185027461996,0.307715824491456
1.58,12,-96,380.838184901322,0.329222352101709
1.58,12,-93,412.978477805736,0.347556608624176
1.58,12,-90,445.534172207516,0.362957977627085
1.58,12,-87,478.4167355274,0.375634551801302
1.58,12,-84,511.515888354775,0.385783632153611
1.58,12,-81,544.697863463962,0.393603701290939
1.58,12,-78,577.806482665491,0.399299710348731
1.58,12,-75,610.666258716931,0.4030831612282
1.58,12,-72,643.086479293075,0.40516833357546
1.58,12,-69,674.865141894853,0.405766011356003
1.58,12,-66,705.791692889395,0.405076155176856
1.58,12,-63,735.647796786902,0.403281084732336
1.58,12,-60,764.20583350446,0.400540794900943
1.58,12,-57,791.225471176414,0.396991921964918
1.58,12,-54,816.449411765607,0.392751504848579
1.58,12,-51,839.600107243398,0.387926005631155
1.58,12,-48,860.379693161661,0.382625114074356
1.58,12,-45,878.47538342878,0.376978819436539
1.58,12,-42,893.571994457654,0.371155318013739
1.58,12,-39,905.37214515077,0.36537675968027
1.58,12,-36,913.62320139104,0.35992975236922
1.58,12,-33,918.148500684187,0.355167929877284
1.58,12,-30,918.879116274079,0.351504612275293
1.58,12,-27,915.881628397015,0.349394473111036
1.58,12,-24,909.377168041258,0.34930405914933
1.58,12,-21,899.74739962874,0.351672015685136
1.58,12,-18,887.524111826015,0.356861138627078
1.58,12,-15,873.360731292111,0.365106150346295
1.58,12,-12,857.986427682518,0.376463461731345
1.58,12,-9,842.146501357926,0.390771729610986
1.58,12,-6,826.536087701762,0.407633597618914
1.58,12,-3,811.737042886409,0.426427903332441
1.58,12,0,798.168966342781,0.446356471775936
1.58,12,3,786.063543222082,0.466520782292433
1.58,12,6,775.466545451767,0.486014263598246
1.58,12,9,766.265166742418,0.504010245408295
1.58,12,12,758.232279125736,0.519826924890359
1.58,12,15,751.076007599989,0.532958693471409
1.58,12,18,744.483700640497,0.543073967443606
1.58,12,21,738.153168196232,0.549988583270621
1.58,12,24,731.809124408705,0.553627983803144
1.58,12,27,725.207231381824,0.553990628593402
1.58,12,30,718.130798655212,0.551120925548867
1.58,12,33,710.385720056565,0.545094651733451
1.58,12,36,701.797985293034,0.536015130838389
1.58,12,39,692.215851846647,0.524015508764391
1.58,12,42,681.516382183007,0.509261708455711
1.58,12,45,669.614275795696,0.49195175829533
1.58,12,48,656.470156495688,0.472309411713971
1.58,12,51,642.095722873602,0.450572397820827
1.58,12,54,626.554137769461,0.42697751709996
1.58,12,57,609.955289167991,0.40174572006251
1.58,12,60,592.446700966459,0.375070234412223
1.58,12,63,574.20164300066,0.34710994974063
1.58,12,66,555.406282739977,0.317988968884744
1.58,12,69,536.247572463964,0.287801854436643
1.58,12,72,516.903107009457,0.25662294849843
1.58,12,75,497.533594717816,0.224517437290397
1.58,12,78,478.278028547146,0.191551663457302
1.58,12,81,459.251246308766,0.157800534660111
1.58,12,84,440.543374079337,0.123350624582384
1.58,12,87,422.220625749699,0.0882985501638457
1.58,12,90,404.327006456898,0.0527452597650286
1.58,12,93,386.886551905902,0.0167878012565501
1.58,12,96,369.9057729774,-0.0194892310888038
1.58,12,99,353.37596234074,-0.0560202427540028
1.58,12,102,337.2750072226,-0.092761394953918
1.58,12,105,321.568420833387,-0.129689082763199
1.58,12,108,306.209526175348,-0.166795572068119
1.58,12,111,291.139117812739,-0.20408538531842
1.58,12,114,276.285417091016,-0.241577744183058
1.58,12,117,261.565553683839,-0.279320905213841
1.58,12,120,246.889923930005,-0.317423054246854
1.58,12,123,232.170407513505,-0.356101669540161
1.58,12,126,217.33254752852,-0.395749810937966
1.58,12,129,202.330640202153,-0.437015002355199
1.58,12,132,187.163668846602,-0.480885328215019
1.58,12,135,171.889601604461,-0.528777972314653
1.58,12,138,156.635980969441,-0.582625676059117
1.58,12,141,141.605796189607,-0.644951705090369
1.58,12,144,127.078747096019,-0.718904754599536
1.58,12,147,113.408182206537,-0.808176373765352
1.58,12,150,101.011849183969,-0.916628213964385
1.58,12,153,90.3487587895168,-1.04733645693653
1.58,12,156,81.8661625068667,-1.20079930978204
1.58,12,159,75.9009662456972,-1.37270147150367
1.58,12,162,72.5519418404076,-1.55300746295603
1.58,12,165,71.5992644422416,-1.72846375746918
1.58,12,168,72.5533553659836,-1.88756858146624
1.58,12,171,74.8107645295269,-2.02400772803194
1.58,12,174,77.8059233656915,-2.13651075290812
1.58,12,177,81.0845196692727,-2.22673654377977
1.58,12,180,84.3042145304795,-2.29729550826129
1.58,15,-180,84.3042145304794,-2.24493563070147
1.58,15,-177,85.8959367371095,-2.29484343233218
1.58,15,-174,87.0789563745783,-2.33138701976628
1.58,15,-171,87.7035649428308,-2.35469574367959
1.58,15,-168,87.6057690596796,-2.36446154678018
1.58,15,-165,86.6211526584785,-2.35997833116857
1.58,15,-162,84.6125488965351,-2.34005032899488
1.58,15,-159,81.5049006486646,-2.30272379312123
1.58,15,-156,77.3226759717869,-2.24481074325369
1.58,15,-153,72.2314637669767,-2.16119366546845
1.58,15,-150,66.5947581385243,-2.04403497193955
1.58,15,-147,61.0635411093031,-1.88262585590789
1.58,15,-144,56.694207345649,-1.66643299599426
1.58,15,-141,54.970917955151,-1.39598965126582
1.58,15,-138,57.4184530702777,-1.09797741793433
1.58,15,-135,64.8083713167294,-0.81793496310428
1.58,15,-132,76.8552834337758,-0.58675972642237
1.58,15,-129,92.7530200391244,-0.407951767907965
1.58,15,-126,111.71638177853,-0.271386668710816
1.58,15,-123,133.141314416224,-0.16558201117632
1.58,15,-120,156.577681616016,-0.0816473991076189
1.58,15,-117,181.677844554992,-0.0134253656606401
1.58,15,-114,208.163814650944,0.0432185014112606
1.58,15,-111,235.811374179888,0.0910563575510385
1.58,15,-108,264.442504754978,0.131964089347437
1.58,15,-105,293.919610082857,0.167226539194262
1.58,15,-102,324.138180230509,0.197735208049834
1.58,15,-99,355.01701525348,0.224118521512651
1.58,15,-96,386.486689168877,0.246830300918413
1.58,15,-93,418.4776884141,0.266211722764902
1.58,15,-90,450.909786179954,0.282535501211844
1.58,15,-87,483.68392515035,0.296037199283377
1.58,15,-84,516.677371917231,0.306936515714146
1.58,15,-81,549.742330065847,0.315450403642529
1.58,15,-78,582.707657480943,0.321799469666558
1.58,15,-75,615.382886572031,0.326208975101691
1.58,15,-72,647.563431322431,0.32890575785323
1.58,15,-69,679.035715874667,0.330112450497715
1.58,15,-66,709.581012802617,0.33004046593696
1.58,15,-63,738.977068144589,0.328883327469124
1.58,15,-60,766.997122755316,0.326811971629184
1.58,15,-57,793.406672893136,0.323973551444561
1.58,15,-54,817.959134320655,0.320494912230387
1.58,15,-51,840.392301779563,0.316491245755422
1.58,15,-48,860.427912101503,0.312079491813204
1.58,15,-45,877.776536547238,0.307395003868892
1.58,15,-42,892.149365276683,0.302609062880597
1.58,15,-39,903.277283109804,0.297944244378493
1.58,15,-36,910.936202432038,0.29368455725308
1.58,15,-33,914.976223878616,0.290177667969415
1.58,15,-30,915.35111009364,0.287827258921913
1.58,15,-27,912.143931774227,0.287074455296983
1.58,15,-24,905.584595466611,0.288368168847738
1.58,15,-21,896.055247172629,0.292125185686364
1.58,15,-18,884.080273810496,0.298682083751282
1.58,15,-15,870.298927220532,0.308242899638583
1.58,15,-12,855.42068714308,0.320828996409269
1.58,15,-9,840.166474779663,0.336240384180764
1.58,15,-6,825.202452210898,0.354039529146055
1.58,15,-3,811.076488025319,0.373567501620537
1.58,15,0,798.168966342781,0.393996594216106
1.58,15,3,786.668037081405,0.414413757577226
1.58,15,6,776.57425942258,0.433918785900657
1.58,15,9,767.732232420861,0.451715239899116
1.58,15,12,759.879976497765,0.467174130662638
1.58,15,15,752.703214822304,0.479859676077985
1.58,15,18,745.882439445379,0.489518478652303
1.58,15,21,739.124882231497,0.496043081675906
1.58,15,24,732.179187275794,0.499425091267338
1.58,15,27,724.835622769564,0.499711887984653
1.58,15,30,716.917755151718,0.496976209153976
1.58,15,33,708.272233750136,0.491301824153161
1.58,15,36,698.762024954642,0.482783063724659
1.58,15,39,688.265873463206,0.471532394935583
1.58,15,42,676.683924757726,0.457689131681944
1.58,15,45,663.947199572776,0.441423560640789
1.58,15,48,650.027514247383,0.422933445492579
1.58,15,51,634.94457981135,0.402432960842908
1.58,15,54,618.768079392407,0.380136630356644
1.58,15,57,601.614007321566,0.356242223660806
1.58,15,60,583.635955993364,0.330916678424724
1.58,15,63,565.013014072232,0.304288176553606
1.58,15,66,545.936346572224,0.276445917046364
1.58,15,69,526.596394122147,0.247447338689533
1.58,15,72,507.172109851963,0.217330955208533
1.58,15,75,487.82296492835,0.186131874884025
1.58,15,78,468.683812911513,0.15389665149691
1.58,15,81,449.862262691202,0.120694373946631
1.58,15,84,431.438025109702,0.0866217438854125
1.58,15,87,413.463724846656,0.0518011296331192
1.58,15,90,395.966797080462,0.0163719985067534
1.58,15,93,378.952198943744,-0.0195225193969187
1.58,15,96,362.405683676412,-0.0557511481116358
1.58,15,99,346.297309280761,-0.0922088202807318
1.58,15,102,330.584753489225,-0.128826985241505
1.58,15,105,315.215992388335,-0.165578283416741
1.58,15,108,300.131069769914,-0.202476138395153
1.58,15,111,285.26307390076,-0.239572401269672
1.58,15,114,270.538982105907,-0.276958510882743
1.58,15,117,255.881554851457,-0.314776853528508
1.58,15,120,241.21370957612,-0.353248412965217
1.58,15,123,226.46654945669,-0.392720228713568
1.58,15,126,211.591384103279,-0.433732221864114
1.58,15,129,196.574836216325,-0.477098739295532
1.58,15,132,181.454906409652,-0.523996610444674
1.58,15,135,166.33516485571,-0.57604815364698
1.58,15,138,151.394335619064,-0.63538153574043
1.58,15,141,136.88925352272,-0.7046361921495
1.58,15,144,123.149771052643,-0.786849239226055
1.58,15,147,110.563568163671,-0.885105841401129
1.58,15,150,99.5461723166795,-1.00178833467115
1.58,15,153,90.4882474007744,-1.1373275029216
1.58,15,156,83.6752589319768,-1.28875433944688
1.58,15,159,79.1949025342428,-1.44906417124526
1.58,15,162,76.8803344464248,-1.60857493630636
1.58,15,165,76.3403734541199,-1.7580088273752
1.58,15,168,77.0708555540977,-1.89119224370466
1.58,15,171,78.5802385642678,-2.0057003897382
1.58,15,174,80.4681319634776,-2.1018039155868
1.58,15,177,82.4438037255521,-2.18100110863956
1.58,15,180,84.3042145304794,-2.24493563070147
1.58,18,-180,84.3042145304794,-2.19257575314163
1.58,18,-177,84.5849146337802,-2.23890257983369
1.58,18,-174,84.5934546680976,-2.27400898190289
1.58,18,-171,84.2448013796546,-2.29700526322167
1.58,18,-168,83.4216282654047,-2.30656471958949
1.58,18,-165,81.9919104778814,-2.30102965571725
1.58,18,-162,79.8429932248741,-2.27836583051572
1.58,18,-159,76.9244245217089,-2.23592709707713
1.58,18,-156,73.2935045511886,-2.17005806443309
1.58,18,-153,69.1632325235598,-2.07567082099487
1.58,18,-150,64.9578830963123,-1.94621125893207
1.58,18,-147,61.3753833571714,-1.77509471601547
1.58,18,-144,59.4144163233357,-1.56044417929426
1.58,18,-141,60.2435809095851,-1.31297567856637
1.58,18,-138,64.8175805586319,-1.05860503259565
1.58,18,-135,73.483372792244,-0.825976824878207
1.58,18,-132,85.9904205046168,-0.630625734527828
1.58,18,-129,101.817418187045,-0.473409921014923
1.58,18,-126,120.434655065719,-0.348133165746521
1.58,18,-123,141.393176728325,-0.247521852200412
1.58,18,-120,164.325245200434,-0.165506167814097
1.58,18,-117,188.926480923217,-0.0975607090798104
1.58,18,-114,214.943098033236,-0.0404395863938218
1.58,18,-111,242.165690510642,0.00816551682803636
1.58,18,-108,270.425616233825,0.049901974038702
1.58,18,-105,299.590490555991,0.0859541136087057
1.58,18,-102,329.55710202531,0.11718033106541
1.58,18,-99,360.241700561434,0.144209016779874
1.58,18,-96,391.568673806659,0.167507711433254
1.58,18,-93,423.459099955425,0.187434571714524
1.58,18,-90,455.820668952683,0.204277333229605
1.58,18,-87,488.540160419011,0.218282559460077
1.58,18,-84,521.479201006386,0.22967671967387
1.58,18,-81,554.473501542783,0.238680135361579
1.58,18,-78,587.335262959785,0.245514726147738
1.58,18,-75,619.857986164209,0.250406536994683
1.58,18,-72,651.822569508706,0.25358412153218
1.58,18,-69,683.003382385754,0.255273962307796
1.58,18,-66,713.173024266371,0.255694237156593
1.58,18,-63,742.104762035618,0.25504838934075
1.58,18,-60,769.572192241341,0.253520079035914
1.58,18,-57,795.3464420162,0.251271085493134
1.58,18,-54,819.192069483645,0.248443471986623
1.58,18,-51,840.863552689015,0.245166734995972
1.58,18,-48,860.104643540197,0.241569748511743
1.58,18,-45,876.652733898341,0.237796227084417
1.58,18,-42,890.249680285267,0.234021413579399
1.58,18,-39,900.659373564329,0.23046701418823
1.58,18,-36,907.690978067533,0.227411230435335
1.58,18,-33,911.225512201913,0.225191091950105
1.58,18,-30,911.242540193137,0.22419503605085
1.58,18,-27,907.843276211067,0.224844601992965
1.58,18,-24,901.26630425518,0.227565057360548
1.58,18,-21,891.892287849062,0.232745769878377
1.58,18,-18,880.234490858377,0.240692406919804
1.58,18,-15,866.91286584614,0.251574925662144
1.58,18,-12,852.6112525901,0.265377977290265
1.58,18,-9,838.020144809386,0.281863350811722
1.58,18,-6,823.771345196566,0.3005560238967
1.58,18,-3,810.374668578627,0.320764105342547
1.58,18,0,798.168966342781,0.341636716656276
1.58,18,3,787.298397382504,0.362253238573968
1.58,18,6,777.719486898441,0.381726212498906
1.58,18,9,769.236540197074,0.399294160148507
1.58,18,12,761.555481395141,0.41438334352086
1.58,18,15,754.342193580937,0.426627938562667
1.58,18,18,747.272220050326,0.435851139754181
1.58,18,21,740.063301111079,0.44201980109001
1.58,18,24,732.488415375413,0.445189419952382
1.58,18,27,724.372527723272,0.445454779231912
1.58,18,30,715.579700513096,0.442916356502152
1.58,18,33,705.998138299645,0.437665994226144
1.58,18,36,695.529393984749,0.429789242126245
1.58,18,39,684.085147844515,0.419377634390583
1.58,18,42,671.591721535356,0.406542706321289
1.58,18,45,657.99982343009,0.391424753027204
1.58,18,48,643.295627311832,0.374192387242707
1.58,18,51,627.509332632317,0.355032626073383
1.58,18,54,610.718521051759,0.334134341928367
1.58,18,57,593.045319085396,0.311669701859141
1.58,18,60,574.64800336049,0.287778492343527
1.58,18,63,555.708825684441,0.262559216383654
1.58,18,66,536.420313574526,0.236069021134615
1.58,18,69,516.972156007944,0.208332392174737
1.58,18,72,497.54020009357,0.179356612721363
1.58,18,75,478.278319853063,0.149150599105683
1.58,18,78,459.313223975204,0.117743102945405
1.58,18,81,440.741818639942,0.0851964648463914
1.58,18,84,422.630587568412,0.0516130158506613
1.58,18,87,405.016528863775,0.0171326512972008
1.58,18,90,387.909358005324,-0.0180782068888275
1.58,18,93,371.294805112104,-0.0538443719848944
1.58,18,96,355.13881753111,-0.0900031450006523
1.58,18,99,339.392332655368,-0.126425120022722
1.58,18,102,323.996101621739,-0.163030817398808
1.58,18,105,308.884956292096,-0.199800698820502
1.58,18,108,293.991038888157,-0.236778383144392
1.58,18,111,279.245904526695,-0.274069748914248
1.58,18,114,264.582001868092,-0.311843385643033
1.58,18,117,249.934658271488,-0.350339640365238
1.58,18,120,235.246078249013,-0.38989543586726
1.58,18,123,220.472739348341,-0.430989636177357
1.58,18,126,205.59679694495,-0.474309179021902
1.58,18,129,190.640800342565,-0.520830179338401
1.58,18,132,175.683564095865,-0.571901196627014
1.58,18,135,160.873935553135,-0.629306882827292
1.58,18,138,146.438765754571,-0.69527596956963
1.58,18,141,132.681455463595,-0.772373341412028
1.58,18,144,119.967347038078,-0.863182395540797
1.58,18,147,108.691426459921,-0.969666154965222
1.58,18,150,99.2234893223623,-1.09217427113975
1.58,18,153,91.8310328204992,-1.22835856327578
1.58,18,156,86.5969382021484,-1.37271943061445
1.58,18,159,83.3715292110004,-1.51757391317865
1.58,18,162,81.7980412460672,-1.65529555500062
1.58,18,165,81.4080960274129,-1.78045262940748
1.58,18,168,81.7365930449249,-1.89057977801986
1.58,18,171,82.403786863117,-1.9855959654004
1.58,18,174,83.1463847450626,-2.06668699559894
1.58,18,177,83.8076449503627,-2.13531421961773
1.58,18,180,84.3042145304794,-2.19257575314163
1.58,21,-180,84.3042145304794,-2.1402158755818
1.58,21,-177,83.2706253559648,-2.18281481690012
1.58,21,-174,82.0963857977869,-2.21650202458653
1.58,21,-171,80.7627631270132,-2.23952650805712
1.58,21,-168,79.2018645579303,-2.24956839504926
1.58,21,-165,77.3158223673991,-2.24395872862815
1.58,21,-162,75.0164289017677,-2.21975312285943
1.58,21,-159,72.275912911242,-2.17361074647927
1.58,21,-156,69.1799719006582,-2.10156685499593
1.58,21,-153,65.9785701947937,-1.99898279836236
1.58,21,-150,63.1313358837406,-1.86127015747476
1.58,21,-147,61.3305702284988,-1.68631020563118
1.58,21,-144,61.4496156534365,-1.47885819270394
1.58,21,-141,64.3514674412092,-1.25392865302784
1.58,21,-138,70.6070949149401,-1.03311408769272
1.58,21,-135,80.3436094601142,-0.834394554964231
1.58,21,-132,93.3430802940994,-0.665634967207404
1.58,21,-129,109.242557867397,-0.526265317784682
1.58,21,-126,127.668275078309,-0.411926666005356
1.58,21,-123,148.283502163881,-0.3176571583011
1.58,21,-120,170.794342881791,-0.239172962181308
1.58,21,-117,194.945758073863,-0.173123702795067
1.58,21,-114,220.518850259915,-0.116981443248183
1.58,21,-111,247.329884223708,-0.0688561474292705
1.58,21,-108,275.228730073927,-0.0273329713378381
1.58,21,-105,304.094870373026,0.00865090815253737
1.58,21,-102,333.830402881707,0.0398960411406549
1.58,21,-99,364.350602358037,0.0670071309467424
1.58,21,-96,395.573272902804,0.0904442005892238
1.58,21,-93,427.408332401779,0.110563514800038
1.58,21,-90,459.748947170302,0.127650839833932
1.58,21,-87,492.465216504805,0.141948143333697
1.58,21,-84,525.400997452084,0.15367416969364
1.58,21,-81,558.374019954195,0.163039184139685
1.58,21,-78,591.179003237329,0.170254284893777
1.58,21,-75,623.593072998804,0.175535851200176
1.58,21,-72,655.382437714704,0.179105847912013
1.58,21,-69,686.309073799992,0.181188850096267
1.58,21,-66,716.136164736006,0.182006822779877
1.58,21,-63,744.631293815874,0.181772911302512
1.58,21,-60,771.566913618128,0.180685728657849
1.58,21,-57,796.718349048257,0.178925762160604
1.58,21,-54,819.860400358405,0.176655417714398
1.58,21,-51,840.764303363166,0.174023753032727
1.58,21,-48,859.197163929401,0.171176094821877
1.58,21,-45,874.925849075629,0.168267608298909
1.58,21,-42,887.726644171344,0.165478743981251
1.58,21,-39,897.400894397658,0.163029632197684
1.58,21,-36,903.795599665739,0.16119016688435
1.58,21,-33,906.826831120152,0.160282785642182
1.58,21,-30,906.503101654841,0.160675693743937
1.58,21,-27,902.945489260571,0.16276526562997
1.58,21,-24,896.401252256442,0.166947388958643
1.58,21,-21,887.247730514491,0.173578568574728
1.58,21,-18,875.983493269087,0.182928899136651
1.58,21,-15,863.204247743126,0.19513091893562
1.58,21,-12,849.562466697475,0.210131093531302
1.58,21,-9,835.712473389903,0.227653817564271
1.58,21,-6,822.246765928513,0.24718987445048
1.58,21,-3,809.633660696297,0.268019914579911
1.58,21,0,798.168966342781,0.289276839096446
1.58,21,3,787.953332466584,0.310039677128062
1.58,21,6,778.901384556848,0.329439872415944
1.58,21,9,770.780272073545,0.346754896253148
1.58,21,12,763.26717802013,0.36146754090103
1.58,21,15,756.010999332374,0.373280670398142
1.58,21,18,748.684206370029,0.382091013271631
1.58,21,21,741.015804380702,0.387935968983273
1.58,21,24,732.802934953077,0.390931511324019
1.58,21,27,723.90459739456,0.391217507521153
1.58,21,30,714.224743715465,0.388921227374701
1.58,21,33,703.693092035719,0.3841427973189
1.58,21,36,692.250651435943,0.376959784817695
1.58,21,39,679.843926441504,0.367443457545871
1.58,21,42,666.428169870312,0.35567746929559
1.58,21,45,651.977018326905,0.341770892266848
1.58,21,48,636.494196769178,0.325860862017438
1.58,21,51,620.022960811042,0.308104259545655
1.58,21,54,602.650220589491,0.288661442737773
1.58,21,57,584.504181764093,0.267677150300416
1.58,21,60,565.746152541176,0.245264076148374
1.58,21,63,546.558417603609,0.221493514127707
1.58,21,66,527.130578162777,0.196395442259025
1.58,21,69,507.646563768977,0.169968057471192
1.58,21,72,488.273864451047,0.142194624908741
1.58,21,75,469.155708548974,0.113063972143963
1.58,21,78,450.406196007622,0.0825902649666491
1.58,21,81,432.107964335058,0.0508278915261453
1.58,21,84,414.311853274581,0.0178782427994562
1.58,21,87,397.038156680132,-0.0161133063178154
1.58,21,90,380.279247517797,-0.0509701075995363
1.58,21,93,364.003480501933,-0.0865047375355002
1.58,21,96,348.16023183574,-0.122543903336822
1.58,21,99,332.685740941454,-0.158953544330723
1.58,21,102,317.509176341452,-0.195660005061263
1.58,21,105,302.558201892471,-0.232664325609628
1.58,21,108,287.763400739971,-0.270048894230957
1.58,21,111,273.061284455165,-0.307978612710383
1.58,21,114,258.396229315424,-0.346701709199438
1.58,21,117,243.722375419142,-0.386557507179483
1.58,21,120,229.007030587985,-0.427998821440064
1.58,21,123,214.237139886828,-0.471634366060255
1.58,21,126,199.429702765161,-0.518291229188677
1.58,21,129,184.645661289696,-0.569089113964932
1.58,21,132,170.0050495372,-0.625506509552788
1.58,21,135,155.699555956806,-0.689403040207658
1.58,21,138,141.997453225041,-0.762940054219362
1.58,21,141,129.235086350044,-0.848315578678424
1.58,21,144,117.788699771829,-0.947221867364314
1.58,21,147,108.0214099277,-1.06000635211217
1.58,21,150,100.206399788281,-1.18475563691787
1.58,21,153,94.4434163715486,-1.31687890211366
1.58,21,156,90.6058145748927,-1.44983172709791
1.58,21,159,88.3558949380477,-1.57692816261416
1.58,21,162,87.2302572114541,-1.69321077432814
1.58,21,165,86.752641951184,-1.79629841949929
1.58,21,168,86.5241002708538,-1.88606970205513
1.58,21,171,86.2677844498934,-1.9637724482688
1.58,21,174,85.8329497531403,-2.03112658013978
1.58,21,177,85.1722172730374,-2.08964970213944
1.58,21,180,84.3042145304794,-2.1402158755818
1.58,24,-180,84.3042145304794,-2.08785599802197
1.58,24,-177,81.9562929317499,-2.12657790310736
1.58,24,-174,79.5924316378035,-2.15884835501143
1.58,24,-171,77.2610325114774,-2.18226517823877
1.58,24,-168,74.946105906908,-2.19358863775887
1.58,24,-165,72.5852175660098,-2.18909256754072
1.58,24,-162,70.1130548303729,-2.16482796877623
1.58,24,-159,67.5197480818873,-2.11670982376344
1.58,24,-156,64.9109167371496,-2.04055034663652
1.58,24,-153,62.5588162044156,-1.93243381391023
1.58,24,-150,60.9323746217329,-1.79005601621148
1.58,24,-147,60.6800631938425,-1.6154269008381
1.58,24,-144,62.5260652150689,-1.41777577419827
1.58,24,-141,67.0791927970341,-1.21312685633804
1.58,24,-138,74.6599429399222,-1.01849264579427
1.58,24,-135,85.2762802546609,-0.845166226760877
1.58,24,-132,98.7340050928465,-0.696884977275777
1.58,24,-129,114.761767900228,-0.572295696109062
1.58,24,-126,133.082454535305,-0.467996432942782
1.58,24,-123,153.438274173495,-0.380354964320646
1.58,24,-120,175.595952975612,-0.306216637107778
1.58,24,-117,199.347738699024,-0.243042697292374
1.58,24,-114,224.512684282009,-0.188842534822896
1.58,24,-111,250.937513415442,-0.14206359688075
1.58,24,-108,278.495367779622,-0.101494115475703
1.58,24,-105,307.081492020062,-0.0661888140554869
1.58,24,-102,336.606011780143,-0.0354132556153578
1.58,24,-99,366.984771069756,-0.00860019265703148
1.58,24,-96,398.129556329623,0.0146870263882419
1.58,24,-93,429.939020351149,0.0347865915611232
1.58,24,-90,462.291380133862,0.0519667098064904
1.58,24,-87,495.039630356423,0.0664502594513056
1.58,24,-84,528.00966420735,0.0784351636932401
1.58,24,-81,561.001350391965,0.0881101413014851
1.58,24,-78,593.792278446976,0.0956657544492172
1.58,24,-75,626.143557890887,0.101300922470058
1.58,24,-72,657.806769144122,0.105225260010481
1.58,24,-69,688.5309729902,0.107657764736968
1.58,24,-66,718.068661833317,0.108822589216706
1.58,24,-63,746.179738069035,0.108942923696682
1.58,24,-60,772.633047890964,0.108234363541777
1.58,24,-57,797.205634636997,0.106899427597463
1.58,24,-54,819.680587478737,0.105124964295952
1.58,24,-51,839.844978058704,0.103083868058843
1.58,24,-48,857.489711277325,0.100941755163352
1.58,24,-45,872.413017602477,0.0988680985438593
1.58,24,-42,884.428737592967,0.097050044745801
1.58,24,-39,893.379597675494,0.0957060784671613
1.58,24,-36,899.15458813158,0.0950961689427773
1.58,24,-33,901.708615746074,0.0955251691333542
1.58,24,-30,901.082013882315,0.0973369620486963
1.58,24,-27,897.41726116383,0.100897912173191
1.58,24,-24,890.970214868346,0.106569325133399
1.58,24,-21,882.113100004783,0.114669754997952
1.58,24,-18,871.326387010975,0.125429314112021
1.58,24,-15,859.176861073589,0.138940033217303
1.58,24,-12,846.28025999351,0.155109067308026
1.58,24,-9,833.249446725752,0.173624747581872
1.58,24,-6,820.633238207764,0.193947595128881
1.58,24,-3,808.855713501798,0.215336960101725
1.58,24,0,798.168966342781,0.236916961536616
1.58,24,3,788.631536384852,0.257773627489949
1.58,24,6,780.119184597481,0.277063123699984
1.58,24,9,772.365813278122,0.294105064358624
1.58,24,12,765.023766070158,0.308438910105928
1.58,24,15,757.728079791171,0.319833617141482
1.58,24,18,750.15002115777,0.328255029825432
1.58,24,21,742.030359022281,0.333806048663975
1.58,24,24,733.189758705697,0.336658602428936
1.58,24,27,723.519960051942,0.336994479396396
1.58,24,30,712.963452675679,0.33496629981217
1.58,24,33,701.490622165202,0.330682613794129
1.58,24,36,689.08199905765,0.324214175517661
1.58,24,39,675.72004968698,0.315613408329079
1.58,24,42,661.391052361891,0.30493699789696
1.58,24,45,646.094257223923,0.292262677732893
1.58,24,48,629.853678427821,0.277694844945236
1.58,24,51,612.727820745616,0.261358184757324
1.58,24,54,594.814037284647,0.243382433651289
1.58,24,57,576.246286461325,0.223883731633511
1.58,24,60,557.187015087379,0.202948407186155
1.58,24,63,537.815202828869,0.180623818070908
1.58,24,66,518.313069116216,0.156918670229779
1.58,24,69,498.853668547276,0.131812746127533
1.58,24,72,479.590864680759,0.105273779648254
1.58,24,75,460.652308679561,0.0772777200427276
1.58,24,78,442.135341031631,0.0478280227150771
1.58,24,81,424.105341343949,0.0169698795673411
1.58,24,84,406.595985938465,-0.0152037039031393
1.58,24,87,389.611028494539,-0.0485556021512611
1.58,24,90,373.127431307089,-0.0829179528098098
1.58,24,93,357.099795700443,-0.118113480805092
1.58,24,96,341.465992076822,-0.153981631556682
1.58,24,99,326.153687257324,-0.190405542927103
1.58,24,102,311.087203072639,-0.227335833683612
1.58,24,105,296.193952532748,-0.264808090327466
1.58,24,108,281.409720657696,-0.302952817279513
1.58,24,111,266.682366022733,-0.341999276305447
1.58,24,114,251.974102938073,-0.382277580124324
1.58,24,117,237.263249365572,-0.424225778086363
1.58,24,120,222.546937393969,-0.468409329529357
1.58,24,123,207.846452186693,-0.515558033117122
1.58,24,126,193.216298905067,-0.566619057098564
1.58,24,129,178.756688876754,-0.622813401307694
1.58,24,132,164.627067847447,-0.685666327545417
1.58,24,135,151.055997705554,-0.756959939731482
1.58,24,138,138.340620597743,-0.838531905581375
1.58,24,141,126.827613780192,-0.931836355937476
1.58,24,144,116.868281974208,-1.0372397744276
1.58,24,147,108.746474383464,-1.15321454299936
1.58,24,150,102.593237728218,-1.27589113684436
1.58,24,153,98.3226009703327,-1.39953614475071
1.58,24,156,95.6284177929129,-1.51803129934191
1.58,24,159,94.0537019304312,-1.62658662258029
1.58,24,162,93.0997260923555,-1.72270324435872
1.58,24,165,92.3253273269538,-1.80609319215803
1.58,24,168,91.4069804212446,-1.87798015104083
1.58,24,171,90.1581719025166,-1.94030629601926
1.58,24,174,88.5198908119882,-1.99509522919008
1.58,24,177,86.5336753841902,-2.04398287826786
1.58,24,180,84.3042145304794,-2.08785599802197
1.58,27,-180,84.3042145304795,-2.03549612046214
1.58,27,-177,80.6451737036392,-2.0701891987095
1.58,27,-174,77.086426223827,-2.10102404557355
1.58,27,-171,73.743529830827,-2.12521531611027
1.58,27,-168,70.6547360460919,-2.13874247278915
1.58,27,-165,67.7942492068779,-2.13680350509181
1.58,27,-162,65.1170843633081,-2.11432181686613
1.58,27,-159,62.6240820513912,-2.066344328105
1.58,27,-156,60.4290808459098,-1.98843305051287
1.58,27,-153,58.8098827424028,-1.87748677564726
1.58,27,-150,58.2222916387196,-1.73349691618023
1.58,27,-147,59.2495473480301,-1.56196478924077
1.58,27,-144,62.4717905638251,-1.37490491366698
1.58,27,-141,68.3030930888867,-1.18783354288294
1.58,27,-138,76.9028937701993,-1.01392238329887
1.58,27,-135,88.2125478334584,-0.860221893837413
1.58,27,-132,102.054136570179,-0.728121950206559
1.58,27,-129,118.210969902242,-0.615837842357448
1.58,27,-126,136.466850317964,-0.520516253049531
1.58,27,-123,156.618946242029,-0.439324811342439
1.58,27,-120,178.481342533321,-0.369828886513155
1.58,27,-117,201.88725723519,-0.310037877531337
1.58,27,-114,226.691179926677,-0.258344068477541
1.58,27,-111,252.769614258788,-0.213448244429233
1.58,27,-108,280.019093849293,-0.1743002301986
1.58,27,-105,308.351103008704,-0.140056048499991
1.58,27,-102,337.684510706892,-0.110045806062723
1.58,27,-99,367.93670290943,-0.0837464234745663
1.58,27,-96,399.01472690518,-0.0607556532547902
1.58,27,-93,430.80757754602,-0.0407662116542317
1.58,27,-90,463.180433580865,-0.0235404533972242
1.58,27,-87,495.971320133826,-0.00888672860501922
1.58,27,-84,528.990386811498,0.00336140137479654
1.58,27,-81,562.021748811683,0.0133622251781038
1.58,27,-78,594.827614628116,0.0212787457255104
1.58,27,-75,627.154199821895,0.0272871900929636
1.58,27,-72,658.738712098693,0.0315812250332268
1.58,27,-69,689.316531994848,0.0343721182434669
1.58,27,-66,718.627668833938,0.0358853172123967
1.58,27,-63,746.421700202746,0.0363542604784293
1.58,27,-60,772.460728315178,0.0360126759740266
1.58,27,-57,796.520378749362,0.0350870506686128
1.58,27,-54,818.389439032668,0.0337911929393236
1.58,27,-51,837.86925270823,0.0323246566758608
1.58,27,-48,854.774295103689,0.0308761310921691
1.58,27,-45,868.935328691029,0.0296317596516444
1.58,27,-42,880.206113722399,0.0287869665813835
1.58,27,-39,888.473901370462,0.0285591121318705
1.58,27,-36,893.673055232797,0.0291975461044306
1.58,27,-33,895.800383372211,0.0309876085591447
1.58,27,-30,894.930298721093,0.0342458111162341
1.58,27,-27,891.2277600226,0.0393045707749737
1.58,27,-24,884.956887149061,0.0464861395317403
1.58,27,-21,876.482953729094,0.0560666045933913
1.58,27,-18,866.265089515762,0.0682321635554687
1.58,27,-15,854.836820262853,0.0830317179299802
1.58,27,-12,842.772259105513,0.100332517133236
1.58,27,-9,830.638106985063,0.119788780719731
1.58,27,-6,818.935808216964,0.140835368218846
1.58,27,-3,808.043242371937,0.162717087388422
1.58,27,0,798.168966342781,0.184557083976787
1.58,27,3,789.331685278385,0.205455734944677
1.58,27,6,781.372155649195,0.224599313641127
1.58,27,9,773.995628529877,0.241351946026647
1.58,27,12,766.833991931297,0.25530880692728
1.58,27,15,759.511794364568,0.26630113337535
1.58,27,18,751.700983299118,0.27435824663877
1.58,27,21,743.154401631085,0.279642353926466
1.58,27,24,733.715239505252,0.282375790396437
1.58,27,27,723.306178411337,0.282778252778422
1.58,27,30,711.906262527148,0.281025670539438
1.58,27,33,699.524958949948,0.277234886716875
1.58,27,36,686.181555761435,0.271471128955456
1.58,27,39,671.894724108185,0.26376991619975
1.58,27,42,656.682930929141,0.254162747437722
1.58,27,45,640.572791849335,0.242697015035534
1.58,27,48,623.610454954289,0.229444335597516
1.58,27,51,605.871064870784,0.214496317515028
1.58,27,54,587.462877280805,0.197950978773955
1.58,27,57,568.524823271519,0.17989544057325
1.58,27,60,549.218383286855,0.160390841712155
1.58,27,63,529.715942659106,0.139464033109817
1.58,27,66,510.188188176396,0.117108264746118
1.58,27,69,490.792722616274,0.0932925514127852
1.58,27,72,471.665257567029,0.0679773207152618
1.58,27,75,452.913858512858,0.0411326760778291
1.58,27,78,434.616037465846,0.0127552527451949
1.58,27,81,416.818147614561,-0.0171199082299922
1.58,27,84,399.536513364534,-0.048415034835216
1.58,27,87,382.759907089638,-0.081014110454369
1.58,27,90,366.453205034308,-0.114776053220148
1.58,27,93,350.562188855991,-0.149555168104231
1.58,27,96,335.019438464769,-0.185226354014231
1.58,27,99,319.751091231393,-0.221711793467075
1.58,27,102,304.683991632768,-0.259005616471818
1.58,27,105,289.752537088272,-0.297193506546192
1.58,27,108,274.904467707373,-0.336465546989856
1.58,27,111,260.10505338373,-0.377122765893248
1.58,27,114,245.339633569287,-0.419580493921465
1.58,27,117,230.615177410352,-0.464374007689487
1.58,27,120,215.96222245501,-0.512172669981988
1.58,27,123,201.438860177012,-0.563806137686864
1.58,27,126,187.137976937456,-0.620298323525735
1.58,27,129,173.197474441057,-0.682890240048205
1.58,27,132,159.810727388813,-0.753011591900444
1.58,27,135,147.231510839504,-0.832137001761532
1.58,27,138,135.764907165754,-0.921451067474965
1.58,27,141,125.734927508329,-1.02128420619926
1.58,27,144,117.423864137344,-1.13042291082027
1.58,27,147,110.991486504558,-1.24564117382208
1.58,27,150,106.4023472939,-1.36194202527389
1.58,27,153,103.400949227308,-1.47369631643036
1.58,27,156,101.556826179156,-1.57617449621159
1.58,27,159,100.361112524647,-1.6666088309832
1.58,27,162,99.3299458308943,-1.74435385096276
1.58,27,165,98.0789623948401,-1.81038417994424
1.58,27,168,96.3589644879798,-1.8666049962665
1.58,27,171,94.0605398532912,-1.91527158449829
1.58,27,174,91.1991065882546,-1.95857073272897
1.58,27,177,87.8881663058109,-1.99829058345487
1.58,27,180,84.3042145304795,-2.03549612046214
1.58,30,-180,84.3042145304795,-1.98313624290231
1.58,30,-177,79.3405538260323,-2.01364575443202
1.58,30,-174,74.5833819904228,-2.04299838671356
1.58,30,-171,70.2146016721024,-2.06835679296736
1.58,30,-168,66.3291190291641,-2.08514921969687
1.58,30,-165,62.9395166499699,-2.08753158524745
1.58,30,-162,60.018300457989,-2.06914812975942
1.58,30,-159,57.568018665186,-2.02394794524144
1.58,30,-156,55.6964719625831,-1.94705464402243
1.58,30,-153,54.6695644717179,-1.8360642928632
1.58,30,-150,54.9129339174402,-1.69304616114021
1.58,30,-147,56.9377244901029,-1.52632302765158
1.58,30,-144,61.2008898651016,-1.34961082520998
1.58,30,-141,67.9760470114355,-1.17743710220517
1.58,30,-138,77.3211991044736,-1.0200535944879
1.58,30,-135,89.1406970534778,-0.881787237274923
1.58,30,-132,103.268351437762,-0.762639239294211
1.58,30,-129,119.521421605896,-0.660588501948277
1.58,30,-126,137.723044179215,-0.573121348378495
1.58,30,-123,157.70862571393,-0.497904971376765
1.58,30,-120,179.32787608134,-0.432968246795198
1.58,30,-117,202.446707042119,-0.376685317307866
1.58,30,-114,226.948820207058,-0.327711824372483
1.58,30,-111,252.73552391398,-0.284929235651062
1.58,30,-108,279.722773481854,-0.247408325447044
1.58,30,-105,307.835434530959,-0.214386806153849
1.58,30,-102,336.999605303768,-0.185253086606586
1.58,30,-99,367.134221645661,-0.15953010445489
1.58,30,-96,398.143136488804,-0.136856328814487
1.58,30,-93,429.908586733149,-0.11696368302617
1.58,30,-90,462.286614342461,-0.0996537278032767
1.58,30,-87,495.104710660875,-0.0847740041684912
1.58,30,-84,528.16174078021,-0.0721962843659674
1.58,30,-81,561.230058828216,-0.061798001696992
1.58,30,-78,594.059602347524,-0.0534476265852448
1.58,30,-75,626.383619291631,-0.0469943779281416
1.58,30,-72,657.925528285405,-0.0422624174472601
1.58,30,-69,688.406270239619,-0.0390494904801048
1.58,30,-66,717.551430047899,-0.0371297410214709
1.58,30,-63,745.097445638278,-0.036260063878738
1.58,30,-60,770.796409710921,-0.0361888607229084
1.58,30,-57,794.419298268488,-0.036665537022182
1.58,30,-54,815.757875819178,-0.0374486993354468
1.58,30,-51,834.625938398465,-0.0383110086792877
1.58,30,-48,850.860848890186,-0.0390391824430126
1.58,30,-45,864.326385153038,-0.039428728254105
1.58,30,-42,874.917694229499,-0.0392744406229434
1.58,30,-39,882.56864778336,-0.0383591147535249
1.58,30,-36,887.261256315547,-0.0364438955777471
1.58,30,-33,889.036222582179,-0.0332638726136907
1.58,30,-30,888.003358589279,-0.0285319094661038
1.58,30,-27,884.350457634753,-0.021952501466692
1.58,30,-24,878.349113999358,-0.0132460651691281
1.58,30,-21,870.355661475159,-0.0021827437010984
1.58,30,-18,860.804785480818,0.011376508736846
1.58,30,-15,850.192801710258,0.0274355353549627
1.58,30,-12,839.047884401354,0.0458218081579752
1.58,30,-9,827.886574737919,0.0661581288833022
1.58,30,-6,817.160037540902,0.0878589890506953
1.58,30,-3,807.198820953055,0.110161941090324
1.58,30,0,798.168966342781,0.132197206416957
1.58,30,3,790.052433459182,0.153086724970932
1.58,30,6,782.659563373424,0.172051742921679
1.58,30,9,775.672139984165,0.18850243711257
1.58,30,12,768.70638597828,0.202087728163757
1.58,30,15,761.379945027563,0.212696247690568
1.58,30,18,753.367358641672,0.220414104655456
1.58,30,21,744.433725670776,0.225455633633687
1.58,30,24,734.443499501988,0.228087123935943
1.58,30,27,723.348118247721,0.228561366406015
1.58,30,30,711.16068376699,0.227074904039506
1.58,30,33,697.927503023926,0.223752307035504
1.58,30,36,683.705045746565,0.218654430702053
1.58,30,39,668.547459063061,0.211802066805982
1.58,30,42,652.50544818028,0.203203941728767
1.58,30,45,635.633539106425,0.192879096794691
1.58,30,48,618.000638811874,0.180867574636398
1.58,30,51,599.698797923405,0.167228363017694
1.58,30,54,580.846725364882,0.152027877914908
1.58,30,57,561.586963038156,0.135324666048525
1.58,30,60,542.077746447373,0.117156172373809
1.58,30,63,522.481847390763,0.0975318303896329
1.58,30,66,502.954969955088,0.0764342606527844
1.58,30,69,483.635766664573,0.0538278836776533
1.58,30,72,464.638649309665,0.0296724104717947
1.58,30,75,446.049675338185,0.00393777115345335
1.58,30,78,427.92515682494,-0.0233829448848733
1.58,30,81,410.292357876158,-0.0522652894540041
1.58,30,84,393.151668292901,-0.0826517522794289
1.58,30,87,376.479838472941,-0.114457275753659
1.58,30,90,360.234093092318,-0.147581789152763
1.58,30,93,344.357101218507,-0.181928774074367
1.58,30,96,328.78280866462,-0.217428167651684
1.58,30,99,313.44302391155,-0.254061277803774
1.58,30,102,298.274427933202,-0.291884925928906
1.58,30,105,283.225432849637,-0.331051973465902
1.58,30,108,268.262164273269,-0.371826008332239
1.58,30,111,253.372916449726,-0.414589435494653
1.58,30,114,238.57081184907,-0.459846368760054
1.58,30,117,223.895056996247,-0.508223815795365
1.58,30,120,209.411919348796,-0.560475189563096
1.58,30,123,195.216967925501,-0.617486969438469
1.58,30,126,181.439733224642,-0.680279987591845
1.58,30,129,168.250347773631,-0.749980060235687
1.58,30,132,155.864882375952,-0.82771109927215
1.58,30,135,144.542609954514,-0.914349135285505
1.58,30,138,134.565951701732,-1.01009592334165
1.58,30,141,126.195441663419,-1.1139277978833
1.58,30,144,119.601495421919,-1.22315886289618
1.58,30,147,114.792339436992,-1.33350476785142
1.58,30,150,111.572568949348,-1.43988627211
1.58,30,153,109.560733629549,-1.53770706840562
1.58,30,156,108.263329051424,-1.6239307766322
1.58,30,159,107.172007645259,-1.69745619702891
1.58,30,162,105.846963721847,-1.75883329098136
1.58,30,165,103.967981669477,-1.80969286370889
1.58,30,168,101.353960856151,-1.85221259282479
1.58,30,171,97.9602145750939,-1.88873946935238
1.58,30,174,93.862371953278,-1.92153544542441
1.58,30,177,89.2318415263414,-1.95255116564714
1.58,30,180,84.3042145304795,-1.98313624290231
1.58,33,-180,84.3042145304795,-1.93077636534249
1.58,33,-177,78.0457461578542,-1.95694442683113
1.58,33,-174,72.0885142275351,-1.98473324006698
1.58,33,-171,66.6790999589878,-2.01165225967325
1.58,33,-168,61.9717903033575,-2.03293284961989
1.58,33,-165,58.0206642483615,-2.04181978933963
1.58,33,-162,54.8137454764817,-2.03051048196073
1.58,33,-159,52.3452508981112,-1.99148211423512
1.58,33,-156,50.7004202182206,-1.91900506315559
1.58,33,-153,50.1153048820849,-1.81100591326027
1.58,33,-150,50.9732983097194,-1.67123849565514
1.58,33,-147,53.7171673291938,-1.51028890655753
1.58,33,-144,58.7086667038147,-1.34304873366718
1.58,33,-141,66.1269138989612,-1.18316705893127
1.58,33,-138,75.9692269605031,-1.03884970963618
1.58,33,-135,88.1212026099932,-0.912682570691934
1.58,33,-132,102.426297845669,-0.803826856221378
1.58,33,-129,118.724197435412,-0.710132279898041
1.58,33,-126,136.864345663261,-0.629304175011821
1.58,33,-123,156.708828746715,-0.559328057414172
1.58,33,-120,178.133084281609,-0.498531658817857
1.58,33,-117,201.026865035039,-0.445528287694775
1.58,33,-114,225.294806924876,-0.39914994584474
1.58,33,-111,250.855287762186,-0.358402863983099
1.58,33,-108,277.636852245936,-0.322445632593952
1.58,33,-105,305.572381785057,-0.290580172611301
1.58,33,-102,334.591849619119,-0.262245777451195
1.58,33,-99,364.614738833735,-0.237009913177446
1.58,33,-96,395.543087843435,-0.214553309864198
1.58,33,-93,427.255843337194,-0.194649779967211
1.58,33,-90,459.604905917238,-0.177142783808999
1.58,33,-87,492.413037675207,-0.161921195102101
1.58,33,-84,525.473679189086,-0.1488964150613
1.58,33,-81,558.552662824055,-0.137982378406119
1.58,33,-78,591.39175878221,-0.129079406184349
1.58,33,-75,623.71390802749,-0.122062438405293
1.58,33,-72,655.229867658062,-0.11677392515921
1.58,33,-69,685.645839373726,-0.113021476571119
1.58,33,-66,714.671516577443,-0.110580148752286
1.58,33,-63,742.027923573169,-0.109198882322574
1.58,33,-60,767.45446956475,-0.108610093184861
1.58,33,-57,790.714809393976,-0.108540823723928
1.58,33,-54,811.601368295625,-0.108723376163345
1.58,33,-51,829.938698074813,-0.108903202346479
1.58,33,-48,845.586115062155,-0.108842218036823
1.58,33,-45,858.440242541313,-0.108316709790352
1.58,33,-42,868.438068648601,-0.107110456098552
1.58,33,-39,875.560910323323,-0.105005222620172
1.58,33,-36,879.839305020569,-0.101771937984047
1.58,33,-33,881.358471359565,-0.0971662213576284
1.58,33,-30,880.263720775748,-0.0909313957932324
1.58,33,-27,876.7650762373,-0.0828108980675223
1.58,33,-24,871.14019220029,-0.0725705135884059
1.58,33,-21,863.734215623255,-0.0600294826142697
1.58,33,-18,854.95438482471,-0.0450982479837708
1.58,33,-15,845.256267481644,-0.027819036943308
1.58,33,-12,835.118432853393,-0.00840311056949248
1.58,33,-9,825.004060533187,0.012744465384848
1.58,33,-6,815.311990970912,0.0350238103174864
1.58,33,-3,806.325171907709,0.0576729500698498
1.58,33,0,798.168966342781,0.0798373288571267
1.58,33,3,790.792409326273,0.100667393030943
1.58,33,6,783.980631620273,0.119423633757691
1.58,33,9,777.397609355473,0.135563005282958
1.58,33,12,770.649011356133,0.148785294606884
1.58,33,15,763.349328737984,0.159030731327121
1.58,33,18,755.177642283937,0.166434667241279
1.58,33,21,745.911404633889,0.171255594269909
1.58,33,24,735.43488577086,0.173796564236222
1.58,33,27,723.725809068527,0.17433794894057
1.58,33,30,710.828430093089,0.173093566460853
1.58,33,33,696.823091367112,0.170194615056705
1.58,33,36,681.801111699601,0.165698395444949
1.58,33,39,665.850410206981,0.15961311225242
1.58,33,42,649.052794714759,0.151927481527931
1.58,33,45,631.489906536184,0.142634950911729
1.58,33,48,613.252647768648,0.131746330901359
1.58,33,51,594.448949589224,0.119289794490305
1.58,33,54,575.206492604135,0.105301585301924
1.58,33,57,555.669443043939,0.0898130837017816
1.58,33,60,535.990401491611,0.0728398403437507
1.58,33,63,516.319953412125,0.0543763805018724
1.58,33,66,496.796354027563,0.0343980079628276
1.58,33,69,477.537252539665,0.0128684633871044
1.58,33,72,458.634404021461,-0.010249232939709
1.58,33,75,440.151431090056,-0.0349818862138484
1.58,33,78,422.124119094769,-0.0613378869298168
1.58,33,81,404.562512005263,-0.0893034248468197
1.58,33,84,387.454144027118,-0.118843998466289
1.58,33,87,370.767963408947,-0.149911338468792
1.58,33,90,354.458757230496,-0.182455436970357
1.58,33,93,338.472080678136,-0.216441110228559
1.58,33,96,322.749776235721,-0.251868204739753
1.58,33,99,307.236109476545,-0.288794033943759
1.58,33,102,291.884353701177,-0.327355936531671
1.58,33,105,276.663379480532,-0.367791229294996
1.58,33,108,261.563559428791,-0.410451680203699
1.58,33,111,246.601233992921,-0.455810286928134
1.58,33,114,231.82123053445,-0.504459605110389
1.58,33,117,217.297505385892,-0.55710246260741
1.58,33,120,203.132709918751,-0.614536063489081
1.58,33,123,189.457956899834,-0.677626885381981
1.58,33,126,176.433713212244,-0.747264189643064
1.58,33,129,164.25107925559,-0.824264719288429
1.58,33,132,153.129745453577,-0.909187582449555
1.58,33,135,143.30570908466,-1.00202606394064
1.58,33,138,135.000967892675,-1.10180256163351
1.58,33,141,128.372529621752,-1.20621729115374
1.58,33,144,123.450926358868,-1.31162364677959
1.58,33,147,120.093235855047,-1.41355355884799
1.58,33,150,117.978248938593,-1.50769675957448
1.58,33,153,116.652992745556,-1.59087824533241
1.58,33,156,115.612607927011,-1.66156844973488
1.58,33,159,114.38257506381,-1.71981593091749
1.58,33,162,112.580210735684,-1.76682928259772
1.58,33,165,109.948445524671,-1.80450134850635
1.58,33,168,106.366108967523,-1.83504616587363
1.58,33,171,101.84234516649,-1.86077787499793
1.58,33,174,96.5013812223387,-1.88397569379963
1.58,33,177,90.5608696173642,-1.90674446967544
1.58,33,180,84.3042145304795,-1.93077636534249
1.58,36,-180,84.3042145304795,-1.87841648778266
1.58,36,-177,76.7640864319154,-1.90008202117981
1.58,36,-174,69.6072633156122,-1.92618240948297
1.58,36,-171,63.1424504795066,-1.95504337101453
1.58,36,-168,57.5866082771521,-1.98222577696536
1.58,36,-165,53.040983132197,-2.00037005634126
1.58,36,-162,49.5097832783379,-2.00008203873031
1.58,36,-159,46.9689244725435,-1.97179827096942
1.58,36,-156,45.4619763819127,-1.90818664153805
1.58,36,-153,45.1752729053285,-1.80679996451697
1.58,36,-150,46.4405378883332,-1.67250392932618
1.58,36,-147,49.6424015106267,-1.51775353703872
1.58,36,-144,55.0781187177082,-1.35858083153441
1.58,36,-141,62.8710540342901,-1.20826068199805
1.58,36,-138,72.9871509469947,-1.07378063556586
1.58,36,-135,85.3055662788243,-0.956676362380894
1.58,36,-132,99.6788206696222,-0.855605708109524
1.58,36,-129,115.962522524142,-0.768343385157766
1.58,36,-126,134.024331973707,-0.692730364310081
1.58,36,-123,153.744805438574,-0.626949396559239
1.58,36,-120,175.016836296077,-0.569515056523167
1.58,36,-117,197.745441285128,-0.519192327909473
1.58,36,-114,221.847308549416,-0.47492780902239
1.58,36,-111,247.249082990411,-0.435812299095249
1.58,36,-108,273.883858754892,-0.401068002699692
1.58,36,-105,301.686039945724,-0.370047502429885
1.58,36,-102,330.585199203563,-0.342233676261649
1.58,36,-99,360.499697849712,-0.317234228323809
1.58,36,-96,391.330721396867,-0.294768790000173
1.58,36,-93,422.957184708197,-0.274649539863213
1.58,36,-90,455.231791225811,-0.256757788804337
1.58,36,-87,487.978440467206,-0.241019274714988
1.58,36,-84,520.991158239025,-0.227380494110659
1.58,36,-81,554.034732245236,-0.215787724817201
1.58,36,-78,586.847221260197,-0.206169776256302
1.58,36,-75,619.144430257534,-0.198425077842962
1.58,36,-72,650.626294917616,-0.19241347254351
1.58,36,-69,680.984916746012,-0.187952925008816
1.58,36,-66,709.913779578769,-0.184821156763692
1.58,36,-63,737.117512456279,-0.182761883389123
1.58,36,-60,762.321484697642,-0.181494816198143
1.58,36,-57,785.28054653761,-0.180727966494711
1.58,36,-54,805.786361586384,-0.180170220221327
1.58,36,-51,823.67299874022,-0.179541871216371
1.58,36,-48,838.820728800707,-0.178581041448668
1.58,36,-45,851.158250791892,-0.177044789360112
1.58,36,-42,860.663780055287,-0.174705112163
1.58,36,-39,867.365496857932,-0.171341642586498
1.58,36,-36,871.341766854861,-0.166734128540447
1.58,36,-33,872.721368222175,-0.160658308376407
1.58,36,-30,871.68379262934,-0.152888357900438
1.58,36,-27,868.45955145049,-0.143207868044714
1.58,36,-24,863.330178403772,-0.131429777904917
1.58,36,-21,856.627033231631,-0.117424285166907
1.58,36,-18,848.726961969105,-0.101152571896341
1.58,36,-15,840.041666693977,-0.08270281926233
1.58,36,-12,830.997141624782,-0.0623228820310142
1.58,36,-9,822.000864028291,-0.0404411912416541
1.58,36,-6,813.398218759927,-0.0176653139105147
1.58,36,-3,805.425156401048,0.00525131318121276
1.58,36,0,798.168966342781,0.0274774512972969
1.58,36,3,791.550211248696,0.048198595078803
1.58,36,6,785.334504948835,0.0667181020424984
1.58,36,9,779.174026562517,0.0825396553109118
1.58,36,12,772.669229322932,0.0954102414123005
1.58,36,15,765.435321137048,0.105315163333478
1.58,36,18,757.157890176898,0.112430826525569
1.58,36,21,747.626783049268,0.117051334778445
1.58,36,24,736.744507899192,0.119508768415892
1.58,36,27,724.512388521377,0.120105022952161
1.58,36,30,711.002608797529,0.1190672954027
1.58,36,33,696.326269902361,0.116531770003076
1.58,36,36,680.606534268702,0.11255255767673
1.58,36,39,663.96248072736,0.107127165729961
1.58,36,42,646.504742527892,0.100227136337076
1.58,36,45,628.339963445364,0.0918235667538984
1.58,36,48,609.578898789146,0.0819012804799644
1.58,36,51,590.34305717833,0.0704606499934803
1.58,36,54,570.766609703572,0.0575104506251739
1.58,36,57,550.992798166481,0.0430573083549801
1.58,36,60,531.166183642232,0.0270970481611704
1.58,36,63,511.423168003575,0.00961123904989025
1.58,36,66,491.883228164946,-0.00943041415090175
1.58,36,69,472.64256334244,-0.030063417724391
1.58,36,72,453.770852446936,-0.0523203492985648
1.58,36,75,435.310955579906,-0.0762240371109687
1.58,36,78,417.280880316768,-0.101784062108804
1.58,36,81,399.677187378172,-0.128997489427136
1.58,36,84,382.479130691122,-0.157853837198431
1.58,36,87,365.653081510909,-0.188343851981708
1.58,36,90,349.157065485505,-0.220471647340168
1.58,36,93,332.945469408333,-0.254269910723442
1.58,36,96,316.974096572505,-0.289817848380099
1.58,36,99,301.205724954518,-0.327261065977663
1.58,36,102,285.616134641969,-0.366831651009665
1.58,36,105,270.200255391307,-0.408865585704508
1.58,36,108,254.977748715273,-0.453813730461056
1.58,36,111,239.997145849822,-0.502242430734319
1.58,36,114,225.33777446528,-0.554820468882885
1.58,36,117,211.109181912104,-0.612290137447241
1.58,36,120,197.448453977236,-0.675420355210292
1.58,36,123,184.516330342529,-0.74493712455755
1.58,36,126,172.492748064631,-0.821420203081682
1.58,36,129,161.570946304208,-0.905147566177799
1.58,36,132,151.946773584475,-0.99587209630555
1.58,36,135,143.797903473894,-1.0925469885489
1.58,36,138,137.249152904163,-1.1930890721225
1.58,36,141,132.327383999746,-1.29435004609368
1.58,36,144,128.920542804182,-1.39245819500369
1.58,36,147,126.76168561233,-1.48351763175585
1.58,36,150,125.451526967309,-1.56440034365972
1.58,36,153,124.514729796278,-1.63327915392482
1.58,36,156,123.470132278702,-1.68972719495507
1.58,36,159,121.893780933946,-1.73447010444562
1.58,36,162,119.462765033341,-1.76900283034981
1.58,36,165,115.977994658877,-1.79524682778258
1.58,36,168,111.369842999874,-1.81532514559725
1.58,36,171,105.691992455114,-1.83145134761985
1.58,36,174,99.107792847899,-1.8458812501779
1.58,36,177,91.8714492391464,-1.86085180958633
1.58,36,180,84.3042145304795,-1.87841648778266
1.58,39,-180,84.3042145304794,-1.82605661022283
1.58,39,-177,75.4989285887467,-1.84305546342736
1.58,39,-174,67.1453143874728,-1.86729105511102
1.58,39,-171,59.6107105879689,-1.89844601960836
1.58,39,-168,53.1788625845679,-1.93317474907575
1.58,39,-165,48.0080833306834,-1.96413454628466
1.58,39,-162,44.1250470463661,-1.98031269050883
1.58,39,-159,41.4793874477408,-1.96926690291016
1.58,39,-156,40.0501272209622,-1.92077733424663
1.58,39,-153,39.948319062799,-1.83079749081882
1.58,39,-150,41.4426285884732,-1.70446838955214
1.58,39,-147,44.8723569027966,-1.55587700106411
1.58,39,-144,50.5023481865458,-1.40264222316302
1.58,39,-141,58.434920907244,-1.25856554085976
1.58,39,-138,68.6278539251728,-1.13031274506136
1.58,39,-135,80.9630214606666,-1.01894352535491
1.58,39,-132,95.3019512589621,-0.922843283283351
1.58,39,-129,111.511986835757,-0.839727382657525
1.58,39,-126,129.473349394916,-0.767495049258243
1.58,39,-123,149.078725945548,-0.704427307636901
1.58,39,-120,170.231442459183,-0.649136820846838
1.58,39,-117,192.844024017133,-0.600471908900189
1.58,39,-114,216.836941758232,-0.557446085656964
1.58,39,-111,242.136852798578,-0.519203890267149
1.58,39,-108,268.67387950692,-0.485012166993814
1.58,39,-105,296.377887938757,-0.454262273310735
1.58,39,-102,325.174009534869,-0.4264720535539
1.58,39,-99,354.977740589998,-0.401281512171434
1.58,39,-96,385.689926635454,-0.378440545340773
1.58,39,-93,417.191897088322,-0.357789971450227
1.58,39,-90,449.341020558117,-0.339238421966896
1.58,39,-87,481.967009016196,-0.322737818305899
1.58,39,-84,514.869378159869,-0.308259688401665
1.58,39,-81,547.816525798302,-0.295773913147345
1.58,39,-78,580.546877147542,-0.285230917958188
1.58,39,-75,612.772438817158,-0.276547948737514
1.58,39,-72,644.184900542667,-0.269599874443545
1.58,39,-69,674.46415180431,-0.26421484339277
1.58,39,-66,703.288786488078,-0.260174964285873
1.58,39,-63,730.347905057789,-0.257221880812356
1.58,39,-60,755.353332324131,-0.25506661392079
1.58,39,-57,778.051275220984,-0.25340240296905
1.58,39,-54,798.23246356884,-0.251918635939873
1.58,39,-51,815.739959666921,-0.250313553431852
1.58,39,-48,830.474095110204,-0.248303489795015
1.58,39,-45,842.394373053819,-0.24562713308411
1.58,39,-42,851.518591351107,-0.242044595413498
1.58,39,-39,857.919791816602,-0.237332681896309
1.58,39,-36,861.721837287682,-0.231279129007545
1.58,39,-33,863.094449532511,-0.223679244072094
1.58,39,-30,862.248463536893,-0.214338049519223
1.58,39,-27,859.431900089885,-0.20307985838385
1.58,39,-24,854.927132468159,-0.189765670825579
1.58,39,-21,849.048708386592,-0.174317413800107
1.58,39,-18,842.140153904747,-0.156747009696713
1.58,39,-15,834.566603584851,-0.137187160679724
1.58,39,-12,826.699227739882,-0.115918930608789
1.58,39,-9,818.88835915765,-0.0933885983766655
1.58,39,-6,811.425733061847,-0.0702040839536418
1.58,39,-3,804.501762352452,-0.0471020140547709
1.58,39,0,798.168966342781,-0.0248824262625331
1.58,39,3,792.324403542554,-0.00431876113904122
1.58,39,6,786.720213263111,0.0139381334670341
1.58,39,9,781.003007037588,0.0294379013400056
1.58,39,12,774.773485807151,0.0419704132255037
1.58,39,15,767.651500573344,0.0515589865561452
1.58,39,18,759.331116905768,0.0584124669841872
1.58,39,21,749.61456623894,0.0628516754464902
1.58,39,24,738.42091265429,0.0652296624774135
1.58,39,27,725.772224770585,0.0658634412888026
1.58,39,30,711.765125857774,0.0649892867436638
1.58,39,33,696.537802771473,0.062746269922859
1.58,39,36,680.241681985866,0.0591852203531787
1.58,39,39,663.023604304408,0.0542944828118386
1.58,39,42,645.01975613743,0.0480311362782304
1.58,39,45,626.358520808165,0.0403473888510725
1.58,39,48,607.1671708489,0.0312059339756882
1.58,39,51,587.577403901616,0.020583304768145
1.58,39,54,567.726589259936,0.00846460642393136
1.58,39,57,547.754102735366,-0.0051649348731547
1.58,39,60,527.794180819792,-0.0203266087485352
1.58,39,63,507.967704432089,-0.0370502134050584
1.58,39,66,488.375203325369,-0.0553712522916363
1.58,39,69,469.092542841425,-0.0753252702840896
1.58,39,72,450.169728530273,-0.0969421545373022
1.58,39,75,431.632441861042,-0.120242905759178
1.58,39,78,413.485483186666,-0.145240306784574
1.58,39,81,395.717230537201,-0.171943704612956
1.58,39,84,378.304403835915,-0.200367293341244
1.58,39,87,361.216718642299,-0.230541052370085
1.58,39,90,344.421318836447,-0.262523737969228
1.58,39,93,327.887124566191,-0.296417694229908
1.58,39,96,311.589366395767,-0.332385325225756
1.58,39,99,295.514552097225,-0.3706665498845
1.58,39,102,279.665904133834,-0.411595384446239
1.58,39,105,264.068941282003,-0.455612197211518
1.58,39,108,248.776460048774,-0.503266628045787
1.58,39,111,233.871868906296,-0.555205215108471
1.58,39,114,219.469818040941,-0.61213783200229
1.58,39,117,205.713439821917,-0.674778131610865
1.58,39,120,192.768171180538,-0.743754833725735
1.58,39,123,180.812726074568,-0.81949220563545
1.58,39,126,170.027825863161,-0.902059830733655
1.58,39,129,160.582451157624,-0.99099728393678
1.58,39,132,152.616042721219,-1.08513615171001
1.58,39,135,146.214735959074,-1.18247521619074
1.58,39,138,141.382297371002,-1.28020106888682
1.58,39,141,138.012160555071,-1.37494244152412
1.58,39,144,135.872251705047,-1.46325940045985
1.58,39,147,134.61347791982,-1.5422276888145
1.58,39,150,133.804119389456,-1.60989861075002
1.58,39,153,132.981522074327,-1.66547929942366
1.58,39,156,131.707058981065,-1.70923221697044
1.58,39,159,129.612432055851,-1.74221030517382
1.58,39,162,126.431323171953,-1.76596522524382
1.58,39,165,122.015803574702,-1.7823209788172
1.58,39,168,116.33996775595,-1.79324698972267
1.58,39,171,109.494219415181,-1.80082102336303
1.58,39,174,101.673275141869,-1.80724486743196
1.58,39,177,93.159822434777,-1.81485593130009
1.58,39,180,84.3042145304794,-1.82605661022283
1.58,42,-180,84.3042145304792,-1.773696732663
1.58,42,-177,74.2536391710578,-1.78586200219216
1.58,42,-174,64.7086141439523,-1.80799518619531
1.58,42,-171,56.0906169528747,-1.84174421177363
1.58,42,-168,48.7553377817752,-1.88594995359
1.58,42,-165,42.934779819368,-1.93446955109332
1.58,42,-162,38.6953659400767,-1.97497376231938
1.58,42,-159,35.9583883394243,-1.99088757020927
1.58,42,-156,34.6091094558315,-1.96685096835196
1.58,42,-153,34.6439303755477,-1.89513257481039
1.58,42,-150,36.2464186788072,-1.77992235816547
1.58,42,-147,39.7210324802715,-1.63684616556873
1.58,42,-144,45.3346789869139,-1.48611362735097
1.58,42,-141,53.2045892106888,-1.34352843130762
1.58,42,-138,63.3027616949701,-1.21661804013231
1.58,42,-135,75.5220616194489,-1.10658400795554
1.58,42,-132,89.7329533257099,-1.01172785513781
1.58,42,-129,105.810876857575,-0.929676829144169
1.58,42,-126,123.64365955781,-0.8582831962721
1.58,42,-123,143.130517296724,-0.795812841190521
1.58,42,-120,164.179065822601,-0.740880960464707
1.58,42,-117,186.702755261981,-0.692347638943143
1.58,42,-114,210.619106079522,-0.649243472413828
1.58,42,-111,235.848365831515,-0.610733433637478
1.58,42,-108,262.312092481681,-0.576106577788573
1.58,42,-105,289.93128741441,-0.544776604661121
1.58,42,-102,318.623838442375,-0.516282296608184
1.58,42,-99,348.301142336688,-0.49028212878993
1.58,42,-96,378.863891354106,-0.466541643483114
1.58,42,-93,410.19716346015,-0.444914816553151
1.58,42,-90,442.165149501208,-0.425321757970619
1.58,42,-87,474.606048376212,-0.407725155916258
1.58,42,-84,507.327817446036,-0.392107415050335
1.58,42,-81,540.105538791407,-0.37844985759544
1.58,42,-78,572.681124513849,-0.366714886434635
1.58,42,-75,604.76592634049,-0.356831733670224
1.58,42,-72,636.046548498687,-0.348686305676055
1.58,42,-69,666.193821878218,-0.342115591082766
1.58,42,-66,694.87452961332,-0.336907001486921
1.58,42,-63,721.765127888567,-0.332802758884019
1.58,42,-60,746.566418989872,-0.329508972103882
1.58,42,-57,769.017933355921,-0.326708385933165
1.58,42,-54,788.91069099941,-0.324075077046371
1.58,42,-51,806.097079119378,-0.321288840540749
1.58,42,-48,820.496844383777,-0.318046923568399
1.58,42,-45,832.098666055758,-0.314071310022926
1.58,42,-42,840.957388805155,-0.309110943034776
1.58,42,-39,847.187615074138,-0.302939825612715
1.58,42,-36,850.95483104683,-0.295353371556212
1.58,42,-33,852.465478396217,-0.286166146645826
1.58,42,-30,851.957396279179,-0.275213919586242
1.58,42,-27,849.691884558616,-0.262361835487705
1.58,42,-24,845.948226389065,-0.247519039304548
1.58,42,-21,841.020673063533,-0.230658807630994
1.58,42,-18,835.216494167572,-0.21184241765644
1.58,42,-15,828.851961124252,-0.191244191306326
1.58,42,-12,822.241899276063,-0.169173665202889
1.58,42,-9,815.678963962018,-0.14608841463513
1.58,42,-6,809.401978369838,-0.122588809480147
1.58,42,-3,803.558091495236,-0.0993863317209391
1.58,42,0,798.168966342781,-0.077242303822363
1.58,42,3,793.113512662487,-0.0568837239309675
1.58,42,6,788.136639240684,-0.0389134364345261
1.58,42,9,782.885699595712,-0.0237372546027544
1.58,42,12,776.967123284876,-0.0115272380440741
1.58,42,15,770.009320443396,-0.00222944966659195
1.58,42,18,761.716774639783,0.00438857959578531
1.58,42,21,751.904036524706,0.00866537057877567
1.58,42,24,740.504945917239,0.0109667863496885
1.58,42,27,727.559304530347,0.011618421155174
1.58,42,30,713.184451276293,0.0108611238446998
1.58,42,33,697.541645558218,0.00883446490896689
1.58,42,36,680.806523656427,0.0055855547119369
1.58,42,39,663.149662257949,0.0010947798910976
1.58,42,42,644.728755044224,-0.0046927400736753
1.58,42,45,625.689793384644,-0.0118401977873741
1.58,42,48,606.172361816655,-0.0204028410334407
1.58,42,51,586.314213367784,-0.0304233904098451
1.58,42,54,566.252131347946,-0.0419358142316751
1.58,42,57,546.11855071837,-0.0549721772524964
1.58,42,60,526.035382749552,-0.0695678380485138
1.58,42,63,506.107355107118,-0.0857625219102857
1.58,42,66,486.416955854832,-0.103597458301592
1.58,42,69,467.022180685673,-0.12311071923057
1.58,42,72,447.957260778285,-0.144333557517589
1.58,42,75,429.235786493851,-0.167289995990152
1.58,42,78,410.855293661497,-0.192000693304565
1.58,42,81,392.802398983729,-0.218490874628031
1.58,42,84,375.057818981682,-0.246801357160402
1.58,42,87,357.600941479437,-0.277001573374593
1.58,42,90,340.413938980616,-0.309203815147854
1.58,42,93,323.485654337113,-0.343578295467752
1.58,42,96,306.815600883001,-0.380368618852141
1.58,42,99,290.418358499217,-0.419906556005599
1.58,42,102,274.328391961441,-0.462623556425018
1.58,42,105,258.604896292657,-0.509054418989673
1.58,42,108,243.335785375901,-0.559826478255818
1.58,42,111,228.639550762823,-0.61562629895173
1.58,42,114,214.663616016434,-0.677136112309634
1.58,42,117,201.578132353824,-0.744935019944473
1.58,42,120,189.564894882195,-0.819366077001064
1.58,42,123,178.801992200922,-0.900379910925404
1.58,42,126,169.44555355929,-0.987377728952604
1.58,42,129,161.610187049505,-1.07908939566328
1.58,42,132,155.349471343225,-1.17353203209256
1.58,42,135,150.637830391492,-1.26809452794725
1.58,42,138,147.356060232129,-1.35977315602974
1.58,42,141,145.284468004426,-1.4455365991344
1.58,42,144,144.108315088067,-1.52273861363181
1.58,42,147,143.438244749742,-1.58946114459619
1.58,42,150,142.843965192055,-1.64469291032094
1.58,42,153,141.895235552372,-1.68831860820205
1.58,42,156,140.202580893635,-1.72096548807835
1.58,42,159,137.451423648116,-1.74378844816455
1.58,42,162,133.42605329155,-1.75826851462501
1.58,42,165,128.022555693793,-1.76607213136738
1.58,42,168,121.251746569873,-1.76898919715966
1.58,42,171,113.234182641589,-1.76894467469444
1.58,42,174,104.189552598632,-1.76806186858815
1.58,42,177,94.4222881069445,-1.76874096770554
1.58,42,180,84.3042145304792,-1.773696732663
1.58,45,-180,84.3042145304793,-1.72133685510317
1.58,45,-177,73.0315906858311,-1.72849944095861
1.58,45,-174,62.3033846046144,-1.74822128216472
1.58,45,-171,52.5896256977274,-1.78478207153719
1.58,45,-168,44.3243341058496,-1.84075931428172
1.58,45,-165,37.8404924534643,-1.91340659222258
1.58,45,-162,33.2830659249093,-1.99015644267379
1.58,45,-159,30.5573743318394,-2.04818923782041
1.58,45,-156,29.4131042335572,-2.06268114808089
1.58,45,-153,29.6616564981201,-2.01882806439046
1.58,45,-150,31.3533114781424,-1.91855343993541
1.58,45,-147,34.7585389289194,-1.77927576768506
1.58,45,-144,40.1859018708151,-1.62537847256942
1.58,45,-141,47.8138177300313,-1.4768997117458
1.58,45,-138,57.6583175477259,-1.34398350855733
1.58,45,-135,69.6346410101253,-1.22881977027855
1.58,45,-132,83.6226947448172,-1.12982272691271
1.58,45,-129,99.5019953991106,-1.04443351727488
1.58,45,-126,117.16252611894,-0.970276689475217
1.58,45,-123,136.504284324773,-0.905429017404012
1.58,45,-120,157.433524661179,-0.84836849496013
1.58,45,-117,179.859304922143,-0.797863564882789
1.58,45,-114,203.691460028107,-0.75288832106906
1.58,45,-111,228.839915679128,-0.71257613660181
1.58,45,-108,255.214732483379,-0.676200384238354
1.58,45,-105,282.726112667702,-0.643167676996929
1.58,45,-102,311.283642093786,-0.613012920417237
1.58,45,-99,340.794217299817,-0.585390570189467
1.58,45,-96,371.158392056152,-0.560060528152599
1.58,45,-93,402.26523055154,-0.536869508942418
1.58,45,-90,433.986114693398,-0.515729688152803
1.58,45,-87,466.168257090749,-0.496596497676731
1.58,45,-84,498.628869441548,-0.479447055566787
1.58,45,-81,531.151000494584,-0.464260264233104
1.58,45,-78,563.481981133835,-0.450999280028166
1.58,45,-75,595.335206022466,-0.439596910442329
1.58,45,-72,626.395665997222,-0.429944496118819
1.58,45,-69,656.329259274943,-0.421884888393143
1.58,45,-66,684.795494199641,-0.415210118185273
1.58,45,-63,711.46278991182,-0.409664155928075
1.58,45,-60,736.025213763526,-0.404950717628596
1.58,45,-57,758.219193140925,-0.400745396170703
1.58,45,-54,777.838546435739,-0.396710616476508
1.58,45,-51,794.746161494843,-0.392511257966738
1.58,45,-48,808.880890751103,-0.387828535267982
1.58,45,-45,820.258774757245,-0.382370099958136
1.58,45,-42,828.968498250276,-0.375875364234602
1.58,45,-39,835.161858771227,-0.368116525357292
1.58,45,-36,839.040766185439,-0.35889721023437
1.58,45,-33,840.842727882009,-0.348051501729757
1.58,45,-30,840.826873283679,-0.335445987009611
1.58,45,-27,839.262378379343,-0.320986457057145
1.58,45,-24,836.420655447114,-0.304629506213659
1.58,45,-21,832.571727477027,-0.286398175778788
1.58,45,-18,827.983660902299,-0.266400217933689
1.58,45,-15,822.921969490706,-0.244847100544246
1.58,45,-12,817.64433381652,-0.22207069632318
1.58,45,-9,812.386093906422,-0.198532328393251
1.58,45,-6,807.334795862707,-0.174816462990347
1.58,45,-3,802.597345305178,-0.151601206558873
1.58,45,0,798.168966342781,-0.129602181382193
1.58,45,3,793.916023719005,-0.109495304608043
1.58,45,6,789.582489145133,-0.0918339383832235
1.58,45,9,784.822706474189,-0.0769813384482545
1.58,45,12,779.25422142701,-0.0650766543407352
1.58,45,15,772.517836504891,-0.0560428626549075
1.58,45,18,764.330325582564,-0.049632676447103
1.58,45,21,754.518418466748,-0.0454987974791946
1.58,45,24,743.02884281953,-0.0432705904866189
1.58,45,27,729.915959201859,-0.0426203283142679
1.58,45,30,715.313867749682,-0.0433070715746107
1.58,45,33,699.402580691574,-0.0451932062581961
1.58,45,36,682.377503762729,-0.048235929241593
1.58,45,39,664.428462524839,-0.052461799288129
1.58,45,42,645.730098134384,-0.0579353162690458
1.58,45,45,626.44135796237,-0.0647316403200568
1.58,45,48,606.709476442066,-0.0729196565206009
1.58,45,51,586.673817867203,-0.0825564540987491
1.58,45,54,566.466707361548,-0.0936900484087347
1.58,45,57,546.210748478706,-0.106365247793563
1.58,45,60,526.013994454085,-0.120628154981362
1.58,45,63,505.96510950649,-0.136527040309376
1.58,45,66,486.130359719255,-0.154109921840027
1.58,45,69,466.553359131514,-0.173421011499723
1.58,45,72,447.257506844957,-0.194498707772104
1.58,45,75,428.250366444873,-0.217377167150235
1.58,45,78,409.528989320027,-0.242092239737907
1.58,45,81,391.085296736876,-0.268691364763339
1.58,45,84,372.910952139483,-0.297246328196753
1.58,45,87,355.001523692585,-0.327867674254834
1.58,45,90,337.360054822557,-0.36071980812684
1.58,45,93,320.000366815236,-0.396036028144025
1.58,45,96,302.950471814375,-0.434132471169328
1.58,45,99,286.256345853557,-0.475418961377348
1.58,45,102,269.985989004925,-0.520402964091995
1.58,45,105,254.233216576762,-0.569680518109907
1.58,45,108,239.120080296583,-0.623905808612078
1.58,45,111,224.796379829818,-0.683730114916618
1.58,45,114,211.434608644996,-0.749702955273718
1.58,45,117,199.219095721792,-0.822135390385387
1.58,45,120,188.329173852167,-0.900938894663942
1.58,45,123,178.917817908326,-0.985471202311084
1.58,45,126,171.088885694955,-1.07443595962153
1.58,45,129,164.877066946936,-1.16588427780169
1.58,45,132,160.234195599937,-1.25734477774966
1.58,45,135,157.023780713718,-1.34606916090451
1.58,45,138,155.023586358074,-1.4293418346127
1.58,45,141,153.935168784251,-1.5047841510221
1.58,45,144,153.399648633496,-1.57059125131503
1.58,45,147,153.019505769508,-1.62566352962306
1.58,45,150,152.385687162897,-1.66962413098851
1.58,45,153,151.107901873154,-1.70274066795084
1.58,45,156,148.844691605892,-1.7257876497688
1.58,45,159,145.329582928039,-1.73989257449889
1.58,45,162,140.390427397684,-1.74640404071279
1.58,45,165,133.960448312232,-1.74680881685766
1.58,45,168,126.080999620836,-1.74271133041388
1.58,45,171,116.897224235442,-1.73587680734071
1.58,45,174,106.648452387953,-1.72832978556371
1.58,45,177,95.6552155674394,-1.72249238804071
1.58,45,180,84.3042145304793,-1.72133685510317
1.58,48,-180,84.3042145304794,-1.66897697754334
1.58,48,-177,71.8361538546209,-1.67096639963571
1.58,48,-174,59.9361335860209,-1.68788610978373
1.58,48,-171,49.1159491705047,-1.72735324996375
1.58,48,-168,39.8956504753125,-1.79787159848688
1.58,48,-165,32.7538103669872,-1.9041550773728
1.58,48,-162,27.9960788212518,-2.03612322168706
1.58,48,-159,25.5549070508097,-2.15986931155382
1.58,48,-156,24.9663620869634,-2.23147258408411
1.58,48,-153,25.7192636049519,-2.22506674829425
1.58,48,-150,27.6419731014465,-2.14198548032529
1.58,48,-147,30.958838713612,-2.00317721993561
1.58,48,-144,36.0657716167175,-1.83838982629628
1.58,48,-141,43.2690005735143,-1.67394052943069
1.58,48,-138,52.67918415417,-1.52481917026613
1.58,48,-135,64.2571839033041,-1.39551496689925
1.58,48,-132,77.8966975605215,-1.28492451904906
1.58,48,-129,93.477138495085,-1.19018595851538
1.58,48,-126,110.88387584941,-1.10843183946258
1.58,48,-123,130.010883569834,-1.03728955587233
1.58,48,-120,150.757210659028,-0.974889376731277
1.58,48,-117,173.023032924463,-0.919750408331974
1.58,48,-114,196.70748761318,-0.870675350573599
1.58,48,-111,221.708565957117,-0.826682142578594
1.58,48,-108,247.924355888676,-0.786965931640338
1.58,48,-105,275.254518671796,-0.75087793178976
1.58,48,-102,303.600866620105,-0.71791039736095
1.58,48,-99,332.866173555132,-0.687681570957135
1.58,48,-96,362.950795004022,-0.659918284616126
1.58,48,-93,393.747192201995,-0.634436212314529
1.58,48,-90,425.132935949114,-0.611118781607014
1.58,48,-87,456.963131124807,-0.589895915531696
1.58,48,-84,489.063406201709,-0.570723543159647
1.58,48,-81,521.224646582163,-0.553564514680084
1.58,48,-78,553.200532561755,-0.538371367979918
1.58,48,-75,584.70870073864,-0.525071378326748
1.58,48,-72,615.436013940827,-0.513554448031877
1.58,48,-69,645.048030356344,-0.503664562997082
1.58,48,-66,673.202334132372,-0.495195629563754
1.58,48,-63,699.564947627458,-0.487892382796008
1.58,48,-60,723.828607943885,-0.481456645998153
1.58,48,-57,745.731287170545,-0.475558528328246
1.58,48,-54,765.073028390796,-0.469851296218604
1.58,48,-51,781.729060887581,-0.463987878953394
1.58,48,-48,795.657369604319,-0.45763656002078
1.58,48,-45,806.899501973487,-0.450493609377506
1.58,48,-42,815.574353776939,-0.442291501933881
1.58,48,-39,821.865787222154,-0.432802750422695
1.58,48,-36,826.005915038722,-0.421840797541348
1.58,48,-33,828.256500724151,-0.40926029693904
1.58,48,-30,828.891100413722,-0.394959078045017
1.58,48,-27,828.180358751236,-0.378883193767671
1.58,48,-24,826.382299324451,-0.361035224774233
1.58,48,-21,823.738406152145,-0.341485133841911
1.58,48,-18,820.474619498245,-0.320382700260683
1.58,48,-15,816.804209771857,-0.297970446668745
1.58,48,-12,812.927620432052,-0.27459506712298
1.58,48,-9,809.024097788632,-0.250713188296389
1.58,48,-6,805.232381675635,-0.226884731097127
1.58,48,-3,801.622809876967,-0.203746481650286
1.58,48,0,798.168966342781,-0.181962058942023
1.58,48,3,794.730377422396,-0.162152483498423
1.58,48,6,791.056267517047,-0.144820881678645
1.58,48,9,786.814016836522,-0.130290414750475
1.58,48,12,781.637469225788,-0.118672672434048
1.58,48,15,775.18349425818,-0.109875026416879
1.58,48,18,767.182917022974,-0.10364396415315
1.58,48,21,757.47440916036,-0.0996320383963386
1.58,48,24,746.0155744317,-0.0974715697534324
1.58,48,27,732.871979240817,-0.0968388597512121
1.58,48,30,718.190289628261,-0.0974971307429153
1.58,48,33,702.164660288926,-0.0993130232691206
1.58,48,36,685.005511674912,-0.102248550352687
1.58,48,39,666.917127372224,-0.106336193308352
1.58,48,42,648.08628300605,-0.111647766121352
1.58,48,45,628.680071523546,-0.11826701055046
1.58,48,48,608.848695588632,-0.126272174322007
1.58,48,51,588.728841095093,-0.135729825951596
1.58,48,54,568.44484676158,-0.146696971355794
1.58,48,57,548.107115267911,-0.159226591630798
1.58,48,60,527.808965686577,-0.173372243365279
1.58,48,63,507.62381773255,-0.18918951706151
1.58,48,66,487.60426568357,-0.20673463833197
1.58,48,69,467.783697685088,-0.226062218412285
1.58,48,72,448.180182954609,-0.247224619652846
1.58,48,75,428.801753824526,-0.270274758391271
1.58,48,78,409.652061296657,-0.295272990683493
1.58,48,81,390.735588372343,-0.322297630418534
1.58,48,84,372.061986642708,-0.351458009411647
1.58,48,87,353.649494810084,-0.382908835422245
1.58,48,90,335.527696343243,-0.416864684297208
1.58,48,93,317.740022114402,-0.453613389348653
1.58,48,96,300.346375642593,-0.493526496330748
1.58,48,99,283.426040542068,-0.537063612277925
1.58,48,102,267.080628025368,-0.584765423790839
1.58,48,105,251.436282021325,-0.637227824089524
1.58,48,108,236.64378966211,-0.695047992512728
1.58,48,111,222.874836957749,-0.758734238120967
1.58,48,114,210.312676095998,-0.828577489348092
1.58,48,117,199.136235989896,-0.90449569756793
1.58,48,120,189.49839263355,-0.985882268578715
1.58,48,123,181.501486547106,-1.07150827019775
1.58,48,126,175.175296453767,-1.15953068836938
1.58,48,129,170.463089388241,-1.24763252223635
1.58,48,132,167.219109246293,-1.33327072640844
1.58,48,135,165.216786893225,-1.41396421121489
1.58,48,138,164.163632366848,-1.48754649379954
1.58,48,141,163.718396960339,-1.55233697332862
1.58,48,144,163.508389675577,-1.60722345659814
1.58,48,147,163.147450140029,-1.65167112280243
1.58,48,150,162.255948277045,-1.68567719655317
1.58,48,153,160.483100154614,-1.70968822482849
1.58,48,156,157.530098496032,-1.72449694084381
1.58,48,159,153.17135641602,-1.73113828823656
1.58,48,162,147.271079833898,-1.73080539889502
1.58,48,165,139.793227472185,-1.72480384386667
1.58,48,168,130.804210289218,-1.71455694096939
1.58,48,171,120.468963327055,-1.70166878759515
1.58,48,174,109.041950586523,-1.68804804167685
1.58,48,177,96.8550580471519,-1.67609694316116
1.58,48,180,84.3042145304794,-1.66897697754334
1.58,51,-180,84.3042145304794,-1.61661709998351
1.58,51,-177,70.6706886892451,-1.613262603379
1.58,51,-174,57.6136616462603,-1.62689682714081
1.58,51,-171,45.6785960828253,-1.66918671606848
1.58,51,-168,35.4805399704154,-1.75765533556153
1.58,51,-165,27.7177285532496,-1.91208952699798
1.58,51,-162,23.0290904328482,-2.13050957448183
1.58,51,-159,21.4590710296509,-2.35177486500487
1.58,51,-156,22.1083154540831,-2.49102075943601
1.58,51,-153,23.8946766205072,-2.51725994216861
1.58,51,-150,26.357657278081,-2.44532743389489
1.58,51,-147,29.6855965638238,-2.30361251001903
1.58,51,-144,34.3939145308317,-2.12421541650194
1.58,51,-141,40.9804788880688,-1.93729951303877
1.58,51,-138,49.7237459865056,-1.76340523536043
1.58,51,-135,60.6788969886329,-1.61113544001659
1.58,51,-132,73.7720942676599,-1.48103773071613
1.58,51,-129,88.8830795757123,-1.37031324167832
1.58,51,-126,105.885804730871,-1.27554349764448
1.58,51,-123,124.660141847999,-1.19370853025818
1.58,51,-120,145.091146282545,-1.12238371860649
1.58,51,-117,167.065512557569,-1.05966422019814
1.58,51,-114,190.469362190009,-1.00404487296198
1.58,51,-111,215.188361797302,-0.954324015548083
1.58,51,-108,241.109550847684,-0.909539060029867
1.58,51,-105,268.123565966687,-0.868924553998024
1.58,51,-102,296.125869655623,-0.831882372120887
1.58,51,-99,325.015922569359,-0.797957025179417
1.58,51,-96,354.693801852748,-0.766812552886456
1.58,51,-93,385.054394826069,-0.738209823435612
1.58,51,-90,415.97984705421,-0.711984256382261
1.58,51,-87,447.331326367974,-0.688024367161558
1.58,51,-84,478.94134721077,-0.666251495996985
1.58,51,-81,510.607896958832,-0.646600940365679
1.58,51,-78,542.091457254568,-0.629004650015373
1.58,51,-75,573.115762921868,-0.613375744694524
1.58,51,-72,603.372822875922,-0.599595357553173
1.58,51,-69,632.532360066607,-0.587502596330888
1.58,51,-66,660.255414968693,-0.576888609879529
1.58,51,-63,686.211396846628,-0.567495706221025
1.58,51,-60,710.097364633906,-0.559022094411504
1.58,51,-57,731.657810510248,-0.551132115576579
1.58,51,-54,750.70279153133,-0.543470913000241
1.58,51,-51,767.122050812592,-0.535681609006178
1.58,51,-48,780.892952605003,-0.527422511284495
1.58,51,-45,792.080728201064,-0.518381926664808
1.58,51,-42,800.830644594611,-0.508288913377207
1.58,51,-39,807.353032593194,-0.496919584467108
1.58,51,-36,811.903302550205,-0.484099945597968
1.58,51,-33,814.759841486546,-0.469707150688539
1.58,51,-30,816.202917501288,-0.453671097993807
1.58,51,-27,816.497479111347,-0.435977524079006
1.58,51,-24,815.88209542782,-0.416672725240341
1.58,51,-21,814.565153093141,-0.39586942765019
1.58,51,-18,812.727643611798,-0.373753388438631
1.58,51,-15,810.529544795018,-0.350590503044428
1.58,51,-12,808.114662200661,-0.326733497851224
1.58,51,-9,805.608175679744,-0.302625134233951
1.58,51,-6,803.103239229697,-0.278792062809089
1.58,51,-3,800.637839845986,-0.255822284570188
1.58,51,0,798.168966342781,-0.234321936501852
1.58,51,3,795.554967541843,-0.21485421500647
1.58,51,6,792.556256134841,-0.197871962834321
1.58,51,9,788.858954694379,-0.183661092503335
1.58,51,12,784.11807050878,-0.172311025141442
1.58,51,15,778.009979792286,-0.163720778205111
1.58,51,18,770.281164529793,-0.157638808096475
1.58,51,21,760.781882266687,-0.153725677716304
1.58,51,24,749.478464826416,-0.151623916733623
1.58,51,27,736.444140104899,-0.151019572534637
1.58,51,30,721.833693628977,-0.151683883827443
1.58,51,33,705.850530744173,-0.153489700940149
1.58,51,36,688.715074192771,-0.156404082696594
1.58,51,39,670.641105237324,-0.160464208193851
1.58,51,42,651.822699947621,-0.165746794009071
1.58,51,45,632.430458316943,-0.172340785500121
1.58,51,48,612.613254442459,-0.18032965280778
1.58,51,51,592.501394113325,-0.189784814845319
1.58,51,54,572.208450626621,-0.200767579205912
1.58,51,57,551.831096034715,-0.213334964014373
1.58,51,60,531.44787931369,-0.227545136298721
1.58,51,63,511.118541501957,-0.243460183853007
1.58,51,66,490.885129715698,-0.261146283885267
1.58,51,69,470.775316244422,-0.280672973079925
1.58,51,72,450.807470200162,-0.30211368195882
1.58,51,75,430.996523412749,-0.325549126740272
1.58,51,78,411.359616112437,-0.351074090202926
1.58,51,81,391.920793707646,-0.378807130440868
1.58,51,84,372.714460850563,-0.408902152040667
1.58,51,87,353.787707614272,-0.441560550761553
1.58,51,90,335.201893676108,-0.477042541135167
1.58,51,93,317.033959813095,-0.515675936050827
1.58,51,96,299.377819338788,-0.557859760578005
1.58,51,99,282.345872955336,-0.604058531293818
1.58,51,102,266.070217495344,-0.654781038278049
1.58,51,105,250.702551397245,-0.710535789072968
1.58,51,108,236.411257926472,-0.77175543742525
1.58,51,111,223.373910168762,-0.838686849563489
1.58,51,114,211.763819665081,-0.911254346476604
1.58,51,117,201.730557065572,-0.988921268005748
1.58,51,120,193.376627367873,-1.07059361236057
1.58,51,123,186.73501700777,-1.15461580780045
1.58,51,126,181.753681700021,-1.23888838835384
1.58,51,129,178.291708578132,-1.32109108264702
1.58,51,132,176.127830592967,-1.39894792663896
1.58,51,135,174.977397627323,-1.47045717449876
1.58,51,138,174.511805028444,-1.53403712761896
1.58,51,141,174.375903034334,-1.58858418457119
1.58,51,144,174.202450881374,-1.63346869700527
1.58,51,147,173.625527903238,-1.66849693868128
1.58,51,150,172.295399006834,-1.69385574800571
1.58,51,153,169.895946487465,-1.71004633291832
1.58,51,156,166.163754720634,-1.71781205937784
1.58,51,159,160.906474666024,-1.71806914182957
1.58,51,162,154.017709719531,-1.71185351298513
1.58,51,165,145.486248729379,-1.7002984035463
1.58,51,168,135.398636874825,-1.68465534173717
1.58,51,171,123.935386384643,-1.66636898549601
1.58,51,174,111.362217719805,-1.64721767300742
1.58,51,177,98.0183660535983,-1.62954260807002
1.58,51,180,84.3042145304794,-1.61661709998351
1.58,54,-180,84.3042145304795,-1.56425722242368
1.58,54,-177,69.5385343501391,-1.55538919507575
1.58,54,-174,55.3430650904759,-1.56515149335372
1.58,54,-171,42.2874252233958,-1.60992747074975
1.58,54,-168,31.0916568463091,-1.72064789260204
1.58,54,-165,22.8013416306594,-1.94680506152992
1.58,54,-162,18.7490465612164,-2.30174356085826
1.58,54,-159,19.0872503405656,-2.63842123714741
1.58,54,-156,21.8170562026968,-2.81254887148848
1.58,54,-153,25.1253808431438,-2.83787889116142
1.58,54,-150,28.4451645935168,-2.76223125695256
1.58,54,-147,32.006618817353,-2.61885853065875
1.58,54,-144,36.4122381635632,-2.43414491006433
1.58,54,-141,42.3215422158501,-2.23364859893503
1.58,54,-138,50.213494331596,-2.03907964822941
1.58,54,-135,60.3018500990023,-1.86343895050087
1.58,54,-132,72.5944403083896,-1.71093688599262
1.58,54,-129,86.993521610827,-1.58047460783619
1.58,54,-126,103.365652167947,-1.46894958091778
1.58,54,-123,121.57277715233,-1.37304005008681
1.58,54,-120,141.480513505843,-1.28985308937208
1.58,54,-117,162.957855134811,-1.21703974098627
1.58,54,-114,185.875801946994,-1.15273166562425
1.58,54,-111,210.107565374415,-1.0954468922286
1.58,54,-108,235.530351173531,-1.04400992700547
1.58,54,-105,262.02754395541,-0.99749219519823
1.58,54,-102,289.489868896158,-0.955167644568301
1.58,54,-99,317.814421994893,-0.916477527493056
1.58,54,-96,346.901064361012,-0.881000327429369
1.58,54,-93,376.646342943904,-0.848424749732948
1.58,54,-90,406.935663987822,-0.818524932666562
1.58,54,-87,437.634813813602,-0.791137591501934
1.58,54,-84,468.5820741362,-0.766140948973524
1.58,54,-81,499.582148941283,-0.743435298645062
1.58,54,-78,530.402963654058,-0.722925092154499
1.58,54,-75,560.776167228841,-0.704502636211929
1.58,54,-72,590.401893043205,-0.688033826497114
1.58,54,-69,618.958015436268,-0.673346738375029
1.58,54,-66,646.113753986618,-0.660224185313388
1.58,54,-63,671.547001940976,-0.64840138365983
1.58,54,-60,694.964185333599,-0.637569517314945
1.58,54,-57,716.120842724475,-0.627385273348222
1.58,54,-54,734.840571049556,-0.617485449196228
1.58,54,-51,751.029695707413,-0.607504765201316
1.58,54,-48,764.685193012089,-0.597094366505771
1.58,54,-45,775.89414106234,-0.585938438953303
1.58,54,-42,784.824241409112,-0.57376700435525
1.58,54,-39,791.706465882351,-0.560364148714726
1.58,54,-36,796.812243534745,-0.545572251564528
1.58,54,-33,800.428474234246,-0.529293682477129
1.58,54,-30,802.833914122713,-0.511491534657152
1.58,54,-27,804.2802038152,-0.49219034408952
1.58,54,-24,804.980102630495,-0.47147694378949
1.58,54,-21,805.104287636544,-0.449501292488036
1.58,54,-18,804.786202434461,-0.426477491494843
1.58,54,-15,804.131970952317,-0.402685645451791
1.58,54,-12,803.230037202854,-0.378474642445958
1.58,54,-9,802.154278736654,-0.354263726941581
1.58,54,-6,800.956125881407,-0.330537713966686
1.58,54,-3,799.645841470916,-0.307829033863862
1.58,54,0,798.168966342781,-0.286681814061683
1.58,54,3,796.388138955088,-0.267599431706642
1.58,54,6,794.08049752785,-0.25098507061578
1.58,54,9,790.956141845636,-0.237090526295541
1.58,54,12,786.695683913974,-0.225988342667717
1.58,54,15,780.998135743554,-0.217576040024633
1.58,54,18,773.627045227717,-0.211611677259727
1.58,54,21,764.443767031795,-0.207771370136818
1.58,54,24,753.421077513744,-0.205714511491095
1.58,54,27,740.636135164437,-0.205142062000124
1.58,54,30,726.24715363919,-0.205836635142375
1.58,54,33,710.461633387157,-0.207678799101197
1.58,54,36,693.504780323661,-0.210640495177962
1.58,54,39,675.594853548138,-0.214762063540562
1.58,54,42,656.928562398567,-0.22012253038892
1.58,54,45,637.675815330804,-0.226812676141398
1.58,54,48,617.980575828306,-0.234917303881981
1.58,54,51,597.964011374401,-0.244508562563801
1.58,54,54,577.727235398331,-0.255648102823631
1.58,54,57,557.352768840832,-0.268393700551348
1.58,54,60,536.905361347695,-0.282806126997885
1.58,54,63,516.433427466511,-0.298953793828142
1.58,54,66,495.972069659122,-0.316914883085186
1.58,54,69,475.547881326767,-0.336778253489576
1.58,54,72,455.184948443926,-0.358644914034314
1.58,54,75,434.911041412598,-0.382631392628392
1.58,54,78,414.7630016252,-0.408875384750957
1.58,54,81,394.790668527185,-0.437543155259926
1.58,54,84,375.059163269397,-0.468837572786497
1.58,54,87,355.649761251275,-0.503005367673693
1.58,54,90,336.659832849166,-0.540341983986057
1.58,54,93,318.202363547921,-0.581191933837158
1.58,54,96,300.405382560203,-0.625941641048139
1.58,54,99,283.411261844944,-0.675000420718474
1.58,54,102,267.375352288406,-0.728763956936239
1.58,54,105,252.462906231643,-0.787554504488714
1.58,54,108,238.842879121817,-0.851534802013072
1.58,54,111,226.677280347871,-0.920600270928617
1.58,54,114,216.105555310295,-0.994267041261263
1.58,54,117,207.225161213801,-1.07158823707252
1.58,54,120,200.071693560523,-1.15113854513718
1.58,54,123,194.603580016434,-1.23109582354276
1.58,54,126,190.696108375584,-1.30941524333755
1.58,54,129,188.146793969002,-1.38405132519027
1.58,54,132,186.689978469308,-1.45316305816525
1.58,54,135,186.015541096192,-1.51525201350489
1.58,54,138,185.786525551844,-1.56922053598345
1.58,54,141,185.653052152506,-1.61436931602246
1.58,54,144,185.263121784044,-1.65036386880308
1.58,54,147,184.272862124029,-1.67719094635702
1.58,54,150,182.35870101046,-1.6951124800432
1.58,54,153,179.232434500349,-1.70461701407789
1.58,54,156,174.658279656147,-1.70636904153909
1.58,54,159,168.46965772131,-1.7011616161353
1.58,54,162,160.583029550386,-1.68988245616436
1.58,54,165,151.006558126514,-1.67350593653183
1.58,54,168,139.842426960368,-1.65312320224667
1.58,54,171,127.282935421307,-1.63002292373283
1.58,54,174,113.601663192757,-1.60584108416122
1.58,54,177,99.141800463759,-1.58281852287547
1.58,54,180,84.3042145304795,-1.56425722242368
1.58,57,-180,84.3042145304794,-1.51189734486385
1.58,57,-177,68.4429977686364,-1.49734906615791
1.58,57,-174,53.1317343708433,-1.50254013556771
1.58,57,-171,38.9532279344495,-1.54911009905131
1.58,57,-168,26.7430328078373,-1.68768631744344
1.58,57,-165,18.1282479189635,-2.02656295890654
1.58,57,-162,15.8194297953417,-2.58017962545051
1.58,57,-159,19.2587695735101,-2.97382597241372
1.58,57,-156,24.4238358972899,-3.10967370020789
1.58,57,-153,29.3485103549501,-3.10278969332761
1.58,57,-150,33.6994896255502,-3.01555527097325
1.58,57,-147,37.7916753189581,-2.87528801869915
1.58,57,-144,42.2351516639442,-2.69915456264591
1.58,57,-141,47.7293395872008,-2.50379448859879
1.58,57,-138,54.8744499472586,-2.30608738814727
1.58,57,-135,64.0459340586582,-2.11960179202625
1.58,57,-132,75.383477229434,-1.95190385725126
1.58,57,-129,88.8614176437211,-1.80505510201511
1.58,57,-126,104.36946966609,-1.67782606453108
1.58,57,-123,121.765661493984,-1.56767713586715
1.58,57,-120,140.901008957378,-1.47188034197189
1.58,57,-117,161.628065052939,-1.38798041171409
1.58,57,-114,183.803371539293,-1.31391563260678
1.58,57,-111,207.28887785014,-1.24800435256113
1.58,57,-108,231.953766255607,-1.18889344605495
1.58,57,-105,257.676229910774,-1.13550438516719
1.58,57,-102,284.344118688695,-1.08698628827499
1.58,57,-99,311.853505643226,-1.0426762478966
1.58,57,-96,340.104748251528,-1.00206520487721
1.58,57,-93,368.99623567279,-0.964767862549311
1.58,57,-90,398.416534735675,-0.930495723241097
1.58,57,-87,428.235977656928,-0.89903270690498
1.58,57,-84,458.298861197,-0.870212945679153
1.58,57,-81,488.417392961733,-0.843900385886789
1.58,57,-78,518.368388279948,-0.819969930471216
1.58,57,-75,547.893539851891,-0.798290114626614
1.58,57,-72,576.703868016002,-0.778707720679358
1.58,57,-69,604.488690908016,-0.761035202451404
1.58,57,-66,630.92908647768,-0.745042136990199
1.58,57,-63,655.715311435115,-0.730451978169583
1.58,57,-60,678.566992831426,-0.716945037433633
1.58,57,-57,699.254183584389,-0.70416786216447
1.58,57,-54,717.616728377526,-0.691748161695755
1.58,57,-51,733.57904540172,-0.67931340549852
1.58,57,-48,747.157620448014,-0.66651050469211
1.58,57,-45,758.459356409533,-0.653023859306846
1.58,57,-42,767.670338278509,-0.638589620173527
1.58,57,-39,775.036243353001,-0.623005131414307
1.58,57,-36,780.837105552167,-0.606133782979084
1.58,57,-33,785.360066648714,-0.587906393358928
1.58,57,-30,788.873993605878,-0.568320409742555
1.58,57,-27,791.609514085049,-0.547437746358925
1.58,57,-24,793.747249060466,-0.525381528644747
1.58,57,-21,795.415750961284,-0.502331996273805
1.58,57,-18,796.698706488941,-0.47852245761353
1.58,57,-15,797.648387149095,-0.454236783217321
1.58,57,-12,798.299817015727,-0.429809354963616
1.58,57,-9,798.678991173108,-0.405626074037086
1.58,57,-6,798.799994286284,-0.382121786936589
1.58,57,-3,798.650255009866,-0.359767443708965
1.58,57,0,798.168966342781,-0.339041691621512
1.58,57,3,797.22818635,-0.320387047473531
1.58,57,6,795.626783213112,-0.304158287573849
1.58,57,9,793.103476064477,-0.290576412856722
1.58,57,12,789.368397558464,-0.279702153445302
1.58,57,15,784.145942303637,-0.271437852471088
1.58,57,18,777.217899697259,-0.265558104157704
1.58,57,21,768.456096754772,-0.261761385317833
1.58,57,24,757.837356768731,-0.259729922325557
1.58,57,27,745.43888522602,-0.259184157994569
1.58,57,30,731.417425571379,-0.259920922985505
1.58,57,33,715.979197244695,-0.261829562263447
1.58,57,36,699.348823438656,-0.264886350985557
1.58,57,39,681.744055700235,-0.269132960823676
1.58,57,42,663.35987875097,-0.27464799783705
1.58,57,45,644.361945235037,-0.281520810737531
1.58,57,48,624.886675546733,-0.289834056097759
1.58,57,51,605.044535325899,-0.299657231352123
1.58,57,54,584.923805580395,-0.311049382738919
1.58,57,57,564.593739509656,-0.324066905662522
1.58,57,60,544.107393850217,-0.338772224594238
1.58,57,63,523.50504247085,-0.355240614841304
1.58,57,66,502.818877781502,-0.373564433480876
1.58,57,69,482.079029820281,-0.393855566219901
1.58,57,72,461.320245041669,-0.416247464340251
1.58,57,75,440.588197889957,-0.440897798203071
1.58,57,78,419.944455285647,-0.46799190898537
1.58,57,81,399.469474962728,-0.497746370445777
1.58,57,84,379.263498636071,-0.530411366935436
1.58,57,87,359.44561717192,-0.566270280518351
1.58,57,90,340.151522239107,-0.605634691715803
1.58,57,93,321.530477058178,-0.648832719384961
1.58,57,96,303.741852519919,-0.696188161183791
1.58,57,99,286.95123468632,-0.747987438333838
1.58,57,102,271.325699866922,-0.804431507271138
1.58,57,105,257.027506084609,-0.865571719387372
1.58,57,108,244.205354527079,-0.931233251435801
1.58,57,111,232.982747637323,-1.00093756773134
1.58,57,114,223.443940160267,-1.07384452500003
1.58,57,117,215.619391744927,-1.14874002156209
1.58,57,120,209.473897162775,-1.22408965851377
1.58,57,123,204.900813969896,-1.29815966941713
1.58,57,126,201.724434816951,-1.36918018536805
1.58,57,129,199.709932162068,-1.43550808844219
1.58,57,132,198.577804806358,-1.49574963861614
1.58,57,135,198.018837617783,-1.54882453470669
1.58,57,138,197.706688384109,-1.59397800245317
1.58,57,141,197.307497228937,-1.63076129620596
1.58,57,144,196.48798040162,-1.65900005978277
1.58,57,147,194.924322939579,-1.67876077917474
1.58,57,150,192.313662458699,-1.69031685681354
1.58,57,153,188.388569149299,-1.69411259732908
1.58,57,156,182.933407000422,-1.69072553123824
1.58,57,159,175.800385268163,-1.68083205279196
1.58,57,162,166.922754864084,-1.66518524972471
1.58,57,165,156.322987371485,-1.64461563273905
1.58,57,168,144.114731833002,-1.62006596155999
1.58,57,171,130.498593211421,-1.5926734254272
1.58,57,174,115.752978199255,-1.5639218344751
1.58,57,177,100.222145242179,-1.5359149331543
1.58,57,180,84.3042145304794,-1.51189734486385
1.58,60,-180,84.3042145304794,-1.45953746730402
1.58,60,-177,67.3873410427614,-1.43914719847425
1.58,60,-174,50.9873468097892,-1.43894656024385
1.58,60,-171,35.6878619510396,-1.48612218840519
1.58,60,-168,22.4501668626768,-1.66017617695224
1.58,60,-165,13.9498796818436,-2.18719971887052
1.58,60,-162,15.0995897301299,-2.94383111964717
1.58,60,-159,22.0046995271406,-3.26241420262718
1.58,60,-156,29.2971085201116,-3.32504542092062
1.58,60,-153,35.7017604477165,-3.28432565614742
1.58,60,-150,41.172723583808,-3.18794635552203
1.58,60,-147,46.0727504369729,-3.05374894870077
1.58,60,-144,50.970194176945,-2.89206271879476
1.58,60,-141,56.517796249683,-2.71280416855334
1.58,60,-138,63.32607401706,-2.52699415350119
1.58,60,-135,71.8523031680187,-2.3452358752803
1.58,60,-132,82.3508101568357,-2.17543105485656
1.58,60,-129,94.8945841460253,-2.02174936344617
1.58,60,-126,109.43404515259,-1.8851871266406
1.58,60,-123,125.853795894526,-1.76480124687026
1.58,60,-120,144.010306360799,-1.65878837417932
1.58,60,-117,163.751955979813,-1.56514681852462
1.58,60,-114,184.928617205168,-1.4819957331147
1.58,60,-111,207.396543510458,-1.4076941461711
1.58,60,-108,231.021381767619,-1.3408642333293
1.58,60,-105,255.679969997179,-1.28037566085448
1.58,60,-102,281.260561320898,-1.22531696188752
1.58,60,-99,307.660948826184,-1.17496425348141
1.58,60,-96,334.784272564021,-1.12875086110297
1.58,60,-93,362.532754523078,-1.0862389027884
1.58,60,-90,390.800023199467,-1.04709304483023
1.58,60,-87,419.462957687805,-1.01105633348264
1.58,60,-84,448.374090834183,-0.977927844643639
1.58,60,-81,477.355602775393,-0.94754182949049
1.58,60,-78,506.195863115711,-0.919748130493586
1.58,60,-75,534.649373741537,-0.894393940780515
1.58,60,-72,562.44081732163,-0.871307441003339
1.58,60,-69,589.273684071932,-0.850284342749691
1.58,60,-66,614.843570016208,-0.831078712031068
1.58,60,-63,638.855669793219,-0.813399463008173
1.58,60,-60,661.045237694378,-0.796913497544859
1.58,60,-57,681.198960093153,-0.781255640964593
1.58,60,-54,699.174463699966,-0.766044447158436
1.58,60,-51,714.914834297428,-0.750901885555796
1.58,60,-48,728.455280585356,-0.735474190002964
1.58,60,-45,739.92005535402,-0.719451004171374
1.58,60,-42,749.509315985494,-0.702580498683536
1.58,60,-39,757.47740160113,-0.68467921670056
1.58,60,-36,764.10554666907,-0.665636637714513
1.58,60,-33,769.672968908667,-0.645415343156548
1.58,60,-30,774.430460966884,-0.624047906228083
1.58,60,-27,778.580215450713,-0.60163132598523
1.58,60,-24,782.264770522681,-0.578319516988377
1.58,60,-21,785.566630967339,-0.554314610964509
1.58,60,-18,788.518108723852,-0.529858644742217
1.58,60,-15,791.118279463199,-0.505227834050718
1.58,60,-12,793.3513429328,-0.480730962251663
1.58,60,-9,795.199395159288,-0.456710949929161
1.58,60,-6,796.643929005733,-0.433545264638827
1.58,60,-3,797.65453653892,-0.411638526636227
1.58,60,0,798.168966342781,-0.391401569181342
1.58,60,3,798.07335362491,-0.373215959660292
1.58,60,6,797.192646716314,-0.357389888168135
1.58,60,9,795.298124419732,-0.344116982930457
1.58,60,12,792.132737809772,-0.333450883438475
1.58,60,15,787.448561610072,-0.325304417409732
1.58,60,18,781.046538068825,-0.319474831809138
1.58,60,21,772.808215578998,-0.315688948209796
1.58,60,24,762.711998649019,-0.313657064647243
1.58,60,27,750.83117387459,-0.313123079150303
1.58,60,30,737.31599059733,-0.313900420820806
1.58,60,33,722.365874091341,-0.315887920736219
1.58,60,36,706.199436893716,-0.319065386999688
1.58,60,39,689.029063974735,-0.32347385659076
1.58,60,42,671.044073459397,-0.329188821793717
1.58,60,45,652.403056407269,-0.336295219939752
1.58,60,48,633.233343708266,-0.34487068176188
1.58,60,51,613.634466641048,-0.354979587909734
1.58,60,54,593.682944223944,-0.366676578282357
1.58,60,57,573.437041802111,-0.380015719743584
1.58,60,60,552.941420068575,-0.395061110004062
1.58,60,63,532.232240562471,-0.411895872702736
1.58,60,66,511.343203815663,-0.43062832086773
1.58,60,69,490.312444780326,-0.451395575667031
1.58,60,72,469.189607925478,-0.474365578372872
1.58,60,75,448.042088024228,-0.499738201575625
1.58,60,78,426.959462350403,-0.52774539643253
1.58,60,81,406.055476529206,-0.558649454507253
1.58,60,84,385.467404175996,-0.592737845628525
1.58,60,87,365.353008230415,-0.630312842261713
1.58,60,90,345.885583123733,-0.671674221370101
1.58,60,93,327.247622905514,-0.717093670874733
1.58,60,96,309.623572102493,-0.766780129570662
1.58,60,99,293.191939551725,-0.820836333089167
1.58,60,102,278.116876894354,-0.879208646436693
1.58,60,105,264.539241246487,-0.941635110694233
1.58,60,108,252.567269642902,-1.00760033179699
1.58,60,111,242.267335356697,-1.07630923195698
1.58,60,114,233.655757080981,-1.14669247913392
1.58,60,117,226.693049582866,-1.21745208889191
1.58,60,120,221.281997909311,-1.28714562933553
1.58,60,123,217.270281478222,-1.35429487687357
1.58,60,126,214.45720531526,-1.41749604520145
1.58,60,129,212.602945234392,-1.4755092199753
1.58,60,132,211.438214628211,-1.52731428819409
1.58,60,135,210.672715746257,-1.5721336260093
1.58,60,138,210.001911422743,-1.60943098999625
1.58,60,141,209.112934943101,-1.63889798380703
1.58,60,144,207.69123929065,-1.66043566985771
1.58,60,147,205.429570594273,-1.67413357070117
1.58,60,150,202.040113186882,-1.6802451293484
1.58,60,153,197.269531241892,-1.67915899760529
1.58,60,156,190.915523588411,-1.67136837008584
1.58,60,159,182.842735336939,-1.65744403400283
1.58,60,162,172.995627142675,-1.6380192440802
1.58,60,165,161.406257590554,-1.61379551801547
1.58,60,168,148.195818595406,-1.58557906515324
1.58,60,171,133.569964652358,-1.55436075639747
1.58,60,174,117.809176715721,-1.52146445117237
1.58,60,177,101.256319677776,-1.48882313053279
1.58,60,180,84.3042145304794,-1.45953746730402
1.58,63,-180,84.3042145304794,-1.40717758974419
1.58,63,-177,66.374767649087,-1.38079100789041
1.58,63,-174,48.91785200838,-1.37425112972549
1.58,63,-171,32.5044704633432,-1.42015343100028
1.58,63,-168,18.2304481291689,-1.64070474776252
1.58,63,-165,10.8181867762031,-2.48849002017539
1.58,63,-162,16.8703236443992,-3.28124896298214
1.58,63,-159,26.5615434687725,-3.46083883506061
1.58,63,-156,35.5679354544148,-3.46354950858052
1.58,63,-153,43.3409241243436,-3.39982370722178
1.58,63,-150,49.9993127756892,-3.29884452343728
1.58,63,-147,55.9129677801798,-3.17142723242432
1.58,63,-144,61.596294630787,-3.02389976470905
1.58,63,-141,67.6309404389686,-2.8623524374257
1.58,63,-138,74.579533338158,-2.69376228701286
1.58,63,-135,82.902524382863,-2.52543313617238
1.58,63,-132,92.9058636948546,-2.36369817821656
1.58,63,-129,104.735164517927,-2.21289801030135
1.58,63,-126,118.406465748158,-2.07517178951496
1.58,63,-123,133.849990670578,-1.95090595157389
1.58,63,-120,150.948481552036,-1.83939719037362
1.58,63,-117,169.563661840891,-1.73941598290526
1.58,63,-114,189.552273065796,-1.64957520765699
1.58,63,-111,210.775302730066,-1.56853181960467
1.58,63,-108,233.103182967025,-1.49508001433775
1.58,63,-105,256.418313024942,-1.42818373794282
1.58,63,-102,280.615287033582,-1.36697845062575
1.58,63,-99,305.598849503714,-1.31075845242359
1.58,63,-96,331.279666727635,-1.25895802046921
1.58,63,-93,357.568252232957,-1.21113036276501
1.58,63,-90,384.367642932198,-1.16692624358682
1.58,63,-87,411.565605945841,-1.12607301678415
1.58,63,-84,439.027255733604,-1.08835421380141
1.58,63,-81,466.589006840933,-1.05358960048007
1.58,63,-78,494.054807553709,-1.02161569792407
1.58,63,-75,521.1955920158,-0.992267114129046
1.58,63,-72,547.75281067514,-0.965359546204326
1.58,63,-69,573.446680392792,-0.940675810979041
1.58,63,-66,597.989365666091,-0.917956540919975
1.58,63,-63,621.102629151949,-0.896897076382798
1.58,63,-60,642.538615801791,-0.877151525605472
1.58,63,-57,662.101500652549,-0.858344012828684
1.58,63,-54,679.666968826489,-0.840085981483441
1.58,63,-51,695.196188104702,-0.821997339297544
1.58,63,-48,708.741315231708,-0.803728521491798
1.58,63,-45,720.440719029129,-0.784980438832991
1.58,63,-42,730.503826585273,-0.765519844708852
1.58,63,-39,739.1873866468,-0.745188746325801
1.58,63,-36,746.766496216251,-0.72390772186035
1.58,63,-33,753.504594363443,-0.701673927240201
1.58,63,-30,759.626726216452,-0.678554904074108
1.58,63,-27,765.299889133665,-0.654679167582894
1.58,63,-24,770.62335523066,-0.630224467070973
1.58,63,-21,775.630469710274,-0.605405047126219
1.58,63,-18,780.301361983401,-0.580460114931861
1.58,63,-15,784.58332265885,-0.555646238719383
1.58,63,-12,788.412961419756,-0.53123553777344
1.58,63,-9,791.732919924972,-0.507518906678135
1.58,63,-6,794.497079020574,-0.484810037969067
1.58,63,-3,796.662139376539,-0.463443594197289
1.58,63,0,798.168966342781,-0.443761446741172
1.58,63,3,798.921834020096,-0.426085050348014
1.58,63,6,798.775361329408,-0.41067833357973
1.58,63,9,797.536531248686,-0.397710988313651
1.58,63,12,794.983710783571,-0.387233852525022
1.58,63,15,790.898442407561,-0.379175145301117
1.58,63,18,785.101443469616,-0.373359979266399
1.58,63,21,777.483128482108,-0.369548615760079
1.58,63,24,768.02101950341,-0.367483911002049
1.58,63,27,756.780544916324,-0.366936637777619
1.58,63,30,743.900440875931,-0.367738855648612
1.58,63,33,729.567821627781,-0.369799420068877
1.58,63,36,713.98992124963,-0.373100850029682
1.58,63,39,697.369129273045,-0.377681706092096
1.58,63,42,679.885654926121,-0.383611971962818
1.58,63,45,661.689044265543,-0.390969713325423
1.58,63,48,642.897120795578,-0.3998254228372
1.58,63,51,623.599597391045,-0.410236879562755
1.58,63,54,603.86373316719,-0.422253584571072
1.58,63,57,583.740440574029,-0.435927270153804
1.58,63,60,563.270401487688,-0.451324258463153
1.58,63,63,542.490438342453,-0.4685363168405
1.58,63,66,521.440431091894,-0.487688290912641
1.58,63,69,500.170660279632,-0.508942279866079
1.58,63,72,478.748938520877,-0.532498861091636
1.58,63,75,457.266564896067,-0.558595759479424
1.58,63,78,435.842127943178,-0.587503660391832
1.58,63,81,414.622449642396,-0.619518022657715
1.58,63,84,393.780364232638,-0.65494516356858
1.58,63,87,373.509417038922,-0.694080835076344
1.58,63,90,354.01586480668,-0.737180135754072
1.58,63,93,335.508552218322,-0.784418970831993
1.58,63,96,318.187375625416,-0.835849366190047
1.58,63,99,302.231182659998,-0.891353568409369
1.58,63,102,287.786120360973,-0.950604479583222
1.58,63,105,274.955594887008,-1.01304157967673
1.58,63,108,263.793034781263,-1.07787080622171
1.58,63,111,254.298422376064,-1.1440930059731
1.58,63,114,246.418998636495,-1.21055897451094
1.58,63,117,240.053730285372,-1.27604195417464
1.58,63,120,235.060303142213,-1.33931394404261
1.58,63,123,231.26290018166,-1.39921255643741
1.58,63,126,228.459070314527,-1.45469017333493
1.58,63,129,226.424598986138,-1.50484410439733
1.58,63,132,224.916229979531,-1.54893193387563
1.58,63,135,223.673026027508,-1.58637819323361
1.58,63,138,222.417799570901,-1.6167769978084
1.58,63,141,220.860233483772,-1.63989204735891
1.58,63,144,218.703037637382,-1.65565253263818
1.58,63,147,215.651860481569,-1.66414248211778
1.58,63,150,211.428858823905,-1.66558225323893
1.58,63,153,205.788985248007,-1.66030353270676
1.58,63,156,198.537320286771,-1.64872217566215
1.58,63,159,189.545285959353,-1.63131541400218
1.58,63,162,178.763461650645,-1.60861090690379
1.58,63,165,166.229086674179,-1.58119512814273
1.58,63,168,152.067177854025,-1.54974903813583
1.58,63,171,136.485353451966,-1.51512275934895
1.58,63,174,119.763634204333,-1.4784742664264
1.58,63,177,102.241390037551,-1.44153539414828
1.58,63,180,84.3042145304794,-1.40717758974419
1.58,66,-180,84.3042145304795,-1.35481771218436
1.58,66,-177,65.4084075508959,-1.32229067819196
1.58,66,-174,46.9314475718575,-1.30833475002611
1.58,66,-171,29.4178374857958,-1.35012473179494
1.58,66,-168,14.1045954410044,-1.63464998743152
1.58,66,-165,9.70676655557344,-2.94488389767511
1.58,66,-162,20.4498816783627,-3.51562675409207
1.58,66,-159,32.143154822221,-3.58470135726911
1.58,66,-156,42.6139496409119,-3.54920926362141
1.58,66,-153,51.7050502294198,-3.47195856804182
1.58,66,-150,59.6043996338194,-3.36965327185019
1.58,66,-147,66.668048969667,-3.2488100493563
1.58,66,-144,73.3587345951724,-3.11348014804397
1.58,66,-141,80.1895064004984,-2.96764384682007
1.58,66,-138,87.6599614529922,-2.81587640154985
1.58,66,-135,96.1944903750745,-2.66310481765649
1.58,66,-132,106.099119846362,-2.51391141739417
1.58,66,-129,117.548149468527,-2.37185926508453
1.58,66,-126,130.598510562529,-2.23917379676861
1.58,66,-123,145.219559127407,-2.11682380055153
1.58,66,-120,161.325104840534,-2.00483629339287
1.58,66,-117,178.799859023621,-1.90265542009827
1.58,66,-114,197.518190142997,-1.80943540865663
1.58,66,-111,217.356157153616,-1.72423849820029
1.58,66,-108,238.198508433016,-1.64615134540366
1.58,66,-105,259.941962545842,-1.57434472420011
1.58,66,-102,282.495560788471,-1.50809818905417
1.58,66,-99,305.778567568533,-1.44680473735144
1.58,66,-96,329.716310671814,-1.38996476268924
1.58,66,-93,354.234397500533,-1.33717460931334
1.58,66,-90,379.251825119509,-1.28811249836089
1.58,66,-87,404.673585624976,-1.24252304290327
1.58,66,-84,430.383461878965,-1.20020071039762
1.58,66,-81,456.237829564435,-1.16097228710147
1.58,66,-78,482.061422875993,-1.12467855672366
1.58,66,-75,507.646133193581,-1.09115589554252
1.58,66,-72,532.753904762089,-1.06021910982363
1.58,66,-69,557.124568556894,-1.03164735536598
1.58,66,-66,580.488941944262,-1.00517515757672
1.58,66,-63,602.586711023341,-0.980490254023468
1.58,66,-60,623.187593817518,-0.957239201848597
1.58,66,-57,642.113248473677,-0.93504055843212
1.58,66,-54,659.256615366179,-0.913504188594089
1.58,66,-51,674.595159432194,-0.892254159286387
1.58,66,-48,688.19502252702,-0.870952025441744
1.58,66,-45,700.204423949773,-0.849317282248977
1.58,66,-42,710.836516347312,-0.827142402296634
1.58,66,-39,720.343850455043,-0.804301022927606
1.58,66,-36,728.988117388885,-0.780749130379137
1.58,66,-33,737.009595371305,-0.756520070176852
1.58,66,-30,744.600710757533,-0.73171465171111
1.58,66,-27,751.887531793848,-0.706487651179158
1.58,66,-24,758.922015057052,-0.681032111835389
1.58,66,-21,765.686362487852,-0.655563371726575
1.58,66,-18,772.108737907417,-0.630305549997086
1.58,66,-15,778.08690227445,-0.605483507052832
1.58,66,-12,783.513721638684,-0.581322169862673
1.58,66,-9,788.297176852405,-0.55805237256236
1.58,66,-6,792.368586943388,-0.535918925688781
1.58,66,-3,795.676495289893,-0.51518425548627
1.58,66,0,798.168966342781,-0.496121324301002
1.58,66,3,799.771770998491,-0.478993186698399
1.58,66,6,800.371942454764,-0.464022263319206
1.58,66,9,799.814439983269,-0.451357683832455
1.58,66,12,797.914874460266,-0.441051266298051
1.58,66,15,794.485480607087,-0.433050702424219
1.58,66,18,789.367064180768,-0.427213215800607
1.58,66,21,782.457977065593,-0.423336672227063
1.58,66,24,773.732486904921,-0.421200221950572
1.58,66,27,763.244393892643,-0.420604443093942
1.58,66,30,751.116083719291,-0.421401850343877
1.58,66,33,737.517023539673,-0.42351190994505
1.58,66,36,722.637926198569,-0.426919288021745
1.58,66,39,706.666911033925,-0.431658656879016
1.58,66,42,689.772205884541,-0.437792679219836
1.58,66,45,672.093161704324,-0.445390814864783
1.58,66,48,653.738756346048,-0.454515148366443
1.58,66,51,634.791241567987,-0.465216249733757
1.58,66,54,615.312388786447,-0.477538505148769
1.58,66,57,595.350538918473,-0.491531715923406
1.58,66,60,574.947688092074,-0.507264778261949
1.58,66,63,554.146570700684,-0.524837828025143
1.58,66,66,532.997891545992,-0.544390672312378
1.58,66,69,511.56760079579,-0.5661067787826
1.58,66,72,489.943672461335,-0.590212929845665
1.58,66,75,468.241510807694,-0.616974671456371
1.58,66,78,446.607018583618,-0.646687092034312
1.58,66,81,425.21651853467,-0.679659690513696
1.58,66,84,404.273034401398,-0.71619363000238
1.58,66,87,383.99880749826,-0.756549966589101
1.58,66,90,364.624300024589,-0.800908815184213
1.58,66,93,346.374334112406,-0.849321986410733
1.58,66,96,329.452484670545,-0.90166512959362
1.58,66,99,314.025388607936,-0.957598916900166
1.58,66,102,300.209134648232,-1.01655060535304
1.58,66,105,288.060091412432,-1.07772542465896
1.58,66,108,277.57209779926,-1.14015065217108
1.58,66,111,268.680723565631,-1.2027454258395
1.58,66,114,261.273539336795,-1.26440050390786
1.58,66,117,255.203646688792,-1.32404912012147
1.58,66,120,250.302853419482,-1.38071487997491
1.58,66,123,246.391254480223,-1.43353286778277
1.58,66,126,243.281438947482,-1.4817504192269
1.58,66,129,240.777471560683,-1.52471956855244
1.58,66,132,238.670468623592,-1.56189236302513
1.58,66,135,236.733497258851,-1.59282473019539
1.58,66,138,234.71853631835,-1.61718780550681
1.58,66,141,232.357537021581,-1.63478079151535
1.58,66,144,229.368573533639,-1.64553819737087
1.58,66,147,225.467024017159,-1.64952649159862
1.58,66,150,220.380869103269,-1.64692927352049
1.58,66,153,213.868570432863,-1.6380241902755
1.58,66,156,205.737554179225,-1.62315766943113
1.58,66,159,195.86107011585,-1.60272462791081
1.58,66,162,184.191212360145,-1.57715996818119
1.58,66,165,170.766295929736,-1.54694779518784
1.58,66,168,155.711625133547,-1.51265441010854
1.58,66,171,139.233833380647,-1.47499497878705
1.58,66,174,121.610123675166,-1.4349572757063
1.58,66,177,103.174580541286,-1.39404493352489
1.58,66,180,84.3042145304795,-1.35481771218436
1.58,69,-180,84.3042145304795,-1.30245783462453
1.58,69,-177,64.4913013250373,-1.26365947188077
1.58,69,-174,45.0365419250871,-1.24108431934568
1.58,69,-171,26.4449565618861,-1.27459025485763
1.58,69,-168,10.1018071362774,-1.65533631280967
1.58,69,-165,11.1124458535525,-3.37836596525488
1.58,69,-162,25.002111012243,-3.65865542302598
1.58,69,-159,38.2436969825889,-3.65972653619637
1.58,69,-156,50.0542641715106,-3.60140603459011
1.58,69,-153,60.4427023903944,-3.51673155789406
1.58,69,-150,69.6181832888343,-3.41506723336397
1.58,69,-147,77.9143803264567,-3.30037334497593
1.58,69,-144,85.7473750271594,-3.17534746019436
1.58,69,-141,93.569702860228,-3.0427341585363
1.58,69,-138,101.819351376833,-2.90567404992709
1.58,69,-135,110.871935832156,-2.76755335291954
1.58,69,-132,121.00684175458,-2.63160289322918
1.58,69,-129,132.394442956273,-2.50048580280459
1.58,69,-126,145.103873094603,-2.37605375616543
1.58,69,-123,159.124340740094,-2.25932448310594
1.58,69,-120,174.391130728886,-2.15062212465011
1.58,69,-117,190.809619461274,-2.04978379385209
1.58,69,-114,208.27406180951,-1.95635726165727
1.58,69,-111,226.680504754364,-1.86975412094428
1.58,69,-108,245.934455471993,-1.78935261235219
1.58,69,-105,265.954287835644,-1.71455868275419
1.58,69,-102,286.671327437945,-1.64483745788139
1.58,69,-99,308.027411772425,-1.57972587938773
1.58,69,-96,329.970580006333,-1.51883433995034
1.58,69,-93,352.449421029744,-1.46184229860638
1.58,69,-90,375.406512736196,-1.40849056297089
1.58,69,-87,398.771356766687,-1.35857129688606
1.58,69,-84,422.453293173126,-1.3119158775552
1.58,69,-81,446.335080593727,-1.26838047559243
1.58,69,-78,470.268104490865,-1.22782957629501
1.58,69,-75,494.070422979387,-1.1901183973383
1.58,69,-72,517.528934470268,-1.15507598474979
1.58,69,-69,540.406720272215,-1.12249135653668
1.58,69,-66,562.456005079626,-1.0921051544622
1.58,69,-63,583.436216155185,-1.0636087534586
1.58,69,-60,603.135453028748,-1.03665173716125
1.58,69,-57,621.392554801152,-1.01085729366811
1.58,69,-54,638.11618524234,-0.985843709601641
1.58,69,-51,653.297245157105,-0.961249038328817
1.58,69,-48,667.011644801298,-0.936755434361994
1.58,69,-45,679.411981263406,-0.912109729729042
1.58,69,-42,690.708656272939,-0.887137583305459
1.58,69,-39,701.142937942465,-0.8617497737961
1.58,69,-36,710.955916021114,-0.835940567109845
1.58,69,-33,720.357942958594,-0.809779161760355
1.58,69,-30,729.503022069495,-0.783395782111325
1.58,69,-27,738.471920155913,-0.756964185534017
1.58,69,-24,747.266703705676,-0.73068257209018
1.58,69,-21,755.817861083987,-0.704755408581603
1.58,69,-18,764.003015944143,-0.679379274212932
1.58,69,-15,771.673563546234,-0.654735781496432
1.58,69,-12,778.683039196325,-0.630993216032467
1.58,69,-9,784.909782844818,-0.608315734843632
1.58,69,-6,790.267515841141,-0.586875685892779
1.58,69,-3,794.70099566945,-0.566862413442571
1.58,69,0,798.168966342781,-0.548481201860832
1.58,69,3,800.621259880016,-0.531939220451409
1.58,69,6,801.979154291023,-0.51742048374702
1.58,69,9,802.1269277214,-0.505056803986805
1.58,69,12,800.918438647126,-0.494904201447028
1.58,69,15,798.197230295106,-0.486933052834018
1.58,69,18,793.824184632474,-0.481035933363349
1.58,69,21,787.704623076786,-0.477051525756284
1.58,69,24,779.807379002695,-0.474798271557685
1.58,69,27,770.171189761783,-0.474109064218217
1.58,69,30,758.897648255326,-0.474858631761165
1.58,69,33,746.133646962319,-0.47697790059636
1.58,69,36,732.048663169258,-0.480453647377554
1.58,69,39,716.812768847557,-0.485315954396998
1.58,69,42,700.579965601749,-0.491619164150248
1.58,69,45,683.479051417642,-0.499423236178015
1.58,69,48,665.611757272106,-0.508781355139187
1.58,69,51,647.056233242914,-0.519736870151907
1.58,69,54,627.873479851448,-0.532329323850566
1.58,69,57,608.114798316229,-0.546606689744787
1.58,69,60,587.829224582122,-0.562639740041064
1.58,69,63,567.070673381269,-0.580534756465796
1.58,69,66,545.904850819415,-0.600442027833823
1.58,69,69,524.415891734551,-0.622558973763626
1.58,69,72,502.712332479618,-0.647127657552588
1.58,69,75,480.931678382554,-0.674426630638167
1.58,69,78,459.242634469893,-0.704756614204548
1.58,69,81,437.844091568582,-0.738418897062631
1.58,69,84,416.960168015307,-0.7756850875867
1.58,69,87,396.830953498707,-0.816757579707479
1.58,69,90,377.699078484648,-0.861722206455788
1.58,69,93,359.79287802124,-0.910498096280181
1.58,69,96,343.307756068917,-0.962794005554273
1.58,69,99,328.388286706422,-1.01808361837503
1.58,69,102,315.11429853013,-1.07561193090612
1.58,69,105,303.49418784704,-1.13443882905506
1.58,69,108,293.467573886754,-1.19351485481162
1.58,69,111,284.917169797009,-1.25177220790275
1.58,69,114,277.687079385375,-1.30820757540101
1.58,69,117,271.602744924923,-1.36193661384279
1.58,69,120,266.487373914862,-1.41221156048882
1.58,69,123,262.171038295499,-1.45840754660909
1.58,69,126,258.491160218442,-1.49999310512209
1.58,69,129,255.285778565462,-1.53650256185519
1.58,69,132,252.382937682452,-1.56752297552787
1.58,69,135,249.590271562496,-1.59269933700294
1.58,69,138,246.688374616471,-1.61175302791878
1.58,69,141,243.430243179282,-1.62450344177172
1.58,69,144,239.547503138579,-1.6308825736745
1.58,69,147,234.762790273384,-1.63093639273008
1.58,69,150,228.806744007288,-1.62481252704456
1.58,69,153,221.43757365401,-1.61273871818786
1.58,69,156,212.460909322815,-1.5949991659954
1.58,69,159,201.747572635494,-1.57191614327286
1.58,69,162,189.247046812597,-1.54384293903425
1.58,69,165,174.994912389857,-1.51117258264076
1.58,69,168,159.113394415203,-1.47436650797248
1.58,69,171,141.805313394812,-1.43401077645104
1.58,69,174,123.342848784057,-1.39092001515721
1.58,69,177,104.053283568297,-1.3463458332825
1.58,69,180,84.3042145304795,-1.30245783462453
1.58,72,-180,84.3042145304795,-1.2500979570647
1.58,72,-177,63.6263834757367,-1.20491400275234
1.58,72,-174,43.241700094457,-1.17239985091498
1.58,72,-171,23.6059267574776,-1.19160557270386
1.58,72,-168,6.28365689216689,-1.74658265295942
1.58,72,-165,14.1849750412599,-3.64979934410164
1.58,72,-162,29.9989644319046,-3.74300017437309
1.58,72,-159,44.5664669008983,-3.70432119587055
1.58,72,-156,57.6495611189252,-3.63249671801067
1.58,72,-153,69.3199753724998,-3.54409514228767
1.58,72,-150,79.7863018416919,-3.444208310204
1.58,72,-147,89.3566922116881,-3.33523712883437
1.58,72,-144,98.4048932685555,-3.21902250633057
1.58,72,-141,107.330028025032,-3.09752420223963
1.58,72,-138,116.51349438468,-2.97297353544217
1.58,72,-135,126.280271141656,-2.84775165260964
1.58,72,-132,136.872235653272,-2.72413617431909
1.58,72,-129,148.438016608244,-2.60404580385665
1.58,72,-126,161.038911308789,-2.48887900099459
1.58,72,-123,174.666164776892,-2.37948014485199
1.58,72,-120,189.263289459808,-2.27620890050122
1.58,72,-117,204.747985856753,-2.179062472905
1.58,72,-114,221.030265514887,-2.08780497881378
1.58,72,-111,238.025342268706,-2.00207653007617
1.58,72,-108,255.661214895224,-1.92147227296627
1.58,72,-105,273.881619750036,-1.84559274684951
1.58,72,-102,292.64536127171,-1.77407180440943
1.58,72,-99,311.923075494902,-1.70658923975783
1.58,72,-96,331.692335916159,-1.64287418973423
1.58,72,-93,351.931752867663,-1.58270352613817
1.58,72,-90,372.614450962859,-1.52589751869035
1.58,72,-87,393.701151237069,-1.47231344004496
1.58,72,-84,415.133125163078,-1.42183679632712
1.58,72,-81,436.82554546993,-1.37436965254766
1.58,72,-78,458.662157652334,-1.32981604221467
1.58,72,-75,480.492576286307,-1.2880654531224
1.58,72,-72,502.133673188262,-1.24897646113509
1.58,72,-69,523.376299654705,-1.21236330869258
1.58,72,-66,543.997895975792,-1.1779882847705
1.58,72,-63,563.780447462034,-1.14556207344547
1.58,72,-60,582.531947481198,-1.1147529511068
1.58,72,-57,600.108332005956,-1.08520414044423
1.58,72,-54,616.432105171078,-1.05655713235109
1.58,72,-51,631.503876698795,-1.02847767817008
1.58,72,-48,645.403915612609,-1.0006806531329
1.58,72,-45,658.282480918776,-0.972950200646425
1.58,72,-42,670.339752220899,-0.945152448017632
1.58,72,-39,681.798131543968,-0.917239428272781
1.58,72,-36,692.871049072891,-0.889244290581062
1.58,72,-33,703.732949176322,-0.861269052280424
1.58,72,-30,714.494924353551,-0.833466842609373
1.58,72,-27,725.189721489783,-0.806020930220999
1.58,72,-24,735.768699188343,-0.779123127681539
1.58,72,-21,746.111696022205,-0.752954594743622
1.58,72,-18,756.048554521259,-0.727672356003565
1.58,72,-15,765.388395908448,-0.703404398867984
1.58,72,-12,773.950331557192,-0.680254533429089
1.58,72,-9,781.588174727726,-0.658315403063698
1.58,72,-6,788.202774685033,-0.637685018230003
1.58,72,-3,793.738972865733,-0.618480258886046
1.58,72,0,798.168966342781,-0.600841079420662
1.58,72,3,801.468350221049,-0.584921986618291
1.58,72,6,803.593520531051,-0.570871953638886
1.58,72,9,804.468451164814,-0.558808533992038
1.58,72,12,803.985389419948,-0.548794582789075
1.58,72,15,802.019158838323,-0.540825489622824
1.58,72,18,798.450364591428,-0.534831406545295
1.58,72,21,793.190322190997,-0.530694089025368
1.58,72,24,786.200542521881,-0.528273544273046
1.58,72,27,777.501774046749,-0.527437125884174
1.58,72,30,767.171000949385,-0.528083577942824
1.58,72,33,755.328275792704,-0.530156567346355
1.58,72,36,742.117782603917,-0.533645676109486
1.58,72,39,727.68841983779,-0.53857660040006
1.58,72,42,712.17838529137,-0.544995300340214
1.58,72,45,695.706261533218,-0.552952166188395
1.58,72,48,678.368829791023,-0.562491565762314
1.58,72,51,660.244128059012,-0.573649800684498
1.58,72,54,641.397561084457,-0.586461496220079
1.58,72,57,621.889100324326,-0.600971895411766
1.58,72,60,601.78035982697,-0.617251192280891
1.58,72,63,581.141103826976,-0.635407078488097
1.58,72,66,560.055195431848,-0.655592692306047
1.58,72,69,538.62604050646,-0.678008471641739
1.58,72,72,516.981324326667,-0.702897406032712
1.58,72,75,495.276476549517,-0.73053353601195
1.58,72,78,473.696009620351,-0.761203326209196
1.58,72,81,452.451759944962,-0.795179140989254
1.58,72,84,431.777155489911,-0.832684084899393
1.58,72,87,411.91695134533,-0.873848572050659
1.58,72,90,393.112448451372,-0.918661582959331
1.58,72,93,375.583082815821,-0.966923505706401
1.58,72,96,359.506415590672,-1.01821159792141
1.58,72,99,344.999745300117,-1.07187115946057
1.58,72,102,332.107313635814,-1.1270427498312
1.58,72,105,320.796758207525,-1.18272692297013
1.58,72,108,310.966691292463,-1.23787519264302
1.58,72,111,302.464336526065,-1.2914851098934
1.58,72,114,295.109078835588,-1.34267468359237
1.58,72,117,288.715897024615,-1.39071904845533
1.58,72,120,283.112787092776,-1.43504653091881
1.58,72,123,278.148344080638,-1.4752051327881
1.58,72,126,273.688769038135,-1.51081826025604
1.58,72,129,269.606574533083,-1.54154834986309
1.58,72,132,265.765277333114,-1.56708039703788
1.58,72,135,262.004959695742,-1.58712767742254
1.58,72,138,258.132822143078,-1.60145303836045
1.58,72,141,253.921210256249,-1.60989417861535
1.58,72,144,249.113724180667,-1.61238166182397
1.58,72,147,243.438460066868,-1.60894304124918
1.58,72,150,236.626435153014,-1.59969277277411
1.58,72,153,228.432757881238,-1.58481277886034
1.58,72,156,218.657936622014,-1.56453100413572
1.58,72,159,207.166757009386,-1.53910504905718
1.58,72,162,193.902424418002,-1.50881605424264
1.58,72,165,178.894263659713,-1.473975909758
1.58,72,168,162.258222424426,-1.43495013291824
1.58,72,171,144.190596012448,-1.39220143780263
1.58,72,174,124.95647367372,-1.34636945610802
1.58,72,177,104.875069015218,-1.29843299999927
1.58,72,180,84.3042145304795,-1.2500979570647
1.58,75,-180,84.3042145304795,-1.19773807950487
1.58,75,-177,62.8164651518335,-1.1460744539242
1.58,75,-174,41.5555675784351,-1.10220338482164
1.58,75,-171,20.9253344478679,-1.09856159429038
1.58,75,-168,2.94086445584324,-2.14696414563016
1.58,75,-165,17.9697617276139,-3.79765996887092
1.58,75,-162,35.1523041707622,-3.79198808975057
1.58,75,-159,50.9283366362955,-3.72979636546821
1.58,75,-156,65.2364237283212,-3.65003428121066
1.58,75,-153,78.1671366189577,-3.56015705594276
1.58,75,-150,89.9186277021944,-3.46269867842764
1.58,75,-147,100.772538849514,-3.35906776390702
1.58,75,-144,111.063358222762,-3.25052841264043
1.58,75,-141,121.141777541414,-3.13850297497454
1.58,75,-138,131.337057973881,-3.02460567969548
1.58,75,-135,141.924797921163,-2.91053313433262
1.58,75,-132,153.105723503149,-2.79789238841658
1.58,75,-129,164.998407706885,-2.68803847628191
1.58,75,-126,177.64524432893,-2.58197264066176
1.58,75,-123,191.028082081385,-2.48031866908917
1.58,75,-120,205.088641714182,-2.38336417070853
1.58,75,-117,219.749163326532,-2.29113850430426
1.58,75,-114,234.929984085342,-2.20349964191473
1.58,75,-111,250.5622258976,-2.12021120627392
1.58,75,-108,266.595068892756,-2.04100099005413
1.58,75,-105,282.998050060329,-1.96559973500899
1.58,75,-102,299.759422201248,-1.89376316157381
1.58,75,-99,316.881835933244,-1.82528188761105
1.58,75,-96,334.376502721997,-1.75998383352275
1.58,75,-93,352.256659170882,-1.69773265995401
1.58,75,-90,370.530745058169,-1.63842425530173
1.58,75,-87,389.19541510018,-1.58198177181569
1.58,75,-84,408.228469368644,-1.52834864959763
1.58,75,-81,427.582049903103,-1.47747877910082
1.58,75,-78,447.176923007835,-1.42932349621688
1.58,75,-75,466.8991503236,-1.38381624425619
1.58,75,-72,486.600701906935,-1.34085700898606
1.58,75,-69,506.105374714868,-1.30029951085621
1.58,75,-66,525.220662847932,-1.26194423979903
1.58,75,-63,543.755060157087,-1.22553964456062
1.58,75,-60,561.538901962828,-1.19079234129731
1.58,75,-57,578.445621124387,-1.1573854768643
1.58,75,-54,594.409576717098,-1.12500279645153
1.58,75,-51,609.436697369815,-1.09335486124901
1.58,75,-48,623.605161447449,-1.06220344075211
1.58,75,-45,637.055052112589,-1.03138042667243
1.58,75,-42,649.967978598662,-1.00079859941797
1.58,75,-39,662.539535537191,-0.970452992298377
1.58,75,-36,674.948752842593,-0.940413095560286
1.58,75,-33,687.329186152977,-0.910807380350362
1.58,75,-30,699.746086931513,-0.881802436574652
1.58,75,-27,712.183351635101,-0.853579498821848
1.58,75,-24,724.542763687198,-0.826311493725071
1.58,75,-21,736.656334705834,-0.800144035278552
1.58,75,-18,748.310259690933,-0.775183745760501
1.58,75,-15,759.276364208913,-0.751496425566196
1.58,75,-12,769.344631772952,-0.729115674264593
1.58,75,-9,778.349417864788,-0.708059849174997
1.58,75,-6,786.183043532248,-0.688352556152078
1.58,75,-3,792.793681886683,-0.670040262261827
1.58,75,0,798.168966342781,-0.653200956980492
1.58,75,3,802.311048918851,-0.637940301428584
1.58,75,6,805.211338669728,-0.624375766949024
1.58,75,9,806.832902312168,-0.612613474978926
1.58,75,12,807.105634164137,-0.602725150038195
1.58,75,15,805.934938960563,-0.594732649952572
1.58,75,18,803.220435410495,-0.5886049289317
1.58,75,21,798.878471930936,-0.584268126506871
1.58,75,24,792.861725868823,-0.581625381310566
1.58,75,27,785.170700717791,-0.580580317003949
1.58,75,30,775.854808832048,-0.581057600027841
1.58,75,33,765.003915949377,-0.583015438277159
1.58,75,36,752.733743419981,-0.586447746902691
1.58,75,39,739.16968868176,-0.591377020264868
1.58,75,42,724.433247925933,-0.59784170614571
1.58,75,45,708.633667250977,-0.605883246824727
1.58,75,48,691.865445781762,-0.615537558185755
1.58,75,51,674.210642414166,-0.62683381543902
1.58,75,54,655.744085943538,-0.639800787801219
1.58,75,57,636.539611020068,-0.654478585266345
1.58,75,60,616.676041828687,-0.670932286069033
1.58,75,63,596.24238971696,-0.689263742853788
1.58,75,66,575.342267177591,-0.709618655451114
1.58,75,69,554.097687777657,-0.732187190238972
1.58,75,72,532.65225071524,-0.757197452761292
1.58,75,75,511.173348858721,-0.78490164100488
1.58,75,78,489.852667476635,-0.815554726763133
1.58,75,81,468.904000113636,-0.84938537614198
1.58,75,84,448.557391974165,-0.886559101277971
1.58,75,87,429.048896490458,-0.927134939999091
1.58,75,90,410.60585882391,-0.971019629713425
1.58,75,93,393.428653656677,-1.01792695267716
1.58,75,96,377.671118418247,-1.06735332455918
1.58,75,99,363.423215881152,-1.11858143963287
1.58,75,102,350.700145390831,-1.17071954385269
1.58,75,105,339.441545831194,-1.22277426408334
1.58,75,108,329.522303997189,-1.27374294552843
1.58,75,111,320.773267515454,-1.32270295584926
1.58,75,114,313.007054275349,-1.36887544828672
1.58,75,117,306.042475688802,-1.41165017555795
1.58,75,120,299.721555128574,-1.4505716565394
1.58,75,123,293.915472990449,-1.48529903600249
1.58,75,126,288.519047129934,-1.51555797257821
1.58,75,129,283.436433864671,-1.54110184976377
1.58,75,132,278.5627481277,-1.5616931491854
1.58,75,135,273.766852821269,-1.57710686519238
1.58,75,138,268.879741512157,-1.587149637047
1.58,75,141,263.691204957303,-1.59168361617664
1.58,75,144,257.955477078305,-1.59064429561297
1.58,75,147,251.404855999719,-1.58404583621788
1.58,75,150,243.769162031111,-1.57197339619035
1.58,75,153,234.798306579346,-1.55456689505998
1.58,75,156,224.285049540852,-1.53200289835539
1.58,75,159,212.085109813164,-1.50448084197719
1.58,75,162,198.132172238876,-1.47221770217228
1.58,75,165,182.446062627146,-1.43545290547282
1.58,75,168,165.133422499625,-1.39446413716668
1.58,75,171,146.381428399088,-1.34959627064585
1.58,75,174,126.44614929895,-1.30131291509935
1.58,75,177,105.637692732641,-1.25030211146109
1.58,75,180,84.3042145304795,-1.19773807950487
1.58,78,-180,84.3042145304794,-1.14537820194504
1.58,78,-177,62.0642165324306,-1.08716472447254
1.58,78,-174,39.9867671076843,-1.03044961535192
1.58,78,-171,18.4343050342165,-0.992009473743177
1.58,78,-168,2.56194613160925,-3.5741534305187
1.58,78,-165,21.9844214556274,-3.87770544562022
1.58,78,-162,40.2976480259606,-3.8194070483034
1.58,78,-159,57.2057111443453,-3.74299418766892
1.58,78,-156,72.6935007223934,-3.65869396203601
1.58,78,-153,86.8515472108829,-3.5687413176206
1.58,78,-150,99.8631015525096,-3.47407638829357
1.58,78,-147,111.983156900656,-3.37544602071361
1.58,78,-144,123.508988553642,-3.27370370117694
1.58,78,-141,134.746034731792,-3.1698806759912
1.58,78,-138,145.97449359112,-3.06514683506157
1.58,78,-135,157.422162327075,-2.9607096009707
1.58,78,-132,169.247732249232,-2.8576920703019
1.58,78,-129,181.536326862791,-2.75702853762591
1.58,78,-126,194.306358291959,-2.65940293807512
1.58,78,-123,207.524680985534,-2.56523710108308
1.58,78,-120,221.126037865716,-2.47471969721672
1.58,78,-117,235.032883429139,-2.38785894107821
1.58,78,-114,249.172474407341,-2.30454230568021
1.58,78,-111,263.489255018584,-2.22459117488182
1.58,78,-108,277.951748466451,-2.14780396440148
1.58,78,-105,292.554209199639,-2.07398581458501
1.58,78,-102,307.31404879498,-2.00296597320025
1.58,78,-99,322.26642281573,-1.93460560031978
1.58,78,-96,337.45733469838,-1.86879922216794
1.58,78,-93,352.936260835592,-1.80547267677683
1.58,78,-90,368.748810948765,-1.74457939413575
1.58,78,-87,384.929533179529,-1.68609560713547
1.58,78,-84,401.494837815568,-1.63001405253127
1.58,78,-81,418.43621842606,-1.57633530001039
1.58,78,-78,435.714418290254,-1.52505622992908
1.58,78,-75,453.255717858522,-1.47615623022398
1.58,78,-72,470.951838330001,-1.42958297012396
1.58,78,-69,488.664834760554,-1.38524057616328
1.58,78,-66,506.237683928964,-1.34298323747122
1.58,78,-63,523.510133026461,-1.30261655144497
1.58,78,-60,540.338017081438,-1.26390747675922
1.58,78,-57,556.61304174168,-1.22660200800092
1.58,78,-54,572.279340461068,-1.19044809262442
1.58,78,-51,587.343222236839,-1.15522024010207
1.58,78,-48,601.873493726197,-1.12074191874094
1.58,78,-45,615.991384522278,-1.0869022224479
1.58,78,-42,629.851037590025,-1.05366429514293
1.58,78,-39,643.613287141587,-1.021064379456
1.58,78,-36,657.416671427427,-0.989201797234096
1.58,78,-33,671.350168951224,-0.95822140270075
1.58,78,-30,685.4320468258,-0.928290960335293
1.58,78,-27,699.598564387113,-0.899576541436499
1.58,78,-24,713.705090772558,-0.872219486547003
1.58,78,-21,727.540394936335,-0.846318665022448
1.58,78,-18,740.852469945597,-0.821921392244549
1.58,78,-15,753.381600080151,-0.799025136784881
1.58,78,-12,764.894188276707,-0.777590034253478
1.58,78,-9,775.210012530825,-0.757559620942915
1.58,78,-6,784.216699610169,-0.738884848596074
1.58,78,-3,791.868282655392,-0.721545163100324
1.58,78,0,798.168966342781,-0.705560834540321
1.58,78,3,803.147324010268,-0.690992959597302
1.58,78,6,806.828697460271,-0.677931132949057
1.58,78,9,809.213672107927,-0.666472603183669
1.58,78,12,810.268162904179,-0.656699412530209
1.58,78,15,809.926770003527,-0.64866050842298
1.58,78,18,808.107041826559,-0.642363914588303
1.58,78,21,804.729419111211,-0.63778055030527
1.58,78,24,799.736670592405,-0.634857554135423
1.58,78,27,793.10759790526,-0.633536294107454
1.58,78,30,784.8621266533,-0.633769364318979
1.58,78,33,775.057737128478,-0.635531828201355
1.58,78,36,763.779616604305,-0.638824276621209
1.58,78,39,751.128256662755,-0.643668112569683
1.58,78,42,737.208213004925,-0.650095952062509
1.58,78,45,722.120612629328,-0.658141388563078
1.58,78,48,705.960319078522,-0.66783223257202
1.58,78,51,688.817132435361,-0.679189858532945
1.58,78,54,670.779498271888,-0.692235081449661
1.58,78,57,651.93906810241,-0.706998858580282
1.58,78,60,632.394905055787,-0.723534738049536
1.58,78,63,612.256806006601,-0.741929641493965
1.58,78,66,591.647774767516,-0.762310128908399
1.58,78,69,570.705928496036,-0.784842319904064
1.58,78,72,549.586020967739,-0.809724647145155
1.58,78,75,528.46042406483,-0.837173261098576
1.58,78,78,507.518987274787,-0.86740014400348
1.58,78,81,486.966859041834,-0.900584088084752
1.58,78,84,467.019238504268,-0.936835132910362
1.58,78,87,447.892236692284,-0.97615435143118
1.58,78,90,429.78964071137,-1.01839326491566
1.58,78,93,412.886411412057,-1.06322025912094
1.58,78,96,397.311079850623,-1.11010387093781
1.58,78,99,383.130478272627,-1.15832270098276
1.58,78,102,370.340853034379,-1.20700722972491
1.58,78,105,358.868752190552,-1.25521006573645
1.58,78,108,348.582944620984,-1.30199110722709
1.58,78,111,339.315520446076,-1.34649762821913
1.58,78,114,330.887393770805,-1.38802019853502
1.58,78,117,323.131903106841,-1.42601356287089
1.58,78,120,315.91071204521,-1.46008324019621
1.58,78,123,309.11850196369,-1.48994858764657
1.58,78,126,302.676121914665,-1.51539801572026
1.58,78,129,296.514858136222,-1.53625124413372
1.58,78,132,290.556486193603,-1.5523382593761
1.58,78,135,284.694382001176,-1.56349726508802
1.58,78,138,278.780252808625,-1.56958699251433
1.58,78,141,272.619418287408,-1.57050455642053
1.58,78,144,265.975604522513,-1.56619982359989
1.58,78,147,258.584428756815,-1.55668054890047
1.58,78,150,250.173444286269,-1.54200740450672
1.58,78,153,240.485837340449,-1.52228217171945
1.58,78,156,229.304550654352,-1.49763428836271
1.58,78,159,216.473690536284,-1.46821049853043
1.58,78,162,201.914552797882,-1.43417040909562
1.58,78,165,185.634479733901,-1.39568853016496
1.58,78,168,167.727947061952,-1.3529619151183
1.58,78,171,148.370545701945,-1.30622269735338
1.58,78,174,127.807536012469,-1.2557579780859
1.58,78,177,106.339103977946,-1.20194956845567
1.58,78,180,84.3042145304794,-1.14537820194504
1.58,81,-180,84.3042145304794,-1.09301832438521
1.58,81,-177,61.3721491919566,-1.02821248824079
1.58,81,-174,38.5437636167237,-0.957137861873964
1.58,81,-171,16.1733140132597,-0.867576778992458
1.58,81,-168,5.47195211842445,2.20273421545411
1.58,81,-165,26.0096451056961,2.36213701127586
1.58,81,-162,45.3314866762473,2.44989310288641
1.58,81,-159,63.3079468507285,2.53503556430443
1.58,81,-156,79.9247411346788,2.62173277568104
1.58,81,-153,95.2641286652745,2.7108730437666
1.58,81,-150,109.49252956762,2.80255407770624
1.58,81,-147,122.838520635784,2.89649197986475
1.58,81,-144,135.563541720424,2.9921398777434
1.58,81,-141,147.929750776784,3.08876437680996
1.58,81,-138,160.170221709018,3.18552991965987
1.58,81,-135,172.466180543307,3.28159263551636
1.58,81,-132,184.934377442349,3.37618880179868
1.58,81,-129,197.625495527397,3.46870113755971
1.58,81,-126,210.532369334288,3.55869303482905
1.58,81,-123,223.605260557139,3.64591062378727
1.58,81,-120,236.770732138574,3.73026013561716
1.58,81,-117,249.950700806802,3.811771120376
1.58,81,-114,263.078827263956,3.89055532739719
1.58,81,-111,276.112310994549,3.96676837003386
1.58,81,-108,289.038209236178,4.04057832562094
1.58,81,-105,301.87442110182,4.11214297589847
1.58,81,-102,314.666292421735,4.18159562665531
1.58,81,-99,327.480259732439,4.24903826622283
1.58,81,-96,340.396000281979,4.31454016803367
1.58,81,-93,353.498244192518,4.37813992670444
1.58,81,-90,366.868901437328,4.43984932909626
1.58,81,-87,380.579684265764,4.49965824910351
1.58,81,-84,394.685166179263,4.55754059861004
1.58,81,-81,409.216312269397,4.61346188121557
1.58,81,-78,424.174899896708,4.66738880192536
1.58,81,-75,439.529745142039,4.71930066818217
1.58,81,-72,455.216005031281,4.76920126019139
1.58,81,-69,471.138800853615,4.81712892873718
1.58,81,-66,487.181878133933,4.86316235186802
1.58,81,-63,503.221031150173,4.90741987064007
1.58,81,-60,519.140797532198,4.95005152534846
1.58,81,-57,534.851811171869,4.99122446465003
1.58,81,-54,550.305541390624,5.03110384972732
1.58,81,-51,565.503191318847,5.06983235629426
1.58,81,-48,580.49633476626,5.10751169929441
1.58,81,-45,595.378276874305,5.14418926741927
1.58,81,-42,610.266805956015,5.17985210178323
1.58,81,-39,625.280596147489,5.21442930920555
1.58,81,-36,640.512739975409,5.24780278790095
1.58,81,-33,656.005595930533,5.27982500637218
1.58,81,-30,671.731287482295,5.31034155775459
1.58,81,-27,687.581745413556,5.33921532232719
1.58,81,-24,703.371050664469,5.36634841370428
1.58,81,-21,718.85093740102,5.39169791541982
1.58,81,-18,733.737779561674,5.41528204016629
1.58,81,-15,747.746669079806,5.43717490027224
1.58,81,-12,760.626059434604,5.45749036529913
1.58,81,-9,772.185701865048,5.47635798180173
1.58,81,-6,782.31174551459,5.49389597650638
1.58,81,-3,790.965823025785,5.51018734995168
1.58,81,0,798.168966342781,5.52526459507943
1.58,81,3,803.975109125137,5.53910657619412
1.58,81,6,808.441497013764,5.55164795323008
1.58,81,9,811.603720108463,5.5627980841137
1.58,81,12,813.461221268689,5.572463716808
1.58,81,15,813.975719995829,5.5805689634984
1.58,81,18,813.081217334618,5.58706735365006
1.58,81,21,810.701313282344,5.59194366131517
1.58,81,24,806.768250336916,5.59520656644944
1.58,81,27,801.238549111591,5.59687584857463
1.58,81,30,794.101920599634,5.59696895003501
1.58,81,33,785.382584668324,5.59549122481871
1.58,81,36,775.134383265932,5.59243238201995
1.58,81,39,763.432504565563,5.58776924041152
1.58,81,42,750.364930265588,5.58147272708155
1.58,81,45,736.025994255534,5.57351574893626
1.58,81,48,720.513141075237,5.56387849402138
1.58,81,51,703.926666701492,5.55254880526808
1.58,81,54,686.371367281888,5.53951705014354
1.58,81,57,667.958797234478,5.52476673270459
1.58,81,60,648.809146954405,5.50826338160128
1.58,81,63,629.05231694518,5.48994470210286
1.58,81,66,608.828288218451,5.46971464896049
1.58,81,69,588.287158299042,5.44744326478668
1.58,81,72,567.589159764223,5.4229732279087
1.58,81,75,546.904664563159,5.39613336533319
1.58,81,78,526.413742699215,5.36675899440619
1.58,81,81,506.3044534066,5.3347186890555
1.58,81,84,486.768853437148,5.29994655768842
1.58,81,87,467.995835012755,5.26247797570854
1.58,81,90,450.160440395986,5.22248476903389
1.58,81,93,433.410251927355,5.18030344834475
1.58,81,96,417.850693720826,5.13644829771544
1.58,81,99,403.532260112195,5.09160147826289
1.58,81,102,390.443270485774,5.04657608884037
1.58,81,105,378.511206733055,5.00225515837994
1.58,81,108,367.613827560217,4.95951751765969
1.58,81,111,357.598500606599,4.91916672829589
1.58,81,114,348.305533408104,4.88187884598563
1.58,81,117,339.589802563729,4.84817867716273
1.58,81,120,331.335292809479,4.8184451607753
1.58,81,123,323.459124604134,4.79293840900109
1.58,81,126,315.904523391211,4.7718365040767
1.58,81,129,308.625013607812,4.75527010306393
1.58,81,132,301.564125037521,4.74334637326636
1.58,81,135,294.635671543333,4.73615908477685
1.58,81,138,287.709199512121,4.7337869180306
1.58,81,141,280.603817909916,4.73628551287681
1.58,81,144,273.091784487664,4.74367952092446
1.58,81,147,264.911389435496,4.7559590942752
1.58,81,150,255.78716741159,4.77308208885627
1.58,81,153,245.454437222378,4.79498040620746
1.58,81,156,233.684664282724,4.82156750092252
1.58,81,159,220.308175200889,4.85274437746262
1.58,81,162,205.231318979248,4.88840286439372
1.58,81,165,188.44620084913,4.92842680650421
1.58,81,168,170.032437880797,4.97269348459597
1.58,81,171,150.151706250282,5.02107896471431
1.58,81,174,129.036822225418,5.07347286948946
1.58,81,177,106.97745183192,5.12981285797606
1.58,81,180,84.3042145304794,5.19016698279438
1.58,84,-180,84.3042145304794,-1.04065844682538
1.58,84,-177,60.7425987957398,-0.969249149893061
1.58,84,-174,37.2346946001182,-0.88232459962973
1.58,84,-171,14.1953341110186,-0.720255946875095
1.58,84,-168,8.67519815617169,2.08717091499185
1.58,84,-165,29.9341496904936,2.33965077553446
1.58,84,-162,50.1822442073305,2.44471338784001
1.58,84,-159,69.1643768687804,2.53521329993585
1.58,84,-156,86.8510035030436,2.62292007201425
1.58,84,-153,103.312545227705,2.71067943967401
1.58,84,-150,118.697918975441,2.79929732711878
1.58,84,-147,133.209749023693,2.88882956075108
1.58,84,-144,147.074704802281,2.97896759086577
1.58,84,-141,160.513016308567,3.06921212379603
1.58,84,-138,173.711950375441,3.15898635178915
1.58,84,-135,186.807151035573,3.24772352925752
1.58,84,-132,199.873975794628,3.33493231220768
1.58,84,-129,212.928938700078,3.42023719942215
1.58,84,-126,225.939658004005,3.50339408142221
1.58,84,-123,238.840612987724,3.58428513988526
1.58,84,-120,251.551584587642,3.66289981204347
1.58,84,-117,263.995770782429,3.73930861117447
1.58,84,-114,276.115078185268,3.81363516315484
1.58,84,-111,287.880865969141,3.88603003275696
1.58,84,-108,299.299337802481,3.95664846164365
1.58,84,-105,310.41170420358,4.02563315354177
1.58,84,-102,321.290013709783,4.09310254363075
1.58,84,-99,332.030032884822,4.15914438246819
1.58,84,-96,342.742663900401,4.22381389845282
1.58,84,-93,353.545147820031,4.28713537980019
1.58,84,-90,364.552839075083,4.34910589216397
1.58,84,-87,375.871844146137,4.40970009217074
1.58,84,-84,387.592485899251,4.46887561041819
1.58,84,-81,399.783504157358,4.52657900673375
1.58,84,-78,412.487135069262,4.58275255655169
1.58,84,-75,425.715605618719,4.63734194065616
1.58,84,-72,439.449930642868,4.69030433765537
1.58,84,-69,453.641993759741,4.74161573300886
1.58,84,-66,468.220590397765,4.79127582318373
1.58,84,-63,483.101407434094,4.83930897938298
1.58,84,-60,498.199959619512,4.88576038689764
1.58,84,-57,513.445559983719,4.93068749898883
1.58,84,-54,528.793758557866,4.97414801079894
1.58,84,-51,544.234558841339,5.01618636265343
1.58,84,-48,559.794190408958,5.05682115345414
1.58,84,-45,575.529198255912,5.09603577895225
1.58,84,-42,591.512912944252,5.13377421153251
1.58,84,-39,607.815763719379,5.16994322402572
1.58,84,-36,624.482187519835,5.20442157481237
1.58,84,-33,641.507897678123,5.23707568070764
1.58,84,-30,658.821822918588,5.2677800872225
1.58,84,-27,676.276886087177,5.29643973902748
1.58,84,-24,693.652751082017,5.32301001920835
1.58,84,-21,710.671666969644,5.34751024246549
1.58,84,-18,727.025826832898,5.3700270904013
1.58,84,-15,742.411831199672,5.39070633037662
1.58,84,-12,756.565712294288,5.40973363030145
1.58,84,-9,769.291285412395,5.42730772770151
1.58,84,-6,780.475740746544,5.44361102404786
1.58,84,-3,790.089222748093,5.45878342538468
1.58,84,0,798.168966342781,5.47290471751961
1.58,84,3,804.792308547432,5.48598895044621
1.58,84,6,810.045471008473,5.49799150633647
1.58,84,9,813.995648141092,5.50882639274697
1.58,84,12,816.672490193513,5.51838876632522
1.58,84,15,818.062079633463,5.52657663337299
1.58,84,18,818.112980507238,5.53330649659008
1.58,84,21,816.750992824337,5.53852009865326
1.58,84,24,813.897650077958,5.54218242943587
1.58,84,27,809.487503981231,5.54427372704316
1.58,84,30,803.480570977377,5.54477952536259
1.58,84,33,795.868354697098,5.54368263800347
1.58,84,36,786.673892837591,5.5409595934635
1.58,84,39,775.947714115096,5.53658204987646
1.58,84,42,763.762120547747,5.53052181767299
1.58,84,45,750.205865388664,5.52275689318705
1.58,84,48,735.380397410198,5.51327567648531
1.58,84,51,719.397836615227,5.50207728730885
1.58,84,54,702.38012160409,5.48916726711524
1.58,84,57,684.458513624659,5.47454945934452
1.58,84,60,665.772819069637,5.45821602153096
1.58,84,63,646.470105686445,5.44013806231007
1.58,84,66,626.703098301247,5.42025929137827
1.58,84,69,606.628662023201,5.39849451125759
1.58,84,72,586.406735822908,5.37473405227007
1.58,84,75,566.199797309707,5.34885460284071
1.58,84,78,546.172528770486,5.32073641684797
1.58,84,81,526.490959145422,5.29028649901328
1.58,84,84,507.320121151922,5.25746683447431
1.58,84,87,488.819310247298,5.22232576105417
1.58,84,90,471.134446322964,5.18502906016442
1.58,84,93,454.387833394584,5.14588551429531
1.58,84,96,438.666677616003,5.10536029434961
1.58,84,99,424.012777239113,5.06406971211213
1.58,84,102,410.416399081931,5.02275355065844
1.58,84,105,397.817049979402,4.98222635787928
1.58,84,108,386.112430645218,4.94331526029421
1.58,84,111,375.174596314706,4.90679644518861
1.58,84,114,364.869998522699,4.87334319381333
1.58,84,117,355.07856929962,4.84349473217128
1.58,84,120,345.706965415734,4.81764883413398
1.58,84,123,336.692552712787,4.7960747654198
1.58,84,126,327.997149964385,4.77893901311466
1.58,84,129,319.592164404847,4.76633514541068
1.58,84,132,311.438797648197,4.75831064941841
1.58,84,135,303.468026860054,4.75488658257117
1.58,84,138,295.564962946769,4.75606910961156
1.58,84,141,287.561132767585,4.76185447233315
1.58,84,144,279.236572774521,4.77223008230955
1.58,84,147,270.331751163189,4.7871742337526
1.58,84,150,260.567606907989,4.80665591569567
1.58,84,153,249.670676372293,4.830635102391
1.58,84,156,237.399552646626,4.85906331452064
1.58,84,159,223.568883347663,4.89188439365638
1.58,84,162,208.067751747972,4.92903621149113
1.58,84,165,190.870469128762,4.97045525633147
1.58,84,168,172.039263496721,5.01608777036652
1.58,84,171,151.719718320435,5.0659141895445
1.58,84,174,130.130738995429,5.1200010646096
1.58,84,177,107.551090537498,5.17861684072003
1.58,84,180,84.3042145304794,5.24252686035421
1.58,87,-180,84.3042145304794,-0.988298569265548
1.58,87,-177,60.1777085074832,-0.910309686018318
1.58,87,-174,36.067166653873,-0.806135276547421
1.58,87,-171,12.5673235649877,-0.545661843770093
1.58,87,-168,11.7825931834295,2.05078420282468
1.58,87,-165,33.6929966128069,2.32959009190719
1.58,87,-162,54.7967637634884,2.44521803395765
1.58,87,-159,74.71782395364,2.53893230517482
1.58,87,-156,93.4057971776436,2.62672982524729
1.58,87,-153,110.91778852139,2.71274602957712
1.58,87,-150,127.385208802574,2.79829521839675
1.58,87,-147,142.985423269744,2.88369470882865
1.58,87,-144,157.911400052188,2.96882750494285
1.58,87,-141,172.342677436465,3.05338208356326
1.58,87,-138,186.421936199029,3.13698474576804
1.58,87,-135,200.240324119438,3.21928229038728
1.58,87,-132,213.832780254866,3.2999914909872
1.58,87,-129,227.182711852143,3.378922248902
1.58,87,-126,240.233971527445,3.45598071151418
1.58,87,-123,252.907340111415,3.53115925500241
1.58,87,-120,265.118574137988,3.60451961156345
1.58,87,-117,276.795359177133,3.6761736724297
1.58,87,-114,287.891065642449,3.74626455752619
1.58,87,-111,298.393923936247,3.81494916043704
1.58,87,-108,308.331037374907,3.88238276169205
1.58,87,-105,317.767442326612,3.94870622796347
1.58,87,-102,326.801094390365,4.0140363896517
1.58,87,-99,335.555097189434,4.07846009559579
1.58,87,-96,344.1686243288,4.14203205964659
1.58,87,-93,352.7878135487,4.20477603137433
1.58,87,-90,361.55751409054,4.26668827466178
1.58,87,-87,370.614284720703,4.32774206952269
1.58,87,-84,380.080630677925,4.38789209533538
1.58,87,-81,390.060259334752,4.44707805190082
1.58,87,-78,400.634175738995,4.50522750671314
1.58,87,-75,411.857684141919,4.56225844059741
1.58,87,-72,423.758682912512,4.61808209310884
1.58,87,-69,436.337873163189,4.67260645023502
1.58,87,-66,449.571502176588,4.72574021814724
1.58,87,-63,463.416962007769,4.77739663624087
1.58,87,-60,477.820995605271,4.82749622390028
1.58,87,-57,492.729557807188,4.87596763019684
1.58,87,-54,508.097722461515,4.92274612712316
1.58,87,-51,523.897604982337,4.9677698379038
1.58,87,-48,540.122219969155,5.01097440509074
1.58,87,-45,556.783586024933,5.05228739677365
1.58,87,-42,573.904227739202,5.09162424262892
1.58,87,-39,591.502446753972,5.12888773778394
1.58,87,-36,609.573197405578,5.1639729202861
1.58,87,-33,628.067851699989,5.19677820055422
1.58,87,-30,646.877195654199,5.22722199339498
1.58,87,-27,665.822232103655,5.25526214347544
1.58,87,-24,684.656445635796,5.28091384083686
1.58,87,-21,703.081081245342,5.30426121699532
1.58,87,-18,720.772077801048,5.32545874774217
1.58,87,-15,737.414314041071,5.34472074241552
1.58,87,-12,752.736635474616,5.36229989948875
1.58,87,-9,766.540442337107,5.37845838088949
1.58,87,-6,778.715737795771,5.3934365265931
1.58,87,-3,789.241258566684,5.40742490896026
1.58,87,0,798.168966342781,5.42054483995978
1.58,87,3,805.596802831513,5.432840762228
1.58,87,6,811.636210463844,5.44428542043569
1.58,87,9,816.381775903026,5.45479583336442
1.58,87,12,819.889267329052,5.46425563770578
1.58,87,15,822.165718830772,5.47253815022338
1.58,87,18,823.171938715892,5.47952494887318
1.58,87,21,822.834889295304,5.48511673474537
1.58,87,24,821.065578878598,5.48923594767693
1.58,87,27,817.777734507773,5.4918230770983
1.58,87,30,812.903414471792,5.49283005011543
1.58,87,33,806.403366810362,5.49221418687208
1.58,87,36,798.271724393436,5.48993518240779
1.58,87,39,788.536020441696,5.4859559243922
1.58,87,42,777.254212251352,5.48024630424605
1.58,87,45,764.510396795871,5.4727880413889
1.58,87,48,750.410404954259,5.46357820159225
1.58,87,51,735.077799452569,5.45262955467368
1.58,87,54,718.650272309482,5.43996694361794
1.58,87,57,701.276201915043,5.42562005106605
1.58,87,60,683.11118544531,5.40961398030989
1.58,87,63,664.314587114366,5.3919596708891
1.58,87,66,645.046373833194,5.37264627653162
1.58,87,69,625.464614966433,5.3516373385615
1.58,87,72,605.723940823012,5.32887207289201
1.58,87,75,585.975000774701,5.30427253297076
1.58,87,78,566.364610529254,5.27775691336069
1.58,87,81,547.035934361101,5.24925879541751
1.58,87,84,528.127823678121,5.21875157292439
1.58,87,87,509.772428410651,5.18627645625111
1.58,87,90,492.090485666059,5.15197124702938
1.58,87,93,475.184293404574,5.11609564155177
1.58,87,96,459.129228644158,5.07904763445644
1.58,87,99,443.965573287383,5.04136541153077
1.58,87,102,429.693037768874,5.00371067866016
1.58,87,105,416.27034848333,4.96683287902053
1.58,87,108,403.621349222905,4.93151844270794
1.58,87,111,391.647353211408,4.89853343591065
1.58,87,114,380.243468462991,4.86856993760347
1.58,87,117,369.31504550581,4.8422052913439
1.58,87,120,358.789909442543,4.81987964727563
1.58,87,123,348.62288005498,4.80189258238053
1.58,87,126,338.790996454515,4.7884157718614
1.58,87,129,329.280237145646,4.77951658951103
1.58,87,132,320.066669790323,4.77518708340447
1.58,87,135,311.09633755412,4.77537339614507
1.58,87,138,302.268523699286,4.78000176013985
1.58,87,141,293.426345556173,4.78899838233671
1.58,87,144,284.357141982199,4.80230179610862
1.58,87,147,274.803193034591,4.81986760781123
1.58,87,150,264.481352201188,4.84166687975007
1.58,87,153,253.108564817888,4.86768043109501
1.58,87,156,240.429296992257,4.8978919187614
1.58,87,159,226.240779815455,4.93228271382778
1.58,87,162,210.412677235772,4.97083160467677
1.58,87,165,192.899109606408,5.01352275026967
1.58,87,168,173.742543326022,5.0603669380082
1.58,87,171,153.070458243778,5.11144600113841
1.58,87,174,131.086570435268,5.16700384906602
1.58,87,177,108.058583730157,5.2276493799115
1.58,87,180,84.3042145304794,5.29488673791404
1.58,90,-180,84.3042145304794,-0.935938691705717
1.58,90,-177,59.6794135065145,-0.851432363075424
1.58,90,-174,35.0480245956243,-0.728773663765292
1.58,90,-171,11.3648997140797,-0.343001894345761
1.58,90,-168,14.7273865967836,2.04067326505949
1.58,90,-165,37.2436594249744,2.32716864003381
1.58,90,-162,59.1337603304377,2.44943935777441
1.58,90,-159,79.921271120764,2.54496892585907
1.58,90,-156,99.5331224312964,2.6322407849399
1.58,90,-153,118.012545948539,2.71628935939836
1.58,90,-150,135.47383286552,2.79881460337442
1.58,90,-147,152.070063517377,2.88034490544108
1.58,90,-144,167.961846508494,2.96092169763534
1.58,90,-141,183.289562737601,3.04038589926353
1.58,90,-138,198.152883003037,3.11852366414428
1.58,90,-135,212.599988214754,3.1951458773923
1.58,90,-132,226.626909227808,3.27012742883694
1.58,90,-129,240.185593733578,3.34341957679188
1.58,90,-126,253.198139033652,3.41504552816361
1.58,90,-123,265.574186832184,3.48508754772728
1.58,90,-120,277.228615317729,3.55367147928908
1.58,90,-117,288.097164484577,3.62095184749142
1.58,90,-114,298.148304352238,3.68709853549324
1.58,90,-111,307.390382393246,3.75228487844653
1.58,90,-108,315.873798521296,3.81667683724061
1.58,90,-105,323.68860444313,3.88042333629538
1.58,90,-102,330.958454625201,3.94364837663412
1.58,90,-99,337.832186908478,4.00644577531878
1.58,90,-96,344.474430222345,4.06887714103506
1.58,90,-93,351.056507205227,4.13097301920435
1.58,90,-90,357.748554514214,4.19273628217372
1.58,90,-87,364.713309576269,4.25414616365284
1.58,90,-84,372.101531069063,4.31516116902715
1.58,90,-81,380.048656434232,4.37571958390104
1.58,90,-78,388.672145773039,4.43573734318189
1.58,90,-75,398.069050511234,4.49510426582473
1.58,90,-72,408.313640253177,4.55368064190741
1.58,90,-69,419.455323101359,4.61129647177579
1.58,90,-66,431.517464004197,4.66775511615791
1.58,90,-63,444.497894605117,4.7228418482242
1.58,90,-60,458.371799063931,4.77633621526913
1.58,90,-57,473.097206878638,4.82802577116298
1.58,90,-54,488.622582572639,4.87771811896354
1.58,90,-51,504.895142560079,4.92524855563951
1.58,90,-48,521.86780933876,4.97048187509192
1.58,90,-45,539.502420419098,5.01330871981339
1.58,90,-42,557.767179552408,5.0536387481918
1.58,90,-39,576.627461841248,5.09139420293029
1.58,90,-36,596.030829463765,5.12650768996413
1.58,90,-33,615.889091264152,5.15892682409884
1.58,90,-30,636.061854512467,5.18862604425772
1.58,90,-27,656.346640416798,5.21562306496775
1.58,90,-24,676.479843656971,5.23999516986295
1.58,90,-21,696.150615354943,5.26188979916205
1.58,90,-18,715.02664027448,5.28152496468759
1.58,90,-15,732.787619225654,5.29917751548645
1.58,90,-12,749.159976357873,5.31516026720131
1.58,90,-9,763.945568350027,5.32979159196925
1.58,90,-6,777.038223931299,5.34336267842588
1.58,90,-3,788.424550619912,5.35610813400327
1.58,90,0,798.168966342781,5.36818496239994
1.58,90,3,806.386454916847,5.37966334112043
1.58,90,6,813.209188538876,5.39053026814907
1.58,90,9,818.754216477816,5.40070445664366
1.58,90,12,823.098645103958,5.41005848168994
1.58,90,15,826.266436170248,5.41844285213302
1.58,90,18,828.227884584813,5.4257068707955
1.58,90,21,828.909933304949,5.43171279209301
1.58,90,24,828.213506142061,5.43634225283292
1.58,90,27,826.033350267786,5.43949632509562
1.58,90,30,822.276389654822,5.44109204247306
1.58,90,33,816.875884130886,5.4410585394664
1.58,90,36,809.800231370035,5.43933515610025
1.58,90,39,801.056575792854,5.4358724577605
1.58,90,42,790.690224040247,5.43063566161483
1.58,90,45,778.781161180399,5.42360890615203
1.58,90,48,765.438845663185,5.41479840153893
1.58,90,51,750.796150781601,5.4042327733087
1.58,90,54,735.003015311515,5.39195968621007
1.58,90,57,718.220178550651,5.3780388297309
1.58,90,60,700.613316107491,5.36253227711678
1.58,90,63,682.347903452742,5.34549388563602
1.58,90,66,663.585135229879,5.32695969276413
1.58,90,69,644.479160836186,5.30694119866726
1.58,90,72,625.175740690514,5.28542310393573
1.58,90,75,605.812199582218,5.26236661091304
1.58,90,78,586.518295157049,5.23771888743077
1.58,90,81,567.41738499747,5.21142875967405
1.58,90,84,548.627123233445,5.18346810001152
1.58,90,87,530.258905535563,5.1538576146481
1.58,90,90,512.415462723827,5.12269474555257
1.58,90,93,495.186411548705,5.09018022981678
1.58,90,96,478.64219166894,5.05663876407847
1.58,90,99,462.827549270986,5.0225286858239
1.58,90,102,447.756358689395,4.98843618967568
1.58,90,105,433.409810615875,4.95505172464241
1.58,90,108,419.739571870076,4.92312968349272
1.58,90,111,406.676359061257,4.893436390331
1.58,90,114,394.142705140147,4.86669436879872
1.58,90,117,382.06707078824,4.84353181490556
1.58,90,120,370.395498235742,4.82444485476093
1.58,90,123,359.097171607264,4.80977725467279
1.58,90,126,348.161584064761,4.79971893087326
1.58,90,129,337.587146346531,4.79432176540305
1.58,90,132,327.363370239632,4.79352912036203
1.58,90,135,317.450564618334,4.79721386588516
1.58,90,138,307.761812087041,4.80521859151938
1.58,90,141,298.151668174496,4.81739127766458
1.58,90,144,288.414667699152,4.8336106446432
1.58,90,147,278.294697745555,4.85379793213859
1.58,90,150,267.504093152788,4.87791545590227
1.58,90,153,255.749428591494,4.90595574176913
1.58,90,156,242.759830602291,4.93792719090072
1.58,90,159,228.31344517559,4.97384268556278
1.58,90,162,212.258460739875,5.01371686570849
1.58,90,165,194.526535649642,5.05757725287134
1.58,90,168,175.138158130634,5.10549576565642
1.58,90,171,154.200879714829,5.15765365871179
1.58,90,174,131.902159875812,5.21447306939124
1.58,90,177,108.498707540979,5.27691161187083
1.58,90,180,84.3042145304794,5.34724661547387
1.58,93,-180,84.3042145304794,-0.883578814145887
1.58,93,-177,59.2494270116464,-0.792658329109856
1.58,93,-174,34.1831067545401,-0.650526673148656
1.58,93,-171,10.652861808116,-0.119270882336144
1.58,93,-168,17.4847192035112,2.04150689711587
1.58,93,-165,40.5560354819255,2.32949497139737
1.58,93,-162,63.1605045703178,2.45604689400453
1.58,93,-159,84.7361168831409,2.55246253292394
1.58,93,-156,105.186401977294,2.63879444907412
1.58,93,-153,124.54052207619,2.72074564514937
1.58,93,-150,142.896286839806,2.80032650267
1.58,93,-147,160.383808776886,2.8782439415807
1.58,93,-144,177.133164673877,2.95467383556637
1.58,93,-141,193.247728821807,3.02958173929051
1.58,93,-138,208.786439419481,3.10287881420527
1.58,93,-135,223.756756649257,3.17450008661406
1.58,93,-132,238.117953690198,3.24443816725719
1.58,93,-129,251.792625701928,3.31275001737924
1.58,93,-126,264.68331859285,3.37954900602857
1.58,93,-123,276.690995208813,3.44499105346256
1.58,93,-120,287.732469161186,3.50926025404077
1.58,93,-117,297.754673543351,3.57255630757215
1.58,93,-114,306.744461506361,3.63508396461196
1.58,93,-111,314.733413271802,3.69704375402155
1.58,93,-108,321.797786194675,3.75862332786349
1.58,93,-105,328.054275411736,3.81998938976774
1.58,93,-102,333.652648251589,3.88128086848489
1.58,93,-99,338.766561000271,3.94260434686551
1.58,93,-96,343.583934592288,4.00403253162759
1.58,93,-93,348.29813196081,4.06560576468277
1.58,93,-90,353.100844542204,4.12733549065156
1.58,93,-87,358.177101601529,4.18920764400805
1.58,93,-84,363.702253173447,4.25118357534711
1.58,93,-81,369.840269111086,4.31319672043663
1.58,93,-78,376.742374268702,4.37514473203947
1.58,93,-75,384.545009815999,4.43687885785012
1.58,93,-72,393.366423466223,4.49819424969587
1.58,93,-69,403.301812799576,4.55882580751877
1.58,93,-66,414.417736147595,4.61845348097759
1.58,93,-63,426.747221280925,4.67671859636527
1.58,93,-60,440.287345549783,4.73324939310635
1.58,93,-57,455.000786298189,4.78769076458038
1.58,93,-54,470.82188476662,4.83973150111356
1.58,93,-51,487.666335574781,4.88912288212122
1.58,93,-48,505.442153631626,4.93568510024927
1.58,93,-45,524.058626151005,4.97930175931024
1.58,93,-42,543.429975881888,5.01990626576548
1.58,93,-39,563.471617794238,5.05746618327804
1.58,93,-36,584.08899494293,5.09197186175137
1.58,93,-33,605.161482876929,5.12343380556213
1.58,93,-30,626.525975717966,5.15188986672791
1.58,93,-27,647.965733957132,5.17741954786996
1.58,93,-24,669.209402913582,5.2001598214065
1.58,93,-21,689.942843293995,5.22031595373882
1.58,93,-18,709.83314653632,5.23816211328932
1.58,93,-15,728.560883283031,5.25402940915912
1.58,93,-12,745.85421263156,5.26828233585267
1.58,93,-9,761.517630222846,5.28128736064963
1.58,93,-6,775.449069781184,5.29337901598915
1.58,93,-3,787.641550295442,5.30482924938527
1.58,93,0,798.168966342781,5.31582508484012
1.58,93,3,807.159116682174,5.32645805931706
1.58,93,6,814.759785835348,5.33672663704242
1.58,93,9,821.104949838194,5.34655022907418
1.58,93,12,826.287680521391,5.35579112451503
1.58,93,15,830.344291422365,5.36427924731181
1.58,93,18,833.251369307117,5.37183467408288
1.58,93,21,834.934441755783,5.37828428282683
1.58,93,24,835.284904465399,5.38347119624361
1.58,93,27,834.180875424483,5.38725797446155
1.58,93,30,831.507835553964,5.38952603090869
1.58,93,33,827.175916540358,5.39017412582815
1.58,93,36,821.132039661537,5.38911813999718
1.58,93,39,813.366380952369,5.38629307680209
1.58,93,42,803.913585049918,5.38165690832624
1.58,93,45,792.849701094968,5.37519489638983
1.58,93,48,780.286033175868,5.36692261033979
1.58,93,51,766.361106259097,5.3568860497821
1.58,93,54,751.231853736576,5.34515792410659
1.58,93,57,735.064991941082,5.33183002000198
1.58,93,60,718.029371729348,5.31700247144667
1.58,93,63,700.289881446505,5.30077144672242
1.58,93,66,682.003223086572,5.28321717150345
1.58,93,69,663.315617666203,5.26439428538996
1.58,93,72,644.362250778423,5.24432632019425
1.58,93,75,625.268073192038,5.22300567377182
1.58,93,78,606.149435693713,5.2003999238207
1.58,93,81,587.115958348424,5.17646474665477
1.58,93,84,568.272004923816,5.15116309133618
1.58,93,87,549.717158241167,5.12448957204431
1.58,93,90,531.545197926025,5.09649821932638
1.58,93,93,513.84131194553,5.06733074976995
1.58,93,96,496.677665242286,5.03724147012438
1.58,93,99,480.107993945725,5.00661411016587
1.58,93,102,464.162491485941,4.97596573955178
1.58,93,105,448.844691601971,4.94593395483716
1.58,93,108,434.132053810037,4.91724595151918
1.58,93,111,419.981297784963,4.89067160231879
1.58,93,114,406.338214437906,4.86696632337279
1.58,93,117,393.150029329154,4.84681213442621
1.58,93,120,380.377002627053,4.83076604753806
1.58,93,123,367.99944743647,4.81922366378528
1.58,93,126,356.017097614025,4.81240323051978
1.58,93,129,344.439655979406,4.81035219641893
1.58,93,132,333.269851371569,4.81297494774759
1.58,93,135,322.482634353239,4.82007701414565
1.58,93,138,312.00551355139,4.8314178206428
1.58,93,141,301.705066217583,4.84676185783679
1.58,93,144,291.383374714388,4.86591820339885
1.58,93,147,280.78595377479,4.88876144734462
1.58,93,150,269.620255396657,4.91523263892707
1.58,93,153,257.581694144371,4.94532486901478
1.58,93,156,244.382816975012,4.97906225545979
1.58,93,159,229.781011521581,5.0164822888742
1.58,93,162,213.600976305335,5.05763034371001
1.58,93,165,195.749736821905,5.10257363691144
1.58,93,168,176.223746692354,5.15144287046815
1.58,93,171,155.109014234032,5.20451787388213
1.58,93,174,132.575911758431,5.26240050262496
1.58,93,177,108.870452565078,5.32640415144999
1.58,93,180,84.3042145304794,5.3996064930337
1.58,96,-180,84.3042145304794,-0.831218936586058
1.58,96,-177,58.8892281870561,-0.734031082240025
1.58,96,-174,33.4770076558381,-0.571762614772401
1.58,96,-171,10.4527252588976,0.109256058868407
1.58,96,-168,20.0411358137963,2.0472310896331
1.58,96,-165,43.607928292451,2.33472209665642
1.58,96,-162,66.8510688727748,2.46410912520267
1.58,96,-159,89.1312406827263,2.56079062263418
1.58,96,-156,110.327976114485,2.64590789768348
1.58,96,-153,130.456252725369,2.7256985391205
1.58,96,-150,149.598215994155,2.80243844492477
1.58,96,-147,167.862719667099,2.87699249739641
1.58,96,-144,185.351770562689,2.94965353128967
1.58,96,-141,202.134720328805,3.02048954140907
1.58,96,-138,218.232983759903,3.08950818051819
1.58,96,-135,233.616437296971,3.15673579298954
1.58,96,-132,248.210440607991,3.22224947301421
1.58,96,-129,261.910698082422,3.28618244933496
1.58,96,-126,274.602335376475,3.34871594705062
1.58,96,-123,286.179595225957,3.41006612508409
1.58,96,-120,296.563209820983,3.47047086526723
1.58,96,-117,305.713467034982,3.53017819159774
1.58,96,-114,313.637983349353,3.58943625717918
1.58,96,-111,320.394057571182,3.6484841787669
1.58,96,-108,326.086140027076,3.7075432363232
1.58,96,-105,330.859415458682,3.76680863502747
1.58,96,-102,334.890792910842,3.82644268080944
1.58,96,-99,338.3787403969,3.88657046874037
1.58,96,-96,341.533389110449,3.94727881683188
1.58,96,-93,344.568138187372,4.00861821707266
1.58,96,-90,347.693601171681,4.07060629984708
1.58,96,-87,351.114169915035,4.13323021138177
1.58,96,-84,355.026805837778,4.19644495958024
1.58,96,-81,359.621033007612,4.26016563039107
1.58,96,-78,365.078669710526,4.32425349168691
1.58,96,-75,371.57176395612,4.38849894080136
1.58,96,-72,379.257614724199,4.45260704318272
1.58,96,-69,388.270674701851,4.51619277158986
1.58,96,-66,398.712375520975,4.578791886411
1.58,96,-63,410.641125083111,4.63988944002162
1.58,96,-60,424.065403485019,4.69896221390888
1.58,96,-57,438.942604848679,4.75552622851994
1.58,96,-54,455.184925960338,4.8091781505533
1.58,96,-51,472.671523974086,4.85962110753465
1.58,96,-48,491.26404497512,4.90667038432506
1.58,96,-45,510.821234460747,4.9502406289331
1.58,96,-42,531.208232474426,4.99032126514215
1.58,96,-39,552.297477492077,5.02694931840984
1.58,96,-36,573.960595720792,5.06018839591912
1.58,96,-33,596.053563844748,5.0901195638898
1.58,96,-30,618.399919416511,5.11684535981585
1.58,96,-27,640.778010104234,5.14050355901992
1.58,96,-24,662.917715918815,5.16128403674948
1.58,96,-21,684.509806456868,5.17944114516557
1.58,96,-18,705.227745524758,5.19529559175664
1.58,96,-15,724.758314145801,5.2092230676517
1.58,96,-12,742.834867747317,5.22163055601737
1.58,96,-9,759.266041466696,5.23292422575741
1.58,96,-6,773.953485674932,5.2434745008751
1.58,96,-3,786.89452967511,5.25358424193154
1.58,96,0,798.168966342781,5.26346520728029
1.58,96,3,807.912635879366,5.27322633670822
1.58,96,6,816.283315722266,5.28287515971401
1.58,96,9,823.4258925557,5.29233110538489
1.58,96,12,829.443552041473,5.30144720061542
1.58,96,15,834.379911401295,5.31003522425708
1.58,96,18,838.214235904897,5.31788931953254
1.58,96,21,840.868962249717,5.32480438699793
1.58,96,24,842.226472452914,5.33058777425512
1.58,96,27,842.150871660469,5.33506500977653
1.58,96,30,840.510462729556,5.33808182862084
1.58,96,33,837.197398415421,5.33950512996938
1.58,96,36,832.142208554298,5.33922488578914
1.58,96,39,825.322161275923,5.33715781186026
1.58,96,42,816.7634787443,5.33325233573469
1.58,96,45,806.538196678432,5.32749346594594
1.58,96,48,794.75694492958,5.31990579793265
1.58,96,51,781.559181639235,5.31055309833838
1.58,96,54,767.102470693372,5.29953355787141
1.58,96,57,751.552262978674,5.28697068596349
1.58,96,60,735.073337588446,5.27300071813601
1.58,96,63,717.823619942992,5.25775813305284
1.58,96,66,699.950599568391,5.24136130752186
1.58,96,69,681.590122080348,5.22390042842752
1.58,96,72,662.867014037112,5.20542956065196
1.58,96,75,643.896854893829,5.18596432583099
1.58,96,78,624.788218403279,5.16548608721824
1.58,96,81,605.644804693446,5.14395295286525
1.58,96,84,586.567001795653,5.12131734441557
1.58,96,87,567.652503947641,5.09754930842451
1.58,96,90,548.995673826295,5.07266409453952
1.58,96,93,530.685418697861,5.04675170568928
1.58,96,96,512.801538994279,5.02000512502646
1.58,96,99,495.409870938134,4.99274288971215
1.58,96,102,478.557076200732,4.96542098016153
1.58,96,105,462.266494725166,4.93862916539959
1.58,96,108,446.536798860669,4.9130684908289
1.58,96,111,431.344943646438,4.88950963343205
1.58,96,114,416.653902819447,4.86873584500203
1.58,96,117,402.424038992608,4.85147802225383
1.58,96,120,388.625200691549,4.83835183839307
1.58,96,123,375.245529033762,4.82980712893258
1.58,96,126,362.293143439242,4.8260979558167
1.58,96,129,349.788541478533,4.8272786070044
1.58,96,132,337.748253562922,4.83322677219531
1.58,96,135,326.163126370558,4.84369048945919
1.58,96,138,314.976564382131,4.85835050461302
1.58,96,141,304.068460488141,4.87688553572978
1.58,96,144,293.24930464716,4.8990265098936
1.58,96,147,282.266547351819,4.9245887420576
1.58,96,150,270.822492788152,4.95347800106049
1.58,96,153,258.600582776823,4.98567490374238
1.58,96,156,245.295473049445,5.02120864044104
1.58,96,159,230.642063304496,5.06013350191413
1.58,96,162,214.439551732477,5.10252041886831
1.58,96,165,196.568248095149,5.14847331288109
1.58,96,168,176.998688678093,5.19818047427233
1.58,96,171,155.79396269515,5.25202071453686
1.58,96,174,133.106789273391,5.31077786537868
1.58,96,177,109.173024699856,5.37612712485261
1.58,96,180,84.3042145304794,5.45196637059353
1.58,99,-180,84.3042145304793,-0.778859059026229
1.58,99,-177,58.6000522622463,-0.675595825538071
1.58,99,-174,32.9328753901862,-0.492921424035003
1.58,99,-171,10.7204267304759,0.322785040685877
1.58,99,-168,22.3883020460716,2.05493947064776
1.58,99,-165,46.3828539132849,2.34160888710643
1.58,99,-162,70.1853529281735,2.47295175674154
1.58,99,-159,93.0824766489256,2.56949042695191
1.58,99,-156,114.928865123552,2.65321776589068
1.58,99,-153,135.725131812166,2.73083221425439
1.58,99,-150,155.538708573832,2.80485034318504
1.58,99,-147,174.459309943284,2.87628279881596
1.58,99,-144,192.564041634907,2.94552682879886
1.58,99,-141,209.892159106839,3.01273522060814
1.58,99,-138,226.431807794393,3.07798883265668
1.58,99,-135,242.119384040352,3.1413784003561
1.58,99,-132,256.849875260417,3.20303819371075
1.58,99,-129,270.494825738768,3.26315342138713
1.58,99,-126,282.923828083812,3.32195459672275
1.58,99,-123,294.025622783302,3.37970680988504
1.58,99,-120,303.725724590899,3.43669796468602
1.58,99,-117,311.998638191042,3.4932273678474
1.58,99,-114,318.873878234561,3.54959465195744
1.58,99,-111,324.435980441286,3.60608869851738
1.58,99,-108,328.819404892115,3.6629766269341
1.58,99,-105,332.199694605546,3.7204935735724
1.58,99,-102,334.78250000219,3.77883447558472
1.58,99,-99,336.792143872301,3.83814907410865
1.58,99,-96,338.461286736161,3.89854070469564
1.58,99,-93,340.022943158906,3.9600682222936
1.58,99,-90,341.705583990923,4.02274895024968
1.58,99,-87,343.731362143338,4.0865594117918
1.58,99,-84,346.316705653545,4.15143044966429
1.58,99,-81,349.673783992105,4.21723466722899
1.58,99,-78,354.010875847326,4.28376700747288
1.58,99,-75,359.529665477499,4.35072313791624
1.58,99,-72,366.418132173283,4.4176838052659
1.58,99,-69,374.838983467472,4.48411465826446
1.58,99,-66,384.91527265353,4.54938866402639
1.58,99,-63,396.716404413765,4.61283197147638
1.58,99,-60,410.248490354766,4.67378584711828
1.58,99,-57,425.452456848316,4.73167071775672
1.58,99,-54,442.21141311065,4.78603672058564
1.58,99,-51,460.366129462442,4.83658939315886
1.58,99,-48,479.734975722322,4.88318717379469
1.58,99,-45,500.133188660534,4.92581566115615
1.58,99,-42,521.386360914354,4.9645491547922
1.58,99,-39,543.334587299607,4.99951167763824
1.58,99,-36,565.826372336365,5.03084781396942
1.58,99,-33,588.704493338303,5.05870938929426
1.58,99,-30,611.788654182405,5.08325861787754
1.58,99,-27,634.861124372174,5.10468327732881
1.58,99,-24,657.661125880671,5.12321609703767
1.58,99,-21,679.891547045794,5.13914977556517
1.58,99,-18,701.238245702954,5.15284091033298
1.58,99,-15,721.398723321307,5.16469974593707
1.58,99,-12,740.11427899921,5.17516665800029
1.58,99,-9,757.198562331887,5.1846794873504
1.58,99,-6,772.555986585591,5.19363761151627
1.58,99,-3,786.185572681177,5.20236896021387
1.58,99,0,798.168966342781,5.21110532972046
1.58,99,3,808.644863387809,5.21996964603029
1.58,99,6,817.775049247339,5.22897654436119
1.58,99,9,825.70896214676,5.2380451037567
1.58,99,12,832.553699346317,5.2470202966096
1.58,99,15,838.354759854748,5.2556982948052
1.58,99,18,843.09009491293,5.26385069030917
1.58,99,21,846.677046504449,5.27124397659404
1.58,99,24,848.989299587315,5.27765279698371
1.58,99,27,849.879567029439,5.28286766109416
1.58,99,30,849.203472327282,5.28669928622988
1.58,99,33,846.840760705686,5.28898205568642
1.58,99,36,842.7111568011,5.28957840439624
1.58,99,39,836.783512765422,5.28838468898174
1.58,99,42,829.078091226135,5.28533781394286
1.58,99,45,819.662779717338,5.2804209963319
1.58,99,48,808.644707395872,5.27366677251599
1.58,99,51,796.159131611184,5.26515568251651
1.58,99,54,782.35757368957,5.25500985269063
1.58,99,57,767.397000189588,5.24338169704569
1.58,99,60,751.43139042441,5.23043891991321
1.58,99,63,734.606388166937,5.21634772041682
1.58,99,66,717.057048666554,5.20125644791592
1.58,99,69,698.908121943606,5.18528191544048
1.58,99,72,680.275979702768,5.16850021758973
1.58,99,75,661.271232888274,5.15094335320772
1.58,99,78,642.001246976963,5.13260236425707
1.58,99,81,622.572029766095,5.11343717492962
1.58,99,84,603.089218640283,5.09339288208202
1.58,99,87,583.658045977776,5.07242186166734
1.58,99,90,564.382195981784,5.05051060246429
1.58,99,93,545.361442143441,5.02770952101536
1.58,99,96,526.687985101024,5.00416306199984
1.58,99,99,508.441618162604,4.98013620515236
1.58,99,102,490.684294467604,4.95603238239604
1.58,99,105,473.455282249047,4.93239731313475
1.58,99,108,456.768621527127,4.90990405551674
1.58,99,111,440.614655539403,4.88931707581729
1.58,99,114,424.966664865978,4.87143715125743
1.58,99,117,409.792035872561,4.8570334507766
1.58,99,120,395.065372979436,4.84677275025466
1.58,99,123,380.779347458898,4.84115728560134
1.58,99,126,366.948747688181,4.84048193312117
1.58,99,129,353.604615497222,4.84481869121846
1.58,99,132,340.778234791106,4.85403238229109
1.58,99,135,328.478100612342,4.86782628460362
1.58,99,138,316.665575178168,4.88581020841243
1.58,99,141,305.235757065431,4.90757746073289
1.58,99,144,294.008895303594,4.93277366312054
1.58,99,147,282.734994717933,4.9611421417084
1.58,99,150,271.111063532456,4.9925381969218
1.58,99,153,258.807728197514,5.02691531349815
1.58,99,156,245.500343504015,5.06429569121083
1.58,99,159,230.899505753883,5.10474183845224
1.58,99,162,214.776889965792,5.14834510361494
1.58,99,165,196.984100734029,5.19524390002013
1.58,99,168,177.464073818053,5.24568417611279
1.58,99,171,156.255878199936,5.30014550039619
1.58,99,174,133.49430780247,5.35959681390379
1.58,99,177,109.40584486919,5.42608020028097
1.58,99,180,84.3042145304793,5.50432624815336
1.58,102,-180,84.3042145304793,-0.7264991814664
1.58,102,-177,58.3828831331599,-0.617398724636294
1.58,102,-174,32.5522730113461,-0.414496501703437
1.58,102,-171,11.359791878443,0.507263697190666
1.58,102,-168,24.5212318149019,2.06302154508669
1.58,102,-165,48.8689065239119,2.34928043910286
1.58,102,-162,73.1485017589841,2.48207025412342
1.58,102,-159,96.5722752904453,2.57820824693278
1.58,102,-156,118.968619930594,2.6604433354912
1.58,102,-153,140.32346487125,2.73590026465402
1.58,102,-150,160.6905703526,2.80732524482488
1.58,102,-147,180.143017820802,2.87586861858112
1.58,102,-144,198.736877500165,2.9420234654219
1.58,102,-141,216.486176279463,3.00601363986598
1.58,102,-138,233.351087735418,3.06797452728123
1.58,102,-135,249.239586063649,3.12803955234567
1.58,102,-132,264.020494375576,3.18637815853503
1.58,102,-129,277.544148334753,3.24320792655258
1.58,102,-126,289.666190653676,3.2987935451224
1.58,102,-123,300.270268144013,3.35343965231545
1.58,102,-120,309.286341510151,3.40748085470424
1.58,102,-117,316.702586982209,3.46127003142024
1.58,102,-114,322.570159783673,3.51516512483497
1.58,102,-111,327.00119650693,3.56951466993469
1.58,102,-108,330.161260462162,3.62464287600435
1.58,102,-105,332.257965629104,3.68083569337618
1.58,102,-102,333.527773988336,3.73832958630666
1.58,102,-99,334.222972263493,3.79730442179783
1.58,102,-96,334.60060555612,3.85788088355905
1.58,102,-93,334.914674144423,3.92012128465095
1.58,102,-90,335.412196325936,3.98403101624377
1.58,102,-87,336.332859262853,4.04955680047591
1.58,102,-84,337.911042814137,4.11657814363158
1.58,102,-81,340.378200414426,4.18489042610433
1.58,102,-78,343.963159006694,4.25418187748884
1.58,102,-75,348.888101343602,4.32401137335022
1.58,102,-72,355.35897567118,4.3937977185389
1.58,102,-69,363.550780315021,4.46283149478233
1.58,102,-66,373.590200315266,4.53031593235841
1.58,102,-63,385.539716330545,4.59543410413219
1.58,102,-60,399.387781513077,4.65742947317144
1.58,102,-57,415.048547271241,4.71568048015267
1.58,102,-54,432.372163933218,4.76975092417464
1.58,102,-51,451.163735023772,4.81940586606021
1.58,102,-48,471.206577664315,4.86459363252927
1.58,102,-45,492.284263053451,4.90540353866717
1.58,102,-42,514.196235680896,4.94201347903171
1.58,102,-39,536.763496469595,4.97464141160327
1.58,102,-36,559.823477174538,5.00351127642184
1.58,102,-33,583.216225379867,5.02883859606847
1.58,102,-30,606.766603941271,5.05083521912377
1.58,102,-27,630.268620184396,5.0697275936388
1.58,102,-24,653.477723392747,5.08577974454633
1.58,102,-21,676.114925599324,5.09931157631946
1.58,102,-18,697.88344769179,5.11070524435411
1.58,102,-15,718.495171681567,5.12039624521205
1.58,102,-12,737.701425672312,5.1288501670258
1.58,102,-9,755.321226749112,5.13652945722213
1.58,102,-6,771.260366346985,5.14385644230227
1.58,102,-3,785.516568011181,5.15117913948788
1.58,102,0,798.168966342781,5.15874545216063
1.58,102,3,809.353660732113,5.16668951798115
1.58,102,6,819.230239262514,5.17503160540571
1.58,102,9,827.946134746916,5.18369038260923
1.58,102,12,835.60594239788,5.19250410368807
1.58,102,15,842.251362936542,5.20125586453242
1.58,102,18,847.854725131209,5.20969803261145
1.58,102,21,852.325921636966,5.217572276668
1.58,102,24,855.529924358974,5.22462379845099
1.58,102,27,857.310424365303,5.2306105463188
1.58,102,30,857.514746391333,5.23530958207476
1.58,102,33,856.015826447,5.23852299838936
1.58,102,36,852.728312717972,5.24008497047298
1.58,102,39,847.617333455661,5.23987015504823
1.58,102,42,840.699855786995,5.23780230509124
1.58,102,45,832.039664864542,5.23386111212272
1.58,102,48,821.737759599151,5.22808514488032
1.58,102,51,809.920370984531,5.22056930315187
1.58,102,54,796.72685053464,5.21145623789543
1.58,102,57,782.299353255485,5.20092239123302
1.58,102,60,766.77560697285,5.18916036259154
1.58,102,63,750.285249384072,5.17635996687174
1.58,102,66,732.949416299193,5.16269050837314
1.58,102,69,714.88266925362,5.14828649204708
1.58,102,72,696.196079027269,5.13323839095653
1.58,102,75,677.000344897468,5.11758939417344
1.58,102,78,657.408135525721,5.10133845435812
1.58,102,81,637.535235821012,5.08444953836297
1.58,102,84,617.500426008163,5.06686675357951
1.58,102,87,597.424207221678,5.04853487957001
1.58,102,90,577.426504343569,5.02942461585309
1.58,102,93,557.62338595975,5.00956137902945
1.58,102,96,538.122770355891,4.98905560805536
1.58,102,99,519.019182666518,4.96813126783826
1.58,102,102,500.387992351875,4.94714782621619
1.58,102,105,482.280164246569,4.92660996497374
1.58,102,108,464.719180402878,4.90715942111956
1.58,102,111,447.702037260358,4.88954527363074
1.58,102,114,431.205671160389,4.87457275568008
1.58,102,117,415.198636842213,4.86303547856973
1.58,102,120,399.655675790351,4.85564033669208
1.58,102,123,384.570803417388,4.85293692606729
1.58,102,126,369.963761318612,4.85526346480098
1.58,102,129,355.875830788105,4.86271926027129
1.58,102,132,342.353993528839,4.87517025099372
1.58,102,135,329.426277576925,4.8922891013844
1.58,102,138,317.074363052012,4.91362453051463
1.58,102,141,305.21084559711,4.93868679197984
1.58,102,144,293.667471055161,4.96703025410571
1.58,102,147,282.197679993452,4.99831366250661
1.58,102,150,270.493129684463,5.03232586834165
1.58,102,153,258.21073933399,5.068977351146
1.58,102,156,245.005037277641,5.10827018535239
1.58,102,159,230.560405854648,5.15026601187019
1.58,102,162,214.61896877177,5.19507170947494
1.58,102,165,197.001755487994,5.24285891980876
1.58,102,168,177.622657635886,5.29393272294449
1.58,102,171,156.495940252695,5.34887668822139
1.58,102,174,133.738524265471,5.40884893570336
1.58,102,177,109.568547661226,5.47626261661419
1.58,102,180,84.3042145304793,5.55668612571319
1.58,105,-180,84.3042145304793,-0.674139303906569
1.58,105,-177,58.2384486272199,-0.559486090624033
1.58,105,-174,32.335129339827,-0.33700931529282
1.58,105,-171,12.2604553177104,0.65813616636047
1.58,105,-168,26.437719654943,2.07047158538109
1.58,105,-165,51.0581339266588,2.35709002770081
1.58,105,-162,75.7305154194262,2.49107394380045
1.58,105,-159,99.5894262654901,2.58666579583822
1.58,105,-156,122.435146541207,2.66736169879424
1.58,105,-153,144.23841855452,2.74070478143004
1.58,105,-150,165.04041404454,2.80966978273443
1.58,105,-147,184.900401203613,2.875545392584
1.58,105,-144,203.857881169872,2.93891529408873
1.58,105,-141,221.907350745785,3.00006418927971
1.58,105,-138,238.987243030698,3.05916748180616
1.58,105,-135,254.983032290874,3.1163843343926
1.58,105,-132,269.742200862463,3.17190224969771
1.58,105,-129,283.097050926766,3.22595600633688
1.58,105,-126,294.890615194806,3.27883278440738
1.58,105,-123,305.001152466766,3.33086944376092
1.58,105,-120,313.36165505776,3.38244455484332
1.58,105,-117,319.972118531636,3.43396612359257
1.58,105,-114,324.903730012574,3.48585554386503
1.58,105,-111,328.295398304631,3.5385286919633
1.58,105,-108,330.344045658261,3.59237577404756
1.58,105,-105,331.290749063673,3.64774211473558
1.58,105,-102,331.405144541127,3.70491218088371
1.58,105,-99,330.970494325679,3.76409853879126
1.58,105,-96,330.271470948492,3.82543610898179
1.58,105,-93,329.586050418206,3.88898024999002
1.58,105,-90,329.181977463623,3.95470542988401
1.58,105,-87,329.317176123032,4.02250033587024
1.58,105,-84,330.242409545041,4.09215604601921
1.58,105,-81,332.203691053627,4.16334680374139
1.58,105,-78,335.441693564303,4.23560767318043
1.58,105,-75,340.185936600534,4.30831848011915
1.58,105,-72,346.642933604566,4.38070647363127
1.58,105,-69,354.979540276446,4.45187837900612
1.58,105,-66,365.304860177187,4.52088475987992
1.58,105,-63,377.655390371101,4.5868079160072
1.58,105,-60,391.987923652223,4.64885415476646
1.58,105,-57,408.182951408213,4.70642779044308
1.58,105,-54,426.058545745059,4.75916971345022
1.58,105,-51,445.39194640275,4.80695487466875
1.58,105,-48,465.944194763968,4.8498548998583
1.58,105,-45,487.482535734268,4.88807977445357
1.58,105,-42,509.795925907868,4.9219147636553
1.58,105,-39,532.700621590577,4.95166660067642
1.58,105,-36,556.035171349312,4.97762837262926
1.58,105,-33,579.646788179319,5.00006693479086
1.58,105,-30,603.373439531679,5.01923106236613
1.58,105,-27,627.027393603003,5.03537377629243
1.58,105,-24,650.385873973451,5.04877931933236
1.58,105,-21,673.19279612592,5.05978487682596
1.58,105,-18,695.172700609088,5.06878940593753
1.58,105,-15,716.054743585509,5.07624603150296
1.58,105,-12,735.601823099812,5.08263898975199
1.58,105,-9,753.638298194518,5.08844973291582
1.58,105,-6,770.069681639132,5.09411880862393
1.58,105,-3,784.889203922048,5.10001042751289
1.58,105,0,798.168966342781,5.1063855746008
1.58,105,3,810.036907808927,5.11338754620334
1.58,105,6,820.644143461083,5.12104129374629
1.58,105,9,830.129495112271,5.12926531761557
1.58,105,12,838.588576979418,5.1378925748686
1.58,105,15,846.053483137133,5.14669552289669
1.58,105,18,852.486383326047,5.1554104503568
1.58,105,21,857.78702707901,5.16375764478685
1.58,105,24,861.811228520586,5.17145616866649
1.58,105,27,864.395558736614,5.17823418371676
1.58,105,30,865.382979997881,5.18383707555578
1.58,105,33,864.644860880172,5.18803571455259
1.58,105,36,862.096285003852,5.19063619891433
1.58,105,39,857.703310096351,5.19149089372849
1.58,105,42,851.482442235735,5.19050914517824
1.58,105,45,843.493821368256,5.18766522389681
1.58,105,48,833.83037551421,5.18300108122819
1.58,105,51,822.605485141655,5.17662233810703
1.58,105,54,809.94153425591,5.16868727956455
1.58,105,57,795.961169314094,5.1593900799429
1.58,105,60,780.782254927419,5.14894062232963
1.58,105,63,764.516587675609,5.13754382050927
1.58,105,66,747.271622337355,5.12538123241438
1.58,105,69,729.153960473365,5.1125971095314
1.58,105,72,710.273232079488,5.09929012995346
1.58,105,75,690.745226438741,5.08551120712809
1.58,105,78,670.693563029538,5.07126716434878
1.58,105,81,650.249666908139,5.0565297955397
1.58,105,84,629.551179907852,5.04124984103186
1.58,105,87,608.739118401979,5.02537553741634
1.58,105,90,587.95407830925,5.00887544095989
1.58,105,93,567.331660337116,4.99176495185615
1.58,105,96,546.99716968678,4.97413520767093
1.58,105,99,527.059681189584,4.95618172908783
1.58,105,102,507.605863598628,4.93822859136925
1.58,105,105,488.694523088367,4.92074248028399
1.58,105,108,470.353468463679,4.90433055252179
1.58,105,111,452.580637311575,4.88971731905066
1.58,105,114,435.350997626933,4.87769908016209
1.58,105,117,418.629285316693,4.86907916665659
1.58,105,120,402.386365730674,4.86459199772947
1.58,105,123,386.614714407354,4.86482725730293
1.58,105,126,371.337333434929,4.87016654876729
1.58,105,129,356.605272145167,4.88074391095094
1.58,105,132,342.481932344703,4.89643905485268
1.58,105,135,329.016615187997,4.91690796580003
1.58,105,138,316.213686145469,4.94164885155628
1.58,105,141,304.00567134416,4.9700924068001
1.58,105,144,292.237737648026,5.00169669410607
1.58,105,147,280.66776947115,5.03602352906763
1.58,105,150,268.982027405632,5.07277891459375
1.58,105,153,256.822736584968,5.11181370578061
1.58,105,156,243.821941127386,5.15309610264376
1.58,105,159,229.635812628317,5.19667768658613
1.58,105,162,213.974921303544,5.24267655061669
1.58,105,165,196.628018953958,5.29129749400428
1.58,105,168,177.478804064135,5.3429077702195
1.58,105,171,156.516320554157,5.39819974479284
1.58,105,174,133.840022511459,5.4585257332729
1.58,105,177,109.660978918598,5.52667321034979
1.58,105,180,84.3042145304793,5.60904600327302
1.58,108,-180,84.3042145304794,-0.621779426346738
1.58,108,-177,58.1672185159193,-0.501903515997254
1.58,108,-174,32.2797940711657,-0.260979431279201
1.58,108,-171,13.3279795114727,0.7775781927036
1.58,108,-168,28.138178530374,2.07658965977138
1.58,108,-165,52.9461687041868,2.36453560340824
1.58,108,-162,77.9259426724488,2.49964905202493
1.58,108,-159,102.12876737574,2.59463725053747
1.58,108,-156,125.324429738325,2.6737907388923
1.58,108,-153,147.467774527494,2.74508215185569
1.58,108,-150,168.588443690166,2.81172114085475
1.58,108,-147,188.734903550159,2.87513721747762
1.58,108,-144,207.934976411242,2.93600238603117
1.58,108,-141,226.169947498964,2.99465515807383
1.58,108,-138,243.363466590138,3.0513002176225
1.58,108,-135,259.385134174926,3.10610978815425
1.58,108,-132,274.06646104665,3.15927674899327
1.58,108,-129,287.225163234475,3.21104202943023
1.58,108,-126,298.692930072235,3.26170697528569
1.58,108,-123,308.341900874385,3.31163555820965
1.58,108,-120,316.105919692148,3.36124842772241
1.58,108,-117,321.99394020459,3.41100972748877
1.58,108,-114,326.094448424849,3.46140763846861
1.58,108,-111,328.571218551602,3.51293023892032
1.58,108,-108,329.651932019804,3.56603903429918
1.58,108,-105,329.612048817458,3.62114303277241
1.58,108,-102,328.756755971129,3.67857621871853
1.58,108,-99,327.403804929295,3.73858050301321
1.58,108,-96,325.869593748501,3.80129469221273
1.58,108,-93,324.459994728691,3.86674801798848
1.58,108,-90,323.466272300405,3.93485497697853
1.58,108,-87,323.16515439359,4.00540759132205
1.58,108,-84,323.820967877232,4.07806258626601
1.58,108,-81,325.687032881963,4.15232468754779
1.58,108,-78,329.00352930898,4.22753246146433
1.58,108,-75,333.98998314148,4.30285771951069
1.58,108,-72,340.832297518011,4.37733050077851
1.58,108,-69,349.666432896474,4.44989667793614
1.58,108,-66,360.562649186146,4.51950465884781
1.58,108,-63,373.514848338011,4.58520558845259
1.58,108,-60,388.438605184213,4.64624407644185
1.58,108,-57,405.179266205103,4.70211802630635
1.58,108,-54,423.528899897064,4.75259582289462
1.58,108,-51,443.248800201822,4.79769186504816
1.58,108,-48,464.093164794747,4.83761162313351
1.58,108,-45,485.829511115074,4.87268222288258
1.58,108,-42,508.252148417698,4.90328434899441
1.58,108,-39,531.186405053692,4.92979790737002
1.58,108,-36,554.483184026,4.95256911731959
1.58,108,-33,578.005579148723,4.97190149679893
1.58,108,-30,601.611320515145,4.9880680836924
1.58,108,-27,625.136157236323,5.00133783068017
1.58,108,-24,648.383406043242,5.01200631916082
1.58,108,-21,671.12359847276,5.02042058706736
1.58,108,-18,693.105707894046,5.02699015090316
1.58,108,-15,714.078459796306,5.03218049856974
1.58,108,-12,733.817486544564,5.03649005583733
1.58,108,-9,752.152255741921,5.04041548934243
1.58,108,-6,768.986246036336,5.0444123561607
1.58,108,-3,784.304964896104,5.04885841097674
1.58,108,0,798.168966342781,5.05402569704097
1.58,108,3,810.692510772508,5.06006539203778
1.58,108,6,822.012046101076,5.06700672620481
1.58,108,9,832.251278289446,5.07476857751086
1.58,108,12,841.490444842101,5.08318008307929
1.58,108,15,849.746236372271,5.09200534371466
1.58,108,18,856.966009290439,5.10096743571814
1.58,108,21,863.03638653408,5.10976843948953
1.58,108,24,867.803106805033,5.11810446858914
1.58,108,27,871.096896355176,5.12567683423514
1.58,108,30,872.75958168169,5.13220170037117
1.58,108,33,872.665517709125,5.13742051215578
1.58,108,36,870.735193711545,5.14111230141619
1.58,108,39,866.939982924653,5.14310726591729
1.58,108,42,861.298884937903,5.14329948719456
1.58,108,45,853.869439750126,5.1416558632837
1.58,108,48,844.735651860571,5.13821855863905
1.58,108,51,833.995786082844,5.13309943061417
1.58,108,54,821.752395667136,5.12646659493915
1.58,108,57,808.10607280754,5.11852499710428
1.58,108,60,793.153369084103,5.10949405032496
1.58,108,63,776.988349274002,5.09958577913261
1.58,108,66,759.7065330091,5.08898646234976
1.58,108,69,741.409679337819,5.07784375646989
1.58,108,72,722.209985216053,5.06626009128325
1.58,108,75,702.232685842054,5.05429213110761
1.58,108,78,681.616584152814,5.04195551423745
1.58,108,81,660.512526518838,5.02923396774424
1.58,108,84,639.080166238093,5.01609213835797
1.58,108,87,617.483475487174,5.00249187785547
1.58,108,90,595.885408857003,4.98841202270028
1.58,108,93,574.441969934579,4.97387166075246
1.58,108,96,553.295804544174,4.95895627915269
1.58,108,99,532.569469310072,4.94384495844436
1.58,108,102,512.358800600921,4.9288350710158
1.58,108,105,492.727339824302,4.91435923154784
1.58,108,108,473.703393816128,4.90098830829329
1.58,108,111,455.281669942283,4.8894149716396
1.58,108,114,437.431069460906,4.88041497138156
1.58,108,117,420.108830173965,4.87478770819964
1.58,108,120,403.278899968118,4.87328245978177
1.58,108,123,386.929923709732,4.87652035304712
1.58,108,126,371.086702927875,4.88492398857337
1.58,108,129,355.80952108001,4.89866666555604
1.58,108,132,341.178675307909,4.91765192062383
1.58,108,135,327.266177144194,4.941531284899
1.58,108,138,314.101191923096,4.96976240615023
1.58,108,141,301.638448738418,5.00170008351411
1.58,108,144,289.738362219837,5.03670144376133
1.58,108,147,278.164172166201,5.07421923933849
1.58,108,150,266.596558180953,5.11386010038263
1.58,108,153,254.661892678314,5.15539836153235
1.58,108,156,241.967926998029,5.19875451342233
1.58,108,159,228.140564428826,5.24396128281029
1.58,108,162,212.856900505383,5.29114465730756
1.58,108,165,195.871944086664,5.34054403022544
1.58,108,168,177.038415346251,5.39259362457421
1.58,108,171,156.320140678109,5.44810100601999
1.58,108,174,133.799894936367,5.50861860062969
1.58,108,177,109.683192330683,5.5773104410656
1.58,108,180,84.3042145304794,5.66140588083285
1.58,111,-180,84.3042145304794,-0.569419548786908
1.58,111,-177,58.1694052508576,-0.444694995078977
1.58,111,-174,32.3831968045725,-0.186893712743794
1.58,111,-171,14.4942189622615,0.870413942147748
1.58,111,-168,29.6256421760899,2.080837247797
1.58,111,-165,54.5319922231026,2.37120687141825
1.58,111,-162,79.733600767222,2.50753340511671
1.58,111,-159,104.19083686359,2.60193318559149
1.58,111,-156,127.640110339754,2.67957727333049
1.58,111,-153,150.019429131103,2.74889339693582
1.58,111,-150,171.347857326769,2.81333849661446
1.58,111,-147,191.666097064107,2.87448864661471
1.58,111,-144,210.995361020033,2.93310456045455
1.58,111,-141,229.310366755317,2.98957442089406
1.58,111,-138,246.52737181983,3.04412480866156
1.58,111,-135,262.50720827973,3.09693204459652
1.58,111,-132,277.071232832403,3.14818551466507
1.58,111,-129,290.026363649823,3.19812483073786
1.58,111,-126,301.194380538252,3.24706017875731
1.58,111,-123,310.44051574673,3.29537963172655
1.58,111,-120,317.696980759442,3.34354496836647
1.58,111,-117,322.978282945336,3.3920770724695
1.58,111,-114,326.386745249083,3.44153241381432
1.58,111,-111,328.108282937563,3.49247287213695
1.58,111,-108,328.399957148447,3.54543189783185
1.58,111,-105,327.571911321527,3.60088044435965
1.58,111,-102,325.966873334704,3.65919603171943
1.58,111,-99,323.940418044724,3.72063752810177
1.58,111,-96,321.844643635419,3.78532674437867
1.58,111,-93,320.016898848193,3.85323602196286
1.58,111,-90,318.773863604334,3.92417937436416
1.58,111,-87,318.409880373815,3.99780441037291
1.58,111,-84,319.197284845177,4.07358403876563
1.58,111,-81,321.38594286916,4.1508108093125
1.58,111,-78,325.199536682199,4.22860130081476
1.58,111,-75,330.827409307591,4.30592058887429
1.58,111,-72,338.412684208104,4.38163475243996
1.58,111,-69,348.039289958885,4.45459167119013
1.58,111,-66,359.721649376589,4.52371946791822
1.58,111,-63,373.400591376996,4.58812310965539
1.58,111,-60,388.947550947944,4.64715782732959
1.58,111,-57,406.176970847648,4.70046428382252
1.58,111,-54,424.86485026768,4.747961458214
1.58,111,-51,444.770177844673,4.78980382834792
1.58,111,-48,465.65564762859,4.82631600087004
1.58,111,-45,487.304374098418,4.85791977864093
1.58,111,-42,509.530048775665,4.88506709586856
1.58,111,-39,532.179011989086,4.90818895290339
1.58,111,-36,555.124058813292,4.9276664556346
1.58,111,-33,578.251416730278,4.9438256592632
1.58,111,-30,601.443978925938,4.95695334576237
1.58,111,-27,624.565097596656,4.96732668563028
1.58,111,-24,647.447549013264,4.97524691435139
1.58,111,-21,669.89140613838,4.98106665666889
1.58,111,-18,691.672597573541,4.98520270863282
1.58,111,-15,712.561334573202,4.98813032599262
1.58,111,-12,732.346966667565,4.99035999508963
1.58,111,-9,750.863810790208,4.99240178128942
1.58,111,-6,768.011634203449,4.99472467258438
1.58,111,-3,783.765130192818,4.99771864223577
1.58,111,0,798.168966342781,5.00166581948114
1.58,111,3,811.31841003313,5.00672478895333
1.58,111,6,823.329278270455,5.01292921373996
1.58,111,9,834.303902659659,5.02019919722928
1.58,111,12,844.300977628599,5.02836157571791
1.58,111,15,853.316149224452,5.03717418522333
1.58,111,18,861.277316602029,5.04634941327774
1.58,111,21,868.05478937112,5.0555739386216
1.58,111,24,873.482854635948,5.06452386880112
1.58,111,27,877.386962000543,5.07287659701043
1.58,111,30,879.610142706825,5.08032181493816
1.58,111,33,880.033358773262,5.08657389447913
1.58,111,36,878.586675964968,5.0913864990724
1.58,111,39,875.250702545985,5.09456842366333
1.58,111,42,870.049931483485,5.09599804779875
1.58,111,45,863.041023462773,5.0956330451328
1.58,111,48,854.299537170074,5.09351242096967
1.58,111,51,843.908257199839,5.08974942612425
1.58,111,54,831.949325240463,5.08451593114034
1.58,111,57,818.501135161863,5.07802076575454
1.58,111,60,803.639706409827,5.07048573176946
1.58,111,63,787.443275536145,5.0621231741369
1.58,111,66,769.998332322657,5.05311821785863
1.58,111,69,751.405325437754,5.04361742445475
1.58,111,72,731.782672992845,5.03372418530109
1.58,111,75,711.268335201256,5.02350006696624
1.58,111,78,690.018823599789,5.01297077851883
1.58,111,81,668.205976532778,5.0021354542071
1.58,111,84,646.012057061346,4.99097838864902
1.58,111,87,623.623742297827,4.97948298770808
1.58,111,90,601.225441393038,4.96764823451816
1.58,111,93,578.992200012045,4.95550814799
1.58,111,96,557.082330729926,4.94315430450515
1.58,111,99,535.629956919789,4.9307603863077
1.58,111,102,514.737946834727,4.91860600999325
1.58,111,105,494.472237066948,4.9070951898796
1.58,111,108,474.859147945824,4.89676344346219
1.58,111,111,455.88764904902,4.88826761508843
1.58,111,114,437.51820234979,4.88235454313446
1.58,111,117,419.698452429198,4.87980852850543
1.58,111,120,402.383699402262,4.88138211917085
1.58,111,123,385.557432666189,4.88771860737725
1.58,111,126,369.245380288895,4.89927698912447
1.58,111,129,353.516736936462,4.91627111817314
1.58,111,132,338.469049133153,4.9386349751447
1.58,111,135,324.198117310246,4.96602501221142
1.58,111,138,310.759547280278,4.99786644743127
1.58,111,141,298.132060371444,5.03344101880389
1.58,111,144,286.192708016714,5.07200006943735
1.58,111,147,274.710612125808,5.11287514070278
1.58,111,150,263.360350093144,5.15555697882109
1.58,111,153,251.751009313214,5.1997266401784
1.58,111,156,239.464070157379,5.24524355613583
1.58,111,159,226.093091023849,5.29211380423081
1.58,111,162,211.279930286005,5.34046947391444
1.58,111,165,194.744715823225,5.39058787876955
1.58,111,168,176.308849667465,5.44297696133024
1.58,111,171,155.911421976115,5.49856752085267
1.58,111,174,133.619720548861,5.55911879339239
1.58,111,177,109.635445087702,5.62817241568147
1.58,111,180,84.3042145304794,5.71376575839268
1.58,114,-180,84.3042145304795,-0.517059671227078
1.58,114,-177,58.2449672903775,-0.38790206206255
1.58,114,-174,32.6410931859212,-0.115178656708605
1.58,114,-171,15.7153578849271,0.941649706248107
1.58,114,-168,30.9058494921397,2.0827613960938
1.58,114,-165,55.8177718864955,2.37675014703261
1.58,114,-162,81.1562923082688,2.51449844766142
1.58,114,-159,105.781448078818,2.60838898954588
1.58,114,-156,129.392893977627,2.68458864841529
1.58,114,-153,151.91061090721,2.7520176087471
1.58,114,-150,173.343833713995,2.81439757677043
1.58,114,-147,193.728368361867,2.87345986936009
1.58,114,-144,213.083774329115,2.93005678721265
1.58,114,-141,231.384817987536,2.98462470105807
1.58,114,-138,248.547836417784,3.03740763360704
1.58,114,-135,264.432197972315,3.08858011681026
1.58,114,-132,278.855233627991,3.13832218870671
1.58,114,-129,291.617244463988,3.18686740595851
1.58,114,-126,302.531952942925,3.23453169312327
1.58,114,-123,311.45726355708,3.28172570639332
1.58,114,-120,318.32150142688,3.3289519297128
1.58,114,-117,323.141346610857,3.37678791192076
1.58,114,-114,326.029278018562,3.42585780580702
1.58,114,-111,327.190175231545,3.47679514954187
1.58,114,-108,326.908456084876,3.53020043178271
1.58,114,-105,325.528457811437,3.58659732410037
1.58,114,-102,323.431507184442,3.64639145048861
1.58,114,-99,321.01319292669,3.70983504938348
1.58,114,-96,318.663778142,3.77699978922297
1.58,114,-93,316.753590871837,3.84775850741873
1.58,114,-90,315.62381971912,3.92177533283862
1.58,114,-87,315.581724844694,3.99850335808415
1.58,114,-84,316.898221056243,4.07719033574088
1.58,114,-81,319.805443323856,4.1568954446368
1.58,114,-78,324.492448943772,4.23652241953553
1.58,114,-75,331.098531720897,4.31487398978351
1.58,114,-72,339.705268108375,4.39072817594581
1.58,114,-69,350.329716621678,4.4629294602157
1.58,114,-66,362.921567830143,4.53048060192319
1.58,114,-63,377.366311600358,4.59261792436839
1.58,114,-60,393.494980626736,4.64885608394936
1.58,114,-57,411.099384430462,4.69899605810084
1.58,114,-54,429.950548312008,4.74309869679325
1.58,114,-51,449.81757487947,4.78143250027061
1.58,114,-48,470.48426739502,4.81440717715225
1.58,114,-45,491.761342094525,4.84250464773929
1.58,114,-42,513.492697274432,4.8662177054558
1.58,114,-39,535.554938113642,4.88600434687896
1.58,114,-36,557.850241673086,4.90226299607607
1.58,114,-33,580.293743511702,4.91533034583032
1.58,114,-30,602.797838642632,4.92549939150642
1.58,114,-27,625.256813145599,4.93305106742179
1.58,114,-24,647.535656099714,4.9382898309917
1.58,114,-21,669.466440688436,4.94157272409103
1.58,114,-18,690.854259245343,4.94332340341497
1.58,114,-15,711.492576701577,4.94402687645712
1.58,114,-12,731.185456062397,4.94420582857588
1.58,114,-9,749.771954151437,4.9443838495674
1.58,114,-6,767.146696112312,4.94504339976107
1.58,114,-3,783.270774261027,4.94658666607458
1.58,114,0,798.168966342781,4.94930594192131
1.58,114,3,811.91258832727,4.953367546561
1.58,114,6,824.591236630981,4.95881028802112
1.58,114,9,836.27999443388,4.96555664693548
1.58,114,12,847.010214870351,4.97343272125671
1.58,114,15,856.751156010167,4.98219197825266
1.58,114,18,865.406764671952,4.99153827274393
1.58,114,21,872.827764392595,5.00114526049255
1.58,114,24,878.835227482411,5.0106716345377
1.58,114,27,883.249192012744,5.01977364531948
1.58,114,30,885.915276264002,5.02811736303942
1.58,114,33,886.72360162989,5.03539278490861
1.58,114,36,885.617016146587,5.04133040801802
1.58,114,39,882.588664851426,5.04571891926038
1.58,114,42,877.671483545285,5.04842099182444
1.58,114,45,870.923631227449,5.04938349650476
1.58,114,48,862.414079645769,5.04863905441278
1.58,114,51,852.211750396448,5.04629761702299
1.58,114,54,840.380127715954,5.04252907142264
1.58,114,57,826.97762782131,5.03753994257813
1.58,114,60,812.062582203118,5.03154842864288
1.58,114,63,795.700793363641,5.02476196807952
1.58,114,66,777.973380789093,5.01736046112621
1.58,114,69,758.982990960703,5.00948663895243
1.58,114,72,738.85717644521,5.00124346148872
1.58,114,75,717.748569217435,4.99269726778096
1.58,114,78,695.832139982707,4.98388490329271
1.58,114,81,673.300219120647,4.9748231830112
1.58,114,84,650.356047429305,4.9655196398432
1.58,114,87,627.206501259396,4.95598430113393
1.58,114,90,604.054408035476,4.94624295536892
1.58,114,93,581.090648626854,4.9363527445815
1.58,114,96,558.486135590642,4.92642070784035
1.58,114,99,536.383845686527,4.9166249611316
1.58,114,102,514.891419239322,4.90723657324927
1.58,114,105,494.075389134077,4.89863823065587
1.58,114,108,473.958710163383,4.89133415467497
1.58,114,111,454.52360838566,4.88594529409158
1.58,114,114,435.721439045537,4.88318520065356
1.58,114,117,417.489887036637,4.88381516398229
1.58,114,120,399.775477035214,4.88858126379478
1.58,114,123,382.556570059926,4.89813973244174
1.58,114,126,365.859939620046,4.91297963268095
1.58,114,129,349.7639147672,4.93335359595722
1.58,114,132,334.383713566649,4.9592289834321
1.58,114,135,319.839643759625,4.99027304289846
1.58,114,138,306.214732350112,5.0258839424988
1.58,114,141,293.51268557489,5.06527136946397
1.58,114,144,281.627788368363,5.10757498600229
1.58,114,147,270.334872551568,5.15199246865898
1.58,114,150,259.30133409132,5.19788211470139
1.58,114,153,248.117158105046,5.24481541370379
1.58,114,156,236.335393506018,5.29257848092859
1.58,114,159,223.515217386866,5.34114466044832
1.58,114,162,209.261745976656,5.39065251670837
1.58,114,165,193.259522651776,5.44142294481714
1.58,114,168,175.298826973321,5.49404651007681
1.58,114,171,155.295028116523,5.54958687904762
1.58,114,174,133.301539745999,5.61001739330103
1.58,114,177,109.518192665994,5.67925691181953
1.58,114,180,84.3042145304795,5.76612563595251
1.58,117,-180,84.3042145304796,-0.46469979366725
1.58,117,-177,58.3936147822445,-0.331562979441803
1.58,117,-174,33.0483681444409,-0.046179170827809
1.58,117,-171,16.9663045504168,0.995556850211797
1.58,117,-168,31.9873817048906,2.08195247149132
1.58,117,-165,56.8087449109354,2.38084384265047
1.58,117,-162,82.2005085027308,2.52033589340114
1.58,117,-159,106.911182360102,2.61385620219622
1.58,117,-156,130.599790325991,2.68870663263055
1.58,117,-153,153.166817486941,2.75434749372768
1.58,117,-150,174.612110130839,2.81478736089912
1.58,117,-147,194.969066942768,2.8719242461665
1.58,117,-144,214.260126761814,2.92670730140846
1.58,117,-141,232.466316057601,2.97962206477059
1.58,117,-138,249.511220068634,3.03092808472784
1.58,117,-135,265.259930572005,3.08079464821914
1.58,117,-132,279.532009968156,3.12938870742421
1.58,117,-129,292.125714955,3.17693467043538
1.58,117,-126,302.849177750705,3.22375215400783
1.58,117,-123,311.553296148151,3.27027323115766
1.58,117,-120,318.160988935321,3.31704016673132
1.58,117,-117,322.688308643471,3.36468554265605
1.58,117,-114,325.254509181096,3.41389771706694
1.58,117,-111,326.080181496274,3.46537527050413
1.58,117,-108,325.474557088099,3.51977449401314
1.58,117,-105,323.814652667702,3.57765424774688
1.58,117,-102,321.51984452941,3.63942274962095
1.58,117,-99,319.025632564029,3.70529093589154
1.58,117,-96,316.759832794037,3.77523674365025
1.58,117,-93,315.123381930434,3.84898385180268
1.58,117,-90,314.476593330024,3.92599720901105
1.58,117,-87,315.13038757934,4.00549647527891
1.58,117,-84,317.341076585623,4.0864876751059
1.58,117,-81,321.306983682502,4.16781279373958
1.58,117,-78,327.165616646093,4.24821603183937
1.58,117,-75,334.991080559164,4.32642319176096
1.58,117,-72,344.792489233637,4.401227278883
1.58,117,-69,356.514816304082,4.47157021919432
1.58,117,-66,370.043609279329,4.53660953536328
1.58,117,-63,385.214288048176,4.5957609459214
1.58,117,-60,401.825671241876,4.64871249524822
1.58,117,-57,419.656338533221,4.69541108753983
1.58,117,-54,438.481777126153,4.73602637320486
1.58,117,-51,458.090111723069,4.77089908905368
1.58,117,-48,478.294515789052,4.80048155492297
1.58,117,-45,498.940962003986,4.82527787669265
1.58,117,-42,519.910593877561,4.84579101641285
1.58,117,-39,541.116580750578,4.8624832058904
1.58,117,-36,562.495876015174,4.87575473080222
1.58,117,-33,583.996926644957,4.8859434505024
1.58,117,-30,605.565120815131,4.89334356666976
1.58,117,-27,627.128494217376,4.8982378400276
1.58,117,-24,648.586684023308,4.90093397956989
1.58,117,-21,669.806034323253,4.90179465346051
1.58,117,-18,690.622936633899,4.90125222887129
1.58,117,-15,710.855928455315,4.89980357350147
1.58,117,-12,730.324964037256,4.89798565114432
1.58,117,-9,748.874032386305,4.89633742330575
1.58,117,-6,766.391580938661,4.89535634449849
1.58,117,-3,782.822768957744,4.89545804618869
1.58,117,0,798.168966342781,4.89694606436148
1.58,117,3,812.473078823399,4.89999555412606
1.58,117,6,825.793400656385,4.90465172598296
1.58,117,9,838.172404037865,4.91084089561246
1.58,117,12,849.608797497479,4.91839004364372
1.58,117,15,860.040538262729,4.92704999106609
1.58,117,18,869.343413995888,4.93651786406491
1.58,117,21,877.345340729832,4.94645623599208
1.58,117,24,883.852144707134,4.95650856611552
1.58,117,27,888.677696917041,4.96631245934467
1.58,117,30,891.670659928278,4.97551313734954
1.58,117,33,892.731780172678,4.98377905507176
1.58,117,36,891.818867833214,4.99082004776652
1.58,117,39,888.940199519961,4.99640638580009
1.58,117,42,884.139947614126,5.00038545443875
1.58,117,45,877.480685628912,5.0026921670569
1.58,117,48,869.027897982587,5.00334999861403
1.58,117,51,858.840062193738,5.00246150220752
1.58,117,54,846.965855887717,5.000189675044
1.58,117,57,833.447997056423,4.99673369081953
1.58,117,60,818.331669315997,4.99230360038543
1.58,117,63,801.674722047782,4.98709836413365
1.58,117,66,783.556918839123,4.98129026582492
1.58,117,69,764.086244111755,4.97501693956413
1.58,117,72,743.401321803989,4.96838053293838
1.58,117,75,721.669990875435,4.96145236496898
1.58,117,78,699.084767284894,4.9542809897669
1.58,117,81,675.85621063864,4.94690179035214
1.58,117,84,652.205157718111,4.93934690669011
1.58,117,87,628.354515657959,4.9316551922921
1.58,117,90,604.520973095348,4.92388272624502
1.58,117,93,580.906718185032,4.91611492097219
1.58,117,96,557.691149310033,4.90848122563113
1.58,117,99,535.022697934175,4.90117267004448
1.58,117,102,513.011278980926,4.89446102722593
1.58,117,105,491.72248953088,4.88871646811978
1.58,117,108,471.175316114893,4.88441883353371
1.58,117,111,451.345465337698,4.88215684541679
1.58,117,114,432.17609161441,4.88261036513461
1.58,117,117,413.59632346284,4.88651324389375
1.58,117,120,395.54557979521,4.8945977052589
1.58,117,123,377.99876395333,4.90752448051995
1.58,117,126,360.985120582471,4.92580546649373
1.58,117,129,344.593146315402,4.94972792298668
1.58,117,132,328.956371390353,4.97929219104499
1.58,117,135,314.219967429667,5.01417852341578
1.58,117,138,300.494547208814,5.05375999078189
1.58,117,141,287.808725663268,5.09717239794422
1.58,117,144,276.073505796917,5.1434357162355
1.58,117,147,265.068265625856,5.19159980747471
1.58,117,150,254.451373434776,5.24087360963447
1.58,117,153,243.791409332712,5.29070348427034
1.58,117,156,232.610650362091,5.34079174046415
1.58,117,159,220.431974436775,5.39107545641812
1.58,117,162,206.822625812187,5.44170296645276
1.58,117,165,191.431414703487,5.49304724047208
1.58,117,168,174.018323432668,5.54579270224857
1.58,117,171,154.476600725513,5.60114702231236
1.58,117,174,132.847826099052,5.66130526821963
1.58,117,177,109.33208282247,5.73056140057764
1.58,117,180,84.3042145304796,5.81848551351234
1.58,120,-180,84.3042145304795,-0.412339916107421
1.58,120,-177,58.6148172807681,-0.275712007091514
1.58,120,-174,33.5993595138542,0.0198542629475718
1.58,120,-171,18.2354317408596,1.03553334128109
1.58,120,-168,32.8818425944657,2.07802020321294
1.58,120,-165,57.5131404820171,2.38318045488298
1.58,120,-162,82.8761207386566,2.52484728824442
1.58,120,-159,107.59480965792,2.61819571558095
1.58,120,-156,131.283200574792,2.69182279709447
1.58,120,-153,153.820500766959,2.75578629530252
1.58,120,-150,175.197196469819,2.81440820242281
1.58,120,-147,195.446185871018,2.8697673969471
1.58,120,-144,214.59659620651,2.9229174892923
1.58,120,-141,232.641155328046,2.97439650157478
1.58,120,-138,249.517185784741,3.02447982604629
1.58,120,-135,265.102247206955,3.07332991435189
1.58,120,-132,279.2243023378,3.1210981446525
1.58,120,-129,291.684458455979,3.16799716974731
1.58,120,-126,302.288432099227,3.21434792366562
1.58,120,-123,310.881421166517,3.26060157514279
1.58,120,-120,317.380511545178,3.30733723302875
1.58,120,-117,321.799323772253,3.35523791609533
1.58,120,-114,324.261192799081,3.4050486315427
1.58,120,-111,324.9993483699,3.45752100491909
1.58,120,-108,324.344787699852,3.51334910634003
1.58,120,-105,322.704342518422,3.57310143901924
1.58,120,-102,320.532560660318,3.63715480219184
1.58,120,-99,318.301372302468,3.70563679607939
1.58,120,-96,316.471173803255,3.77838453798975
1.58,120,-93,315.466112542827,3.85492688091214
1.58,120,-90,315.655214242446,3.93449538165779
1.58,120,-87,317.339801473602,4.01606537725622
1.58,120,-84,320.746653443686,4.09842357704068
1.58,120,-81,326.025760650058,4.18025396880592
1.58,120,-78,333.25143580315,4.26023095037742
1.58,120,-75,342.425890777022,4.33710814927338
1.58,120,-72,353.484952905865,4.40979322483639
1.58,120,-69,366.306074226233,4.47740226967394
1.58,120,-66,380.718942088352,4.5392912229183
1.58,120,-63,396.518741832168,4.59506505179933
1.58,120,-60,413.481544258906,4.6445677264893
1.58,120,-57,431.380617417887,4.68785701675144
1.58,120,-54,450.001961688066,4.72516814685864
1.58,120,-51,469.157246688272,4.75686994591275
1.58,120,-48,488.692649170919,4.78341695256188
1.58,120,-45,508.492737478005,4.80530133479017
1.58,120,-42,528.479285048841,4.82300934769684
1.58,120,-39,548.605495624483,4.83698777559233
1.58,120,-36,568.846494693971,4.84762554945016
1.58,120,-33,589.187165827048,4.85525383466616
1.58,120,-30,609.608650557309,4.86016429306171
1.58,120,-27,630.075184229727,4.8626407156175
1.58,120,-24,650.523341425791,4.86299525751526
1.58,120,-21,670.855993600792,4.861598675336
1.58,120,-18,690.943051694678,4.85889524302286
1.58,120,-15,710.630130975473,4.85539720258819
1.58,120,-12,729.754554636662,4.85165928317522
1.58,120,-9,748.165851509935,4.84823901099197
1.58,120,-6,765.745770096157,4.84565158590827
1.58,120,-3,782.42178749195,4.84432839109791
1.58,120,0,798.168966342781,4.84458618680165
1.58,120,3,812.997973232047,4.84661078349666
1.58,120,6,826.931348453509,4.85045557201946
1.58,120,9,839.974215161394,4.85605246802669
1.58,120,12,852.087939393694,4.86323104069802
1.58,120,15,863.174812179736,4.871741060286
1.58,120,18,873.078673443538,4.88127442970997
1.58,120,21,881.601604869109,4.89148417917875
1.58,120,24,888.532036871199,4.9020002974629
1.58,120,27,893.676440818329,4.91244389208842
1.58,120,30,896.886179255724,4.92244189215294
1.58,120,33,898.073091944171,4.93164398908641
1.58,120,36,897.21114657847,4.93974196997307
1.58,120,39,894.325618272839,4.94648963339297
1.58,120,42,889.474454734053,4.95171987698026
1.58,120,45,882.727905328895,4.95535501965602
1.58,120,48,874.152009626036,4.95740731595961
1.58,120,51,863.799621595964,4.9579687263391
1.58,120,54,851.710077664994,4.9571916029421
1.58,120,57,837.91621008591,4.95526410120855
1.58,120,60,822.45577219623,4.95238510825687
1.58,120,63,805.383769514412,4.94874307435523
1.58,120,66,786.782624576328,4.94450166117891
1.58,120,69,766.768211149149,4.93979320487783
1.58,120,72,745.491113796279,4.93471926051012
1.58,120,75,723.133585883025,4.92935636108991
1.58,120,78,699.903347825343,4.92376472849949
1.58,120,81,676.025545413767,4.91799793459172
1.58,120,84,651.73398559473,4.91211222518826
1.58,120,87,627.262362241644,4.9061751386314
1.58,120,90,602.835753119491,4.90027392214021
1.58,120,93,578.662351665574,4.89452483330664
1.58,120,96,554.925293254703,4.88908449504127
1.58,120,99,531.774606404932,4.88416389582673
1.58,120,102,509.319774946376,4.88004437484921
1.58,120,105,487.624064384369,4.87709321553693
1.58,120,108,466.702449668266,4.87577478290064
1.58,120,111,446.525353138389,4.87665215758832
1.58,120,114,427.030054162296,4.88037451899616
1.58,120,117,408.140239936872,4.88764721187577
1.58,120,120,389.79172010868,4.89918395612128
1.58,120,123,371.95933936712,4.91564318398515
1.58,120,126,354.67764691658,4.93755263678672
1.58,120,129,338.047232362154,4.96522882518885
1.58,120,132,322.22083142508,4.99870213864501
1.58,120,135,307.368436950534,5.03766456947058
1.58,120,138,293.627474403079,5.08146208162343
1.58,120,141,281.050125162169,5.12915079945673
1.58,120,144,269.5622443601,5.17961953111513
1.58,120,147,258.945373586766,5.23175397177817
1.58,120,150,248.846075123913,5.28459595857121
1.58,120,153,238.808664912352,5.33745214159934
1.58,120,156,228.322153584875,5.38993311117431
1.58,120,159,216.871419552793,5.44193971939436
1.58,120,162,203.985214086296,5.49363716950037
1.58,120,165,189.277148607104,5.54546236126102
1.58,120,168,172.478454990961,5.59820727539247
1.58,120,171,153.46248866221,5.65323603890669
1.58,120,174,132.261455487775,5.71297302883633
1.58,120,177,109.077948884063,5.78208306904278
1.58,120,180,84.3042145304795,5.87084539107216
1.58,123,-180,84.3042145304794,-0.35998003854759
1.58,123,-177,58.9078131107609,-0.220378777868634
1.58,123,-174,34.2881662359406,0.082769675119244
1.58,123,-171,19.5206042452226,1.06423688603375
1.58,123,-168,33.6040784827755,2.07058114893215
1.58,123,-165,57.9421435690344,2.38345260743089
1.58,123,-162,83.196071869889,2.52783534224533
1.58,123,-159,107.850657821032,2.62127208935969
1.58,123,-156,131.469887462101,2.69383477859119
1.58,123,-153,153.909553449695,2.75624553109964
1.58,123,-150,175.1503037957,2.81317077857207
1.58,123,-147,195.225684327408,2.86688717590481
1.58,123,-144,214.174338020972,2.91856273928876
1.58,123,-141,232.005050841575,2.96879356869681
1.58,123,-138,248.674363329263,3.01787326799225
1.58,123,-135,264.078307738866,3.06595733151284
1.58,123,-132,278.059101972595,3.11317963637393
1.58,123,-129,290.425790270401,3.15973794454529
1.58,123,-126,300.985526784389,3.20595048580068
1.58,123,-123,309.580166706244,3.25228251182963
1.58,123,-120,316.121763677254,3.29934340289665
1.58,123,-117,320.620859066342,3.34785751757796
1.58,123,-114,323.202991014049,3.3986136460934
1.58,123,-111,324.111157979289,3.45239844797453
1.58,123,-108,323.69441164962,3.50991934881089
1.58,123,-105,322.384801945939,3.57172294828934
1.58,123,-102,320.666263467804,3.63811656484031
1.58,123,-99,319.039666352835,3.70910283377462
1.58,123,-96,317.988253479118,3.78433906011837
1.58,123,-93,317.947185528442,3.86313241102422
1.58,123,-90,319.280014159977,3.94447740409221
1.58,123,-87,322.263676469869,4.02713357435896
1.58,123,-84,327.082192350656,4.10973127635152
1.58,123,-81,333.827930818306,4.19088653130752
1.58,123,-78,342.508454035724,4.26930499418188
1.58,123,-75,353.056798939661,4.34386061706328
1.58,123,-72,365.343571584126,4.41364334524998
1.58,123,-69,379.190063100768,4.47797815681372
1.58,123,-66,394.382288219958,4.53642235884045
1.58,123,-63,410.686062340338,4.58874896851087
1.58,123,-60,427.862906662469,4.6349224378018
1.58,123,-57,445.685909106016,4.67507047557523
1.58,123,-54,463.954035288371,4.70945346509091
1.58,123,-51,482.503132337058,4.73843164852488
1.58,123,-48,501.212180682998,4.76243013449595
1.58,123,-45,520.004144092907,4.78190283121531
1.58,123,-42,538.841734469439,4.79729820497849
1.58,123,-39,557.719163687593,4.80903152150331
1.58,123,-36,576.651259048522,4.81746893836684
1.58,123,-33,595.661204279876,4.82292763840211
1.58,123,-30,614.767902875922,4.82569292141377
1.58,123,-27,633.97386596005,4.8260485348636
1.58,123,-24,653.254768661946,4.82431207998267
1.58,123,-21,672.552293310239,4.82086489714862
1.58,123,-18,691.772225133812,4.8161666692388
1.58,123,-15,710.789499696869,4.81074908403542
1.58,123,-12,729.460640929404,4.80518887098684
1.58,123,-9,747.641805491898,4.80006617324763
1.58,123,-6,765.208118674447,4.795917577534
1.58,123,-3,782.068309985716,4.79319337920792
1.58,123,0,798.168966342781,4.79222630924182
1.58,123,3,813.485429893188,4.79321529137367
1.58,123,6,828.000771319809,4.79622415752134
1.58,123,9,841.678747538892,4.80119249410503
1.58,123,12,854.439380503325,4.80795428339418
1.58,123,15,866.145572354536,4.81625977901228
1.58,123,18,876.605955339203,4.82579695203281
1.58,123,21,885.59407814303,4.83621050815297
1.58,123,24,892.87886597013,4.84711835859765
1.58,123,27,898.25785986534,4.85812690086409
1.58,123,30,901.584161970035,4.86884702982239
1.58,123,33,902.78034666422,4.87891226124915
1.58,123,36,901.836874945188,4.88799889681513
1.58,123,39,898.797201922807,4.89584632437934
1.58,123,42,893.735255583055,4.90227406511421
1.58,123,45,886.732336311342,4.90719174194279
1.58,123,48,877.859627858154,4.91059910115822
1.58,123,51,867.170037746465,4.91257535994733
1.58,123,54,854.699996020077,4.91325973792183
1.58,123,57,840.479123945668,4.91282711382236
1.58,123,60,824.544027840463,4.91146361774165
1.58,123,63,806.952128438364,4.90934645003672
1.58,123,66,787.792224719337,4.90663067202134
1.58,123,69,767.189938540894,4.90344378527765
1.58,123,72,745.307729938296,4.89988722129197
1.58,123,75,722.340362767375,4.89604278438217
1.58,123,78,698.50731681659,4.89198173810506
1.58,123,81,674.043699092159,4.88777450213367
1.58,123,84,649.190869338035,4.88349962845836
1.58,123,87,624.187478161999,4.87925161529345
1.58,123,90,599.26111201683,4.87514796272447
1.58,123,93,574.620388709684,4.87133646366007
1.58,123,96,550.447243966596,4.86800387348029
1.58,123,99,526.889346930869,4.86538668365692
1.58,123,102,504.053080647923,4.86378372104857
1.58,123,105,481.998237109528,4.86356886972686
1.58,123,108,460.736297284395,4.86520074793904
1.58,123,111,440.234557569107,4.86922519375875
1.58,123,114,420.428021451195,4.87626636025336
1.58,123,117,401.239582284914,4.8870031621125
1.58,123,120,382.606569457949,4.90212933232542
1.58,123,123,364.508701691677,4.92229684850292
1.58,123,126,346.989895668916,4.94804391239783
1.58,123,129,330.165507051599,4.97971107426165
1.58,123,132,314.20852048632,5.0173543447854
1.58,123,135,299.313237127984,5.06067303675366
1.58,123,138,285.642117286168,5.10897945856956
1.58,123,141,273.268208748447,5.16123892661035
1.58,123,144,262.128877825,5.21619244770515
1.58,123,147,252.004093497859,5.27254138496262
1.58,123,150,242.524799904478,5.32914130743629
1.58,123,153,233.207603211286,5.38514592021529
1.58,123,156,223.505653427281,5.4400698264783
1.58,123,159,212.864466729219,5.49378252935546
1.58,123,162,200.774335316863,5.54647801886422
1.58,123,165,186.815018951741,5.59867287187567
1.58,123,168,170.691350452552,5.65128282978267
1.58,123,171,152.259671529095,5.70584194243539
1.58,123,174,131.545672958049,5.76501098346582
1.58,123,177,108.756802424639,5.8338188428791
1.58,123,180,84.3042145304794,5.923205268632
1.58,126,-180,84.3042145304794,-0.307620160987759
1.58,126,-177,59.2716199501261,-0.165587799719961
1.58,126,-174,35.1089125428358,0.142509952703263
1.58,126,-171,20.8263488335338,1.08376891871574
1.58,126,-168,34.1724339765139,2.0592547798157
1.58,126,-165,58.1099112148475,2.38134171530195
1.58,126,-162,83.1760859128074,2.52909624531924
1.58,126,-159,107.699960782834,2.62294842279944
1.58,126,-156,131.189875729142,2.69464294952136
1.58,126,-153,153.475669476277,2.75564308035127
1.58,126,-150,174.527091112579,2.81099537032329
1.58,126,-147,194.378590926908,2.8631939584311
1.58,126,-144,213.079981667387,2.91353355758027
1.58,126,-141,230.659146102156,2.96267619811213
1.58,126,-138,247.096067475341,3.01093804802538
1.58,126,-135,262.31028225877,3.05846880537377
1.58,126,-132,276.163603339383,3.10538308324823
1.58,126,-129,288.478126686921,3.15185941345518
1.58,126,-126,299.066844647001,3.19820669470946
1.58,126,-123,307.771564226417,3.24489538377422
1.58,126,-120,314.501222854611,3.29255368028274
1.58,126,-117,319.263661004041,3.34193259391762
1.58,126,-114,322.185381776151,3.3938459039395
1.58,126,-111,323.516242896778,3.44909158280248
1.58,126,-108,323.618670889098,3.50836142000031
1.58,126,-105,322.943292098893,3.57214666422882
1.58,126,-102,321.994559605782,3.64065011281135
1.58,126,-99,321.290990368127,3.71371850613807
1.58,126,-96,321.325087180429,3.79081107664112
1.58,126,-93,322.527912815964,3.87101754031628
1.58,126,-90,325.242487957606,3.95312970399974
1.58,126,-87,329.708588360551,4.03575677597951
1.58,126,-84,336.059292642228,4.11746119589899
1.58,126,-81,344.327383792923,4.1968862787134
1.58,126,-78,354.458242894497,4.27285225155531
1.58,126,-75,366.325705653304,4.34441009970879
1.58,126,-72,379.748350788259,4.41085610382757
1.58,126,-69,394.505184057683,4.47171842244312
1.58,126,-66,410.350892831317,4.5267290421743
1.58,126,-63,427.031283096536,4.57579173060903
1.58,126,-60,444.299124835068,4.61895212554824
1.58,126,-57,461.929742727883,4.65637190193197
1.58,126,-54,479.734802289518,4.68830607331616
1.58,126,-51,497.572335753244,4.71508114937804
1.58,126,-48,515.35138740463,4.73707201178321
1.58,126,-45,533.030656067396,4.75467678232436
1.58,126,-42,550.611774050328,4.76829122627196
1.58,126,-39,568.128849163227,4.77828660710204
1.58,126,-36,585.636210740608,4.78499633935568
1.58,126,-33,603.195905728473,4.78871627716452
1.58,126,-30,620.865737177421,4.78972061076046
1.58,126,-27,638.688061700094,4.78829070399208
1.58,126,-24,656.679580059544,4.78474936504093
1.58,126,-21,674.823012670059,4.77949001972797
1.58,126,-18,693.062449862199,4.77299061492653
1.58,126,-15,711.3045895931,4.76580607537552
1.58,126,-12,729.427326947834,4.7585394180243
1.58,126,-9,747.295026366471,4.75179777101924
1.58,126,-6,764.776904377811,4.74614324253068
1.58,126,-3,781.762630521047,4.74204878275268
1.58,126,0,798.168966342781,4.73986643168199
1.58,126,3,813.933681817931,4.73981122085339
1.58,126,6,828.997487244453,4.74196011751268
1.58,126,9,843.279554764401,4.74626275001581
1.58,126,12,856.655325786932,4.75255949383786
1.58,126,15,868.945302450522,4.76060263568014
1.58,126,18,879.920260285208,4.77007739890775
1.58,126,21,889.322953694033,4.78062117745343
1.58,126,24,896.90087930916,4.79184092179093
1.58,126,27,902.441002505184,4.80332979291597
1.58,126,30,905.796799485411,4.81468459755482
1.58,126,33,906.900606895832,4.82552500059017
1.58,126,36,905.759031515245,4.83551422208065
1.58,126,39,902.434293464271,4.84437930374979
1.58,126,42,897.018121851461,4.85192772239076
1.58,126,45,889.60612690851,4.85805678341159
1.58,126,48,880.279347598942,4.862753191829
1.58,126,51,869.096682289968,4.86608227664033
1.58,126,54,856.098352589576,4.86816882275154
1.58,126,57,841.317581298019,4.869173424744
1.58,126,60,824.796035181547,4.86926904209373
1.58,126,63,806.598487094123,4.86862186344877
1.58,126,66,786.823281243793,4.86737905277352
1.58,126,69,765.606929600966,4.86566408342512
1.58,126,72,743.122877841111,4.86357874998872
1.58,126,75,719.575690300943,4.86120993115615
1.58,126,78,695.192434792365,4.85863884844537
1.58,126,81,670.212974408715,4.85595082401702
1.58,126,84,644.880413306535,4.853244189333
1.58,126,87,619.43234128212,4.85063781261618
1.58,126,90,594.092974843678,4.84827748696576
1.58,126,93,569.065932090345,4.84634197008071
1.58,126,96,544.527285426816,4.84504964530246
1.58,126,99,520.618752038068,4.84466649201045
1.58,126,102,497.441400573619,4.84551531155051
1.58,126,105,475.050984066741,4.84798508452611
1.58,126,108,453.456743677497,4.85253821106368
1.58,126,111,432.625930128733,4.85971255695705
1.58,126,114,412.495963728777,4.87011495206871
1.58,126,117,392.99479219937,4.88440303558271
1.58,126,120,374.067593389121,4.90325277398484
1.58,126,123,355.704959359716,4.92730925227609
1.58,126,126,337.965037738918,4.95711875700412
1.58,126,129,320.981042964011,4.99304223653578
1.58,126,132,304.947210070493,5.03515639796012
1.58,126,135,290.081102216137,5.08316049438135
1.58,126,138,276.567449666463,5.13632123974889
1.58,126,141,264.496140782789,5.19349490737523
1.58,126,144,253.811234713961,5.25325075285542
1.58,126,147,244.285998097273,5.31408014303948
1.58,126,150,235.530872333106,5.37463123091052
1.58,126,153,227.03073320681,5.43389358812489
1.58,126,156,218.200260341644,5.4912866962924
1.58,126,159,208.444722914811,5.54666001101301
1.58,126,162,197.216797315395,5.60025418351695
1.58,126,165,184.064675802637,5.6526855862332
1.58,126,168,168.670014542267,5.7050123342512
1.58,126,171,150.875678095526,5.75895243631598
1.58,126,174,130.704057712915,5.81740909256073
1.58,126,177,108.369825427393,5.88576540932753
1.58,126,180,84.3042145304794,5.97556514619183
1.58,129,-180,84.3042145304794,-0.255260283427929
1.58,129,-177,59.7050461896138,-0.111358097432836
1.58,129,-174,36.0559502050231,0.199103317447994
1.58,129,-171,22.1618181699369,1.09583520659094
1.58,129,-168,34.6090330123435,2.04366757498211
1.58,129,-165,58.0336571812063,2.3765085088774
1.58,129,-162,82.8344206490749,2.5284124164963
1.58,129,-159,107.166223087697,2.62308134828217
1.58,129,-156,130.475340846503,2.69414710157193
1.58,129,-153,152.562664435129,2.75390122341509
1.58,129,-150,173.385350674004,2.80781103813865
1.58,129,-147,192.978043522469,2.85861074448189
1.58,129,-144,211.402097694348,2.90773635992783
1.58,129,-141,228.706079912792,2.95592593246879
1.58,129,-138,244.89623942055,3.00352454666091
1.58,129,-135,259.919528296889,3.05067856795345
1.58,129,-132,273.662031277427,3.09748169044684
1.58,129,-129,285.963878941266,3.14408746599261
1.58,129,-126,296.64865777584,3.1907858521729
1.58,129,-123,305.562115289412,3.23803928048868
1.58,129,-120,312.612797137823,3.28647799668796
1.58,129,-117,317.806875826045,3.33685924053821
1.58,129,-114,321.270804722388,3.38999758917015
1.58,129,-111,323.257938430099,3.44667459243685
1.58,129,-108,324.138113832723,3.50753628025016
1.58,129,-105,324.371787950656,3.57298887234274
1.58,129,-102,324.472408584437,3.64310657754406
1.58,129,-99,324.962219111518,3.71756928057366
1.58,129,-96,326.327650547523,3.79564872520565
1.58,129,-93,328.980624573157,3.87625557967919
1.58,129,-90,333.231109196314,3.95804534043287
1.58,129,-87,339.273946175897,4.03956287105424
1.58,129,-84,347.189745338059,4.11939250772267
1.58,129,-81,356.956628848786,4.19628062132579
1.58,129,-78,368.468010025231,4.26921024355544
1.58,129,-75,381.551905997668,4.33742523929966
1.58,129,-72,395.989020984451,4.40041553722177
1.58,129,-69,411.528929173435,4.4578806189718
1.58,129,-66,427.905155849632,4.50968681600724
1.58,129,-63,444.850332563941,4.55582863050529
1.58,129,-60,462.111966468267,4.59639858341863
1.58,129,-57,479.468173461518,4.63156571671942
1.58,129,-54,496.741594286157,4.66156024642226
1.58,129,-51,513.809198227222,4.68666080699147
1.58,129,-48,530.606080371082,4.70718101257533
1.58,129,-45,547.122583143644,4.72345351530442
1.58,129,-42,563.395640495937,4.73581209219566
1.58,129,-39,579.496477234836,4.74457492759834
1.58,129,-36,595.517152860861,4.75003417091538
1.58,129,-33,611.557809014521,4.75245692852996
1.58,129,-30,627.715273766932,4.75210045070391
1.58,129,-27,644.072625888405,4.74923976397444
1.58,129,-24,660.689088447547,4.7442008824844
1.58,129,-21,677.59041778304,4.73738917609557
1.58,129,-18,694.761368929795,4.72930235157481
1.58,129,-15,712.142927371532,4.72052137206032
1.58,129,-12,729.636787421719,4.71167923251198
1.58,129,-9,747.117552273379,4.70341418379313
1.58,129,-6,764.449882914631,4.69631806036538
1.58,129,-3,781.504865519582,4.69089049036965
1.58,129,0,798.168966342781,4.68750655412216
1.58,129,3,814.341044664588,4.68640080218192
1.58,129,6,829.917453601588,4.68766640419741
1.58,129,9,844.770418611352,4.69126569053255
1.58,129,12,858.728374869052,4.6970476007921
1.58,129,15,871.567165161256,4.70476810022072
1.58,129,18,883.017718449387,4.71411085789577
1.58,129,21,892.79024403396,4.72470689731583
1.58,129,24,900.609185312844,4.73615317565815
1.58,129,27,906.249331035964,4.74803087125249
1.58,129,30,909.562959284742,4.75992438168231
1.58,129,33,910.49079678139,4.77144157606015
1.58,129,36,909.054753179256,4.7822347890387
1.58,129,39,905.33591132047,4.79202070871914
1.58,129,42,899.445214441466,4.80059622910813
1.58,129,45,891.495526971497,4.80784708903527
1.58,129,48,881.58218881296,4.81374703728421
1.58,129,51,869.775732043421,4.81834719061403
1.58,129,54,856.126468724495,4.82175753603332
1.58,129,57,840.677491910941,4.82412432199829
1.58,129,60,823.481057643455,4.82560776083708
1.58,129,63,804.613467012139,4.82636390337982
1.58,129,66,784.185008690651,4.82653310226759
1.58,129,69,762.34351808363,4.82623573796707
1.58,129,72,739.271938850075,4.8255743734549
1.58,129,75,715.181466596266,4.82464054472193
1.58,129,78,690.302278113399,4.82352406260345
1.58,129,81,664.873639657168,4.82232290465173
1.58,129,84,639.134613820226,4.82115233494062
1.58,129,87,613.315916038566,4.82015260262833
1.58,129,90,587.632905574131,4.81949524834635
1.58,129,93,562.279347532478,4.81938853572057
1.58,129,96,537.421511993707,4.82008271392445
1.58,129,99,513.192409502135,4.8218756557882
1.58,129,102,489.686484496631,4.82511893029927
1.58,129,105,466.955810898814,4.83022367025342
1.58,129,108,445.009555196156,4.83766486473532
1.58,129,111,423.818871227381,4.84798211679412
1.58,129,114,403.329089239354,4.861774510152
1.58,129,117,383.479764150605,4.87968685841234
1.58,129,120,364.230829954876,4.90238394816964
1.58,129,123,345.590175519588,4.93050831094968
1.58,129,126,327.63528460041,4.96461624044334
1.58,129,129,310.520351942316,5.0050882370616
1.58,129,132,294.46164108902,5.05201703385504
1.58,129,135,279.698409131805,5.10509131505368
1.58,129,138,266.43403685161,5.1635134970225
1.58,129,141,254.77005559978,5.22600304328983
1.58,129,144,244.651019770606,5.29092347687596
1.58,129,147,235.836997833902,5.35652309218462
1.58,129,150,227.911975127117,5.42121920048288
1.58,129,153,220.324544723012,5.48382939904194
1.58,129,156,212.448402493392,5.54368617176079
1.58,129,159,203.648323620517,5.60063863369268
1.58,129,162,193.341179601533,5.65499915021232
1.58,129,165,181.04692735908,5.70750872756621
1.58,129,168,166.428181443771,5.7593885796199
1.58,129,171,149.318500398002,5.81255466625153
1.58,129,174,129.740486680007,5.87015692474728
1.58,129,177,107.918362034994,5.93791924095121
1.58,129,180,84.3042145304794,6.02792502375166
1.58,132,-180,84.3042145304793,-0.202900405868099
1.58,132,-177,60.2067026418133,-0.0577029999375929
1.58,132,-174,37.1239920841831,0.252650122496287
1.58,132,-171,23.5392583625795,1.10186654854821
1.58,132,-168,34.940062122399,2.02346580381837
1.58,132,-165,57.7338238237583,2.36858518821158
1.58,132,-162,82.1916921399691,2.52554530912244
1.58,132,-159,106.274643242772,2.62151579487678
1.58,132,-156,129.359549870121,2.69224280651457
1.58,132,-153,151.214848940366,2.75094428535495
1.58,132,-150,171.782758862551,2.80355431639169
1.58,132,-147,191.096425074785,2.85307266503947
1.58,132,-144,209.22781515714,2.90109348688632
1.58,132,-141,226.24628589064,2.94844308506258
1.58,132,-138,242.185732756273,2.99550384163127
1.58,132,-135,257.023256334651,3.04242272382155
1.58,132,-132,270.673140600375,3.08927122372982
1.58,132,-129,282.998266779215,3.13617104841339
1.58,132,-126,293.837718400015,3.18338092231142
1.58,132,-123,303.045563674856,3.23133803092607
1.58,132,-120,310.533087455236,3.28065314566668
1.58,132,-117,316.306003121779,3.33206461709752
1.58,132,-114,320.48942842489,3.38636005833756
1.58,132,-111,323.335998957604,3.44427583266712
1.58,132,-108,325.215572444535,3.50638536306095
1.58,132,-105,326.587921034697,3.57298963481986
1.58,132,-102,327.962336351804,3.64402723883541
1.58,132,-99,329.850094718401,3.71902455605355
1.58,132,-96,332.71706582766,3.79710483554563
1.58,132,-93,336.943944252438,3.87706419839106
1.58,132,-90,342.800103711376,3.95750394095884
1.58,132,-87,350.433861279888,4.03698956986995
1.58,132,-84,359.877880548767,4.11419830700747
1.58,132,-81,371.065126141065,4.18802372529265
1.58,132,-78,383.849533399034,4.25762430865468
1.58,132,-75,398.026582419918,4.32242167450338
1.58,132,-72,413.3513446152,4.38206558378243
1.58,132,-69,429.553977763929,4.43638481365135
1.58,132,-66,446.354096755044,4.48533862082051
1.58,132,-63,463.475600287821,4.52897714378797
1.58,132,-60,480.662606892563,4.56741350585853
1.58,132,-57,497.695701948276,4.60080658272003
1.58,132,-54,514.406396020353,4.6293512916657
1.58,132,-51,530.687137459669,4.65327246166768
1.58,132,-48,546.494723319724,4.67281861536252
1.58,132,-45,561.84639856982,4.68825327616265
1.58,132,-42,576.809774003977,4.69984360146286
1.58,132,-39,591.489139719887,4.70784878986502
1.58,132,-36,606.011141692872,4.71251289489422
1.58,132,-33,620.511950629673,4.71406722773847
1.58,132,-30,635.126443662966,4.71274560144908
1.58,132,-27,649.978437625762,4.70881138179513
1.58,132,-24,665.17053955071,4.70259003822486
1.58,132,-21,680.773094640388,4.69449688559025
1.58,132,-18,696.813608060028,4.68504913259997
1.58,132,-15,713.269786439437,4.67485508791405
1.58,132,-12,730.069674652325,4.66458028136149
1.58,132,-9,747.10050938077,4.6548974935607
1.58,132,-6,764.224348669272,4.64643214373392
1.58,132,-3,781.294963284059,4.63971452808443
1.58,132,0,798.168966342781,4.63514667656233
1.58,132,3,814.705924631515,4.63298635266798
1.58,132,6,830.756779311756,4.63334629728336
1.58,132,9,846.145341419318,4.63620447255601
1.58,132,12,860.651447486146,4.64142077274328
1.58,132,15,874.004784652487,4.64875665744041
1.58,132,18,885.895116766588,4.65789555745862
1.58,132,21,895.998898125266,4.66846313272556
1.58,132,24,904.016259142501,4.68004730467463
1.58,132,27,909.708367581988,4.69221842358307
1.58,132,30,912.924679232702,4.70454997560377
1.58,132,33,913.612715188351,4.71663986383511
1.58,132,36,911.80851082986,4.72813152936178
1.58,132,39,907.61172155915,4.73873319161064
1.58,132,42,901.15350156316,4.74823267629937
1.58,132,45,892.566449337138,4.75650515083034
1.58,132,48,881.964083126337,4.7635119153073
1.58,132,51,869.4334785158,4.76929009649923
1.58,132,54,855.040409615119,4.77393510909437
1.58,132,57,838.843014533212,4.77757933830695
1.58,132,60,820.908493637536,4.78037110363538
1.58,132,63,801.327722460691,4.7824574696383
1.58,132,66,780.224372020037,4.78397318446373
1.58,132,69,757.75733350211,4.78503646220029
1.58,132,72,734.117160843943,4.78575094786411
1.58,132,75,709.518403815788,4.7862122942799
1.58,132,78,684.190013643286,4.78651741580639
1.58,132,81,658.365657442046,4.78677459508873
1.58,132,84,632.275093678382,4.78711305707818
1.58,132,87,606.137032528295,4.78769121441622
1.58,132,90,580.153329644686,4.78870336364218
1.58,132,93,554.504038306904,4.79038503916018
1.58,132,96,529.342809338025,4.79301742928419
1.58,132,99,504.792384962736,4.79693120796856
1.58,132,102,480.940454978175,4.80250988659143
1.58,132,105,457.836842367275,4.81019244289945
1.58,132,108,435.493672495415,4.8204746409144
1.58,132,111,413.890559485912,4.83390813583932
1.58,132,114,392.986566029076,4.85109601249333
1.58,132,117,372.739481736,4.87268250391636
1.58,132,120,353.130784177597,4.89933292762776
1.58,132,123,334.191846804808,4.93169739011206
1.58,132,126,316.024319825514,4.97034956582984
1.58,132,129,298.80623080551,5.01569247739968
1.58,132,132,282.776373539895,5.06783090270263
1.58,132,135,268.193763550866,5.12642862316082
1.58,132,138,255.276222335762,5.19059611090004
1.58,132,141,244.130805398633,5.25887532440062
1.58,132,144,234.695133604679,5.32937653771146
1.58,132,147,226.708257544171,5.40006240025319
1.58,132,150,219.720694308966,5.4690939545791
1.58,132,153,213.139730905272,5.53511462485459
1.58,132,156,206.295801371659,5.59738828750988
1.58,132,159,198.513757496229,5.65579424925701
1.58,132,162,189.177602264045,5.71075003783061
1.58,132,165,177.783526591431,5.76315095551401
1.58,132,168,163.98015941169,5.81440358000787
1.58,132,171,147.596504377429,5.86663496397295
1.58,132,174,128.659097128699,5.92324361640919
1.58,132,177,107.403909992545,5.99027662045079
1.58,132,180,84.3042145304793,6.08028490131149
1.58,135,-180,84.3042145304792,-0.15054052830827
1.58,135,-177,60.7750142088763,-0.00463007203664795
1.58,135,-174,38.3081795660629,0.303308006007042
1.58,135,-171,24.9727891218195,1.10310194153407
1.58,135,-168,35.196013167813,1.99833833959765
1.58,135,-165,57.234360642745,2.35716949832567
1.58,135,-162,81.2708035010237,2.52022804834977
1.58,135,-159,105.05164131695,2.61807923558638
1.58,135,-156,127.875920245917,2.68881716170364
1.58,135,-153,149.475548101477,2.74669558028218
1.58,135,-150,169.774816413626,2.79816710840976
1.58,135,-147,188.802746446752,2.8465255705005
1.58,135,-144,206.639753160953,2.8935421472209
1.58,135,-141,223.374672199716,2.94014559348213
1.58,135,-138,239.069027494687,2.9867659671488
1.58,135,-135,253.731632231697,3.03355647404836
1.58,135,-132,267.308105395445,3.08056600202572
1.58,135,-129,279.688416105765,3.1278771804377
1.58,135,-126,290.73199525942,3.17570348291659
1.58,135,-123,300.305706195867,3.22443683676398
1.58,135,-120,308.326725371434,3.27464382712797
1.58,135,-117,314.801263546067,3.32701618786596
1.58,135,-114,319.851165693059,3.38228604384841
1.58,135,-111,323.723089127743,3.44111837787446
1.58,135,-108,326.778278321305,3.50399457384823
1.58,135,-105,329.464263204651,3.57110347570002
1.58,135,-102,332.272772102991,3.64225991361787
1.58,135,-99,335.690569213472,3.71687202067167
1.58,135,-96,340.151425779011,3.79397332435756
1.58,135,-93,345.997378578018,3.8723210409854
1.58,135,-90,353.455293391718,3.95054175882253
1.58,135,-87,362.630786145216,4.02728941182439
1.58,135,-84,373.51709484444,4.10137770012406
1.58,135,-81,386.013361110609,4.17186158451664
1.58,135,-78,399.94612858933,4.23806245433356
1.58,135,-75,415.089508264587,4.29954839988138
1.58,135,-72,431.182181445967,4.35608865921947
1.58,135,-69,447.941835761862,4.40760030336552
1.58,135,-66,465.078888949859,4.45409967058029
1.58,135,-63,482.311248102154,4.49566486396696
1.58,135,-60,499.380688044627,4.53241082224817
1.58,135,-57,516.069811535304,4.564475449639
1.58,135,-54,532.21717299413,4.59201367277884
1.58,135,-51,547.727612036601,4.61519565148874
1.58,135,-48,562.575465806327,4.63420553094178
1.58,135,-45,576.7999698861,4.64923813954661
1.58,135,-42,590.494208430045,4.66049294777149
1.58,135,-39,603.790563916801,4.66816711202291
1.58,135,-36,616.846000970827,4.67245171615289
1.58,135,-33,629.829482849706,4.67353620759041
1.58,135,-30,642.911863733102,4.67162450795697
1.58,135,-27,656.256756199304,4.66696225302289
1.58,135,-24,670.010206628013,4.65986928725852
1.58,135,-21,684.288044768159,4.65076718092647
1.58,135,-18,699.162114783243,4.64019055576872
1.58,135,-15,714.648980460394,4.62877460917852
1.58,135,-12,730.705541531261,4.61721844448348
1.58,135,-9,747.234303409002,4.60623163149981
1.58,135,-6,764.097199399774,4.59647630464541
1.58,135,-3,781.132714515712,4.58851707850849
1.58,135,0,798.168966342781,4.5827867990025
1.58,135,3,815.026826250407,4.57957027570889
1.58,135,6,831.511736760519,4.57900341100633
1.58,135,9,847.398538123546,4.58108296995848
1.58,135,12,862.41770980643,4.58568242960941
1.58,135,15,876.25203460246,4.59257079092734
1.58,135,18,888.549441782936,4.60143278239297
1.58,135,21,898.951949082295,4.61188989445914
1.58,135,24,907.134494016282,4.62352209005706
1.58,135,27,912.843389711359,4.63589006728056
1.58,135,30,915.923685754305,4.6485578152199
1.58,135,33,916.327992294147,4.66111494276037
1.58,135,36,914.105065461699,4.67319781763087
1.58,135,39,909.372519496974,4.68450796145031
1.58,135,42,902.282291401129,4.69482564366827
1.58,135,45,892.98862774312,4.70401657944002
1.58,135,48,881.626336766292,4.7120303474549
1.58,135,51,868.302934190488,4.7188905575711
1.58,135,54,853.10376557971,4.72467848651289
1.58,135,57,836.105743641014,4.72951325120891
1.58,135,60,817.393870784675,4.73353212964492
1.58,135,63,797.075262845637,4.73687425377119
1.58,135,66,775.287313851636,4.73966982805455
1.58,135,69,752.199012827549,4.74203568628563
1.58,135,72,728.006410154173,4.74407677582729
1.58,135,75,702.924358918543,4.74589229558149
1.58,135,78,677.176865016167,4.74758479493032
1.58,135,81,650.987908773886,4.74927052978937
1.58,135,84,624.573809230477,4.75108966194121
1.58,135,87,598.137409979441,4.75321533963724
1.58,135,90,571.863776270974,4.75586116919524
1.58,135,93,545.916794736863,4.75928696250606
1.58,135,96,520.436073733445,4.76380285857262
1.58,135,99,495.533833518794,4.76977197058337
1.58,135,102,471.292005304649,4.77761166942214
1.58,135,105,447.760432149931,4.78779357252549
1.58,135,108,424.957707110214,4.80084230656533
1.58,135,111,402.876529856062,4.81733304679646
1.58,135,114,381.495201963116,4.83788737784711
1.58,135,117,360.795763937074,4.86316566655479
1.58,135,120,340.787259025468,4.8938514474117
1.58,135,123,321.529978804824,4.93061939249865
1.58,135,126,303.15397717051,4.97407458973282
1.58,135,129,285.863624374833,5.02465039206485
1.58,135,132,269.920637245139,5.08246056030378
1.58,135,135,255.601829064437,5.14712448964811
1.58,135,138,243.135053700909,5.21762076833548
1.58,135,141,232.626149889192,5.29225535306301
1.58,135,144,223.997270079693,5.36881959086253
1.58,135,147,216.957291233468,5.4449362507987
1.58,135,150,211.015166135235,5.5184840002312
1.58,135,153,205.531449699969,5.58793934429085
1.58,135,156,199.791443005555,5.65253037260139
1.58,135,159,193.081666482109,5.71221077790725
1.58,135,162,184.757469273158,5.76754614033935
1.58,135,165,174.296940605113,5.81962024941619
1.58,135,168,161.340667221947,5.87004792460497
1.58,135,171,145.718338021369,5.92117858652416
1.58,135,174,127.464248837035,5.97665783704493
1.58,135,177,106.828111889838,6.04283366685673
1.58,135,180,84.3042145304792,6.13264477887132
1.58,138,-180,84.3042145304792,-0.0981806507484404
1.58,138,-177,61.4082311751396,0.0478588169069288
1.58,138,-174,39.6040928379267,0.351277026786168
1.58,138,-171,26.4773878270448,1.10064133656356
1.58,138,-168,35.4118160973051,1.96805079915504
1.58,138,-165,56.5631259615562,2.34182162456584
1.58,138,-162,80.0970124337854,2.51215785183099
1.58,138,-159,103.524537230376,2.61257519495321
1.58,138,-156,126.057260603146,2.68374366871472
1.58,138,-153,147.385854084294,2.74107339894372
1.58,138,-150,167.413089487734,2.79159352871239
1.58,138,-147,186.160407122366,2.83892347973808
1.58,138,-144,203.713403017509,2.8850321580486
1.58,138,-141,220.177798317587,2.93096661293878
1.58,138,-138,235.641430621552,2.97721680919151
1.58,138,-135,250.145261313082,3.0239497413746
1.58,138,-132,263.668552875899,3.07119282545906
1.58,138,-129,276.132204776746,3.11898310652454
1.58,138,-126,287.420600875111,3.16747456188544
1.58,138,-123,297.417714677358,3.2169929448171
1.58,138,-120,306.049506513559,3.26803505908089
1.58,138,-117,313.323142474925,3.3212184518704
1.58,138,-114,319.354494963694,3.37719364194553
1.58,138,-111,324.378091131611,3.4365338750919
1.58,138,-108,328.737218808695,3.49961910102847
1.58,138,-105,332.855542318235,3.56653309342859
1.58,138,-102,337.194889942474,3.63699473655542
1.58,138,-99,342.20650282589,3.71034320455071
1.58,138,-96,348.284451160217,3.78558817956247
1.58,138,-93,355.72944540882,3.86151975837669
1.58,138,-90,364.728553364816,3.93685379805435
1.58,138,-87,375.351985126143,4.0103768402758
1.58,138,-84,387.563729788868,4.08105735058327
1.58,138,-81,401.240182639227,4.14810511612678
1.58,138,-78,416.19082083047,4.21097936278294
1.58,138,-75,432.176969204776,4.2693594678891
1.58,138,-72,448.927440241059,4.32309652027702
1.58,138,-69,466.152063192409,4.37216136967149
1.58,138,-66,483.555120242282,4.41659924156712
1.58,138,-63,500.850380300548,4.4564956090654
1.58,138,-60,517.778110846259,4.49195414197874
1.58,138,-57,534.122760053588,4.52308522089579
1.58,138,-54,549.728629718157,4.55000224674564
1.58,138,-51,564.510403731212,4.5728224064661
1.58,138,-48,578.456153659371,4.59166857462849
1.58,138,-45,591.62224041031,4.60666977825753
1.58,138,-42,604.121714185481,4.61795926663805
1.58,138,-39,616.109459602716,4.62567153070618
1.58,138,-36,627.767650930005,4.62994189059982
1.58,138,-33,639.293848163485,4.6309133563569
1.58,138,-30,650.891821223013,4.62875427238401
1.58,138,-27,662.763071325268,4.62368648393708
1.58,138,-24,675.096227902797,4.61601843904214
1.58,138,-21,688.052668911656,4.60617301240638
1.58,138,-18,701.749460781848,4.59469850213112
1.58,138,-15,716.243652493714,4.58225472740278
1.58,138,-12,731.52326980479,4.56957366795341
1.58,138,-9,747.508816377188,4.55740248563113
1.58,138,-6,764.065003648546,4.5464421089048
1.58,138,-3,781.017763610722,4.53729449808497
1.58,138,0,798.168966342781,4.53042692144267
1.58,138,3,815.302360064058,4.52615505889267
1.58,138,6,832.178773762077,4.52464169782834
1.58,138,9,848.524429440913,4.52590578017586
1.58,138,12,864.02050636267,4.52983723520313
1.58,138,15,878.302843936371,4.53621492390922
1.58,138,18,890.977465571415,4.54472669878863
1.58,138,21,901.651749535622,4.55499135297971
1.58,138,24,909.974908619445,4.56658218666559
1.58,138,27,915.677376199664,4.57905153703221
1.58,138,30,918.598279710902,4.59195530615976
1.58,138,33,918.69354846765,4.60487637948705
1.58,138,36,916.023067905032,4.61744573029943
1.58,138,39,910.721490180948,4.62935983791188
1.58,138,42,902.961659715028,4.64039288308769
1.58,138,45,892.920756355771,4.65040227473612
1.58,138,48,880.757128975702,4.65932664758865
1.58,138,51,866.601502629656,4.66717656455022
1.58,138,54,850.561521195297,4.67401947093994
1.58,138,57,832.735039849844,4.67996152487233
1.58,138,60,813.226120280162,4.685129393298
1.58,138,63,792.158327905557,4.68965484484387
1.58,138,66,769.6819961968,4.69366414944237
1.58,138,69,745.974616826869,4.69727321524118
1.58,138,72,721.235562924959,4.70058835126616
1.58,138,75,695.67747006199,4.70371173900516
1.58,138,78,669.51673820402,4.70675021667881
1.58,138,81,642.965046509231,4.70982582954887
1.58,138,84,616.222882670955,4.71308672195529
1.58,138,87,589.475226600964,4.71671724665378
1.58,138,90,562.888912901353,4.72094653164767
1.58,138,93,536.610914430618,4.72605507274955
1.58,138,96,510.766838245311,4.73237915454499
1.58,138,99,485.459259458188,4.74031305332679
1.58,138,102,460.766067009498,4.75030911448039
1.58,138,105,436.739650239936,4.76287600677531
1.58,138,108,413.408349121285,4.77857573454541
1.58,138,111,390.781891114693,4.79802013071348
1.58,138,114,368.862280191849,4.82186708199756
1.58,138,117,347.66057639207,4.8508149763867
1.58,138,120,327.218159933402,4.88559023224195
1.58,138,123,307.628636607282,4.92691733937984
1.58,138,126,289.054064301255,4.97545517229796
1.58,138,129,271.727529952389,5.03168154034421
1.58,138,132,255.934380693867,5.09571737362056
1.58,138,135,241.9677821453,5.16711101909951
1.58,138,138,230.06150844823,5.24465186839202
1.58,138,141,220.313102526929,5.32632641041077
1.58,138,144,212.61962228321,5.40951694816142
1.58,138,147,206.649138229399,5.49143841826209
1.58,138,150,201.859766477547,5.5696634510857
1.58,138,153,197.559583767135,5.64252438629168
1.58,138,156,192.987517184576,5.70926636279282
1.58,138,159,187.394605523432,5.76997842803962
1.58,138,162,180.113179528046,5.82542715201422
1.58,138,165,170.610101612561,5.87692264060608
1.58,138,168,158.524663473034,5.92631008528003
1.58,138,171,143.692838097341,5.97616945642421
1.58,138,174,126.160486330776,6.0303877628092
1.58,138,177,106.19274630916,6.09558636338025
1.58,138,180,84.3042145304792,6.18500465643115
1.58,141,-180,84.3042145304792,-0.0458207731886109
1.58,141,-177,62.1044398609076,0.0997673000604535
1.58,141,-174,41.0077163112721,0.396785903100839
1.58,141,-171,28.0680259707729,1.09547547969201
1.58,141,-168,35.6267613712709,1.93249120222116
1.58,141,-165,55.752419459113,2.3220655830246
1.58,141,-162,78.6981727121208,2.50098842388718
1.58,141,-159,101.721425611729,2.6047758717182
1.58,141,-156,123.93525275123,2.67687603817603
1.58,141,-153,144.983687592339,2.73398583145459
1.58,141,-150,164.743843705367,2.78377550778047
1.58,141,-147,183.225436457727,2.83022476692369
1.58,141,-144,200.515062288877,2.87552249417308
1.58,141,-141,216.731631635295,2.92085111541339
1.58,141,-138,231.986806371828,2.9667743161866
1.58,141,-135,246.353032983604,3.01348247457048
1.58,141,-132,259.844625814495,3.06098490345415
1.58,141,-129,272.416603909541,3.10926859812709
1.58,141,-126,283.982458708357,3.15841544215356
1.58,141,-123,294.447226719395,3.20866554421608
1.58,141,-120,303.748147247356,3.26042217037996
1.58,141,-117,311.893303969878,3.31420420909529
1.58,141,-114,318.989357912133,3.37055970085409
1.58,141,-111,325.252172975341,3.42995775441362
1.58,141,-108,330.997838433365,3.4926779365605
1.58,141,-105,336.615475415781,3.55871748478332
1.58,141,-102,342.526713319445,3.62773673834364
1.58,141,-99,349.139351406132,3.69905917218507
1.58,141,-96,356.803879551042,3.77173176384789
1.58,141,-93,365.780632495556,3.84463521882854
1.58,141,-90,376.222314236943,3.91661803131743
1.58,141,-87,388.172324264339,3.98662159637407
1.58,141,-84,401.575374893058,4.05376952624536
1.58,141,-81,416.294815749544,4.11740930176187
1.58,141,-78,432.131382230199,4.17711015673429
1.58,141,-75,448.840111412767,4.23263092400117
1.58,141,-72,466.144693696961,4.28387377924314
1.58,141,-69,483.750455567432,4.33083676363079
1.58,141,-66,501.357915413831,4.37357306532369
1.58,141,-63,518.678371159357,4.41216064784475
1.58,141,-60,535.451611317515,4.44668277861797
1.58,141,-57,551.464177339689,4.47721820264159
1.58,141,-54,566.565320754172,4.50383868535944
1.58,141,-51,580.677471669719,4.52661110079816
1.58,141,-48,593.798931951672,4.54560113275501
1.58,141,-45,605.998416621502,4.56087617966079
1.58,141,-42,617.40329912741,4.57250640664791
1.58,141,-39,628.185021546947,4.58056497334943
1.58,141,-36,638.545317652309,4.58513065283659
1.58,141,-33,648.705459960173,4.58629723322563
1.58,141,-30,658.898271711272,4.58419312066315
1.58,141,-27,669.360348968654,4.5790110024143
1.58,141,-24,680.321105246646,4.57104214276245
1.58,141,-21,691.986580700925,4.56070506072134
1.58,141,-18,704.519070638012,4.54855670192862
1.58,141,-15,718.017038842329,4.53527756606825
1.58,141,-12,732.501493171754,4.52163001846938
1.58,141,-9,747.913604229121,4.50839796898795
1.58,141,-6,764.124069529485,4.49632191851221
1.58,141,-3,780.949620531683,4.48604333225006
1.58,141,0,798.168966342781,4.47806704388284
1.58,141,3,815.53125017183,4.4727432711476
1.58,141,6,832.754525840893,4.47026544882947
1.58,141,9,849.517637595552,4.47067822319012
1.58,141,12,865.453301746109,4.47389107338449
1.58,141,15,880.151030480821,4.47969532602534
1.58,141,18,893.175397459416,4.48778411051718
1.58,141,21,904.099341694549,4.49777532175847
1.58,141,24,912.546102086359,4.50923716406069
1.58,141,27,918.229371129689,4.52171506776209
1.58,141,30,920.980883217335,4.53475828811766
1.58,141,33,920.758041371003,4.54794447323642
1.58,141,36,917.630068625517,4.56090073566957
1.58,141,39,911.747399786905,4.57332002773115
1.58,141,42,903.303424663814,4.58497181691759
1.58,141,45,892.498875549504,4.59570630188502
1.58,141,48,879.517018181367,4.60545188378748
1.58,141,51,864.513457940925,4.61420637409234
1.58,141,54,847.619559513263,4.62202333025422
1.58,141,57,828.954844865665,4.62899567721064
1.58,141,60,808.642230578932,4.63523913501745
1.58,141,63,786.820625747419,4.64087783257262
1.58,141,66,763.651533630652,4.64603392753549
1.58,141,69,739.318863619793,4.6508222605365
1.58,141,72,714.023262565234,4.65535024214328
1.58,141,75,687.973409938602,4.65972244981618
1.58,141,78,661.376835567451,4.66404888748669
1.58,141,81,634.432188172532,4.66845557247236
1.58,141,84,607.323918021671,4.67309606060619
1.58,141,87,580.219409427463,4.67816265637559
1.58,141,90,553.267947958326,4.68389630364428
1.58,141,93,526.600628447247,4.69059443092937
1.58,141,96,500.330392744734,4.69861628112018
1.58,141,99,474.551761876063,4.70838549741326
1.58,141,102,449.340396860321,4.72039003064829
1.58,141,105,424.753259581673,4.73517984464354
1.58,141,108,400.830686416455,4.75336338283564
1.58,141,111,377.601931756276,4.77560403827718
1.58,141,114,355.095472938721,4.8026173380054
1.58,141,117,333.354423880694,4.83516736694884
1.58,141,120,312.455736541057,4.87405634676683
1.58,141,123,292.529634491526,4.92009419480343
1.58,141,126,273.773340241578,4.97402704587188
1.58,141,129,256.451346174839,5.03640025273205
1.58,141,132,240.874305432376,5.10734227886054
1.58,141,135,227.351525228751,5.18629373055774
1.58,141,138,216.119445553766,5.27177234801487
1.58,141,141,207.260090436469,5.36132587481401
1.58,141,144,200.634511863494,5.45180429590409
1.58,141,147,195.857521661278,5.53993158325328
1.58,141,150,192.325780631492,5.62295931559261
1.58,141,153,189.288953386515,5.69912319897134
1.58,141,156,185.93929286028,5.76776546887855
1.58,141,159,181.496743869981,5.82919131145066
1.58,141,162,175.277798712873,5.88443102908607
1.58,141,165,166.746138804587,5.93506079187679
1.58,141,168,155.547170088204,5.98317568863346
1.58,141,171,141.528936689024,6.03158990911945
1.58,141,174,124.752501733533,6.08442106081079
1.58,141,177,105.499718983068,6.14853058717041
1.58,141,180,84.3042145304792,6.23736453399098
1.58,144,-180,84.3042145304793,0.00653910437121952
1.58,144,-177,62.8615724509548,0.151104212697875
1.58,144,-174,42.5153723099783,0.440080005536646
1.58,144,-171,29.7589415817436,1.08849965571713
1.58,144,-168,35.8840846286517,1.8917247618206
1.58,144,-165,54.8396353173131,2.29739776815751
1.58,144,-162,77.1051833751286,2.48632287453575
1.58,144,-159,99.6712913225528,2.59441384604586
1.58,144,-156,121.540227229793,2.66804076932349
1.58,144,-153,142.30322963868,2.72532427034594
1.58,144,-150,161.807139494176,2.77464704243781
1.58,144,-147,180.045284864793,2.8203870471184
1.58,144,-144,197.100382636533,2.86497675579891
1.58,144,-141,213.099930884867,2.909751869564
1.58,144,-138,228.175867466287,2.95536483423238
1.58,144,-135,242.430352415441,3.00204108294977
1.58,144,-132,255.913120353034,3.04977809992631
1.58,144,-129,268.615616377742,3.09851180559371
1.58,144,-126,280.483899072905,3.14824310114592
1.58,144,-123,291.447491507689,3.19911096383148
1.58,144,-120,301.45700992901,3.25140596013681
1.58,144,-117,310.521163073997,3.30552955979484
1.58,144,-114,318.734144804279,3.36191364382034
1.58,144,-111,326.287025712212,3.42091927115528
1.58,144,-108,333.460492756644,3.4827353669882
1.58,144,-105,340.600260994052,3.5472979255151
1.58,144,-102,348.07999470123,3.61424818737578
1.58,144,-99,356.259046237067,3.68294214947406
1.58,144,-96,365.443172656925,3.75251253252911
1.58,144,-93,375.855214732628,3.82197010875818
1.58,144,-90,387.61968531955,3.89031975175019
1.58,144,-87,400.761291513619,3.95666358821314
1.58,144,-84,415.214076640552,4.02027075962634
1.58,144,-81,430.836296594448,4.08060639295017
1.58,144,-78,447.426607986322,4.13732477144462
1.58,144,-75,464.738992142042,4.19023874855474
1.58,144,-72,482.496010015093,4.23927851267092
1.58,144,-69,500.401566307469,4.28445003054372
1.58,144,-66,518.154875831955,4.32579952253879
1.58,144,-63,535.466742451995,4.36338687066347
1.58,144,-60,552.077906651574,4.39726849217711
1.58,144,-57,567.777650791272,4.42748877096013
1.58,144,-54,582.419717505517,4.45407826355043
1.58,144,-51,595.932437708282,4.47705635121196
1.58,144,-48,608.321001080726,4.49643580863678
1.58,144,-45,619.661779054684,4.51222712127297
1.58,144,-42,630.090809774295,4.5244415328454
1.58,144,-39,639.790031591753,4.53309369200823
1.58,144,-36,648.974848307641,4.53820682890997
1.58,144,-33,657.884971006124,4.53982457150568
1.58,144,-30,666.777849693189,4.53803266568305
1.58,144,-27,675.921634794344,4.53299046494556
1.58,144,-24,685.583817556636,4.52496682703206
1.58,144,-21,696.013209871327,4.5143700994183
1.58,144,-18,707.416347878856,4.50175998952708
1.58,144,-15,719.93318955915,4.48783232328483
1.58,144,-12,733.619005616133,4.47337564501435
1.58,144,-9,748.438091150296,4.45920804904696
1.58,144,-6,764.27051356303,4.44610892178721
1.58,144,-3,780.927673046876,4.43476032841212
1.58,144,0,798.168966342781,4.42570716632301
1.58,144,3,815.71234162438,4.41933755891835
1.58,144,6,833.235829077267,4.41587929085062
1.58,144,9,850.372985780228,4.41540633370449
1.58,144,12,866.709635409385,4.41785101140932
1.58,144,15,881.790170229083,4.42301999669205
1.58,144,18,895.138617733643,4.43061417376416
1.58,144,21,906.293994343307,4.44025266724763
1.58,144,24,914.853518094685,4.45150042299629
1.58,144,27,920.513378878164,4.46389757222965
1.58,144,30,923.096444419757,4.47698817043678
1.58,144,33,922.55963113045,4.49034598879165
1.58,144,36,918.979465541715,4.50359560909188
1.58,144,39,912.520525779952,4.51642776107929
1.58,144,42,903.395850996093,4.52860840787065
1.58,144,45,891.829659606384,4.53998151278715
1.58,144,48,878.030678230797,4.55046581901569
1.58,144,51,862.180097374562,4.56004643321301
1.58,144,54,844.43335211588,4.56876250542537
1.58,144,57,824.931227629088,4.57669272247399
1.58,144,60,803.81419288834,4.58394054828278
1.58,144,63,781.234445555461,4.5906210856351
1.58,144,66,757.362231970274,4.59685111882948
1.58,144,69,732.385574388246,4.60274340015351
1.58,144,72,706.504677729557,4.60840565353644
1.58,144,75,679.923469309531,4.61394416845901
1.58,144,78,652.84086828164,4.61947132161866
1.58,144,81,625.443748816612,4.62511596097843
1.58,144,84,597.90256483842,4.63103536460445
1.58,144,87,570.369632947967,4.63742745502006
1.58,144,90,542.979385558634,4.64454207498619
1.58,144,93,515.849618913708,4.65269035410032
1.58,144,96,489.08285966146,4.66225147148674
1.58,144,99,462.767373202035,4.6736764487869
1.58,144,102,436.977913114427,4.6874890373221
1.58,144,105,411.776919137214,4.70428433199636
1.58,144,108,387.217351442733,4.72472636594729
1.58,144,111,363.348531559393,4.74954626230365
1.58,144,114,340.226082640512,4.77954183134594
1.58,144,117,317.926199514253,4.81557678407207
1.58,144,120,296.562988011668,4.85857196570865
1.58,144,123,276.305576901695,4.90947188088578
1.58,144,126,257.389390201516,4.96915910008225
1.58,144,129,240.113918478387,5.03828338292536
1.58,144,132,224.818589044562,5.11698557608044
1.58,144,135,211.830749824595,5.20454790419739
1.58,144,138,201.387704874707,5.29909667004573
1.58,144,141,193.548608814938,5.39756886366598
1.58,144,144,188.125788235837,5.49611341892962
1.58,144,147,184.665911323686,5.59086530226212
1.58,144,150,182.491997204902,5.67876015725485
1.58,144,153,180.789434134646,5.75802322162641
1.58,144,156,178.704894484391,5.82820985932634
1.58,144,159,175.433488825502,5.88994429292615
1.58,144,162,170.284685474605,5.94459144738683
1.58,144,165,162.728091147421,5.99403242981907
1.58,144,168,152.423091796408,6.04062676475803
1.58,144,171,139.235568876264,6.08742045519387
1.58,144,174,123.245098776624,6.13874488686724
1.58,144,177,104.751054063125,6.20166214118044
1.58,144,180,84.3042145304793,6.28972441155081
1.58,147,-180,84.3042145304794,0.0588989819310497
1.58,147,-177,63.6774158898284,0.201883203537626
1.58,147,-174,44.1236352338204,0.481411380965975
1.58,147,-171,31.563048785577,1.08051729701793
1.58,147,-168,36.2300783923079,1.84605117508058
1.58,147,-165,53.8679935474457,2.26730646926785
1.58,147,-162,75.352674243773,2.467708273712
1.58,147,-159,97.4044070091168,2.58117302498432
1.58,147,-156,118.901277041161,2.65702842943893
1.58,147,-153,139.37476935875,2.71495549609302
1.58,147,-150,158.636432254794,2.76412703518952
1.58,147,-147,176.658200810194,2.80936077905151
1.58,147,-144,193.513554874069,2.85335769373161
1.58,147,-141,209.333268657519,2.89762514170485
1.58,147,-138,224.265044505988,2.94292023337101
1.58,147,-135,238.437821548459,2.98951715541231
1.58,147,-132,251.935876826741,3.03741131285947
1.58,147,-129,264.788204653128,3.08649130039187
1.58,147,-126,276.975905955485,3.13667387538361
1.58,147,-123,288.455730878955,3.18798780425269
1.58,147,-120,299.193463986713,3.24059879634873
1.58,147,-117,309.198289090785,3.29477972821456
1.58,147,-114,318.549355157374,3.35084055699572
1.58,147,-111,327.408105418682,3.40903781110522
1.58,147,-108,336.013554091686,3.46948491839677
1.58,147,-105,344.661593219436,3.53208324639746
1.58,147,-102,353.672790965435,3.59648979598038
1.58,147,-99,363.355381469883,3.6621302320405
1.58,147,-96,373.970752891976,3.72825535442663
1.58,147,-93,385.707496830945,3.79402763079284
1.58,147,-90,398.667313053314,3.85861647611828
1.58,147,-87,412.862711813047,3.92128030981464
1.58,147,-84,428.223739988977,3.9814201995615
1.58,147,-81,444.609762197579,4.03860041198551
1.58,147,-78,461.822786529018,4.09254052481589
1.58,147,-75,479.620369451911,4.14308883027685
1.58,147,-72,497.727899891291,4.1901873725506
1.58,147,-69,515.851301054687,4.2338367796455
1.58,147,-66,533.69149637454,4.27406601181658
1.58,147,-63,550.961340839029,4.31090949749062
1.58,147,-60,567.404423319257,4.34439226909396
1.58,147,-57,582.81372616436,4.37452252559711
1.58,147,-54,597.047191735098,4.40129026616897
1.58,147,-51,610.037280728381,4.42467009714199
1.58,147,-48,621.792775093314,4.44462606231437
1.58,147,-45,632.393075269096,4.46111660982172
1.58,147,-42,641.977333551515,4.47409881661761
1.58,147,-39,650.732038535789,4.48353271370131
1.58,147,-36,658.880428972551,4.48938847492839
1.58,147,-33,666.675289419513,4.49166035022535
1.58,147,-30,674.393958175661,4.49039042661248
1.58,147,-27,682.332026158117,4.48570201806857
1.58,147,-24,690.791533077449,4.47783733260217
1.58,147,-21,700.061171539399,4.4671890440718
1.58,147,-18,710.389677251043,4.45431331465443
1.58,147,-15,721.957630795886,4.43991485800934
1.58,147,-12,734.855146435475,4.42480265646219
1.58,147,-9,749.071756648257,4.40982474025434
1.58,147,-6,764.5003282691,4.39579715130436
1.58,147,-3,780.951199130947,4.38344244668568
1.58,147,0,798.168966342781,4.37334728876318
1.58,147,3,815.844607646495,4.36594064135657
1.58,147,6,833.619733725296,4.36148818047321
1.58,147,9,851.08550232068,4.36009684740735
1.58,147,12,867.783091990612,4.36172525425591
1.58,147,15,883.213506964597,4.36619853647545
1.58,147,18,896.861501773483,4.37322809791903
1.58,147,21,908.232921305266,4.3824367068954
1.58,147,24,916.899042900798,4.39338810779959
1.58,147,27,922.537832318457,4.40561883195635
1.58,147,30,924.961771818079,4.41866911156169
1.58,147,33,924.12518264292,4.43210997946299
1.58,147,36,920.109583147853,4.44556449953513
1.58,147,39,913.091630163438,4.45872215111393
1.58,147,42,903.302546071277,4.47134632373387
1.58,147,45,890.989282119361,4.48327551879229
1.58,147,48,876.385811633771,4.49441922873066
1.58,147,51,859.698836683606,4.5047496670883
1.58,147,54,841.107460623029,4.5142906367668
1.58,147,57,820.772644603951,4.52310488845947
1.58,147,60,798.850535040663,4.53128134096768
1.58,147,63,775.504156462992,4.53892349712944
1.58,147,66,750.90990158975,4.54614027274049
1.58,147,69,725.257747484421,4.55304023785673
1.58,147,72,698.746276039227,4.55972993480176
1.58,147,75,671.574824492215,4.56631649513982
1.58,147,78,643.935318954977,4.57291427764685
1.58,147,81,616.005777312516,4.57965477341182
1.58,147,84,587.946501767509,4.58669866242779
1.58,147,87,559.899007217594,4.5942487210318
1.58,147,90,531.987027821842,4.60256228567975
1.58,147,93,504.318638540701,4.6119621490308
1.58,147,96,476.988616892902,4.62284506343134
1.58,147,99,450.080559266725,4.63568744433042
1.58,147,102,423.668816246929,4.65104842136138
1.58,147,105,397.820867362665,4.66957107479855
1.58,147,108,372.601164773129,4.69198338112036
1.58,147,111,348.077598778645,4.71910065242525
1.58,147,114,324.33145904935,4.75183026877107
1.58,147,117,301.470996731757,4.79117604553492
1.58,147,120,279.647382007464,4.83823226229441
1.58,147,123,259.069993215613,4.89414541043951
1.58,147,126,240.01564984613,4.96000681815412
1.58,147,129,222.823946149651,5.03662985198649
1.58,147,132,207.869294566304,5.12418211811273
1.58,147,135,195.502140392463,5.22171744827217
1.58,147,138,185.960921736071,5.3267937334468
1.58,147,141,179.274168442062,5.43548512425386
1.58,147,144,175.189930662412,5.5430078385
1.58,147,147,173.168458265954,5.64479952033424
1.58,147,150,172.445181744707,5.73752570108695
1.58,147,153,172.135928949234,5.81954606112465
1.58,147,156,171.344941148205,5.89079090508443
1.58,147,159,169.25101266159,5.95232889969854
1.58,147,162,165.167066671361,6.00593482809723
1.58,147,165,158.578602224984,6.05382864564826
1.58,147,168,149.167033881624,6.09864098891836
1.58,147,171,136.821583025624,6.14363956578285
1.58,147,174,121.643158518721,6.19334589950328
1.58,147,177,103.948885595405,6.25497678829239
1.58,147,180,84.3042145304794,6.34208428911064
1.58,150,-180,84.3042145304793,0.111258859490879
1.58,150,-177,64.5496198105258,0.252122278331944
1.58,150,-174,45.8292365280956,0.521030823102796
1.58,150,-171,33.4914899706077,1.07223846913047
1.58,150,-168,36.7126286776951,1.79605252660007
1.58,150,-165,52.8872547697077,2.23130722168477
1.58,150,-162,73.4799445345568,2.44463380295933
1.58,150,-159,94.9530501560013,2.56467928420975
1.58,150,-156,116.046746765482,2.64358367417643
1.58,150,-153,136.224999046377,2.70271231056362
1.58,150,-150,155.258698326354,2.75211071390224
1.58,150,-147,173.093200324859,2.7970816276126
1.58,150,-144,189.787122370271,2.84062089069456
1.58,150,-141,205.468676032443,2.88442628561089
1.58,150,-138,220.295933386472,2.9293760980712
1.58,150,-135,234.420439028406,2.9758088999834
1.58,150,-132,247.958652114524,3.02373164437879
1.58,150,-129,260.976721672712,3.07299521195888
1.58,150,-126,273.491966644196,3.12343648536267
1.58,150,-123,285.490263654347,3.17497332555801
1.58,150,-120,296.954161398957,3.22764315594191
1.58,150,-117,307.893735877661,3.28158754608181
1.58,150,-114,318.371880515393,3.33699616447209
1.58,150,-111,328.517680589571,3.3940297169715
1.58,150,-108,338.52484861877,3.45274279781241
1.58,150,-105,348.635860985225,3.51302526163086
1.58,150,-102,359.115583256253,3.57457566358237
1.58,150,-99,370.220182081048,3.63691277488563
1.58,150,-96,382.167601242113,3.69942191985167
1.58,150,-93,395.114755827694,3.76142408533549
1.58,150,-90,409.144259837754,3.8222505205894
1.58,150,-87,424.260775141284,3.88130599791542
1.58,150,-84,440.394913585581,3.93810956037427
1.58,150,-81,457.411692836583,3.99230955237861
1.58,150,-78,475.120911863634,4.04367659584556
1.58,150,-75,493.288020047608,4.09208190396987
1.58,150,-72,511.64541806643,4.13746883748993
1.58,150,-69,529.905040660414,4.17982407423086
1.58,150,-66,547.773190583875,4.21915254535879
1.58,150,-63,564.967905030892,4.25545829124616
1.58,150,-60,581.237924312361,4.28873192443087
1.58,150,-57,596.381091958831,4.31894439137163
1.58,150,-54,610.259303312899,4.34604601519013
1.58,150,-51,622.807358814626,4.36996927777979
1.58,150,-48,634.034358397691,4.39063353665797
1.58,150,-45,644.018241039384,4.40795009214639
1.58,150,-42,652.895992940618,4.42182693993129
1.58,150,-39,660.853060794088,4.43217413155175
1.58,150,-36,668.115016677053,4.43891243396667
1.58,150,-33,674.942539716489,4.44198898842658
1.58,150,-30,681.628045734516,4.44140285909904
1.58,150,-27,688.490058994396,4.43724016386289
1.58,150,-24,695.86092979876,4.42971343063383
1.58,150,-21,704.065392971549,4.41919481215491
1.58,150,-18,713.391289857707,4.40623057726922
1.58,150,-15,724.057957553691,4.39152715013057
1.58,150,-12,736.19015465199,4.37590692598211
1.58,150,-9,749.804311816278,4.3602420624106
1.58,150,-6,764.809447294224,4.34538148998651
1.58,150,-3,781.019379325249,4.33208686835235
1.58,150,0,798.168966342781,4.32098741120335
1.58,150,3,815.92715666335,4.31255530452078
1.58,150,6,833.903518765715,4.30709739494096
1.58,150,9,851.650430256137,4.30475718224435
1.58,150,12,868.667288581798,4.30552309368034
1.58,150,15,884.413903936399,4.30924201758611
1.58,150,18,898.337335102356,4.31563886006415
1.58,150,21,909.911177626721,4.32434265376353
1.58,150,24,918.680924078455,4.33491812887058
1.58,150,27,924.305603291065,4.34689990822225
1.58,150,30,926.585737684821,4.35982559472456
1.58,150,33,925.470799721842,4.37326427115004
1.58,150,36,921.044715026205,4.38683803318391
1.58,150,39,913.493727568993,4.40023559534671
1.58,150,42,903.065204839254,4.41321828579266
1.58,150,45,890.027413629074,4.42561962149977
1.58,150,48,874.638690507645,4.43734006690725
1.58,150,51,857.130596490172,4.44833859967579
1.58,150,54,837.705089503703,4.45862248603659
1.58,150,57,816.542017191359,4.4682363760947
1.58,150,60,793.811340944405,4.4772516054604
1.58,150,63,769.68465909074,4.48575649621116
1.58,150,66,744.342293308906,4.49384845836794
1.58,150,69,717.97454727199,4.50162870714615
1.58,150,72,690.777866294008,4.5092003226515
1.58,150,75,662.947950813345,4.51667012185225
1.58,150,78,634.672238213913,4.52415439741622
1.58,150,81,606.123738192661,4.53178808611986
1.58,150,84,577.457341295038,4.53973647981433
1.58,150,87,548.808794727231,4.54820829268149
1.58,150,90,520.295838461507,4.55746881179839
1.58,150,93,492.020661761048,4.56785199309232
1.58,150,96,464.072884732988,4.57977070025735
1.58,150,99,436.532602973615,4.59372479871221
1.58,150,102,409.473515319256,4.6103074954794
1.58,150,105,382.966632007946,4.63021110566185
1.58,150,108,357.085394813383,4.65423412828149
1.58,150,111,331.91312264416,4.68329163216213
1.58,150,114,307.55344600119,4.71842953293342
1.58,150,117,284.143746966821,4.76083886958931
1.58,150,120,261.870500015852,4.81185667101968
1.58,150,123,240.983689074032,4.87292369056934
1.58,150,126,221.805001389612,4.94544730317919
1.58,150,129,204.721307728912,5.03050113893
1.58,150,132,190.152073891193,5.12831399942207
1.58,150,135,178.480401819058,5.2376144102423
1.58,150,138,169.948894562967,5.35512383297054
1.58,150,141,164.546541231683,5.47567539467812
1.58,150,144,161.936925533518,5.59323335399244
1.58,150,147,161.470832453439,5.70243431018561
1.58,150,150,162.280398457717,5.79979636843627
1.58,150,153,163.408140075564,5.88404540031629
1.58,150,156,163.92200772838,5.95570342274198
1.58,150,159,162.995664539837,6.01642812015714
1.58,150,162,159.957558621186,6.06847692565506
1.58,150,165,154.319599711685,6.1144320924453
1.58,150,168,145.793121068863,6.1571909363976
1.58,150,171,134.295655272203,6.20022349047295
1.58,150,174,119.951607317007,6.24821029301717
1.58,150,177,103.095449291796,6.30847028778361
1.58,150,180,84.3042145304793,6.39444416667047
1.58,153,-180,84.3042145304792,0.16361873705071
1.58,153,-177,65.4757035295249,0.301843296194092
1.58,153,-174,47.6289685391908,0.559181843742477
1.58,153,-171,35.5533315223097,1.06427714074963
1.58,153,-168,37.3791674783159,1.74261568345048
1.58,153,-165,51.954247201498,2.18899916630928
1.58,153,-162,71.5321474317817,2.41653570766787
1.58,153,-159,92.3525709304004,2.54449176713108
1.58,153,-156,113.005127911652,2.62739423763391
1.58,153,-153,132.87777602883,2.68838276320746
1.58,153,-150,151.695090484892,2.73845965973392
1.58,153,-147,169.370614795642,2.78346162153294
1.58,153,-144,185.942392695212,2.82670760260686
1.58,153,-141,201.52987353377,2.87010512527588
1.58,153,-138,216.2953035827,2.91467071106649
1.58,153,-135,230.407366501233,2.96082478373358
1.58,153,-132,244.010659904714,3.0086035082581
1.58,153,-129,257.206275186199,3.05783615944059
1.58,153,-126,270.047328617987,3.10829252457942
1.58,153,-123,282.549712816334,3.15978844981809
1.58,153,-120,294.714197832991,3.21223916493168
1.58,153,-117,306.553045856974,3.26566051847103
1.58,153,-114,318.113550291937,3.32012945734261
1.58,153,-111,329.492358357989,3.3757220101274
1.58,153,-108,340.837314483384,3.43244860153544
1.58,153,-105,352.336866043126,3.49020386756631
1.58,153,-102,364.199938793473,3.54874267513804
1.58,153,-99,376.631015280354,3.60768683235295
1.58,153,-96,389.80561745435,3.6665591762554
1.58,153,-93,403.850513473098,3.72483511118414
1.58,153,-90,418.831119586958,3.78199821863738
1.58,153,-87,434.746433409356,3.83758733954761
1.58,153,-84,451.530153888826,3.89122687894106
1.58,153,-81,469.055902631191,3.94263790438426
1.58,153,-78,487.14471048066,3.99163259671248
1.58,153,-75,505.573825558863,4.038097405054
1.58,153,-72,524.086897298722,4.08197078050274
1.58,153,-69,542.406203568582,4.12322037714677
1.58,153,-66,560.247533598111,4.1618230476391
1.58,153,-63,577.337618931835,4.19774947484921
1.58,153,-60,593.43289039789,4.23095413107573
1.58,153,-57,608.33729224916,4.26137042232389
1.58,153,-54,621.91640522125,4.28891024348223
1.58,153,-51,634.105563588832,4.31346669033567
1.58,153,-48,644.911010220263,4.33491843945503
1.58,153,-45,654.405019757167,4.3531345295309
1.58,153,-42,662.717612728003,4.36797914934018
1.58,153,-39,670.028202979596,4.37931751128191
1.58,153,-36,676.559784367604,4.38702549682444
1.58,153,-33,682.576178283281,4.39100662195809
1.58,153,-30,688.380201904539,4.39121900453995
1.58,153,-27,694.308579015888,4.38771188788771
1.58,153,-24,700.719151415585,4.38066637282754
1.58,153,-21,707.968001458089,4.37043009992144
1.58,153,-18,716.377984654405,4.35753334965911
1.58,153,-15,726.20434868121,4.34267666570828
1.58,153,-12,737.605486805081,4.32668783449012
1.58,153,-9,750.625861616058,4.31045596842381
1.58,153,-6,765.193806940456,4.2948576659356
1.58,153,-3,781.131308864496,4.28069100205453
1.58,153,0,798.168966342781,4.26862753364352
1.58,153,3,815.959239101313,4.25918439458895
1.58,153,6,834.08470750401,4.25271252013879
1.58,153,9,852.063242787317,4.24939541557439
1.58,153,12,869.35587940544,4.24925485542501
1.58,153,15,885.383836418475,4.25216286333989
1.58,153,18,899.558312544365,4.25786095655302
1.58,153,21,911.321713235037,4.26598715699615
1.58,153,24,920.193962854759,4.27610938909525
1.58,153,27,925.814459990711,4.28776193908637
1.58,153,30,927.97017519438,4.30048067707887
1.58,153,33,926.603391634486,4.31383304967065
1.58,153,36,921.797649805178,4.32744013258263
1.58,153,39,913.745921272476,4.34098972488827
1.58,153,42,902.70915833918,4.35424104528269
1.58,153,45,888.974917213711,4.36702271051886
1.58,153,48,872.824438214291,4.37922618745791
1.58,153,51,854.513083602282,4.3907968408972
1.58,153,54,834.264731404972,4.40172422414228
1.58,153,57,812.277042661994,4.41203264225064
1.58,153,60,788.732462426644,4.42177251760437
1.58,153,63,763.809667396294,4.43101285723127
1.58,153,66,737.691547579204,4.43983515796923
1.58,153,69,710.567927055133,4.44832925567581
1.58,153,72,682.633275220232,4.45659174733468
1.58,153,75,654.081060100952,4.46472755268034
1.58,153,78,625.096930340275,4.47285489685217
1.58,153,81,595.852683183964,4.4811135535368
1.58,153,84,566.50227635577,4.48967572106099
1.58,153,87,537.180314160774,4.49875855359649
1.58,153,90,508.00276045086,4.50863723937802
1.58,153,93,479.069259901308,4.51965765236594
1.58,153,96,450.466413928161,4.53224799917283
1.58,153,99,422.271589531623,4.54692951014548
1.58,153,102,394.557214330989,4.56432703554842
1.58,153,105,367.395892624323,4.58518130376606
1.58,153,108,340.86694847071,4.61036532441775
1.58,153,111,315.065080014051,4.64090740441239
1.58,153,114,290.111640169614,4.67802137078191
1.58,153,117,266.168584005786,4.72313890003495
1.58,153,120,243.454217263587,4.7779262822886
1.58,153,123,222.258259781894,4.84424476212501
1.58,153,126,202.950902052586,4.92397878033656
1.58,153,129,185.976028850807,5.01862358125937
1.58,153,132,171.81355004172,5.12854598171114
1.58,153,135,160.895274659502,5.25201540422443
1.58,153,138,153.474685442416,5.38449706999385
1.58,153,141,149.489588172168,5.51899767483589
1.58,153,144,148.491175294715,5.64778909408192
1.58,153,147,149.691064927489,5.76464589672024
1.58,153,150,152.101151957296,5.86620074857989
1.58,153,153,154.690076931393,5.95190109142805
1.58,153,156,156.499864774803,6.02313726342645
1.58,153,159,156.713252124218,6.08230995391413
1.58,153,162,154.687634552282,6.13221900517743
1.58,153,165,149.971963885087,6.17581512105
1.58,153,168,142.314821032226,6.21624337459267
1.58,153,171,131.666209865185,6.25714611760337
1.58,153,174,118.175387572303,6.30332385242073
1.58,153,177,102.193074677736,6.36213843414197
1.58,153,180,84.3042145304792,6.4468040442303
1.58,156,-180,84.3042145304794,0.21597861461054
1.58,156,-177,66.4530621965982,0.351071438137675
1.58,156,-174,49.5195931138779,0.596096314435172
1.58,156,-171,37.7553952638538,1.05714991295254
1.58,156,-168,38.2741847559254,1.68691315982817
1.58,156,-165,51.132937772277,2.14014592205095
1.58,156,-162,69.5616689208647,2.38281391615124
1.58,156,-159,89.6428306548861,2.52009661784922
1.58,156,-156,109.806386050633,2.60807943829123
1.58,156,-153,129.355363727672,2.67169813384677
1.58,156,-150,147.96211673704,2.72299050648606
1.58,156,-147,165.503192537391,2.7683791163359
1.58,156,-144,181.990409881359,2.81153664785934
1.58,156,-141,197.528047970041,2.85460075786402
1.58,156,-138,212.27564003973,2.89874401922514
1.58,156,-135,226.412270109313,2.94448793141374
1.58,156,-132,240.104856032499,2.99191941080485
1.58,156,-129,253.485214989151,3.04086870332143
1.58,156,-126,266.640022177525,3.09105995474723
1.58,156,-123,279.614893134738,3.14222562964866
1.58,156,-120,292.43008270329,3.19417414228493
1.58,156,-117,305.102290389845,3.24680850854769
1.58,156,-114,317.665901698333,3.30010457520733
1.58,156,-111,330.187868598199,3.35406480435195
1.58,156,-108,342.772751888801,3.40866573130032
1.58,156,-105,355.557304856771,3.46381482277421
1.58,156,-102,368.696536216956,3.51932720858795
1.58,156,-99,382.344872865089,3.57492619929692
1.58,156,-96,396.636572745286,3.63026501101962
1.58,156,-93,411.668950129988,3.68496208450775
1.58,156,-90,427.490604902845,3.7386400048266
1.58,156,-87,444.095239127624,3.79095875066933
1.58,156,-84,461.420363388106,3.84163717722013
1.58,156,-81,479.349609369674,3.89046078732486
1.58,156,-78,497.717514759591,3.93727742898858
1.58,156,-75,516.316270659345,3.98198465088612
1.58,156,-72,534.904602942451,4.02451295724589
1.58,156,-69,553.219305442894,4.06480860546752
1.58,156,-66,570.989733243873,4.1028185117507
1.58,156,-63,587.954822747407,4.13847874217784
1.58,156,-60,603.88119718264,4.17170717959992
1.58,156,-57,618.580066523369,4.20240027878603
1.58,156,-54,631.920373723393,4.23043328878019
1.58,156,-51,643.836236210653,4.25566291824617
1.58,156,-48,654.328120246517,4.27793125065632
1.58,156,-45,663.458935279902,4.29706997758517
1.58,156,-42,671.347659801696,4.31290486888406
1.58,156,-39,678.163527635807,4.32526176607816
1.58,156,-36,684.122854613656,4.33397681528264
1.58,156,-33,689.488469423728,4.33891433704045
1.58,156,-30,694.569210035922,4.33999477853172
1.58,156,-27,699.715179238201,4.33723214100099
1.58,156,-24,705.304438375702,4.33077557944463
1.58,156,-21,711.718985982145,4.3209451637585
1.58,156,-18,719.311705503079,4.30824954324298
1.58,156,-15,728.369998983426,4.29337565800765
1.58,156,-12,739.084093452307,4.27714796611079
1.58,156,-9,751.527050479149,4.2604642454917
1.58,156,-6,765.649403076412,4.24422223678169
1.58,156,-3,781.286009388136,4.22925248776037
1.58,156,0,798.168966342781,4.21626765608369
1.58,156,3,815.940253929564,4.20583081009373
1.58,156,6,834.161084268163,4.19833943574457
1.58,156,9,852.319664789312,4.19402025798032
1.58,156,12,869.842577508736,4.19293184742664
1.58,156,15,886.115421584303,4.19497474435287
1.58,156,18,900.515608822765,4.199910209268
1.58,156,21,912.455551142031,4.20738797304097
1.58,156,24,921.429907934927,4.21698127679789
1.58,156,27,927.057830253334,4.22822542635669
1.58,156,30,929.111215410715,4.24065507470768
1.58,156,33,927.522844283752,4.25383579425302
1.58,156,36,922.372999436066,4.26738690356661
1.58,156,39,913.858276281733,4.28099440186198
1.58,156,42,902.250236888134,4.29441468742296
1.58,156,45,887.853182710845,4.30747109130743
1.58,156,48,870.969313325499,4.32004592150202
1.58,156,51,851.876451433936,4.33207065200544
1.58,156,54,830.819525344039,4.34351626572157
1.58,156,57,808.013418646754,4.35438487991996
1.58,156,60,783.652592059175,4.3647029983018
1.58,156,63,757.922409389582,4.3745162930309
1.58,156,66,731.008102434016,4.38388577849276
1.58,156,69,703.099142549696,4.39288546541684
1.58,156,72,674.388717737535,4.40160185669834
1.58,156,75,645.069478775433,4.41013576772275
1.58,156,78,615.327446469717,4.41860683410809
1.58,156,81,585.335984639423,4.4271607444012
1.58,156,84,555.251257005026,4.43597883179479
1.58,156,87,525.209891756799,4.44528933590633
1.58,156,90,495.328935545734,4.45537953608502
1.58,156,93,465.707756155746,4.46660813692157
1.58,156,96,436.431407160229,4.47941776996467
1.58,156,99,407.57506292893,4.49434823400275
1.58,156,102,379.209377064108,4.51205206497685
1.58,156,105,351.406904701982,4.53331507905904
1.58,156,108,324.249968260457,4.55908539167033
1.58,156,111,297.840477136629,4.59051447003032
1.58,156,114,272.312195675955,4.62901173797077
1.58,156,117,247.845728279655,4.67630753034142
1.58,156,120,224.685871258067,4.73450293333941
1.58,156,123,203.159479702839,4.8060514480102
1.58,156,126,183.688594250051,4.89355912214013
1.58,156,129,166.786861994386,4.99921954635405
1.58,156,132,153.017554425547,5.123706226624
1.58,156,135,142.887146963809,5.26464837557921
1.58,156,138,136.671987920921,5.41556802077526
1.58,156,141,134.241301476154,5.56670192027381
1.58,156,144,134.992915764198,5.70802683119572
1.58,156,147,137.960550462154,5.83252744743016
1.58,156,150,142.019301195126,5.93745746788504
1.58,156,153,146.069217842149,6.02350734024134
1.58,156,156,149.142452269805,6.09326557010134
1.58,156,159,150.448182747689,6.15001964998238
1.58,156,162,149.387042931557,6.19714368219571
1.58,156,165,145.555191716687,6.23793791226313
1.58,156,168,138.744776624823,6.27575861968072
1.58,156,171,128.941347107327,6.31437888724619
1.58,156,174,116.319431739085,6.35867203298028
1.58,156,177,101.244177687079,6.41597709814819
1.58,156,180,84.3042145304794,6.49916392179013
1.58,159,-180,84.3042145304794,0.26833849217037
1.58,159,-177,67.478972230812,0.399834665524301
1.58,159,-174,51.4977588353148,0.631991516970963
1.58,159,-171,40.1022085873324,1.05127764815368
1.58,159,-168,39.4366174339345,1.63033380161464
1.58,159,-165,50.4936852682249,2.08477907875734
1.58,159,-162,67.629572093536,2.34286709562759
1.58,159,-159,86.870007964239,2.49090619766814
1.58,159,-156,106.48373939897,2.58517928826668
1.58,159,-153,125.680161468984,2.6523200409754
1.58,159,-150,144.073334109565,2.70546243317094
1.58,159,-147,161.497730335588,2.75166755234491
1.58,159,-144,177.933455719692,2.79499513831501
1.58,159,-141,193.4631448728,2.83783520070329
1.58,159,-138,208.236194208813,2.88153539601146
1.58,159,-135,222.434212168455,2.92673923025554
1.58,159,-132,236.238922455668,2.97360925853172
1.58,159,-129,249.806642209815,3.02200492242156
1.58,159,-126,263.253457983843,3.07163391883394
1.58,159,-123,276.653076698483,3.1221726987206
1.58,159,-120,290.046118544366,3.17334634230769
1.58,159,-117,303.456725978322,3.2249637603933
1.58,159,-114,316.910889334911,3.27691370753148
1.58,159,-111,330.451195551883,3.32913463652045
1.58,159,-108,344.144415487009,3.38157427119938
1.58,159,-105,358.080695278376,3.43415310872511
1.58,159,-102,372.365341595126,3.48674148493053
1.58,159,-99,387.105739836017,3.53915411739824
1.58,159,-96,402.396556956202,3.59116064794454
1.58,159,-93,418.306082172525,3.6425067693579
1.58,159,-90,434.86562147011,3.69293876065038
1.58,159,-87,452.062710671413,3.74222478197011
1.58,159,-84,469.837975875977,3.79016851311095
1.58,159,-81,488.085026032451,3.83661361721248
1.58,159,-78,506.652842971621,3.88144003630321
1.58,159,-75,525.350542684973,3.92455464853315
1.58,159,-72,543.954796934862,3.96587924451702
1.58,159,-69,562.220323392925,4.00533840719938
1.58,159,-66,579.893514784217,4.04284912887409
1.58,159,-63,596.728533990085,4.07831320863101
1.58,159,-60,612.504310579533,4.11161280883714
1.58,159,-57,627.040216830893,4.14260902961706
1.58,159,-54,640.208139711631,4.1711429507153
1.58,159,-51,651.939376607763,4.19703829936895
1.58,159,-48,662.226139085495,4.2201048360804
1.58,159,-45,671.11900661715,4.24014187917687
1.58,159,-42,678.722801133054,4.25694223214601
1.58,159,-39,685.193483966823,4.27029803327355
1.58,159,-36,690.737573258384,4.2800112765077
1.58,159,-33,695.613516638492,4.28591222398013
1.58,159,-30,700.13219509858,4.28788787787999
1.58,159,-27,704.652290019665,4.28591972359637
1.58,159,-24,709.566479889138,4.28012553968848
1.58,159,-21,715.276651350888,4.27079567574135
1.58,159,-18,722.159977365773,4.25841207018604
1.58,159,-15,730.531465932588,4.24364043312387
1.58,159,-12,740.610650993266,4.22729276871839
1.58,159,-9,752.499189020642,4.21026639412838
1.58,159,-6,766.17234254105,4.19347256449625
1.58,159,-3,781.482440069788,4.17776919856843
1.58,159,0,798.168966342781,4.16390777852386
1.58,159,3,815.869754903631,4.152497493198
1.58,159,6,834.130712202574,4.1439842976624
1.58,159,9,852.415700354313,4.13864102435247
1.58,159,12,870.121192395246,4.13656631110328
1.58,159,15,886.600480391948,4.13769249660398
1.58,159,18,901.199504107252,4.14180363687417
1.58,159,21,913.302049767248,4.14856378523532
1.58,159,24,922.377965539641,4.15755345103257
1.58,159,27,928.025708694845,4.16831004434213
1.58,159,30,930.000779248352,4.18036711415612
1.58,159,33,928.22432513571,4.19328757302923
1.58,159,36,922.770590730848,4.20668757127538
1.58,159,39,913.836621597196,4.22024968850612
1.58,159,42,901.701355657976,4.23372610652286
1.58,159,45,886.682899453127,4.24693398979388
1.58,159,48,869.102066197766,4.25974615067564
1.58,159,51,849.257570332224,4.27208011570625
1.58,159,54,827.414630603784,4.28388804717548
1.58,159,57,803.805296929515,4.29514891850652
1.58,159,60,778.636502631554,4.30586329497859
1.58,159,63,752.101061873136,4.31605036828476
1.58,159,66,724.387453191945,4.32574667174341
1.58,159,69,695.685748660077,4.3350060765444
1.58,159,72,666.188830122096,4.34390101175491
1.58,159,75,636.089539684644,4.35252512574061
1.58,159,78,605.575328165476,4.36099767303236
1.58,159,81,574.822230282678,4.36946976162095
1.58,159,84,543.989739964992,4.37813233501647
1.58,159,87,513.2176122917,4.38722554729517
1.58,159,90,482.62501477456,4.39704916513307
1.58,159,93,452.311965896783,4.4079738962988
1.58,159,96,422.362722896038,4.42045413547219
1.58,159,99,392.850722383235,4.43504352016733
1.58,159,102,363.844789579706,4.45241584798247
1.58,159,105,335.416545247452,4.47339521801917
1.58,159,108,307.64919064982,4.49900050015623
1.58,159,111,280.648098963173,4.53050986260956
1.58,159,114,254.553860541491,4.56954975756018
1.58,159,117,229.558561842503,4.61820622901109
1.58,159,120,205.925903030126,4.67913720981523
1.58,159,123,184.014581267054,4.75561730381263
1.58,159,126,164.300422914438,4.85134778235214
1.58,159,129,147.382748708864,4.96970935721238
1.58,159,132,133.942147970979,5.11205838445648
1.58,159,135,124.602172944315,5.27515752593172
1.58,159,138,119.682636729498,5.44939824772211
1.58,159,141,118.955148732113,5.62064711385888
1.58,159,144,121.600869993243,5.77578835361504
1.58,159,147,126.425369989047,5.90742948215014
1.58,159,150,132.154636285876,6.01436558418059
1.58,159,153,137.635215389062,6.09925236586345
1.58,159,156,141.912543589989,6.16622912740583
1.58,159,159,144.242462364649,6.21957069883809
1.58,159,162,144.08318706921,6.26321055387376
1.58,159,165,141.087065409948,6.30074667800683
1.58,159,168,135.094651489341,6.33568998736722
1.58,159,171,126.128780629692,6.37189076717762
1.58,159,174,114.388640046798,6.41424006694621
1.58,159,177,100.251253763469,6.46998227004364
1.58,159,180,84.3042145304794,6.55152379934996
1.58,162,-180,84.3042145304793,0.3206983697302
1.58,162,-177,68.5505962041899,0.448163183820887
1.58,162,-174,53.5599291820188,0.667068342678246
1.58,162,-171,42.5960496117908,1.04699036959407
1.58,162,-168,40.897552340132,1.57436896548553
1.58,162,-165,50.1112773261865,2.02331184698456
1.58,162,-162,65.8068560964411,2.29615436628006
1.58,162,-159,84.0887247583381,2.45626870247748
1.58,162,-156,103.075897714805,2.55814620291922
1.58,162,-153,121.876932803183,2.62982741708114
1.58,162,-150,140.041553988325,2.68556369898091
1.58,162,-147,157.357220965915,2.73310301610631
1.58,162,-144,173.76706494245,2.77692781462545
1.58,162,-141,189.325668004093,2.81970524604613
1.58,162,-138,204.164537334585,2.86297892749374
1.58,162,-135,218.459057386311,2.90753697813202
1.58,162,-132,232.396821014227,2.95364495761926
1.58,162,-129,246.150621979148,3.00122377930065
1.58,162,-126,259.85997870018,3.0499996062075
1.58,162,-123,273.623614522109,3.09962688569744
1.58,162,-120,287.502716132009,3.14977704401645
1.58,162,-117,301.53216802582,3.20018791867348
1.58,162,-114,315.735328389334,3.25067658066326
1.58,162,-111,330.137735200153,3.30112526708829
1.58,162,-108,344.776236716799,3.35145354761926
1.58,162,-105,359.701847188837,3.40158913613393
1.58,162,-102,374.976477829009,3.45144618577091
1.58,162,-99,390.665080702245,3.50091518789842
1.58,162,-96,406.825415130007,3.54986418682609
1.58,162,-93,423.497601528896,3.59814789375692
1.58,162,-90,440.695069615151,3.64561989668613
1.58,162,-87,458.397755383322,3.69214346705535
1.58,162,-84,476.547770978981,3.73759796227589
1.58,162,-81,495.047465306052,3.78187977376849
1.58,162,-78,513.759833135773,3.82489847234502
1.58,162,-75,532.511469300956,3.8665698315042
1.58,162,-72,551.098462610861,3.90680768943627
1.58,162,-69,569.29555979842,3.94551633119664
1.58,162,-66,586.868501320958,3.98258452277676
1.58,162,-63,603.588713723803,4.01788175167813
1.58,162,-60,619.248781044363,4.05125674947538
1.58,162,-57,633.676641008467,4.0825380102805
1.58,162,-54,646.746545366805,4.11153575587281
1.58,162,-51,658.385586248931,4.1380446524388
1.58,162,-48,668.575846277404,4.16184665046925
1.58,162,-45,677.353546134162,4.18271373544852
1.58,162,-42,684.807386500654,4.20041121367905
1.58,162,-39,691.078162794062,4.21470328380029
1.58,162,-36,696.360549029828,4.22536364647438
1.58,162,-33,700.906026925263,4.23219414501443
1.58,162,-30,705.023995051798,4.23505327712589
1.58,162,-27,709.077005312336,4.23389359747614
1.58,162,-24,713.466534258214,4.22880297619431
1.58,162,-21,718.607886565712,4.22004070771301
1.58,162,-18,724.896208265728,4.20805754218766
1.58,162,-15,732.668930645826,4.19349060630384
1.58,162,-12,742.171746635309,4.17713019221656
1.58,162,-9,753.534360165782,4.15986348961899
1.58,162,-6,766.75888829478,4.14260678174193
1.58,162,-3,781.719508015659,4.1262392404481
1.58,162,0,798.168966342781,4.11154790096403
1.58,162,3,815.747456466535,4.09918742003516
1.58,162,6,833.991952096896,4.08965351783351
1.58,162,9,852.347666128025,4.08326760267527
1.58,162,12,870.185682027491,4.08017137692226
1.58,162,15,886.830625220631,4.08033206359987
1.58,162,18,901.5995464891,4.08355939363673
1.58,162,21,913.849207193256,4.08953417151421
1.58,162,24,923.025339907997,4.09784590814364
1.58,162,27,928.705550312458,4.10803493219191
1.58,162,30,930.627956738676,4.11963345663866
1.58,162,33,928.700292745273,4.13220050676664
1.58,162,36,922.98826397556,4.1453471099519
1.58,162,39,913.686317772143,4.158750193675
1.58,162,42,901.07745686387,4.17215573058929
1.58,162,45,885.490397025596,4.18537339300668
1.58,162,48,867.261890612292,4.19826602740459
1.58,162,51,846.709734293079,4.21073746945424
1.58,162,54,824.118686963913,4.22272163009248
1.58,162,57,799.738266971826,4.23417465491806
1.58,162,60,773.78902967976,4.24507070314102
1.58,162,63,746.472889088537,4.25540090863264
1.58,162,66,717.983319305649,4.2651746049581
1.58,162,69,688.512479250822,4.2744219124004
1.58,162,72,658.253914269743,4.28319710786439
1.58,162,75,627.400999408332,4.29158258028503
1.58,162,78,596.142358633863,4.29969343015341
1.58,162,81,564.65598642425,4.30768284312468
1.58,162,84,533.103759803188,4.31574831588727
1.58,162,87,501.627623822631,4.32413877016672
1.58,162,90,470.348165786867,4.3331627015726
1.58,162,93,439.365745078311,4.34319788387803
1.58,162,96,408.763939862141,4.35470384526954
1.58,162,99,378.614865853303,4.36823936857949
1.58,162,102,348.985917663287,4.3844886416223
1.58,162,105,319.947650496267,4.40430139207143
1.58,162,108,291.582823182775,4.42875434336053
1.58,162,111,263.997039762142,4.45924337810952
1.58,162,114,237.331951561076,4.49761689251983
1.58,162,117,211.782598695088,4.54635761697517
1.58,162,120,187.621014785633,4.6088026870481
1.58,162,123,165.227932586908,4.68933340885235
1.58,162,126,145.130745938934,4.79330819083654
1.58,162,129,128.032170805949,4.92617814177232
1.58,162,132,114.780287540022,5.09084961487298
1.58,162,135,106.187913780442,5.28302081167054
1.58,162,138,102.655530463099,5.48775810671277
1.58,162,141,103.804521304989,5.68366419830428
1.58,162,144,108.497139386044,5.85358987953412
1.58,162,147,115.247981212295,5.99098704278502
1.58,162,150,122.633885619611,6.09777443239744
1.58,162,153,129.477999923408,6.17948665357694
1.58,162,156,134.870063739464,6.24211653725234
1.58,162,159,138.134563008117,6.2909348346463
1.58,162,162,138.80048326181,6.33035181384737
1.58,162,165,136.583336625667,6.3641720164656
1.58,162,168,131.37499414842,6.39598336785815
1.58,162,171,123.235785695289,6.42964830182033
1.58,162,174,112.387862320848,6.47001309985896
1.58,162,177,99.2168715150316,6.52415010448955
1.58,162,180,84.3042145304793,6.60388367690979
1.58,165,-180,84.3042145304793,0.37305824729003
1.58,165,-177,69.6649873522187,0.496088924487692
1.58,165,-174,55.7023226653113,0.701510400558221
1.58,165,-171,45.2370608769734,1.04453502462772
1.58,165,-168,42.6786677664109,1.52047573448065
1.58,165,-165,50.0614621921496,1.95663562236875
1.58,165,-162,64.175108558144,2.24229126111835
1.58,165,-159,81.3643599369865,2.41549555777511
1.58,165,-156,99.6297457332513,2.52634277969255
1.58,165,-153,117.975541155675,2.60370476491369
1.58,165,-150,135.88156449649,2.66289774213397
1.58,165,-147,153.083518001068,2.7123907172094
1.58,165,-144,169.482560511478,2.75712481440419
1.58,165,-141,185.099004025779,2.80007200363487
1.58,165,-138,200.038636970837,2.84299518743815
1.58,165,-135,214.461377045733,2.88685134545336
1.58,165,-132,228.550779429256,2.93203779214151
1.58,165,-129,242.486715253196,2.97857108779801
1.58,165,-126,256.424583930045,3.02623367257127
1.58,165,-123,270.483595573391,3.0746957548928
1.58,165,-120,284.744692417762,3.12360864904445
1.58,165,-117,299.256468310873,3.17266510533457
1.58,165,-114,314.045842662289,3.22162716284748
1.58,165,-111,329.129732458484,3.27032790841048
1.58,165,-108,344.524528246812,3.31865705093539
1.58,165,-105,360.251429527192,3.36654044150178
1.58,165,-102,376.337118450398,3.41392131140308
1.58,165,-99,392.810420248426,3.46074747085552
1.58,165,-96,409.696277973667,3.50696530909752
1.58,165,-93,427.008526994915,3.55251900391651
1.58,165,-90,444.742723015728,3.59735222130047
1.58,165,-87,462.869875075049,3.6414096702392
1.58,165,-84,481.331578992206,3.68463678084552
1.58,165,-81,500.036872732471,3.72697697578796
1.58,165,-78,518.861154257071,3.76836703972248
1.58,165,-75,537.647608829223,3.80873168095859
1.58,165,-72,556.21161935319,3.84797847450815
1.58,165,-69,574.348433504358,3.8859941033337
1.58,165,-66,591.843886657721,3.92264237608298
1.58,165,-63,608.487322146617,3.95776406951073
1.58,165,-60,624.085228937947,3.99117831538922
1.58,165,-57,638.473801945124,4.02268504138826
1.58,165,-54,651.528829287701,4.05206787182502
1.58,165,-51,663.172055739099,4.07909691581891
1.58,165,-48,673.374261370658,4.1035310900458
1.58,165,-45,682.156331816262,4.12512013242515
1.58,165,-42,689.590123290524,4.143607280929
1.58,165,-39,695.800613844214,4.15873456301355
1.58,165,-36,700.969657203558,4.170253390631
1.58,165,-33,705.339964202302,4.17794315649833
1.58,165,-30,709.21636981849,4.18163929505009
1.58,165,-27,712.960721034316,4.18126964080649
1.58,165,-24,716.977362366355,4.17689431007257
1.58,165,-21,721.688269828648,4.16874088544003
1.58,165,-18,727.499865447177,4.15722504121483
1.58,165,-15,734.766374499868,4.14294837185011
1.58,165,-12,743.756015414739,4.12667031638818
1.58,165,-9,754.625503496427,4.10925803048145
1.58,165,-6,767.405497726056,4.09162375091906
1.58,165,-3,781.996077802751,4.07466095003596
1.58,165,0,798.168966342781,4.0591880234042
1.58,165,3,815.573239257769,4.04590359014536
1.58,165,6,833.743482132421,4.03535374150368
1.58,165,9,852.112230039401,4.02791042074342
1.58,165,12,870.03021736522,4.02376102454583
1.58,165,15,886.797366846804,4.02291046201619
1.58,165,18,901.704734109265,4.02519677103466
1.58,165,21,914.083968838619,4.0303197038221
1.58,165,24,923.357729548591,4.03787928669033
1.58,165,27,929.083020010193,4.04741937419547
1.58,165,30,930.980062980752,4.05847040413744
1.58,165,33,928.941890831591,4.07058605159763
1.58,165,36,923.023613493863,4.08336997153978
1.58,165,39,913.414335949039,4.09649084469451
1.58,165,42,900.397913618565,4.10968605516388
1.58,165,45,884.310358839647,4.12275615429234
1.58,165,48,865.501416335153,4.13555349496459
1.58,165,51,844.305846125737,4.14796884148759
1.58,165,54,821.026987186673,4.15991933038818
1.58,165,57,795.932119890949,4.17134006096433
1.58,165,60,769.256784697873,4.18218020839086
1.58,165,63,741.214002306468,4.19240331019289
1.58,165,66,712.004333141444,4.20199059746603
1.58,165,69,681.823644816451,4.21094602076115
1.58,165,72,650.866884948536,4.21930183886317
1.58,165,75,619.327627468622,4.22712406820047
1.58,165,78,587.394320661714,4.23451751805999
1.58,165,81,555.244825232777,4.24163044805419
1.58,165,84,523.040967556989,4.2486590827091
1.58,165,87,490.924550769063,4.25585239153526
1.58,165,90,459.015736251759,4.26351781171961
1.58,165,93,427.414112394097,4.2720290642688
1.58,165,96,396.202256636144,4.28183797569043
1.58,165,99,365.451269481814,4.2934933362824
1.58,165,102,335.227661771891,4.30767140096752
1.58,165,105,305.601116555423,4.32522485062181
1.58,165,108,276.653014180919,4.34726019276577
1.58,165,111,248.486201401473,4.37525810434051
1.58,165,114,221.237334870914,4.41125726906266
1.58,165,117,195.094319442935,4.45812817677574
1.58,165,120,170.322962891408,4.51995985284278
1.58,165,123,147.308610905824,4.60253361279317
1.58,165,126,126.61756775392,4.71364843820945
1.58,165,129,109.068718770357,4.86241538416752
1.58,165,132,95.749012518349,5.05536345422781
1.58,165,135,87.7904525262808,5.28735712603656
1.58,165,138,85.7490168823137,5.53374196187771
1.58,165,141,88.9934503384328,5.76018355456885
1.58,165,144,95.8955575316595,5.94484986738137
1.58,165,147,104.608987250541,6.08510573322051
1.58,165,150,113.588721397126,6.1885202178868
1.58,165,153,121.685105543342,6.26447732681839
1.58,165,156,128.070045831679,6.32094055553805
1.58,165,159,132.15818681188,6.36403155065302
1.58,165,162,133.559722419392,6.39846810404105
1.58,165,165,132.057439821371,6.42812751320433
1.58,165,168,127.595125926441,6.45657695378774
1.58,165,171,120.2691601078,6.48761574342584
1.58,165,174,110.321884220177,6.52597635856471
1.58,165,177,98.1436669555161,6.57847696689971
1.58,165,180,84.3042145304793,6.65624355446962
1.58,168,-180,84.3042145304793,0.425418124849861
1.58,168,-177,70.8190938969095,0.543645055152383
1.58,168,-174,57.920865116048,0.735483822995179
1.58,168,-171,48.0234060028917,1.04408526548854
1.58,168,-168,44.7916721724516,1.46994781252814
1.58,168,-165,50.4160216395807,1.88615941798024
1.58,168,-162,62.8259386609031,2.18118195114481
1.58,168,-159,78.7752733830941,2.36791656889781
1.58,168,-156,96.20340097511,2.48905135006196
1.58,168,-153,114.014191269816,2.57333427752205
1.58,168,-150,131.61338331308,2.6369699029529
1.58,168,-147,148.680535083966,2.68915074768578
1.58,168,-144,165.070135169233,2.73530789234306
1.58,168,-141,180.762313466289,2.77874789592902
1.58,168,-138,195.829505812014,2.82147898146045
1.58,168,-135,210.406873774723,2.86465278467952
1.58,168,-132,224.663632249819,2.90882737963602
1.58,168,-129,238.776537872419,2.95414872983364
1.58,168,-126,252.908178401732,3.00049311450942
1.58,168,-123,267.192388076275,3.0475847908036
1.58,168,-120,281.727768545574,3.09508987829422
1.58,168,-117,296.578605162643,3.14268385079786
1.58,168,-114,311.78107871568,3.19009205136527
1.58,168,-111,327.351999223009,3.23710658259236
1.58,168,-108,343.297409947269,3.28358597863022
1.58,168,-105,359.619118106441,3.32944498670299
1.58,168,-102,376.318163940963,3.37464072232403
1.58,168,-99,393.395126913434,3.41915930431478
1.58,168,-96,410.847790409509,3.46300479369461
1.58,168,-93,428.666988990623,3.50619052669163
1.58,168,-90,446.831504046484,3.54873202465451
1.58,168,-87,465.302775815076,3.59064053121032
1.58,168,-84,484.020086271116,3.63191661262683
1.58,168,-81,502.896814954034,3.67254383069753
1.58,168,-78,521.818380428442,3.71248296999483
1.58,168,-75,540.642486062056,3.75166750304494
1.58,168,-72,559.202188896304,3.79000088053613
1.58,168,-69,577.312024965632,3.82735592599243
1.58,168,-66,594.776948932882,3.86357623413604
1.58,168,-63,611.403278211729,3.89847914373274
1.58,168,-60,627.010355178581,3.93185964847627
1.58,168,-57,641.441460529765,3.96349453796462
1.58,168,-54,654.572760812515,3.99314611770379
1.58,168,-51,666.319735167523,4.02056505209901
1.58,168,-48,676.641397909147,4.04549224725185
1.58,168,-45,685.543376086622,4.06766027869728
1.58,168,-42,693.081161517201,4.0867956407413
1.58,168,-39,699.364421705911,4.10262388048594
1.58,168,-36,704.562172000808,4.11488016090801
1.58,168,-33,708.907221092729,4.12332757040758
1.58,168,-30,712.697142460062,4.12778422771343
1.58,168,-27,716.288649512074,4.12815785949058
1.58,168,-24,720.083013501619,4.12448345293732
1.58,168,-21,724.502031187834,4.11695674399913
1.58,168,-18,729.956534903865,4.10595498981074
1.58,168,-15,736.811674021603,4.09203780597804
1.58,168,-12,745.354229159875,4.07592497900251
1.58,168,-9,755.766477118377,4.05845377836042
1.58,168,-6,768.10885368093,4.0405230171187
1.58,168,-3,782.310980049363,4.02303289062929
1.58,168,0,798.168966342781,4.00682814584437
1.58,168,3,815.347155175145,3.99264901504577
1.58,168,6,833.384318375201,3.98109182200721
1.58,168,9,851.706454897334,3.97258041082851
1.58,168,12,869.649257542848,3.96735004699875
1.58,168,15,886.492234924096,3.96544576764376
1.58,168,18,901.503702379061,3.96673625124478
1.58,168,21,913.992508134489,3.97094215010308
1.58,168,24,923.35972424327,3.97767534474999
1.58,168,27,929.142509743886,3.98648373462957
1.58,168,30,931.043242347334,3.99689553968599
1.58,168,33,928.939554709659,4.00845767095629
1.58,168,36,922.874453430813,4.02076420855929
1.58,168,39,913.029387120301,4.03347298606654
1.58,168,42,899.686087748122,4.04631035000232
1.58,168,45,883.184549591882,4.05906602712781
1.58,168,48,863.884328811645,4.07158140360447
1.58,168,51,842.13462088411,4.08373515766678
1.58,168,54,818.255893011578,4.09542997353249
1.58,168,57,792.53300241747,4.10658309059185
1.58,168,60,765.217437992975,4.11712202015953
1.58,168,63,736.53502806661,4.1269853240333
1.58,168,66,706.695261625832,4.13612728011847
1.58,168,69,675.899080435153,4.14452476047777
1.58,168,72,644.343248516642,4.15218469301621
1.58,168,75,612.220786299786,4.15915088952837
1.58,168,78,579.718127474683,4.16550957903194
1.58,168,81,547.010402887568,4.17139352229627
1.58,168,84,514.256508744868,4.17698503726863
1.58,168,87,481.595432767304,4.18251866126753
1.58,168,90,449.144831254508,4.18828459211509
1.58,168,93,417.0022443202,4.19463458224035
1.58,168,96,385.248767673477,4.20199270950557
1.58,168,99,353.954591941199,4.21087454832024
1.58,168,102,323.185652729407,4.22191993800092
1.58,168,105,293.010743273848,4.23594721466979
1.58,168,108,263.508839579343,4.2540412345898
1.58,168,111,234.777094401454,4.27769521498958
1.58,168,114,206.941046921494,4.3090397844542
1.58,168,117,180.170289055948,4.35121496660681
1.58,168,120,154.705619838903,4.40897265917013
1.58,168,123,130.908384306182,4.48961466956316
1.58,168,126,109.348954745931,4.60422611742642
1.58,168,129,90.9485987724532,4.7682190914893
1.58,168,132,77.1181209472968,4.99677680224348
1.58,168,135,69.5538728834487,5.28643968902426
1.58,168,138,69.1410975983659,5.59316531748362
1.58,168,141,74.7796360124965,5.85733778668752
1.58,168,144,84.0545842175263,6.05410657638652
1.58,168,147,94.7079365513867,6.19185301456395
1.58,168,150,105.152069831617,6.28731435804024
1.58,168,153,114.338042777063,6.35434788396667
1.58,168,156,121.560248616718,6.40261187140365
1.58,168,159,126.340976891355,6.43871790740326
1.58,168,162,128.377467992396,6.46742490359115
1.58,168,165,127.520249852662,6.49250867871845
1.58,168,168,123.763058048927,6.51740114597394
1.58,168,171,117.235199106298,6.54575527370107
1.58,168,174,108.195418124176,6.58211535277238
1.58,168,177,97.0343383505887,6.63295948059367
1.58,168,180,84.3042145304793,6.70860343202945
1.58,171,-180,84.3042145304793,0.47777800240969
1.58,171,-177,72.0097633651062,0.590865525633716
1.58,171,-174,60.2111536999301,0.769137589228732
1.58,171,-171,50.9514474339911,1.04575226457378
1.58,171,-168,47.2387414251212,1.42382166596634
1.58,171,-165,51.2369779635265,1.81375293047716
1.58,171,-162,61.858454201942,2.11317591472097
1.58,171,-159,76.4144370667705,2.31297407982187
1.58,171,-156,92.8694663045016,2.44550405644462
1.58,171,-153,110.04314010539,2.53799632515433
1.58,171,-150,127.266052693166,2.60717682285146
1.58,171,-147,144.15800723382,2.66290400094595
1.58,171,-144,160.522517962663,2.71111546061971
1.58,171,-141,176.294040888055,2.75548128983345
1.58,171,-138,191.504488187936,2.7982832133377
1.58,171,-135,206.255387722636,2.84089459078327
1.58,171,-132,220.691531324007,2.88406254021788
1.58,171,-129,234.976242443668,2.92809374283127
1.58,171,-126,249.270017032326,2.97299276469185
1.58,171,-123,263.714390951579,3.01857367132508
1.58,171,-120,278.422119413101,3.06455128760631
1.58,171,-117,293.473635647225,3.11061239321828
1.58,171,-114,308.918717564985,3.1564661996027
1.58,171,-111,324.781622418839,3.20187501772037
1.58,171,-108,341.067755249476,3.24666804633096
1.58,171,-105,357.770155538277,3.29074247005995
1.58,171,-102,374.874560372606,3.33405621148946
1.58,171,-99,392.362358631218,3.37661599130308
1.58,171,-96,410.211257108122,3.41846329912556
1.58,171,-93,428.393866951602,3.45965988840967
1.58,171,-90,446.874676397791,3.50027371823678
1.58,171,-87,465.606030724812,3.54036591985068
1.58,171,-84,484.523831540654,3.57997927922833
1.58,171,-81,503.543720598681,3.61912875102099
1.58,171,-78,522.558524905705,3.65779451091389
1.58,171,-75,541.437677389122,3.69591792334531
1.58,171,-72,560.029147068105,3.73340053545715
1.58,171,-69,578.164090612906,3.77010585962025
1.58,171,-66,595.664000482539,3.80586336523335
1.58,171,-63,612.349665748093,3.84047385082224
1.58,171,-60,628.050920792241,3.87371526187824
1.58,171,-57,642.616073762903,3.90534807289645
1.58,171,-54,655.920152779794,3.93511955754559
1.58,171,-51,667.871633575555,3.96276662326602
1.58,171,-48,678.417935486019,3.98801738551393
1.58,171,-45,687.550429352679,4.01059228479104
1.58,171,-42,695.309745318301,4.03020623153766
1.58,171,-39,701.791687504626,4.04657383573046
1.58,171,-36,707.153151904507,4.05941999191462
1.58,171,-33,711.61640607018,4.06849767417276
1.58,171,-30,715.469343570565,4.07361355964174
1.58,171,-27,719.059258829291,4.07466006906924
1.58,171,-24,722.778494751561,4.07164994544851
1.58,171,-21,727.041890944525,4.06474730696517
1.58,171,-18,732.257873353577,4.05428814199825
1.58,171,-15,738.79661758692,4.04078421836799
1.58,171,-12,746.959338133053,4.0249074134949
1.58,171,-9,756.952096823802,4.00745559349775
1.58,171,-6,768.865887944488,3.98930475620639
1.58,171,-3,782.663018933371,3.97135384653526
1.58,171,0,798.168966342781,3.95446826828454
1.58,171,3,815.069431929592,3.93942670597948
1.58,171,6,832.913835795365,3.92687479310893
1.58,171,9,851.127846237104,3.91728897212703
1.58,171,12,869.037633903923,3.91095401756969
1.58,171,15,885.906907287482,3.90795711645535
1.58,171,18,900.984905899168,3.90819959713503
1.58,171,21,913.560460833415,3.91142474162322
1.58,171,24,923.015072500014,3.91725753120082
1.58,171,27,928.867384249361,3.92525049834939
1.58,171,30,930.802582862267,3.93492944049011
1.58,171,33,928.682812793886,3.94583346428063
1.58,171,36,922.538043058078,3.95754530889108
1.58,171,39,912.540227477938,3.96970977028485
1.58,171,42,898.966304557484,3.98204002447903
1.58,171,45,882.157004538784,3.9943134860751
1.58,171,48,862.478298879532,4.00636029509157
1.58,171,51,840.290783120235,4.01804835204108
1.58,171,54,815.929839291726,4.0292688420515
1.58,171,57,789.696782570955,4.03992540431427
1.58,171,60,761.859018275878,4.04992874141782
1.58,171,63,732.655943582266,4.05919692184747
1.58,171,66,702.30703710608,4.06766032832346
1.58,171,69,671.019132898629,4.07526943292093
1.58,171,72,638.99095614519,4.0820034138081
1.58,171,75,606.414244986418,4.08787795711964
1.58,171,78,573.471884108242,4.09295120557257
1.58,171,81,540.334222623336,4.09732752387977
1.58,171,84,507.155055999844,4.10115942016642
1.58,171,87,474.068646714547,4.10464854669086
1.58,171,90,441.188749494142,4.1080472234829
1.58,171,93,408.610043676908,4.11166245191352
1.58,171,96,376.411809334614,4.11586502068309
1.58,171,99,344.663243341218,4.12110723436946
1.58,171,102,313.429588143504,4.12795434129008
1.58,171,105,282.778295207476,4.13713752912635
1.58,171,108,252.784798284788,4.14964162877503
1.58,171,111,223.538162172573,4.16685092475642
1.58,171,114,195.147995275682,4.19079694340202
1.58,171,117,167.755868695628,4.22459386440894
1.58,171,120,141.557936418025,4.27323305895952
1.58,171,123,116.852815758022,4.34507607603327
1.58,171,126,94.1454941306664,4.45462437233891
1.58,171,129,74.370293231598,4.62677546461471
1.58,171,132,59.2902875648485,4.89684602959139
1.58,171,135,51.6235691309512,5.27625696909865
1.58,171,138,53.0600665814591,5.67817744315528
1.58,171,141,61.5218154328235,5.98683004413708
1.58,171,144,73.2941397324846,6.1870227310919
1.58,171,147,85.7606975365903,6.31316706213722
1.58,171,150,97.4517925933252,6.39457181018689
1.58,171,153,107.507612836741,6.44900627151177
1.58,171,156,115.378521042195,6.48691284939705
1.58,171,159,120.703251192043,6.51477966548094
1.58,171,162,123.2655300916,6.53704977107422
1.58,171,165,122.979899923408,6.55719229977507
1.58,171,168,119.885442940157,6.57837865532706
1.58,171,171,114.139685349378,6.60402732273459
1.58,171,174,106.013098806203,6.63841611164677
1.58,171,177,95.8916416728583,6.68759457407094
1.58,171,180,84.3042145304793,6.76096330958928
1.58,174,-180,84.3042145304794,0.530137879969518
1.58,174,-177,73.2337470740102,0.637784654978347
1.58,174,-174,62.5684318822173,0.802604217551301
1.58,174,-171,54.0159285305301,1.04959566241145
1.58,174,-168,50.0137217125925,1.38283210286196
1.58,174,-165,52.5710822148044,1.74157854399796
1.58,174,-162,61.3741606824729,2.03921442896384
1.58,174,-159,74.3896749545727,2.25036415985219
1.58,174,-156,89.718099327882,2.39494556772649
1.58,174,-153,106.128756336569,2.49688572014564
1.58,174,-150,122.88196289063,2.57280227532033
1.58,174,-147,139.535838636742,2.63306005475629
1.58,174,-144,155.839264589638,2.6840873916569
1.58,174,-141,171.676092857038,2.72993947299861
1.58,174,-138,187.031244914633,2.77319972355358
1.58,174,-135,201.964560158941,2.81549083508295
1.58,174,-132,216.587115103558,2.85777579942873
1.58,174,-129,231.039008781958,2.90054953816912
1.58,174,-126,245.469385442943,2.94397419576454
1.58,174,-123,260.019907252098,2.98798450569041
1.58,174,-120,274.81264293435,3.03237480801654
1.58,174,-117,289.942787566309,3.07687138842788
1.58,174,-114,305.476009933231,3.12119022242875
1.58,174,-111,321.44967915059,3.16507933895353
1.58,174,-108,337.876834393198,3.20834566849562
1.58,174,-105,354.751574121159,3.25086747228605
1.58,174,-102,372.054565029815,3.29259459780466
1.58,174,-99,389.757583863415,3.33353951466826
1.58,174,-96,407.826354610632,3.37376227136142
1.58,174,-93,426.221358199388,3.41335228103168
1.58,174,-90,444.896699873827,3.45240937383879
1.58,174,-87,463.797464882048,3.49102601010685
1.58,174,-84,482.85624242005,3.52927203477714
1.58,174,-81,501.989636279439,3.56718290027064
1.58,174,-78,521.095603092109,3.60475187489038
1.58,174,-75,540.052362735255,3.64192635824496
1.58,174,-72,558.719411918507,3.67860803322568
1.58,174,-69,576.940857873448,3.7146562170732
1.58,174,-66,594.550919290073,3.74989347860043
1.58,174,-63,611.381093662255,3.7841124169516
1.58,174,-60,627.268260047981,3.81708248714942
1.58,174,-57,642.062955038812,3.84855592220873
1.58,174,-54,655.637251867942,3.87827213094611
1.58,174,-51,667.892026261813,3.90596041865756
1.58,174,-48,678.763763337917,3.93134144367632
1.58,174,-45,688.231265369461,3.9541284227566
1.58,174,-42,696.322515579514,3.97402963350943
1.58,174,-39,703.121505030287,3.99075409492284
1.58,174,-36,708.774154618744,4.00402227636303
1.58,174,-33,713.491805927578,4.01358314780708
1.58,174,-30,717.550403185573,4.01923777449383
1.58,174,-27,721.283668743169,4.02086806156984
1.58,174,-24,725.069345878672,4.01846745625615
1.58,174,-21,729.308788138737,4.01216890455733
1.58,174,-18,734.401461077741,4.00226470969396
1.58,174,-15,740.716848063638,3.98921356453489
1.58,174,-12,748.566466826693,3.97363190402162
1.58,174,-9,758.178152769111,3.95626926954441
1.58,174,-6,769.673797063154,3.9379697192429
1.58,174,-3,783.050978597589,3.91962281594775
1.58,174,0,798.168966342781,3.90210839072471
1.58,174,3,814.740477028734,3.8862396608948
1.58,174,6,832.331789546259,3.87270983892929
1.58,174,9,850.374403737411,3.86204793065817
1.58,174,12,868.190641351878,3.85458925759831
1.58,174,15,885.033344934576,3.85046471427242
1.58,174,18,900.136789661423,3.84960996098216
1.58,174,21,912.773105883392,3.85179246522857
1.58,174,24,922.306814932395,3.85665157092852
1.58,174,27,928.239964528627,3.86374527402974
1.58,174,30,930.241785670712,3.87259722726649
1.58,174,33,928.159400281766,3.8827383831309
1.58,174,36,922.009313575792,3.89373918951204
1.58,174,39,911.952574936181,3.90523003760439
1.58,174,42,898.258953300034,3.91690951243831
1.58,174,45,881.266751142941,3.92854175397223
1.58,174,48,861.344746183443,3.93994571457879
1.58,174,51,838.861327116628,3.95098006381142
1.58,174,54,814.163634896489,3.96152773204305
1.58,174,57,787.567072614499,3.97148352540444
1.58,174,60,759.353511881447,3.98074702643108
1.58,174,63,729.775295975597,3.98922145735867
1.58,174,66,699.061825224336,3.99681774553373
1.58,174,69,667.425962925924,4.00346203814559
1.58,174,72,635.068430595936,4.00910452983322
1.58,174,75,602.17944787712,4.01372765736364
1.58,174,78,568.937844327669,4.01735231111723
1.58,174,81,535.508549874899,4.02004150110053
1.58,174,84,502.039683123944,4.02190171473356
1.58,174,87,468.660417387587,4.02308290190437
1.58,174,90,435.480493462812,4.02377857981295
1.58,174,93,402.591780321606,4.02422799187377
1.58,174,96,370.071781164314,4.02472267467338
1.58,174,99,337.988551355468,4.02562037133887
1.58,174,102,306.406223625268,4.02737032819883
1.58,174,105,275.390288565844,4.03055629189386
1.58,174,108,245.011999649795,4.03596832631658
1.58,174,111,215.351799113797,4.0447247685998
1.58,174,114,186.502562179576,4.05848788757959
1.58,174,117,158.574954116949,4.07986768022619
1.58,174,120,131.710058773972,4.1132323829231
1.58,174,123,106.111332524022,4.16647044847372
1.58,174,126,82.1284032157297,4.25515929462752
1.58,174,129,60.4947290944556,4.41301115748579
1.58,174,132,43.043109374271,4.71384511107902
1.58,174,135,34.159670830036,5.24493216920255
1.58,174,138,37.8830928659076,5.81820447600538
1.58,174,141,49.7726364734446,6.16743630582658
1.58,174,144,64.0093669590199,6.34962688415329
1.58,174,147,77.9888916108753,6.45027818529776
1.58,174,150,90.6008078930507,6.51018337502584
1.58,174,153,101.248247304745,6.54807025574572
1.58,174,156,109.550087280291,6.57347505104044
1.58,174,159,115.256861546924,6.59192491856988
1.58,174,162,118.230560684606,6.60713072412106
1.58,174,165,118.441675812303,6.62203625483963
1.58,174,168,115.967564047965,6.63942480999502
1.58,174,171,110.987894733664,6.66239099057015
1.58,174,174,103.779483926383,6.694865456573
1.58,174,177,94.7183866538631,6.74237952755101
1.58,174,180,84.3042145304794,6.8133231871491
1.58,177,-180,84.3042145304795,0.582497757529347
1.58,177,-177,74.4877049393004,0.684436762543094
1.58,177,-174,64.9875743790156,0.836000705533346
1.58,177,-171,57.2101486780201,1.05563394760389
1.58,177,-168,53.1037447557343,1.34741539949231
1.58,177,-165,54.445941605712,1.671841469953
1.58,177,-162,61.4692118518822,1.96090820024283
1.58,177,-159,72.8214383785746,2.18022016733153
1.58,177,-156,86.8592038857485,2.33674240111752
1.58,177,-153,102.357634994365,2.44915502612537
1.58,177,-150,118.521616395588,2.53302590310263
1.58,177,-147,134.849032171104,2.59891041315911
1.58,177,-144,151.031692940911,2.65365145399468
1.58,177,-141,166.898710618815,2.70169133101431
1.58,177,-138,182.382469481253,2.74593857877252
1.58,177,-135,197.49421111989,2.78829166190639
1.58,177,-132,212.303248775881,2.82995419071418
1.58,177,-129,226.91774613655,2.87163252228396
1.58,177,-126,241.466830541585,2.9136696212706
1.58,177,-123,256.084546263089,2.95614552140655
1.58,177,-120,270.896372747778,2.99896027278864
1.58,177,-117,286.009002553672,3.04190617977283
1.58,177,-114,301.503869295252,3.08473051690454
1.58,177,-111,317.434547023854,3.12718696557747
1.58,177,-108,333.82765381101,3.16907330983211
1.58,177,-105,350.68639852526,3.21025389881033
1.58,177,-102,367.995559056583,3.25066721814307
1.58,177,-99,385.726584073863,3.29032076485076
1.58,177,-96,403.841692743318,3.32927667960449
1.58,177,-93,422.296241630642,3.36763202830956
1.58,177,-90,441.039117476548,3.40549734743929
1.58,177,-87,460.011378992674,3.44297634952827
1.58,177,-84,479.143724019421,3.48014880808842
1.58,177,-81,498.353558755384,3.51705779877411
1.58,177,-78,517.542489073229,3.55370175502753
1.58,177,-75,536.594959092297,3.5900312167034
1.58,177,-72,555.378560285554,3.62594969451314
1.58,177,-69,573.746264962233,3.66131773126002
1.58,177,-66,591.54054970674,3.69595902123798
1.58,177,-63,608.599124024297,3.72966737455609
1.58,177,-60,624.761822523846,3.7622134053677
1.58,177,-57,639.878191258695,3.79335008710653
1.58,177,-54,653.815395697472,3.82281673239839
1.58,177,-51,666.466243412099,3.85034147054096
1.58,177,-48,677.75725289028,3.87564283772134
1.58,177,-45,687.656709592461,3.89843157529277
1.58,177,-42,696.182472852983,3.91841405522381
1.58,177,-39,703.408955590203,3.93529883237919
1.58,177,-36,709.472305788236,3.94880759532083
1.58,177,-33,714.572543220189,3.95869122357408
1.58,177,-30,718.97140606544,3.96475078929174
1.58,177,-27,722.985016831791,3.96686226960006
1.58,177,-24,726.971131795588,3.96500264951013
1.58,177,-21,731.311509270646,3.95927423908571
1.58,177,-18,736.390563098271,3.94992363387376
1.58,177,-15,742.571735942654,3.93735192761575
1.58,177,-12,750.172866029463,3.92211346410752
1.58,177,-9,759.44140430347,3.90490137102558
1.58,177,-6,770.530050552464,3.88651917440221
1.58,177,-3,783.473628405626,3.86783900253377
1.58,177,0,798.168966342781,3.84974851316488
1.58,177,3,814.360881121458,3.83309085071307
1.58,177,6,831.638336195567,3.81860426146522
1.58,177,9,849.444675486849,3.80686949615454
1.58,177,12,867.104135785368,3.79827280294043
1.58,177,15,883.863931216603,3.79298984790846
1.58,177,18,898.947949240598,3.7909919937474
1.58,177,21,911.615497752281,3.79207234168027
1.58,177,24,921.21730251848,3.79588599159438
1.58,177,27,927.241298994703,3.80199763945164
1.58,177,30,929.342498950138,3.80992976578298
1.58,177,33,927.353897496601,3.81920577239585
1.58,177,36,921.278473541794,3.8293839927415
1.58,177,39,911.265258761701,3.84008021407262
1.58,177,42,897.574676976577,3.85097806235643
1.58,177,45,880.539476966802,3.86182823624316
1.58,177,48,860.527412522975,3.87243901400894
1.58,177,51,837.910483933286,3.88266149794206
1.58,177,54,813.043458814989,3.89237348232521
1.58,177,57,786.252120012726,3.90146550451046
1.58,177,60,757.829803186668,3.90983162540249
1.58,177,63,728.039649063442,3.91736605357318
1.58,177,66,697.11969431521,3.92396526295944
1.58,177,69,665.288313397934,3.9295341224368
1.58,177,72,632.748325275442,3.9339939794411
1.58,177,75,599.68900341342,3.93729065450347
1.58,177,78,566.286047348613,3.93940078853545
1.58,177,81,532.70015445654,3.94033573842241
1.58,177,84,499.075123001343,3.94014303199896
1.58,177,87,465.536438624636,3.93890610907614
1.58,177,90,432.191101928352,3.93674359673001
1.58,177,93,399.129118333641,3.93380967293711
1.58,177,96,366.426669948591,3.93029721605188
1.58,177,99,334.150596570135,3.92644555917719
1.58,177,102,302.363498927072,3.92255503371675
1.58,177,105,271.128607713119,3.91901157897561
1.58,177,108,240.513595586839,3.916327449703
1.58,177,111,210.59279060554,3.91521047256161
1.58,177,114,181.447806984443,3.91668918189883
1.58,177,117,153.167488110157,3.92235736588339
1.58,177,120,125.849479599087,3.9348978859779
1.58,177,123,99.6087712476707,3.95933642758128
1.58,177,126,74.6081286052021,4.00651309502488
1.58,177,129,51.1690032463863,4.10487322700339
1.58,177,132,30.3085731051438,4.35337064865174
1.58,177,135,17.4148977307334,5.1366455344978
1.58,177,138,24.5303210906107,6.0983919783744
1.58,177,141,40.4275834103676,6.42451817993402
1.58,177,144,56.657579560348,6.54575236278639
1.58,177,147,71.5952738403258,6.6028117792045
1.58,177,150,84.6833388312412,6.63327048099038
1.58,177,153,95.5917923106892,6.65080624046334
1.58,177,156,104.085026268248,6.66176523645774
1.58,177,159,110.004301216023,6.66978133927864
1.58,177,162,113.273816206246,6.6774159453628
1.58,177,165,113.908000784111,6.68687980162056
1.58,177,168,112.013367447545,6.70044806517146
1.58,177,171,107.78461835932,6.72080457528595
1.58,177,174,101.499059265494,6.75145131085985
1.58,177,177,93.5174334058167,6.79731201775848
1.58,177,180,84.3042145304795,6.86568306470893
