"Freq [GHz]","Phi [deg]","Theta [deg]","mag(rERHCP) [mV]","cang_rad(rERHCP) [rad]"
1.23,0,-180,52.0241573755822,0.178023858513441
1.23,0,-177,36.5926243369869,0.465456833755172
1.23,0,-174,25.5307979003578,1.00226971176148
1.23,0,-171,24.9685423043239,1.78956209985404
1.23,0,-168,34.9757310182877,2.34826309171256
1.23,0,-165,49.1266252053488,2.65111433458571
1.23,0,-162,64.4240413500457,2.84189795934532
1.23,0,-159,79.9269465659071,2.98322990016276
1.23,0,-156,95.2940100436059,3.0999057282591
1.23,0,-153,110.385491824975,3.20297672967176
1.23,0,-150,125.147220377951,3.2979378764646
1.23,0,-147,139.568999403177,3.38773999513364
1.23,0,-144,153.666034488455,3.4740381913268
1.23,0,-141,167.468697001398,3.5577683317376
1.23,0,-138,181.015920920141,3.63943995663874
1.23,0,-135,194.350621542724,3.71929866576204
1.23,0,-132,207.516536602616,3.79742358025603
1.23,0,-129,220.556191583985,3.87378995347542
1.23,0,-126,233.509746585392,3.94831153152314
1.23,0,-123,246.414474170168,4.02087018112126
1.23,0,-120,259.304619363337,4.09133692843645
1.23,0,-117,272.211424646958,4.15958686986494
1.23,0,-114,285.163157806533,4.22550951880194
1.23,0,-111,298.185042135388,4.28901563673235
1.23,0,-108,311.299041955495,4.35004128836941
1.23,0,-105,324.523494598059,4.40854968225721
1.23,0,-102,337.872603992084,4.46453126624352
1.23,0,-99,351.355826662544,4.51800250463456
1.23,0,-96,364.977194331186,4.56900373699001
1.23,0,-93,378.734631495981,4.61759648198775
1.23,0,-90,392.619340287782,4.66386049147398
1.23,0,-87,406.615334383957,4.70789078164899
1.23,0,-84,420.699203611345,4.74979478242509
1.23,0,-81,434.840177156315,4.78968966825098
1.23,0,-78,449.00052499779,4.82769987776561
1.23,0,-75,463.136296962559,4.86395480295134
1.23,0,-72,477.198352922601,4.89858663105105
1.23,0,-69,491.133595079795,4.93172834808151
1.23,0,-66,504.88628423395,4.96351195067646
1.23,0,-63,518.399315902807,4.99406695030725
1.23,0,-60,531.61535556741,5.02351927705362
1.23,0,-57,544.477785978075,5.05199068617478
1.23,0,-54,556.931496515093,5.07959872955057
1.23,0,-51,568.923629625753,5.10645727093277
1.23,0,-48,580.404469620825,5.13267740324726
1.23,0,-45,591.328688629319,5.15836848435468
1.23,0,-42,601.657130768488,5.18363887370771
1.23,0,-39,611.359207608519,5.20859586421307
1.23,0,-36,620.415803369376,5.23334430030545
1.23,0,-33,628.822376233497,5.25798348401013
1.23,0,-30,636.591740689238,5.28260220450916
1.23,0,-27,643.755882172749,5.30727206468585
1.23,0,-24,650.36614152344,5.33203967198802
1.23,0,-21,656.491244022811,5.3569186371026
1.23,0,-18,662.212933446986,5.38188259414169
1.23,0,-15,667.619363863434,5.40686053481804
1.23,0,-12,672.796824783969,5.43173557705749
1.23,0,-9,677.820734324533,5.456347857678
1.23,0,-6,682.747041770012,5.48050161051378
1.23,0,-3,687.605179195163,5.50397579449215
1.23,0,0,692.393486590347,5.52653703720744
1.23,0,3,697.077655913756,5.54795331018531
1.23,0,6,701.592285634236,5.56800673446216
1.23,0,9,705.845208526191,5.58650421171357
1.23,0,12,709.723932528186,5.60328507996497
1.23,0,15,713.103359642581,5.61822555290562
1.23,0,18,715.853921866041,5.63124017959618
1.23,0,21,717.849366138852,5.64228087253154
1.23,0,24,718.973588681484,5.65133417860191
1.23,0,27,719.126120146168,5.65841744403471
1.23,0,30,718.226063120457,5.66357441122976
1.23,0,33,716.214460050437,5.66687064287262
1.23,0,36,713.055209388976,5.66838904060689
1.23,0,39,708.734744612733,5.6682256332941
1.23,0,42,703.260744094411,5.66648575508433
1.23,0,45,696.660153679326,5.66328070495058
1.23,0,48,688.976785937982,5.65872496116909
1.23,0,51,680.268720506073,5.65293400298054
1.23,0,54,670.605679157543,5.646022760603
1.23,0,57,660.06649632181,5.63810467511831
1.23,0,60,648.736757041218,5.62929130904125
1.23,0,63,636.706633388925,5.61969241677038
1.23,0,66,624.068918429282,5.60941637019067
1.23,0,69,610.917234031095,5.59857084206148
1.23,0,72,597.344375112562,5.58726367563528
1.23,0,75,583.440748236441,5.57560390465597
1.23,0,78,569.29286692414,5.5637029217924
1.23,0,81,554.981879147543,5.55167581434048
1.23,0,84,540.582122649557,5.539642885961
1.23,0,87,526.159728135866,5.5277313603315
1.23,0,90,511.771314847033,5.51607722107682
1.23,0,93,497.462842823455,5.50482709135097
1.23,0,96,483.26869691295,5.49414000758367
1.23,0,99,469.211076247553,5.48418890627089
1.23,0,102,455.299748863615,5.47516162821206
1.23,0,105,441.532206491808,5.46726125455806
1.23,0,108,427.894224040774,5.46070562215577
1.23,0,111,414.360798311198,5.45572591773353
1.23,0,114,400.897417373584,5.4525643166865
1.23,0,117,387.461600279215,5.4514707092563
1.23,0,120,374.004647319468,5.45269864336343
1.23,0,123,360.473550793827,5.45650070839127
1.23,0,126,346.813028795966,5.46312368492925
1.23,0,129,332.967652305352,5.47280388486987
1.23,0,132,318.884032908646,5.48576319374915
1.23,0,135,304.513022875562,5.50220639293441
1.23,0,138,289.811854467974,5.5223203816915
1.23,0,141,274.74611940544,5.54627595471247
1.23,0,144,259.291473112301,5.57423286340424
1.23,0,147,243.434952171884,5.60634908129705
1.23,0,150,227.175824618701,5.64279564246951
1.23,0,153,210.525953801984,5.6837793574063
1.23,0,156,193.509745614737,5.72957755158356
1.23,0,159,176.163863251351,5.78059255622469
1.23,0,162,158.537039720649,5.83744084037825
1.23,0,165,140.690534603714,5.90110672489167
1.23,0,168,122.700197681915,5.97322448811335
1.23,0,171,104.662112106541,6.05663531157362
1.23,0,174,86.7066398722472,6.15658689575041
1.23,0,177,69.0347867224333,6.28360224319563
1.23,0,180,52.0241573755822,6.46120916569303
1.23,3,-180,52.0241573755821,0.230383736073271
1.23,3,-177,37.1552789797112,0.515511278781207
1.23,3,-174,26.436128927645,1.03213271447377
1.23,3,-171,25.4916565429178,1.78519300496176
1.23,3,-168,34.8540010615896,2.34588200650586
1.23,3,-165,48.6737026551742,2.65793553673651
1.23,3,-162,63.900398356369,2.85406256130932
1.23,3,-159,79.5259458751579,2.99777101512861
1.23,3,-156,95.1745940321607,3.11494162503418
1.23,3,-153,110.683451443894,3.21722896109043
1.23,3,-150,125.977173599102,3.31046076854632
1.23,3,-147,141.023212001544,3.39778869029414
1.23,3,-144,155.812548586088,3.48100533669914
1.23,3,-141,170.349873816392,3.56115433515305
1.23,3,-138,184.647930054536,3.63883956473274
1.23,3,-135,198.724088275812,3.71439490562132
1.23,3,-132,212.598331210314,3.78798420622158
1.23,3,-129,226.292174193927,3.85966381848638
1.23,3,-126,239.828168909743,3.92942371012628
1.23,3,-123,253.229691944182,3.99721557505238
1.23,3,-120,266.520784617502,4.06297262988141
1.23,3,-117,279.725892214064,4.12662381955667
1.23,3,-114,292.869434886235,4.18810404425548
1.23,3,-111,305.975210150113,4.2473613621012
1.23,3,-108,319.065666509402,4.30436174210914
1.23,3,-105,332.161099516072,4.35909175191582
1.23,3,-102,345.27881521118,4.41155950377662
1.23,3,-99,358.432294798176,4.4617941931245
1.23,3,-96,371.630389541168,4.50984459424547
1.23,3,-93,384.876580814293,4.55577688747719
1.23,3,-90,398.168354407183,4.59967216122627
1.23,3,-87,411.496753006172,4.64162385993618
1.23,3,-84,424.846177056375,4.68173535157209
1.23,3,-81,438.194494790299,4.72011768847227
1.23,3,-78,451.513494449178,4.75688755596203
1.23,3,-75,464.769668605513,4.79216535921583
1.23,3,-72,477.925270198211,4.82607339556272
1.23,3,-69,490.939534135686,4.85873409160609
1.23,3,-66,503.769929848962,4.89026833882284
1.23,3,-63,516.37330976388,4.92079401921759
1.23,3,-60,528.706852094686,4.95042485378838
1.23,3,-57,540.728761871519,4.97926971227914
1.23,3,-54,552.398780914431,5.00743247960028
1.23,3,-51,563.678646112856,5.03501247848642
1.23,3,-48,574.532700563497,5.06210530864529
1.23,3,-45,584.928878099738,5.08880380395747
1.23,3,-42,594.84022958011,5.11519866841679
1.23,3,-39,604.247034383866,5.14137827225451
1.23,3,-36,613.139357871967,5.16742711198786
1.23,3,-33,621.519710329497,5.19342258601903
1.23,3,-30,629.405285200459,5.21943000902316
1.23,3,-27,636.829158236455,5.2454961509199
1.23,3,-24,643.839858046303,5.27164197762964
1.23,3,-21,650.49889151796,5.29785560815079
1.23,3,-18,656.876109619356,5.32408669697664
1.23,3,-15,663.043179270884,5.35024342850416
1.23,3,-12,669.065806945369,5.37619303549665
1.23,3,-9,674.99565155681,5.40176625088085
1.23,3,-6,680.862994604796,5.42676546233394
1.23,3,-3,686.671167909938,5.45097570545487
1.23,3,0,692.393486590348,5.47417715964761
1.23,3,3,697.97305636148,5.49615761777067
1.23,3,6,703.325406172418,5.51672352175587
1.23,3,9,708.343526125878,5.53570853561217
1.23,3,12,712.90462923551,5.55297914219078
1.23,3,15,716.877830734073,5.56843726068046
1.23,3,18,720.131943591291,5.58202027730562
1.23,3,21,722.542694792158,5.5936991074644
1.23,3,24,723.99883646121,5.60347496571228
1.23,3,27,724.406823322121,5.61137545174481
1.23,3,30,723.693923732659,5.61745042240365
1.23,3,33,721.809803351591,5.62176796411303
1.23,3,36,718.726753076994,5.62441064425254
1.23,3,39,714.438817946419,5.62547212275109
1.23,3,42,708.960120230378,5.62505414968503
1.23,3,45,702.322664056108,5.62326395291278
1.23,3,48,694.57387207019,5.62021201842617
1.23,3,51,685.774050853344,5.61601027150663
1.23,3,54,675.993924026961,5.61077066882312
1.23,3,57,665.312319522682,5.60460420570331
1.23,3,60,653.814054793515,5.59762032988721
1.23,3,63,641.588031163222,5.58992673790062
1.23,3,66,628.725524134332,5.58162951865983
1.23,3,69,615.318638281717,5.57283360532607
1.23,3,72,601.458882657433,5.56364350159685
1.23,3,75,587.235816374773,5.55416425947517
1.23,3,78,572.735716086099,5.5445026961404
1.23,3,81,558.040228911753,5.534768841055
1.23,3,84,543.224995932293,5.52507759558917
1.23,3,87,528.358260300427,5.51555056438371
1.23,3,90,513.499505875796,5.50631798292794
1.23,3,93,498.698201132188,5.49752062597441
1.23,3,96,483.9927428038,5.48931154550824
1.23,3,99,469.409699323766,5.481857464219
1.23,3,102,454.963442938762,5.47533964755514
1.23,3,105,440.656232090306,5.46995409697379
1.23,3,108,426.478766393421,5.46591094671489
1.23,3,111,412.411192442355,5.46343300070451
1.23,3,114,398.424498376451,5.4627534086286
1.23,3,117,384.482206672441,5.4641125464773
1.23,3,120,370.542263092059,5.46775423619458
1.23,3,123,356.559025570447,5.47392151352605
1.23,3,126,342.485275526985,5.48285223460743
1.23,3,129,328.274197334409,5.49477489843686
1.23,3,132,313.881290191404,5.50990514701467
1.23,3,135,299.26618334473,5.52844347787083
1.23,3,138,284.394318361683,5.55057476010715
1.23,3,141,269.238444917492,5.5764701962941
1.23,3,144,253.779858632933,5.60629245876321
1.23,3,147,238.009303103714,5.64020493226827
1.23,3,150,221.92747524887,5.67838645773277
1.23,3,153,205.545121790728,5.72105393236048
1.23,3,156,188.882798270744,5.76849700481759
1.23,3,159,171.970480516186,5.82113274702647
1.23,3,162,154.847377604994,5.87959539659247
1.23,3,165,137.562530254292,5.94489128092296
1.23,3,168,120.177214957854,6.01868248934889
1.23,3,171,102.771203721749,6.10384354746689
1.23,3,174,85.4577879847006,6.20564817181531
1.23,3,177,68.4214526162862,6.33456173620506
1.23,3,180,52.0241573755821,6.51356904325286
1.23,6,-180,52.024157375582,0.282743613633101
1.23,6,-177,37.754181659426,0.564620947059087
1.23,6,-174,27.3909779497234,1.05992147358745
1.23,6,-171,26.0553866516108,1.7773728851712
1.23,6,-168,34.7009436748799,2.33842793018645
1.23,6,-165,48.1060914289319,2.6602215866217
1.23,6,-162,63.18736016967,2.86230341103888
1.23,6,-159,78.8628151488076,3.00875496390833
1.23,6,-156,94.7169053509404,3.12662098747814
1.23,6,-153,110.560579688853,3.22824070017028
1.23,6,-150,126.295856486575,3.31982921692174
1.23,6,-147,141.867495494727,3.4047742944471
1.23,6,-144,157.242844455913,3.48502839354597
1.23,6,-141,172.402294718529,3.56175583743961
1.23,6,-138,187.334421006213,3.63566043054626
1.23,6,-135,202.033531348693,3.70716408210672
1.23,6,-132,216.498579894323,3.77651067530402
1.23,6,-129,230.732825313101,3.84382993249786
1.23,6,-126,244.743794117497,3.90917864295274
1.23,6,-123,258.54322553271,3.97256846145375
1.23,6,-120,272.146792317744,4.0339854006713
1.23,6,-117,285.573512249829,4.09340394360225
1.23,6,-114,298.84486866758,4.15079744103755
1.23,6,-111,311.983726440523,4.20614571278947
1.23,6,-108,325.013154388598,4.25944035033916
1.23,6,-105,337.955253029863,4.31068802199933
1.23,6,-102,350.830054114634,4.35991203580656
1.23,6,-99,363.654524770371,4.40715245219416
1.23,6,-96,376.441688661568,4.45246509646578
1.23,6,-93,389.199874951211,4.495919853359
1.23,6,-90,401.932119439608,4.53759860758163
1.23,6,-87,414.635761097071,4.57759312339869
1.23,6,-84,427.302289395437,4.61600304998765
1.23,6,-81,439.917493872004,4.65293412423765
1.23,6,-78,452.461943193805,4.68849654652438
1.23,6,-75,464.911779321296,4.7228034484305
1.23,6,-72,477.239762028997,4.75596936369206
1.23,6,-69,489.416452913953,4.78810865151131
1.23,6,-66,501.411399988358,4.81933389032071
1.23,6,-63,513.194185385347,4.84975433777716
1.23,6,-60,524.735235143495,4.87947461336502
1.23,6,-57,536.006358606607,4.90859377919408
1.23,6,-54,546.981073277805,4.93720495518115
1.23,6,-51,557.634858047154,4.96539550217531
1.23,6,-48,567.945537619693,4.99324765296607
1.23,6,-45,577.894008795945,5.02083929682169
1.23,6,-42,587.465458673681,5.04824447298866
1.23,6,-39,596.651095222528,5.07553305246629
1.23,6,-36,605.450231306293,5.10276912744721
1.23,6,-33,613.872372353567,5.13000780443661
1.23,6,-30,621.938805812774,5.15729039869714
1.23,6,-27,629.683127613012,5.18463840780568
1.23,6,-24,637.150203145119,5.21204702471712
1.23,6,-21,644.39325682064,5.23947924383579
1.23,6,-18,651.469089951656,5.26686172947364
1.23,6,-15,658.431783873355,5.29408349532596
1.23,6,-12,665.32557531538,5.32099807810821
1.23,6,-9,672.177814386292,5.34742933520795
1.23,6,-6,678.992974495024,5.37318037232937
1.23,6,-3,685.748560649237,5.39804456192188
1.23,6,0,692.393486590348,5.42181728208778
1.23,6,3,698.849127443155,5.44430696395513
1.23,6,6,705.012883138913,5.46534427319898
1.23,6,9,710.763779397634,5.48478868151821
1.23,6,12,715.96943135195,5.50253217933162
1.23,6,15,720.49361250804,5.51850032097844
1.23,6,18,724.203696556845,5.53265109880818
1.23,6,21,726.977346285555,5.54497228664259
1.23,6,24,728.707983909181,5.55547789473046
1.23,6,27,729.308763741427,5.56420428116073
1.23,6,30,728.714957248641,5.57120631812526
1.23,6,33,726.884830695389,5.57655385740073
1.23,6,36,723.799228615324,5.58032860677983
1.23,6,39,719.460159708018,5.58262143317876
1.23,6,42,713.888711301822,5.58353005267146
1.23,6,45,707.122599595272,5.58315704833272
1.23,6,48,699.213608915583,5.5816081639026
1.23,6,51,690.225101794525,5.57899084312422
1.23,6,54,680.229709601582,5.57541300994279
1.23,6,57,669.307252829112,5.57098210513891
1.23,6,60,657.542896262589,5.56580440593339
1.23,6,63,645.025516551448,5.55998465614601
1.23,6,66,631.846243950408,5.55362602799444
1.23,6,69,618.097131517062,5.54683042610455
1.23,6,72,603.869900848636,5.53969913273157
1.23,6,75,589.254713111374,5.53233378183711
1.23,6,78,574.338919246215,5.52483763789375
1.23,6,81,559.205755953671,5.51731714120755
1.23,6,84,543.932975461483,5.50988366325668
1.23,6,87,528.591426117517,5.50265539248354
1.23,6,90,513.2436340262,5.49575924491452
1.23,6,93,497.9424677483,5.4893326691984
1.23,6,96,482.729992013032,5.48352519814891
1.23,6,99,467.63662631983,5.47849959466472
1.23,6,102,452.680715927835,5.47443245290155
1.23,6,105,437.868594864541,5.47151414587204
1.23,6,108,423.195176036527,5.46994805403956
1.23,6,111,408.645049151122,5.46994905882762
1.23,6,114,394.194012857373,5.47174133325619
1.23,6,117,379.810924122067,5.47555550568995
1.23,6,120,365.459724320091,5.48162531422556
1.23,6,123,351.101502171105,5.49018391587268
1.23,6,126,336.696476564121,5.50146007489599
1.23,6,129,322.20581948963,5.51567453274038
1.23,6,132,307.593278943643,5.5330369539418
1.23,6,135,292.826591862623,5.55374393707648
1.23,6,138,277.87868984832,5.57797866599928
1.23,6,141,262.728694447418,5.60591285681182
1.23,6,144,247.362680687588,5.63771176283039
1.23,6,147,231.774170522673,5.67354321337314
1.23,6,150,215.964317968765,5.71359212963401
1.23,6,153,199.941779850263,5.75808293119662
1.23,6,156,183.722339963052,5.80731415449756
1.23,6,159,167.328474321503,5.86171328439189
1.23,6,162,150.789216974761,5.92192702934652
1.23,6,165,134.14094111046,5.98897716827501
1.23,6,168,117.430128547846,6.0645449062982
1.23,6,171,100.720246085863,6.15152475402052
1.23,6,174,84.1076907613203,6.25519125562935
1.23,6,177,67.7605289194289,6.38589445594341
1.23,6,180,52.024157375582,6.56592892081269
1.23,9,-180,52.024157375582,0.335103491192929
1.23,9,-177,38.3881631689598,0.612834822782274
1.23,9,-174,28.3977034945019,1.08595097502877
1.23,9,-171,26.6751178501253,1.76648029884212
1.23,9,-168,34.537573839273,2.32564860913343
1.23,9,-165,47.4386516489256,2.65755291872786
1.23,9,-162,62.2923846050622,2.86627884294544
1.23,9,-159,77.9380973534558,3.01594425843893
1.23,9,-156,93.915001528282,3.13479967942237
1.23,9,-153,110.004873670304,3.23594790282299
1.23,9,-150,126.085774783952,3.32604720974692
1.23,9,-147,142.079647536951,3.40875707739655
1.23,9,-144,157.931009529501,3.48621157226768
1.23,9,-141,173.597500189685,3.55970778387444
1.23,9,-138,189.045635713616,3.63005445073318
1.23,9,-135,204.249132915651,3.69776133063826
1.23,9,-132,219.188538960406,3.76314851415916
1.23,9,-129,233.851419586544,3.8264129826563
1.23,9,-126,248.232601838859,3.88767114112827
1.23,9,-123,262.334141758201,3.94698727247606
1.23,9,-120,276.164850071058,4.00439342349028
1.23,9,-117,289.739357500702,4.05990383545382
1.23,9,-114,303.076815186582,4.11352566003394
1.23,9,-111,316.199387929946,4.16526690011825
1.23,9,-108,329.130705899777,4.21514207267446
1.23,9,-105,341.894406508328,4.26317589000006
1.23,9,-102,354.51284428547,4.30940521260533
1.23,9,-99,367.005995530575,4.35387956759195
1.23,9,-96,379.390552511065,4.39666058654653
1.23,9,-93,391.679194709974,4.43782074903644
1.23,9,-90,403.880037523269,4.47744179670766
1.23,9,-87,415.996280452281,4.51561310711446
1.23,9,-84,428.02609386117,4.5524302029396
1.23,9,-81,439.962785079837,4.58799344896163
1.23,9,-78,451.795266160648,4.62240688522963
1.23,9,-75,463.508809082787,4.65577708333706
1.23,9,-72,475.086028067487,4.68821190494469
1.23,9,-69,486.507985425607,4.71981908583059
1.23,9,-66,497.755290469714,4.75070465009498
1.23,9,-63,508.809061467367,4.78097125339092
1.23,9,-60,519.651653692617,4.81071663187207
1.23,9,-57,530.267119578532,4.84003236661509
1.23,9,-54,540.64144795489,4.86900314102643
1.23,9,-51,550.762708519175,4.89770656514015
1.23,9,-48,560.621280663269,4.92621347930391
1.23,9,-45,570.210349562827,4.9545884648542
1.23,9,-42,579.526792719089,4.98289013137255
1.23,9,-39,588.572458083316,5.01117067425956
1.23,9,-36,597.355670859231,5.03947424719129
1.23,9,-33,605.892638143178,5.06783388946075
1.23,9,-30,614.208296958118,5.09626706873376
1.23,9,-27,622.336117939,5.12477028669896
1.23,9,-24,630.316463431322,5.15331355984783
1.23,9,-21,638.193306273774,5.18183583073455
1.23,9,-18,646.009411720437,5.21024240210991
1.23,9,-15,653.800408278266,5.23840527506676
1.23,9,-12,661.588447298744,5.26616683335728
1.23,9,-9,669.376306074611,5.29334673738609
1.23,9,-6,677.142783270707,5.31975131025178
1.23,9,-3,684.840069018877,5.34518426103969
1.23,9,0,692.393486590348,5.36945740452795
1.23,9,3,699.70366612115,5.39240013308422
1.23,9,6,706.650894352136,5.41386672468207
1.23,9,9,713.101140905753,5.43374102199648
1.23,9,12,718.913116456138,5.45193846880161
1.23,9,15,723.945670918577,5.46840584540733
1.23,9,18,728.064874933471,5.48311925694901
1.23,9,21,731.150225531263,5.49608099672981
1.23,9,24,733.099558662808,5.50731586280047
1.23,9,27,733.832420849451,5.51686739284167
1.23,9,30,733.291832232661,5.52479434065271
1.23,9,33,731.444543714812,5.53116757756999
1.23,9,36,728.280030305178,5.53606748326282
1.23,9,39,723.808553056443,5.53958180277484
1.23,9,42,718.058653446739,5.54180389387697
1.23,9,45,711.074418870569,5.54283126924629
1.23,9,48,702.91278949098,5.54276434621618
1.23,9,51,693.641085651688,5.54170534444199
1.23,9,54,683.334842930862,5.5397573088247
1.23,9,57,672.075965608719,5.53702327165705
1.23,9,60,659.951157637518,5.53360559634951
1.23,9,63,647.050563695289,5.52960556050036
1.23,9,66,633.466546227787,5.52512323713771
1.23,9,69,619.29252987411,5.52025772117091
1.23,9,72,604.621855617852,5.5151077266753
1.23,9,75,589.546599557218,5.50977255335097
1.23,9,78,574.156324613806,5.5043533907015
1.23,9,81,558.536749159194,5.49895489872908
1.23,9,84,542.768336255651,5.49368697614377
1.23,9,87,526.924831750916,5.48866660301497
1.23,9,90,511.071807578486,5.48401962666846
1.23,9,93,495.265294761678,5.47988235034844
1.23,9,96,479.550613446993,5.47640278688234
1.23,9,99,463.961518656381,5.47374145660306
1.23,9,102,448.519774876159,5.47207163999526
1.23,9,105,433.235246950386,5.47157903721657
1.23,9,108,418.106549706685,5.47246083147395
1.23,9,111,403.122239683389,5.47492419217741
1.23,9,114,388.262469000814,5.47918427973009
1.23,9,117,373.500966228155,5.48546182562075
1.23,9,120,358.80717410739,5.49398036650716
1.23,9,123,344.148367438909,5.50496322395761
1.23,9,126,329.491597833155,5.51863035939425
1.23,9,129,314.805359091243,5.53519530795682
1.23,9,132,300.060924891091,5.5548625047018
1.23,9,135,285.233363494136,5.57782544759369
1.23,9,138,270.302268563856,5.60426627387871
1.23,9,141,255.25225373038,5.63435744929994
1.23,9,144,240.073243691423,5.66826640429252
1.23,9,147,224.760568753887,5.70616417296852
1.23,9,150,209.314852282943,5.7482395514917
1.23,9,153,193.741692967363,5.79472125431306
1.23,9,156,178.051203604903,5.84591245731073
1.23,9,159,162.257585477466,5.90224580863638
1.23,9,162,146.379100074674,5.96437419402688
1.23,9,165,130.439075922798,6.03332722782738
1.23,9,168,114.469069324967,6.11079535568473
1.23,9,171,98.5163543143917,6.19967823866889
1.23,9,174,82.6607198845621,6.30522397261791
1.23,9,177,67.0540019043946,6.43760709179335
1.23,9,180,52.024157375582,6.61828879837252
1.23,12,-180,52.024157375582,0.387463368752758
1.23,12,-177,39.0560176159445,0.660205166270564
1.23,12,-174,29.4584927616881,1.11052086274021
1.23,12,-171,27.3662283950549,1.75297832874742
1.23,12,-168,34.3884807272679,2.30736643896814
1.23,12,-165,46.6910593378409,2.64947750400239
1.23,12,-162,61.2279632076095,2.86559140717303
1.23,12,-159,76.7577770083742,3.01904777237341
1.23,12,-156,92.7691504961197,3.1392848756151
1.23,12,-153,109.011635407949,3.2402407415672
1.23,12,-150,125.338088792208,3.32907345816384
1.23,12,-147,141.647646033157,3.40975093692986
1.23,12,-144,157.862932424453,3.48461113444693
1.23,12,-141,173.920471637947,3.55509626681561
1.23,12,-138,189.766849843747,3.62212545505916
1.23,12,-135,205.357604945923,3.68629694526432
1.23,12,-132,220.657363378936,3.74800446925235
1.23,12,-129,235.640361803357,3.80750778808976
1.23,12,-126,250.290805416231,3.86497757435345
1.23,12,-123,264.602743403278,3.92052532356915
1.23,12,-120,278.579342077688,3.97422418710901
1.23,12,-117,292.231603650272,4.02612403298041
1.23,12,-114,305.57669378345,4.07626257896873
1.23,12,-111,318.63609151471,4.1246736065953
1.23,12,-108,331.433764201072,4.17139281273218
1.23,12,-105,343.994516188983,4.21646165302318
1.23,12,-102,356.342589035233,4.25992948271545
1.23,12,-99,368.50052805296,4.30185432877183
1.23,12,-96,380.488291032374,4.34230266948417
1.23,12,-93,392.322564910409,4.38134861046865
1.23,12,-90,404.016269155342,4.41907280769789
1.23,12,-87,415.578248401399,4.4555613999009
1.23,12,-84,427.013177665872,4.49090509200545
1.23,12,-81,438.321710540194,4.52519840535328
1.23,12,-78,449.500889077637,4.55853900725831
1.23,12,-75,460.544805326066,4.59102697416204
1.23,12,-72,471.445465897374,4.62276384040098
1.23,12,-69,482.193773510172,4.65385133661437
1.23,12,-66,492.780514754707,4.68438981348988
1.23,12,-63,503.197240951868,4.71447645302921
1.23,12,-60,513.436953713404,4.74420346021173
1.23,12,-57,523.494556747014,4.77365647262665
1.23,12,-54,533.367101057276,4.80291340183489
1.23,12,-51,543.053915509857,4.83204382060005
1.23,12,-48,552.556758139861,4.86110884828849
1.23,12,-45,561.880125829719,4.89016129865963
1.23,12,-42,571.031808653668,4.91924569325152
1.23,12,-39,580.023671555383,4.94839766801451
1.23,12,-36,588.872508706807,4.97764235690791
1.23,12,-33,597.600679598732,5.00699154008294
1.23,12,-30,606.236144268054,5.03643967047888
1.23,12,-27,614.811508570351,5.06595927296106
1.23,12,-24,623.361792602702,5.09549654618775
1.23,12,-21,631.920841732046,5.12496818519165
1.23,12,-18,640.516573648587,5.15426040377629
1.23,12,-15,649.165534192024,5.18323084688953
1.23,12,-12,657.867447804123,5.21171359264411
1.23,12,-9,666.600536555882,5.23952686628659
1.23,12,-6,675.318318738975,5.26648257355452
1.23,12,-3,683.948399838839,5.29239644369851
1.23,12,0,692.393486590348,5.31709752696812
1.23,12,3,700.534555903087,5.34043600669914
1.23,12,6,708.235854240316,5.36228867722717
1.23,12,9,715.35122478576,5.38256188469821
1.23,12,12,721.731167016947,5.40119211730067
1.23,12,15,727.230014563519,5.41814469562607
1.23,12,18,731.712655001203,5.43341113501491
1.23,12,21,735.060296066269,5.44700575172894
1.23,12,24,737.174899523456,5.45896200448992
1.23,12,27,737.982051375475,5.46932894364878
1.23,12,30,737.432205520656,5.47816801319798
1.23,12,33,735.500409381815,5.48555033482904
1.23,12,36,732.184769950194,5.49155450750887
1.23,12,39,727.504022486612,5.4962648844213
1.23,12,42,721.494605012332,5.49977024299103
1.23,12,45,714.207616590819,5.50216274311661
1.23,12,48,705.705957974696,5.50353707204528
1.23,12,51,696.061842217049,5.50398969750468
1.23,12,54,685.354747026616,5.5036181872016
1.23,12,57,673.669783138704,5.50252059424358
1.23,12,60,661.096388040364,5.50079494572184
1.23,12,63,647.727225610689,5.49853889822078
1.23,12,66,633.657174186828,5.4958496346218
1.23,12,69,618.982307665864,5.49282406973734
1.23,12,72,603.798805107838,5.48955940964822
1.23,12,75,588.201755057527,5.48615407513634
1.23,12,78,572.283846745914,5.48270895872196
1.23,12,81,556.133960790796,5.47932894337587
1.23,12,84,539.835688997255,5.4761245745174
1.23,12,87,523.465829192209,5.47321375023428
1.23,12,90,507.092918610897,5.47072328165615
1.23,12,93,490.775887940683,5.46879017886051
1.23,12,96,474.562934882314,5.46756253881317
1.23,12,99,458.490725995791,5.46719994948265
1.23,12,102,442.584032698395,5.46787337388217
1.23,12,105,426.855886544237,5.46976453096012
1.23,12,108,411.308298337389,5.47306483551303
1.23,12,111,395.933527965065,5.47797398493512
1.23,12,114,380.715825214499,5.48469827926911
1.23,12,117,365.633498758892,5.49344873447256
1.23,12,120,350.661125101553,5.50443901076388
1.23,12,123,335.771693419356,5.5178831523025
1.23,12,126,320.938501604708,5.5339931485412
1.23,12,129,306.136670246795,5.55297640142433
1.23,12,132,291.344212845007,5.57503331918866
1.23,12,135,276.542674217363,5.60035543901759
1.23,12,138,261.717406001208,5.62912467536025
1.23,12,141,246.857574705993,5.66151447115845
1.23,12,144,231.955990710058,5.69769380031827
1.23,12,147,217.008815523339,5.73783519810324
1.23,12,150,202.015170767427,5.78212843786828
1.23,12,153,186.976663157286,5.83080240513288
1.23,12,156,171.896881343749,5.88415960793785
1.23,12,159,156.781030816281,5.94263143633994
1.23,12,162,141.636063507635,6.00686942005274
1.23,12,165,126.471954433645,6.07790210117156
1.23,12,168,111.305280671159,6.15741789334338
1.23,12,171,96.1673193897573,6.24830509127435
1.23,12,174,81.1216159752828,6.35575582812046
1.23,12,177,66.3040106143448,6.48970672342118
1.23,12,180,52.024157375582,6.67064867593234
1.23,15,-180,52.0241573755821,0.439823246312588
1.23,15,-177,39.7564942415407,0.706786635378934
1.23,15,-174,30.5752573156013,1.13391348945634
1.23,15,-171,28.1435742292652,1.73740652656809
1.23,15,-168,34.2817341752241,2.28352049751326
1.23,15,-165,45.8884619635345,2.63552426970817
1.23,15,-162,60.0123953116068,2.8597827894409
1.23,15,-159,75.3339838701237,3.01771110005593
1.23,15,-156,91.2864281711618,3.1398255707031
1.23,15,-153,107.583955225733,3.24095574354239
1.23,15,-150,124.052978122688,3.32881570038471
1.23,15,-147,140.569893518497,3.40772007190986
1.23,15,-144,157.036429992069,3.48023440871004
1.23,15,-141,173.369648888153,3.54795961198192
1.23,15,-138,189.498290180892,3.61193183271152
1.23,15,-135,205.362012356784,3.6728397907667
1.23,15,-132,220.911831994626,3.73114980981904
1.23,15,-129,236.110796290031,3.78718157284179
1.23,15,-126,250.934311279133,3.84115628798383
1.23,15,-123,265.369829326817,3.89322874729099
1.23,15,-120,279.415830280663,3.9435095772657
1.23,15,-117,293.080208488835,3.99208120299856
1.23,15,-114,306.378286566106,4.03900950246442
1.23,15,-111,319.330710031962,4.08435226557339
1.23,15,-108,331.961445268462,4.12816511861437
1.23,15,-105,344.296030863628,4.17050537166199
1.23,15,-102,356.360148649975,4.21143418794098
1.23,15,-99,368.178510885976,4.25101747987704
1.23,15,-96,379.774018976539,4.28932594748939
1.23,15,-93,391.167139588576,4.32643465395724
1.23,15,-90,402.375458636095,4.36242246627101
1.23,15,-87,413.413399522989,4.39737158120854
1.23,15,-84,424.292115865169,4.43136722760815
1.23,15,-81,435.01958071254,4.46449751067587
1.23,15,-78,445.600889630347,4.49685326790625
1.23,15,-75,456.038775219848,4.52852775787118
1.23,15,-72,466.334301673806,4.55961601132628
1.23,15,-69,476.487678269127,4.59021373564452
1.23,15,-66,486.499109172829,4.6204157637155
1.23,15,-63,496.369590802193,4.65031415277797
1.23,15,-60,506.101581114935,4.6799961371848
1.23,15,-57,515.699496849766,4.70954219193047
1.23,15,-54,525.170038733236,4.7390244482455
1.23,15,-51,534.522389611074,4.76850561080736
1.23,15,-48,543.768361320683,4.79803837104088
1.23,15,-45,552.922567738256,4.82766512809541
1.23,15,-42,562.002663669499,4.85741767170737
1.23,15,-39,571.029612513704,4.887316408044
1.23,15,-36,580.027844601343,4.91736876692026
1.23,15,-33,589.025071340291,4.94756663116998
1.23,15,-30,598.051464310605,4.97788294684769
1.23,15,-27,607.137926832212,5.00826803199965
1.23,15,-24,616.313296094847,5.03864639797512
1.23,15,-21,625.600508248644,5.06891502600907
1.23,15,-18,635.011999145294,5.09894393348621
1.23,15,-15,644.544840036715,5.12857951483414
1.23,15,-12,654.176256338084,5.15765062472323
1.23,15,-9,663.860201959034,5.18597682074274
1.23,15,-6,673.525550389591,5.21337775197375
1.23,15,-3,683.076245432173,5.23968248602465
1.23,15,0,692.393486590348,5.26473764940829
1.23,15,3,701.339770120043,5.28841356617519
1.23,15,6,709.764413361427,5.31060800727966
1.23,15,9,717.510075007862,5.33124758332521
1.23,15,12,724.419739006165,5.3502871308373
1.23,15,15,730.343633763905,5.36770761473224
1.23,15,18,735.145593018154,5.3835131056926
1.23,15,21,738.708423541621,5.39772733067973
1.23,15,24,740.937931926462,5.41039018581298
1.23,15,27,741.765384249821,5.42155448217514
1.23,15,30,741.148326878639,5.43128308941518
1.23,15,33,739.069868822648,5.43964655724616
1.23,15,36,735.53668866022,5.44672123012231
1.23,15,39,730.576150794652,5.4525878218106
1.23,15,42,724.232971763433,5.45733038176325
1.23,15,45,716.565857727225,5.46103556408641
1.23,15,48,707.644447705011,5.46379210387753
1.23,15,51,697.546767606588,5.4656904156673
1.23,15,54,686.357259375021,5.46682225330706
1.23,15,57,674.165327751968,5.46728040552299
1.23,15,60,661.06426526938,5.46715843956644
1.23,15,63,647.150381982602,5.46655053879636
1.23,15,66,632.52217563467,5.46555150118173
1.23,15,69,617.279417205871,5.46425696952002
1.23,15,72,601.522079729793,5.46276394900475
1.23,15,75,585.349090137193,5.46117163575591
1.23,15,78,568.856925003768,5.45958253640484
1.23,15,81,552.138097801462,5.45810381133976
1.23,15,84,535.279599223564,5.45684873117134
1.23,15,87,518.361358192474,5.4559381053517
1.23,15,90,501.454794728893,5.4555015301195
1.23,15,93,484.621540776674,5.45567831402834
1.23,15,96,467.912411985036,5.45661797388266
1.23,15,99,451.366719409717,5.45848024836696
1.23,15,102,435.012009384522,5.46143464252175
1.23,15,105,418.864305830446,5.46565958021983
1.23,15,108,402.928897107612,5.47134128762859
1.23,15,111,387.201658534004,5.47867254295169
1.23,15,114,371.670837178943,5.48785139795823
1.23,15,117,356.319158679943,5.49907990914417
1.23,15,120,341.126061631286,5.51256283116178
1.23,15,123,326.069838463485,5.52850615669347
1.23,15,126,311.129472782912,5.54711537468312
1.23,15,129,296.286013153721,5.56859339362759
1.23,15,132,281.523402960444,5.59313824691786
1.23,15,135,266.828776852585,5.62094094184639
1.23,15,138,252.192313569801,5.65218408767548
1.23,15,141,237.606782563817,5.68704219298849
1.23,15,144,223.066927560117,5.72568474134166
1.23,15,147,208.568798886934,5.76828338983043
1.23,15,150,194.109098896889,5.81502504546681
1.23,15,153,179.6845735456,5.86613345400832
1.23,15,156,165.291503084353,5.92190377082921
1.23,15,159,150.925443302109,5.98275820320933
1.23,15,162,136.581562704531,6.04933782493623
1.23,15,165,122.256233728552,6.12265959955907
1.23,15,168,107.9510584495,6.20439696001003
1.23,15,171,93.6815674384392,6.29740839307258
1.23,15,174,79.4954668698745,6.40679818702297
1.23,15,177,65.5128390289125,6.54220083716084
1.23,15,180,52.0241573755821,6.72300855349217
1.23,18,-180,52.0241573755821,0.492183123872417
1.23,18,-177,40.4882891812735,0.752635472218712
1.23,18,-174,31.7495447079217,1.15639216672759
1.23,18,-171,29.0209468656405,1.72036413280211
1.23,18,-168,34.2484775062223,2.25421494119817
1.23,18,-165,45.0620852648226,2.61522857669041
1.23,18,-162,58.6706450489151,2.84833279309294
1.23,18,-159,73.6857835136759,3.01150720959406
1.23,18,-156,89.4813673297864,3.13610218170716
1.23,18,-153,105.733200306789,3.23786672041355
1.23,18,-150,122.239961625306,3.32512371689282
1.23,18,-147,138.855362575396,3.40257426229124
1.23,18,-144,155.461214822835,3.47303722358886
1.23,18,-141,171.956719230312,3.53828763191791
1.23,18,-138,188.254746632465,3.59948708543802
1.23,18,-135,204.28120938311,3.65741849158696
1.23,18,-132,219.975607312877,3.71262141416672
1.23,18,-129,235.291684788797,3.76547421852119
1.23,18,-126,250.197604004581,3.81624637937582
1.23,18,-123,264.675370096602,3.86513330627634
1.23,18,-120,278.719499350939,3.91228043983396
1.23,18,-117,292.335102696159,3.9578003884315
1.23,18,-114,305.535652383327,4.00178524191328
1.23,18,-111,318.340711663476,4.0443153107465
1.23,18,-108,330.773853732178,4.08546508408628
1.23,18,-105,342.860907131161,4.12530699687587
1.23,18,-102,354.628571939546,4.16391352520857
1.23,18,-99,366.103379079416,4.20135810733077
1.23,18,-96,377.310926309795,4.23771536000182
1.23,18,-93,388.275318851588,4.27306099767402
1.23,18,-90,399.018760776221,4.30747175921795
1.23,18,-87,409.561271942857,4.3410255150129
1.23,18,-84,419.920531792419,4.37380158746944
1.23,18,-81,430.111867131273,4.40588119461004
1.23,18,-78,440.148402839457,4.43734784031617
1.23,18,-75,450.041383618397,4.46828744023945
1.23,18,-72,459.800655999703,4.49878799372563
1.23,18,-69,469.435278711162,4.52893868374338
1.23,18,-66,478.954211720825,4.55882839335581
1.23,18,-63,488.367024174125,4.58854374540219
1.23,18,-60,497.684561498171,4.61816687378225
1.23,18,-57,506.919522442677,4.64777319228978
1.23,18,-54,516.086915355128,4.67742941916637
1.23,18,-51,525.204384112717,4.7071920348659
1.23,18,-48,534.292409666114,4.73710620876114
1.23,18,-45,543.374393765591,4.76720506098064
1.23,18,-42,552.476609953395,4.7975089788297
1.23,18,-39,561.627962590043,4.82802463955445
1.23,18,-36,570.859436928827,4.85874344669409
1.23,18,-33,580.203072303138,4.88963927886615
1.23,18,-30,589.69027344953,4.9206657458823
1.23,18,-27,599.349317030473,4.95175347095189
1.23,18,-24,609.20202346076,4.98280816455269
1.23,18,-21,619.259737340767,5.01371032445615
1.23,18,-18,629.518956952105,5.04431722897824
1.23,18,-15,639.957120497633,5.07446750091671
1.23,18,-12,650.529139818189,5.10398800077996
1.23,18,-9,661.1652375226,5.13270230606131
1.23,18,-6,671.770492831317,5.16043969690756
1.23,18,-3,682.226273551477,5.18704349235085
1.23,18,0,692.393486590348,5.21237777184846
1.23,18,3,702.11737471854,5.23633189562496
1.23,18,6,711.233456451775,5.25882267811829
1.23,18,9,719.57415058228,5.27979444945089
1.23,18,12,726.975624648172,5.29921748246526
1.23,18,15,733.284428601623,5.31708534887657
1.23,18,18,738.363502809577,5.33341172753824
1.23,18,21,742.097183482747,5.3482270748371
1.23,18,24,744.39488353878,5.36157543529276
1.23,18,27,745.193220219597,5.37351155636762
1.23,18,30,744.456499240158,5.38409839085511
1.23,18,33,742.175637010063,5.39340502129335
1.23,18,36,738.365778165331,5.40150501273085
1.23,18,39,733.06300746319,5.40847518068125
1.23,18,42,726.320629763287,5.4143947422114
1.23,18,45,718.205482107939,5.4193447979357
1.23,18,48,708.794652289546,5.42340807463435
1.23,18,51,698.172833124111,5.42666884821182
1.23,18,54,686.430377172769,5.42921296995321
1.23,18,57,673.661970019363,5.43112793730017
1.23,18,60,659.965739501145,5.43250298079393
1.23,18,63,645.44257648429,5.43342917442019
1.23,18,66,630.19545691364,5.43399960811494
1.23,18,69,614.328609717669,5.43430967982534
1.23,18,72,597.946449499562,5.43445756429893
1.23,18,75,581.152266167505,5.43454489520272
1.23,18,78,564.046720714857,5.43467765963731
1.23,18,81,546.726230240637,5.43496725713787
1.23,18,84,529.281336825977,5.43553162893991
1.23,18,87,511.795150526242,5.43649632833513
1.23,18,90,494.341945387561,5.43799538868861
1.23,18,93,476.985977033272,5.44017185832438
1.23,18,96,459.780585478926,5.44317791251758
1.23,18,99,442.767647113495,5.44717451780736
1.23,18,102,425.977440369799,5.45233070161206
1.23,18,105,409.428982850818,5.45882255324203
1.23,18,108,393.130876014123,5.4668321295909
1.23,18,111,377.082652703117,5.47654644007435
1.23,18,114,361.276564582846,5.48815662952067
1.23,18,117,345.699679670347,5.50185736983287
1.23,18,120,330.336099304673,5.51784633742039
1.23,18,123,315.169066130894,5.53632353858642
1.23,18,126,300.182734323954,5.55749020255893
1.23,18,129,285.363416740666,5.58154703603979
1.23,18,132,270.700205799361,5.6086918408067
1.23,18,135,256.18496862827,5.63911681435759
1.23,18,138,241.81181725809,5.67300622368909
1.23,18,141,227.576225364214,5.71053549120224
1.23,18,144,213.47398640627,5.75187301390465
1.23,18,147,199.500182159139,5.79718628443888
1.23,18,150,185.648273764697,5.84665425013405
1.23,18,153,171.909375151862,5.90048864691976
1.23,18,156,158.271764411491,5.95896878996668
1.23,18,159,144.720770505251,6.0224978228526
1.23,18,162,131.239364918118,6.09169524709455
1.23,18,165,117.810113191967,6.16755392556021
1.23,18,168,104.419678362752,6.2517173230108
1.23,18,171,91.0681129390223,6.34699347049991
1.23,18,174,77.7876836987555,6.4583644779492
1.23,18,177,64.6829076326232,6.59509733839725
1.23,18,180,52.0241573755821,6.775368431052
1.23,21,-180,52.0241573755821,0.544543001432247
1.23,21,-177,41.2500374802463,0.797808763283297
1.23,21,-174,32.9824667878611,1.17819972190574
1.23,21,-171,30.0105530835566,1.70248572314279
1.23,21,-168,34.3221157679137,2.21976764849556
1.23,21,-165,44.2496889534413,2.58817433027231
1.23,21,-162,57.2352705298707,2.83066581187012
1.23,21,-159,71.8400831398522,2.99992870641354
1.23,21,-156,87.3766969887915,3.12771551260828
1.23,21,-153,103.47954882061,3.23067432358429
1.23,21,-150,119.918211274305,3.31778074103604
1.23,21,-147,136.523679203482,3.39416243746279
1.23,21,-144,153.158739467786,3.46291952257685
1.23,21,-141,169.706215978786,3.52601894645614
1.23,21,-138,186.064921610976,3.58475835927454
1.23,21,-135,202.148939887142,3.64002058412123
1.23,21,-132,217.888090716857,3.69242091297033
1.23,21,-129,233.228424238453,3.74239678994887
1.23,21,-126,248.132137240433,3.79026507422602
1.23,21,-123,262.576684243329,3.83626021189994
1.23,21,-120,276.553130411207,3.88056058910046
1.23,21,-117,290.063971542121,3.92330712554517
1.23,21,-114,303.120724355217,3.96461643309826
1.23,21,-111,315.74157838205,4.00458994218509
1.23,21,-108,327.949325409512,4.04331993866564
1.23,21,-105,339.769678831491,4.08089324808427
1.23,21,-102,351.229996861249,4.11739321969498
1.23,21,-99,362.358353446883,4.15290061210239
1.23,21,-96,373.182868061291,4.18749391472687
1.23,21,-93,383.731206804662,4.22124953388626
1.23,21,-90,394.030190953954,4.25424213179878
1.23,21,-87,404.105481326653,4.28654524887581
1.23,21,-84,413.98133593362,4.31823218813994
1.23,21,-81,423.680457465326,4.34937701834928
1.23,21,-78,433.223954311124,4.38005547648551
1.23,21,-75,442.631435868676,4.41034552942282
1.23,21,-72,451.921253338116,4.44032738861744
1.23,21,-69,461.110884355169,4.47008285180136
1.23,21,-66,470.217445945066,4.49969395576688
1.23,21,-63,479.258306531331,4.52924104250671
1.23,21,-60,488.251754812811,4.55880044218684
1.23,21,-57,497.217672118249,4.58844203631443
1.23,21,-54,506.178146505624,4.61822696452817
1.23,21,-51,515.157962112722,4.64820567201936
1.23,21,-48,524.18489537523,4.67841637207275
1.23,21,-45,533.28974814527,4.70888384921144
1.23,21,-42,542.506043079585,4.73961839847675
1.23,21,-39,551.86929736087,4.77061463662147
1.23,21,-36,561.415780397558,4.80184997176759
1.23,21,-33,571.180660124002,4.8332826903957
1.23,21,-30,581.195466779423,4.86484988268639
1.23,21,-27,591.484867855479,4.89646570428228
1.23,21,-24,602.062858943704,4.92802066372125
1.23,21,-21,612.928620382797,4.95938263710109
1.23,21,-18,624.062436662624,4.99040009907344
1.23,21,-15,635.422179207715,5.02090765149709
1.23,21,-12,646.940871113118,5.0507334337281
1.23,21,-9,658.525764122245,5.07970756091996
1.23,21,-6,670.059177122959,5.107670496137
1.23,21,-3,681.401116999043,5.13448028974653
1.23,21,0,692.393486590348,5.16001789428863
1.23,21,3,702.86553058947,5.18419018503829
1.23,21,6,712.640099142061,5.20693075217716
1.23,21,9,721.540308105199,5.2281988645847
1.23,21,12,729.396210226617,5.24797717644279
1.23,21,15,736.05112779504,5.26626875674122
1.23,21,18,741.367316559276,5.28309391481338
1.23,21,21,745.23063922191,5.29848713711995
1.23,21,24,747.553949198444,5.31249429966513
1.23,21,27,748.278949505168,5.32517021259801
1.23,21,30,747.376412548032,5.33657649907249
1.23,21,33,744.844816196984,5.34677979947593
1.23,21,36,740.70763908496,5.35585030429677
1.23,21,39,735.009719991208,5.36386063294452
1.23,21,42,727.813181164996,5.37088507681621
1.23,21,45,719.19341871094,5.37699920762896
1.23,21,48,709.235574459542,5.38227982086102
1.23,21,51,698.031746974553,5.38680514986031
1.23,21,54,685.679014373748,5.39065526129772
1.23,21,57,672.278171935623,5.39391253658449
1.23,21,60,657.93296793586,5.39666215963464
1.23,21,63,642.749569949814,5.39899256457894
1.23,21,66,626.836010069961,5.40099583765488
1.23,21,69,610.301424523946,5.40276810311156
1.23,21,72,593.254995776261,5.40440994274669
1.23,21,75,575.804597441031,5.40602689647104
1.23,21,78,558.055214252963,5.40773006712155
1.23,21,81,540.107250600069,5.40963681267532
1.23,21,84,522.054851460114,5.41187146353885
1.23,21,87,503.984346615953,5.41456596422605
1.23,21,90,485.972904443367,5.41786031944089
1.23,21,93,468.087456976836,5.42190273321607
1.23,21,96,450.383941397886,5.42684936987533
1.23,21,99,432.906896932223,5.43286373353872
1.23,21,102,415.689456804605,5.44011574662617
1.23,21,105,398.753774349772,5.44878068710326
1.23,21,108,382.111911063769,5.45903819334279
1.23,21,111,365.76718489287,5.47107153928389
1.23,21,114,349.715927526093,5.48506730547278
1.23,21,117,333.949535629917,5.50121542739415
1.23,21,120,318.456636089348,5.51970942112149
1.23,21,123,303.225137420614,5.54074642256152
1.23,21,126,288.243926394743,5.56452659872956
1.23,21,129,273.504002058745,5.5912515584827
1.23,21,132,258.998918731188,5.62112163522734
1.23,21,135,244.72452130358,5.65433231472499
1.23,21,138,230.678074674378,5.69107056520603
1.23,21,141,216.856983752543,5.73151229382843
1.23,21,144,203.257345610923,5.77582252152762
1.23,21,147,189.872561092781,5.82416013860862
1.23,21,150,176.692172535998,5.87668942046087
1.23,21,153,163.701023689616,5.93360117513182
1.23,21,156,150.878808207753,5.9951480032915
1.23,21,159,138.200133578411,6.06170151104404
1.23,21,162,125.635411642702,6.13384585989135
1.23,21,165,113.153218468869,6.2125346950581
1.23,21,168,100.725311011844,6.29936400970326
1.23,21,171,88.336506171869,6.39706820338521
1.23,21,174,76.0039749717651,6.51047042548151
1.23,21,177,63.8167644392025,6.64840455906701
1.23,21,180,52.0241573755821,6.82772830861183
1.23,24,-180,52.0241573755821,0.596902878992077
1.23,24,-177,42.0403056346172,0.842363777832246
1.23,24,-174,34.2746448404589,1.1995574537376
1.23,24,-171,31.1225670022934,1.68441193507399
1.23,24,-168,34.5370452786767,2.18074887060834
1.23,24,-165,43.4957074194887,2.55405681392795
1.23,24,-162,55.7473784673096,2.80616999356955
1.23,24,-159,69.8326736341797,2.98238418746591
1.23,24,-156,85.0042172644719,3.11417591536211
1.23,24,-153,100.852621431376,3.21899430930448
1.23,24,-150,117.116913692897,3.30649305186937
1.23,24,-147,133.605199700926,3.38226424250254
1.23,24,-144,150.161977111665,3.44971890652574
1.23,24,-141,166.654993867587,3.51103620753938
1.23,24,-138,182.970595302774,3.5676629043649
1.23,24,-135,199.012694076216,3.62058968622286
1.23,24,-132,214.702980496398,3.67051201996036
1.23,24,-129,229.981125186123,3.71792850204074
1.23,24,-126,244.804360306407,3.76320386885571
1.23,24,-123,259.146247538239,3.80661107896961
1.23,24,-120,272.994730740623,3.84836033467211
1.23,24,-117,286.349741851352,3.88861944075859
1.23,24,-114,299.220685901786,3.92752804260153
1.23,24,-111,311.624094600683,3.96520731655051
1.23,24,-108,323.581642143031,4.0017662113551
1.23,24,-105,335.118601609651,4.03730512641487
1.23,24,-102,346.262719834964,4.07191781321667
1.23,24,-99,357.043423862894,4.10569220848944
1.23,24,-96,367.491248522071,4.13871080315858
1.23,24,-93,377.637385135205,4.17105100625783
1.23,24,-90,387.513282114603,4.2027857877752
1.23,24,-87,397.150264718768,4.23398470215047
1.23,24,-84,406.579172817889,4.2647152309097
1.23,24,-81,415.830036944395,4.29504426042991
1.23,24,-78,424.931823932141,4.32503944240955
1.23,24,-75,433.91228661747,4.35477017415451
1.23,24,-72,442.79795021403,4.38430797856124
1.23,24,-69,451.614262354301,4.41372614809109
1.23,24,-66,460.385923620814,4.4430986264337
1.23,24,-63,469.137398689146,4.47249821595455
1.23,24,-60,477.893583578465,4.50199429697183
1.23,24,-57,486.680572901846,4.5316503061697
1.23,24,-54,495.52643651293,4.56152123074116
1.23,24,-51,504.461884051625,4.59165132647156
1.23,24,-48,513.52067543435,4.62207217023694
1.23,24,-45,522.739630055083,4.65280103486433
1.23,24,-42,532.158098573919,4.68383946557032
1.23,24,-39,541.816786915349,4.71517188643099
1.23,24,-36,551.755860213567,4.74676410787382
1.23,24,-33,562.012305015353,4.7785617514597
1.23,24,-30,572.616594533001,4.81048882675319
1.23,24,-27,583.588788353932,4.8424469175558
1.23,24,-24,594.934303814675,4.87431556893585
1.23,24,-21,606.639708715029,4.90595443019832
1.23,24,-18,618.668977845596,4.9372074684872
1.23,24,-15,630.960694491078,4.96790916338589
1.23,24,-12,643.426633675079,4.99789213550967
1.23,24,-9,655.952028778422,5.02699529633108
1.23,24,-6,668.397620206935,5.05507145439069
1.23,24,-3,680.603363003308,5.08199342417596
1.23,24,0,692.393486590348,5.1076580167288
1.23,24,3,703.582495460053,5.13198773362822
1.23,24,6,713.98168348993,5.15493040408646
1.23,24,9,723.405782079089,5.17645729196278
1.23,24,12,731.67942998077,5.19656030781448
1.23,24,15,738.643200601249,5.2152489051496
1.23,24,18,744.158933014508,5.23254707767415
1.23,24,21,748.114097433434,5.24849067839795
1.23,24,24,750.424917329548,5.26312511431671
1.23,24,27,751.038005990429,5.27650336853966
1.23,24,30,749.930377712849,5.28868427238948
1.23,24,33,747.107859106586,5.29973097683306
1.23,24,36,742.60212284772,5.30970962642158
1.23,24,39,736.466746407324,5.3186882891227
1.23,24,42,728.772813381073,5.32673621921273
1.23,24,45,719.604593110308,5.33392351809581
1.23,24,48,709.055750198632,5.34032121392952
1.23,24,51,697.226371935717,5.34600172054247
1.23,24,54,684.220900920284,5.35103957942498
1.23,24,57,670.146870951108,5.35551235342396
1.23,24,60,655.11420736869,5.35950153708273
1.23,24,63,639.234791423665,5.36309337564782
1.23,24,66,622.622003325157,5.36637953244149
1.23,24,69,605.39003319105,5.36945759697121
1.23,24,72,587.652854960981,5.37243146809237
1.23,24,75,569.522865374144,5.37541166655167
1.23,24,78,551.109274354719,5.37851562533577
1.23,24,81,532.516381389477,5.38186797808641
1.23,24,84,513.841883315502,5.38560082520518
1.23,24,87,495.175340528611,5.38985391747224
1.23,24,90,476.596894536028,5.39477467186995
1.23,24,93,458.176294215265,5.40051793522196
1.23,24,96,439.972261846716,5.40724544440266
1.23,24,99,422.032217615127,5.41512499569258
1.23,24,102,404.392380674619,5.42432941916591
1.23,24,105,387.078268296973,5.43503553553676
1.23,24,108,370.10561152874,5.44742332369465
1.23,24,111,353.481686559049,5.4616755169347
1.23,24,114,337.207020747808,5.47797775341735
1.23,24,117,321.277373603555,5.49651923175094
1.23,24,120,305.685826947592,5.5174935966536
1.23,24,123,290.424762742359,5.54109956525231
1.23,24,126,275.487481546091,5.56754068521013
1.23,24,129,260.86923520517,5.59702367198328
1.23,24,132,246.567519667771,5.6297550511312
1.23,24,135,232.581588415965,5.66593632005908
1.23,24,138,218.911279961452,5.70575846045579
1.23,24,141,205.555370771721,5.74939724766193
1.23,24,144,192.509735348765,5.79701129020857
1.23,24,147,179.765598888766,5.84874504856314
1.23,24,150,167.308110443589,5.90473934705143
1.23,24,153,155.115380060213,5.96515244479033
1.23,24,156,143.158068286462,6.03019614348534
1.23,24,159,131.399651124987,6.10019452627532
1.23,24,162,119.79765247854,6.17567907638794
1.23,24,165,108.306465347186,6.25754568843849
1.23,24,168,96.8829252116251,6.34732222753341
1.23,24,171,85.4967753425808,6.44764339973458
1.23,24,174,74.1503189193861,6.56313431440548
1.23,24,177,62.9170755294858,6.70213125922467
1.23,24,180,52.0241573755821,6.88008818617166
1.23,27,-180,52.0241573755821,0.649262756551907
1.23,27,-177,42.857584887568,0.886357386620862
1.23,27,-174,35.6261710784912,1.22066454744207
1.23,27,-171,32.3647972594847,1.66675898766157
1.23,27,-168,34.9269495606824,2.13799671214009
1.23,27,-165,42.8508435853912,2.51276744555908
1.23,27,-162,54.2574930083324,2.77423630380954
1.23,27,-159,67.7094057261684,2.95820299226518
1.23,27,-156,82.405854403747,3.09489449052159
1.23,27,-153,97.8922718925705,3.2023450893892
1.23,27,-150,113.875747841232,3.29087775656688
1.23,27,-147,130.141154948678,3.36657939225186
1.23,27,-144,146.515220367802,3.43320184933001
1.23,27,-141,162.851674725073,3.49315901429844
1.23,27,-138,179.025716152144,3.548062323797
1.23,27,-135,194.932449820592,3.59902062631592
1.23,27,-132,210.486680511142,3.64681606397164
1.23,27,-129,225.622716103914,3.69201219621541
1.23,27,-126,240.293557874829,3.73502354335513
1.23,27,-123,254.469316786576,3.7761621444003
1.23,27,-120,268.134995295104,3.81566967053448
1.23,27,-117,281.287934336109,3.85373988446547
1.23,27,-114,293.935260727366,3.89053423654088
1.23,27,-111,306.09161036621,3.92619235447817
1.23,27,-108,317.777289022769,3.96083868250778
1.23,27,-105,329.016908959469,3.9945862983457
1.23,27,-102,339.838440444619,4.02753882006779
1.23,27,-99,350.272560720463,4.05979121257291
1.23,27,-96,360.352170670637,4.09143016810888
1.23,27,-93,370.111970627851,4.12253455840627
1.23,27,-90,379.588025413623,4.15317625307166
1.23,27,-87,388.817289796827,4.18342139716623
1.23,27,-84,397.837099250191,4.21333206778394
1.23,27,-81,406.684653651434,4.242968105349
1.23,27,-78,415.396534830182,4.27238885036527
1.23,27,-75,424.008306100775,4.30165451031806
1.23,27,-72,432.554245744032,4.33082692610605
1.23,27,-69,441.067266547998,4.35996958925385
1.23,27,-66,449.579066632944,4.38914686392803
1.23,27,-63,458.120537978714,4.41842247408237
1.23,27,-60,466.722424687887,4.44785740864434
1.23,27,-57,475.416173509007,4.47750746072906
1.23,27,-54,484.234860752165,4.50742063825841
1.23,27,-51,493.214023993273,4.53763465773076
1.23,27,-48,502.392187880304,4.56817466533559
1.23,27,-45,511.810863099561,4.59905123816961
1.23,27,-42,521.5138225167,4.63025863312179
1.23,27,-39,531.54551745448,4.66177320816345
1.23,27,-36,541.948582429318,4.69355197049171
1.23,27,-33,552.760478073129,4.72553131727621
1.23,27,-30,564.009429900262,4.75762620302239
1.23,27,-27,575.709927567337,4.78973013270476
1.23,27,-24,587.858147546585,4.82171646132571
1.23,27,-21,600.427739387733,4.85344140835916
1.23,27,-18,613.36645293296,4.88474894583871
1.23,27,-15,626.594058879394,4.91547733694483
1.23,27,-12,640.001913010183,4.94546669632821
1.23,27,-9,653.454339661384,4.97456664829922
1.23,27,-6,666.791792695976,5.00264308020014
1.23,27,-3,679.835542420259,5.02958315833714
1.23,27,0,692.393486590348,5.05529813916897
1.23,27,3,704.26662537738,5.07972395334881
1.23,27,6,715.255772485431,5.10281993425488
1.23,27,9,725.168163464829,5.12456630765127
1.23,27,12,733.823717201698,5.14496111672305
1.23,27,15,741.060764153006,5.16401714975287
1.23,27,18,746.741057853046,5.18175923097195
1.23,27,21,750.753849871506,5.198222007325
1.23,27,24,753.018772278593,5.21344818186143
1.23,27,27,753.487280662172,5.22748704694804
1.23,27,30,752.142494390886,5.24039316359589
1.23,27,33,748.997429382014,5.25222509570907
1.23,27,36,744.091821244383,5.26304420285196
1.23,27,39,737.487931759547,5.27291358227601
1.23,27,42,729.265865061831,5.28189729927383
1.23,27,45,719.518953374978,5.29006003955219
1.23,27,48,708.349695877935,5.29746726195937
1.23,27,51,695.86656891679,5.30418584384556
1.23,27,54,682.181814941617,5.31028512208875
1.23,27,57,667.410113486637,5.31583816682878
1.23,27,60,651.667885730006,5.32092309940275
1.23,27,63,635.072911732629,5.32562428431438
1.23,27,66,617.74395017139,5.33003327749495
1.23,27,69,599.800127274699,5.33424948123549
1.23,27,72,581.359974837457,5.33838051968809
1.23,27,75,562.540113819222,5.3425423916723
1.23,27,78,543.453673256685,5.3468594716463
1.23,27,81,524.208588670251,5.35146441605338
1.23,27,84,504.905937291373,5.35649799932364
1.23,27,87,485.638447417499,5.36210886486727
1.23,27,90,466.489280392766,5.36845314627432
1.23,27,93,447.531141666508,5.37569390589841
1.23,27,96,428.82574442368,5.38400036071332
1.23,27,99,410.423631648268,5.39354691991013
1.23,27,102,392.364359378695,5.40451213608961
1.23,27,105,374.677048469817,5.41707775149581
1.23,27,108,357.381313937868,5.43142807188573
1.23,27,111,340.488569382548,5.44774988870125
1.23,27,114,324.003672133635,5.46623306774751
1.23,27,117,307.926822500989,5.48707172373977
1.23,27,120,292.255566081124,5.51046563352823
1.23,27,123,276.986687548924,5.53662127444297
1.23,27,126,262.117748226675,5.56575170578714
1.23,27,129,247.648027066719,5.59807454355822
1.23,27,132,233.578686227671,5.63380758207754
1.23,27,135,219.912094606304,5.67316219508
1.23,27,138,206.650385339343,5.71633541933755
1.23,27,141,193.793462778165,5.76350242722805
1.23,27,144,181.336772782985,5.81481175150344
1.23,27,147,169.269178756721,5.87038602965741
1.23,27,150,157.571239952871,5.93033126055756
1.23,27,153,146.21409677066,5.99475794324411
1.23,27,156,135.159088729325,6.06381859994339
1.23,27,159,124.358235246721,6.13776893407004
1.23,27,162,113.755853797867,6.21706547748729
1.23,27,165,103.291905030535,6.30252323313533
1.23,27,168,92.9081803664573,6.39557726428749
1.23,27,171,82.5593639345387,6.49873325296429
1.23,27,174,72.2329343818408,6.61637729055597
1.23,27,177,61.986615164221,6.7562866214319
1.23,27,180,52.0241573755821,6.93244806373149
1.23,30,-180,52.024157375582,0.701622634111737
1.23,30,-177,43.7002854633606,0.929845560754827
1.23,30,-174,37.0365854617982,1.2416979726703
1.23,30,-171,33.7424956758244,1.65009095325507
1.23,30,-168,35.5228023761398,2.09259701261988
1.23,30,-165,42.3708372182712,2.46449488673154
1.23,30,-162,52.8261247998124,2.73432614702852
1.23,30,-159,65.527445917961,2.92665528595277
1.23,30,-156,79.6349264908797,3.06917988151336
1.23,30,-153,94.6496028098454,3.18013606235334
1.23,30,-150,110.245560071011,3.27044922529915
1.23,30,-147,126.183952596587,3.34671480673354
1.23,30,-144,142.273998827391,3.41305239759259
1.23,30,-141,158.356177824811,3.47213428849598
1.23,30,-138,174.295548972427,3.52575440830401
1.23,30,-135,189.979452345064,3.57515238377915
1.23,30,-132,205.316735883174,3.62120563715179
1.23,30,-129,220.23707096969,3.66454830430085
1.23,30,-126,234.689716120144,3.70564808520446
1.23,30,-123,248.641589553485,3.74485785135915
1.23,30,-120,262.074819210613,3.78245129229206
1.23,30,-117,274.984086948731,3.81864783628699
1.23,30,-114,287.374098214024,3.85362991712348
1.23,30,-111,299.2574278444,3.88755454067059
1.23,30,-108,310.652865011064,3.92056056280286
1.23,30,-105,321.58425229228,3.95277283924602
1.23,30,-102,332.079719268028,3.98430427188478
1.23,30,-99,342.171165055757,4.01525665202509
1.23,30,-96,351.893844516836,4.04572104235086
1.23,30,-93,361.28594539042,4.07577823980242
1.23,30,-90,370.388090291853,4.10549964023969
1.23,30,-87,379.242742921012,4.13494861156102
1.23,30,-84,387.893533002061,4.16418230234993
1.23,30,-81,396.384537494392,4.19325368673313
1.23,30,-78,404.759569521107,4.22221358014017
1.23,30,-75,413.061535830341,4.25111235183632
1.23,30,-72,421.331931137474,4.2800010979882
1.23,30,-69,429.610542090889,4.3089321096132
1.23,30,-66,437.935429454836,4.33795855847808
1.23,30,-63,446.343236950388,4.36713341724717
1.23,30,-60,454.869833126783,4.39650771561062
1.23,30,-57,463.551228201994,4.42612830053172
1.23,30,-54,472.42462867215,4.45603530648073
1.23,30,-51,481.529414368405,4.48625954426976
1.23,30,-48,490.907766000046,4.51681998502214
1.23,30,-45,500.604655380757,4.54772145868387
1.23,30,-42,510.666947248218,4.57895262483994
1.23,30,-39,521.14145074181,4.61048423532098
1.23,30,-36,532.07188798094,4.64226771927519
1.23,30,-33,543.494896444906,4.67423419292248
1.23,30,-30,555.435328683357,4.70629411133526
1.23,30,-27,567.901238101591,4.73833789032236
1.23,30,-24,580.879028690017,4.77023786559933
1.23,30,-21,594.329288011973,4.80185186482998
1.23,30,-18,608.18380558861,4.83302842772657
1.23,30,-15,622.344193955046,4.86361336412351
1.23,30,-12,636.682376123051,4.89345698980554
1.23,30,-9,651.042996258467,4.92242114570084
1.23,30,-6,665.247585303839,4.95038507942482
1.23,30,-3,679.100118833765,4.97724947121714
1.23,30,0,692.393486590348,5.00293826160914
1.23,30,3,704.916375814125,5.02739837254897
1.23,30,6,716.460143690387,5.05059778283453
1.23,30,9,726.825376934537,5.07252263065516
1.23,30,12,735.827953675975,5.09317403707011
1.23,30,15,743.304488753584,5.11256520043881
1.23,30,18,749.117041265889,5.13071907128673
1.23,30,21,753.156910621374,5.14766666284728
1.23,30,24,755.347288513617,5.16344585626129
1.23,30,27,755.644519898993,5.17810046365692
1.23,30,30,754.037791443942,5.19167932394346
1.23,30,33,750.54721541033,5.20423530064357
1.23,30,36,745.220481061725,5.21582418434531
1.23,30,39,738.128451147404,5.22650362552436
1.23,30,42,729.360229615264,5.2363322969465
1.23,30,45,719.018275180092,5.24536948812586
1.23,30,48,707.214069431124,5.25367526990413
1.23,30,51,694.064685951475,5.26131125783427
1.23,30,54,679.690391848699,5.26834188309435
1.23,30,57,664.213199362035,5.27483598375877
1.23,30,60,647.756121511257,5.28086848166684
1.23,30,63,630.442802466089,5.28652191845213
1.23,30,66,612.397196701375,5.29188767930932
1.23,30,69,593.743045130703,5.29706681397235
1.23,30,72,574.603011032616,5.3021704467534
1.23,30,75,555.09745957532,5.30731983090926
1.23,30,78,535.342963592492,5.31264613540905
1.23,30,81,515.450678081231,5.31829005286648
1.23,30,84,495.524743086451,5.32440129313341
1.23,30,87,475.660856744836,5.33113799066492
1.23,30,90,455.945121477031,5.33866602041059
1.23,30,93,436.453222342463,5.34715820096374
1.23,30,96,417.249960214281,5.35679337547751
1.23,30,99,398.389140768142,5.36775540399234
1.23,30,102,379.913813679221,5.3802321688486
1.23,30,105,361.856859318096,5.39441476901352
1.23,30,108,344.241923236095,5.41049712867613
1.23,30,111,327.084691592619,5.42867623267512
1.23,30,114,310.394475602992,5.44915309271807
1.23,30,117,294.176027760659,5.47213433060503
1.23,30,120,278.431452299658,5.49783396101929
1.23,30,123,263.162010423972,5.52647463604759
1.23,30,126,248.369576576312,5.55828738620524
1.23,30,129,234.057496119902,5.59350888460037
1.23,30,132,220.230642545467,5.63237557423531
1.23,30,135,206.894576621804,5.67511466535186
1.23,30,138,194.053856694837,5.72193295718095
1.23,30,141,181.709707664647,5.77300548590303
1.23,30,144,169.857384933796,5.82846690833978
1.23,30,147,158.483630921565,5.88840910458025
1.23,30,150,147.564598293422,5.95288871165561
1.23,30,153,137.064524165215,6.02194847284602
1.23,30,156,126.935339949103,6.09565702030571
1.23,30,159,117.117370892892,6.17417389196897
1.23,30,162,107.54138721403,6.25785138312342
1.23,30,165,98.1325528728143,6.34739408109303
1.23,30,168,88.8173089493985,6.44411436041326
1.23,30,171,79.5350639693615,6.55035590225773
1.23,30,174,70.2582505804062,6.67022370348415
1.23,30,177,61.0282555356673,6.81088023651316
1.23,30,180,52.024157375582,6.98480794129132
1.23,33,-180,52.024157375582,0.753982511671567
1.23,33,-177,44.5667318793297,0.972882948574332
1.23,33,-174,38.5048663778139,1.26281285053718
1.23,33,-171,35.258313020088,1.63489808002192
1.23,33,-168,36.3508389356328,2.04582160332557
1.23,33,-165,42.1141548236538,2.40982577025878
1.23,33,-162,51.5236854216877,2.68607524024435
1.23,33,-159,63.3564578436863,2.8869976713571
1.23,33,-156,76.7576080423415,3.03624693676117
1.23,33,-153,91.1882635204072,3.15165985879384
1.23,33,-150,106.289324123224,3.24460553199794
1.23,33,-147,121.797740330391,3.32216997411939
1.23,33,-144,137.505230533652,3.38885837074653
1.23,33,-141,153.239463609856,3.4476239463683
1.23,33,-138,168.856026289876,3.50046233964991
1.23,33,-135,184.235198078703,3.54875863368471
1.23,33,-132,199.280483518473,3.5934961939788
1.23,33,-129,213.917369415031,3.63538719258309
1.23,33,-126,228.091642762625,3.67495748484061
1.23,33,-123,241.767139046519,3.7126038387353
1.23,33,-120,254.92310348123,3.74863357018388
1.23,33,-117,267.551484016803,3.78329230523303
1.23,33,-114,279.654470950763,3.81678325122294
1.23,33,-111,291.242500530865,3.84928014088312
1.23,33,-108,302.332802692469,3.88093541537816
1.23,33,-105,312.948444556927,3.91188492855662
1.23,33,-102,323.117734079188,3.94225029537905
1.23,33,-99,332.873814324904,3.97213986413232
1.23,33,-96,342.254292234867,4.00164911662121
1.23,33,-93,351.300789336512,4.03086108783533
1.23,33,-90,360.058355976175,4.05984716638492
1.23,33,-87,368.574739649569,4.08866841808185
1.23,33,-84,376.899533867368,4.11737739328073
1.23,33,-81,385.083256292615,4.14602025006648
1.23,33,-78,393.176418201095,4.17463895443424
1.23,33,-75,401.228657287644,4.20327329974256
1.23,33,-72,409.288015443274,4.23196250956496
1.23,33,-69,417.400450367612,4.26074623776571
1.23,33,-66,425.609667757702,4.28966484603969
1.23,33,-63,433.957339709222,4.31875891395577
1.23,33,-60,442.483726907638,4.348068013273
1.23,33,-57,451.228645677577,4.3776288503809
1.23,33,-54,460.23262454621,4.40747293999557
1.23,33,-51,469.537997750067,4.43762401054382
1.23,33,-48,479.18961110741,4.46809534987738
1.23,33,-45,489.234794650546,4.49888727870612
1.23,33,-42,499.722303227167,4.52998489858926
1.23,33,-39,510.700042185339,4.56135622198676
1.23,33,-36,522.21156407703,4.59295077811158
1.23,33,-33,534.291514614427,4.62469881610592
1.23,33,-30,546.96038762283,4.65651129058306
1.23,33,-27,560.219089227807,4.68828087972177
1.23,33,-24,574.043890310212,4.71988429828791
1.23,33,-21,588.382352882201,4.75118607562669
1.23,33,-18,603.150747895709,4.78204375377179
1.23,33,-15,618.233342932707,4.81231415989159
1.23,33,-12,633.4837404586,4.84186010799119
1.23,33,-9,648.728215509341,4.87055669476474
1.23,33,-6,663.770774247553,4.8982963557455
1.23,33,-3,678.399477633357,4.92499205938197
1.23,33,0,692.393486590348,4.95057838404931
1.23,33,3,705.530302428565,4.97501063972462
1.23,33,6,717.592782174206,4.99826254392873
1.23,33,9,728.375657292578,5.02032315183057
1.23,33,12,737.691418619764,5.04119373945049
1.23,33,15,745.375503654441,5.06088517180293
1.23,33,18,751.290717855188,5.079416023206
1.23,33,21,755.330758361309,5.09681144108665
1.23,33,24,757.422633155449,5.11310253436093
1.23,33,27,757.52773544544,5.12832597042015
1.23,33,30,755.641381479539,5.14252349014028
1.23,33,33,751.790758334513,5.15574117186563
1.23,33,36,746.031429225708,5.16802844305674
1.23,33,39,738.442754398603,5.17943699516095
1.23,33,42,729.1227453193,5.19001985548468
1.23,33,45,718.182931884386,5.19983088325769
1.23,33,48,705.743768523784,5.2089248865891
1.23,33,51,691.930950399477,5.21735842807693
1.23,33,54,676.872797229739,5.22519123991805
1.23,33,57,660.698643991015,5.23248804650163
1.23,33,60,643.538005248082,5.23932052438473
1.23,33,63,625.520186017312,5.24576912770366
1.23,33,66,606.774005643372,5.25192456287553
1.23,33,69,587.427368108764,5.25788878699044
1.23,33,72,567.606523178246,5.26377550159748
1.23,33,75,547.434983700402,5.26971019347541
1.23,33,78,527.032166089217,5.27582982184456
1.23,33,81,506.511885603387,5.2822822639495
1.23,33,84,485.980860795361,5.28922561425386
1.23,33,87,465.537368822068,5.2968273991238
1.23,33,90,445.270158360646,5.30526373397419
1.23,33,93,425.257684578839,5.31471842805149
1.23,33,96,405.567693434439,5.32538204469257
1.23,33,99,386.25715787994,5.3374509572342
1.23,33,102,367.372557696565,5.35112649857617
1.23,33,105,348.950493688447,5.36661436923039
1.23,33,108,331.018628195159,5.38412451480119
1.23,33,111,313.596938371169,5.4038716699012
1.23,33,114,296.699248756888,5.42607665270666
1.23,33,117,280.334971525137,5.45096826102108
1.23,33,120,264.510928739835,5.47878528162496
1.23,33,123,249.233070726836,5.50977774571501
1.23,33,126,234.507854865772,5.54420626224129
1.23,33,129,220.343030303909,5.58233818800631
1.23,33,132,206.747605065164,5.62443968948956
1.23,33,135,193.730862600681,5.67076349325864
1.23,33,138,181.3004391712,5.72153326931332
1.23,33,141,169.459646770187,5.77692696111464
1.23,33,144,158.20438770488,5.83706266760097
1.23,33,147,147.520110555833,5.90199158216439
1.23,33,150,137.379270913813,5.97170284120969
1.23,33,153,127.73968648174,6.04614509895783
1.23,33,156,118.544062776422,6.12526980489011
1.23,33,159,109.720894891052,6.20910243894228
1.23,33,162,101.187004954071,6.29785151705376
1.23,33,165,92.8522033097178,6.39207258795035
1.23,33,168,84.6269903605621,6.49291854296989
1.23,33,171,76.4349459772484,6.60253412317477
1.23,33,174,68.2328761461972,6.7247014968516
1.23,33,177,60.0449562233784,6.86592207898587
1.23,33,180,52.024157375582,7.03716781885115
1.23,36,-180,52.024157375582,0.806342389231396
1.23,36,-177,45.4551594342589,1.01552252699529
1.23,36,-174,40.02943341652,1.28414324418524
1.23,36,-171,36.9123876291107,1.62158313096539
1.23,36,-168,37.430828130118,1.99903036776794
1.23,36,-165,42.1385107786151,2.34981534005627
1.23,36,-162,50.4292426154692,2.62943490317176
1.23,36,-159,61.2793864529182,2.83855738053661
1.23,36,-156,73.8544880087767,2.99524743377499
1.23,36,-153,87.5860491997752,3.11609439243639
1.23,36,-150,102.083465286768,3.21261790210855
1.23,36,-147,117.059337841484,3.29232190708848
1.23,36,-144,132.287730563173,3.36009556394135
1.23,36,-141,147.583626011156,3.41918993703402
1.23,36,-138,162.793450805993,3.47182113421781
1.23,36,-135,177.790785205879,3.51953569359818
1.23,36,-132,192.474096416825,3.56343539189469
1.23,36,-129,206.764885351857,3.60431970703369
1.23,36,-126,220.60555256782,3.6427792771196
1.23,36,-123,233.956847933831,3.67925927892018
1.23,36,-120,246.795084296194,3.71410350285136
1.23,36,-117,259.10942119278,3.74758534218484
1.23,36,-114,270.899505991149,3.77992940785771
1.23,36,-111,282.173650631597,3.81132615416542
1.23,36,-108,292.947580217696,3.8419412363783
1.23,36,-105,303.24366441128,3.87192099648803
1.23,36,-102,313.090464822916,3.90139528730014
1.23,36,-99,322.522410296756,3.93047868381995
1.23,36,-96,331.579437877339,3.95927094425055
1.23,36,-93,340.306490815845,3.98785736489775
1.23,36,-90,348.752825345673,4.01630944257014
1.23,36,-87,356.971129590876,4.04468604144191
1.23,36,-84,365.016493806054,4.07303508170496
1.23,36,-81,372.945292146148,4.10139563735672
1.23,36,-78,380.814048223297,4.12980025146824
1.23,36,-75,388.678366368868,4.15827724193356
1.23,36,-72,396.592021002632,4.18685276786123
1.23,36,-69,404.606305313929,4.21555244635403
1.23,36,-66,412.769739357757,4.24440234559933
1.23,36,-63,421.128215362975,4.27342923163061
1.23,36,-60,429.725604933153,4.30266001330385
1.23,36,-57,438.604766526108,4.33212041096343
1.23,36,-54,447.808781330619,4.36183296092345
1.23,36,-51,457.382133182809,4.39181454578219
1.23,36,-48,467.371464053794,4.42207369267219
1.23,36,-45,477.825512018067,4.45260789544054
1.23,36,-42,488.793894686406,4.48340119215826
1.23,36,-39,500.324540332511,4.51442218138194
1.23,36,-36,512.459771820719,4.5456226154339
1.23,36,-33,525.231277601979,4.57693669161537
1.23,36,-30,538.654414682008,4.60828118059731
1.23,36,-27,552.722440590246,4.6395565651498
1.23,36,-24,567.401338958675,4.67064936692667
1.23,36,-21,582.625877287155,4.70143576462933
1.23,36,-18,598.297421329571,4.73178642925169
1.23,36,-15,614.283844231587,4.76157224577547
1.23,36,-12,630.421634231146,4.79067032994662
1.23,36,-9,646.520054843562,4.81896958132678
1.23,36,-6,662.366985980691,4.84637501833115
1.23,36,-3,677.735915151603,4.87281034000028
1.23,36,0,692.393486590348,4.89821850648948
1.23,36,3,706.10706151215,4.92256052733024
1.23,36,6,718.651872907401,4.94581297992249
1.23,36,9,729.81752551815,4.96796496149827
1.23,36,12,739.413738198769,4.98901516857079
1.23,36,15,747.275305727235,5.00896961967949
1.23,36,18,753.266253726091,5.02784025721148
1.23,36,21,757.283092767796,5.04564437087265
1.23,36,24,759.256992797487,5.06240456133275
1.23,36,27,759.154652319065,5.07814886111451
1.23,36,30,756.977670416107,5.09291066380143
1.23,36,33,752.760355155413,5.1067282554259
1.23,36,36,746.566095163504,5.11964393900854
1.23,36,39,738.482630859814,5.13170293038185
1.23,36,42,728.616727600687,5.14295232533198
1.23,36,45,717.088826119102,5.15344046302708
1.23,36,48,704.028204719999,5.16321693759665
1.23,36,51,689.569044158489,5.17233336598993
1.23,36,54,673.847578888643,5.18084485135855
1.23,36,57,657.000300328504,5.18881193554024
1.23,36,60,639.162999558004,5.19630274816413
1.23,36,63,620.47033306349,5.20339504837545
1.23,36,66,601.055577119618,5.21017791025091
1.23,36,69,581.050292757168,5.21675290000292
1.23,36,72,560.583726753634,5.2232347010197
1.23,36,75,539.781891712063,5.22975123437477
1.23,36,78,518.766371008749,5.23644338074313
1.23,36,81,497.652963553034,5.24346443008399
1.23,36,84,476.550312831298,5.25097937384408
1.23,36,87,455.558659359825,5.25916412330086
1.23,36,90,434.768826959229,5.26820470216919
1.23,36,93,414.261514751014,5.27829643634374
1.23,36,96,394.106930152054,5.28964316014354
1.23,36,99,374.364770805197,5.30245648257456
1.23,36,102,355.084547659645,5.31695520625435
1.23,36,105,336.306235065071,5.33336505128214
1.23,36,108,318.061231269744,5.35191887830282
1.23,36,111,300.373607018792,5.37285758935788
1.23,36,114,283.261604146146,5.39643176860849
1.23,36,117,266.739315397098,5.42290387716779
1.23,36,120,250.818430666294,5.45255044052051
1.23,36,123,235.509878950261,5.48566322046671
1.23,36,126,220.825142238198,5.52254796587959
1.23,36,129,206.776986011201,5.56351915882047
1.23,36,132,193.379361938004,5.60888940095164
1.23,36,135,180.646308375645,5.6589528627534
1.23,36,138,168.589807783947,5.71396357481038
1.23,36,141,157.216742496164,5.77411113307086
1.23,36,144,146.52528564666,5.83949828339876
1.23,36,147,136.501221835264,5.91012638218081
1.23,36,150,127.114764174022,5.9858954822948
1.23,36,153,118.318400189677,6.06662564760175
1.23,36,156,110.046186660596,6.15210544270336
1.23,36,159,102.214798531263,6.2421733021338
1.23,36,162,94.7266120423784,6.33683895847268
1.23,36,165,87.4752344765029,6.4364569157669
1.23,36,168,80.3542176569492,6.54197440754421
1.23,36,171,73.2702866017676,6.65529618434093
1.23,36,174,66.1635678206722,6.77984265316643
1.23,36,177,59.0397534197844,6.92142247021613
1.23,36,180,52.024157375582,7.08952769641098
1.23,39,-180,52.024157375582,0.858702266791227
1.23,39,-177,46.3637119336016,1.05781532261863
1.23,39,-174,41.6081603183692,1.30580330424319
1.23,39,-171,38.7025381992958,1.61045613841593
1.23,39,-168,38.7749531574829,1.95355478727155
1.23,39,-165,42.4964607655704,2.28599099452663
1.23,39,-162,49.627538958538,2.56483630980247
1.23,39,-159,59.3922802216998,2.78086771767295
1.23,39,-156,71.0219380473702,2.94533776969178
1.23,39,-153,83.9367269918421,3.07252488173763
1.23,39,-150,97.7195881935165,3.17362904072051
1.23,39,-147,112.059632227533,3.25641280365433
1.23,39,-144,126.713197039925,3.32611146595881
1.23,39,-141,141.482465806094,3.38627727880567
1.23,39,-138,156.204688265206,3.43936149129898
1.23,39,-135,170.74677564295,3.48708780270976
1.23,39,-132,185.00217215445,3.53068999867263
1.23,39,-129,198.888360782497,3.57106571107219
1.23,39,-126,212.344281758327,3.60887862628362
1.23,39,-123,225.327511095453,3.6446283912854
1.23,39,-120,237.811361465178,3.67869952421873
1.23,39,-117,249.782184972618,3.71139599298781
1.23,39,-114,261.23712890723,3.74296549704331
1.23,39,-111,272.182480381391,3.77361606249605
1.23,39,-108,282.632594176763,3.80352682741006
1.23,39,-105,292.609279345721,3.8328545235874
1.23,39,-102,302.141453033902,3.86173694593674
1.23,39,-99,311.264860775661,3.8902945220696
1.23,39,-96,320.021699314817,3.91863090054083
1.23,39,-93,328.460039643712,3.9468332582253
1.23,39,-90,336.63301299093,3.97497280202394
1.23,39,-87,344.597775776315,4.00310573085956
1.23,39,-84,352.414305014428,4.03127474957074
1.23,39,-81,360.14409539432,4.05951109535226
1.23,39,-78,367.848840147336,4.08783694777712
1.23,39,-75,375.589186924957,4.11626803628302
1.23,39,-72,383.423670496964,4.14481622426888
1.23,39,-69,391.407933161026,4.1734918308098
1.23,39,-66,399.594342207086,4.20230545076585
1.23,39,-63,408.032089202865,4.23126905906189
1.23,39,-60,416.767797690645,4.2603962434509
1.23,39,-57,425.846571380644,4.28970150428678
1.23,39,-54,435.313294017547,4.31919867995241
1.23,39,-51,445.213868663679,4.34889868002525
1.23,39,-48,455.595992157009,4.37880680534132
1.23,39,-45,466.509035034623,4.40891997912564
1.23,39,-42,478.00266261591,4.43922419649074
1.23,39,-39,490.123992428355,4.46969243383186
1.23,39,-36,502.913314331398,4.50028317756897
1.23,39,-33,516.398658685263,4.53093967138096
1.23,39,-30,530.589731252654,4.56158996577919
1.23,39,-27,545.471893201368,4.59214787556797
1.23,39,-24,561.00092029636,4.62251496882785
1.23,39,-21,577.099219641576,4.65258367100234
1.23,39,-18,593.654028052335,4.68224143310267
1.23,39,-15,610.517890077187,4.71137569409871
1.23,39,-12,627.511450362953,4.73987912725115
1.23,39,-9,644.428333166232,4.76765449177188
1.23,39,-6,661.041661643297,4.79461839678103
1.23,39,-3,677.111627945929,4.82070345558054
1.23,39,0,692.393486590348,4.84585862892965
1.23,39,3,706.645410158469,4.87004793561007
1.23,39,6,719.635792769981,4.89324803583422
1.23,39,9,731.14976485683,4.91544537574744
1.23,39,12,740.994836642094,4.93663357561968
1.23,39,15,749.005673218981,4.95681156532084
1.23,39,18,755.048005174461,4.9759826827669
1.23,39,21,759.021613296759,4.99415464459988
1.23,39,24,760.862239033075,5.01134006097169
1.23,39,27,760.542218482841,5.02755705761769
1.23,39,30,758.069659501563,5.04282960582248
1.23,39,33,753.486093070684,5.05718731864007
1.23,39,36,746.862711137491,5.07066469233169
1.23,39,39,738.295505924739,5.08329998528158
1.23,39,42,727.899791993844,5.0951340706831
1.23,39,45,715.80467326288,5.10620963707993
1.23,39,48,702.147988935972,5.11657103895135
1.23,39,51,687.072142486052,5.12626494634431
1.23,39,54,670.721021254174,5.13534175730343
1.23,39,57,653.238000738888,5.14385757299405
1.23,39,60,634.764846741429,5.15187643413201
1.23,39,63,615.441215824218,5.15947249666301
1.23,39,66,595.404424022861,5.16673187745302
1.23,39,69,574.789197355812,5.1737540011689
1.23,39,72,553.727211170066,5.18065239408346
1.23,39,75,532.346337719703,5.18755496940866
1.23,39,78,510.76962412959,5.19460391320505
1.23,39,81,489.114096698916,5.20195530454711
1.23,39,84,467.489524616527,5.20977859434103
1.23,39,87,445.997279245058,5.21825603688863
1.23,39,90,424.729403626624,5.22758213241255
1.23,39,93,403.767972719964,5.23796311185384
1.23,39,96,383.184788936139,5.24961648858874
1.23,39,99,363.04142729147,5.26277072119394
1.23,39,102,343.389623328284,5.27766507500325
1.23,39,105,324.271984488417,5.29454982485445
1.23,39,108,305.722998634141,5.31368698035481
1.23,39,111,287.770306870706,5.33535169813473
1.23,39,114,270.436195948898,5.35983442588091
1.23,39,117,253.739242974893,5.38744356071195
1.23,39,120,237.696008707664,5.41850798862663
1.23,39,123,222.322626488721,5.45337834356981
1.23,39,126,207.63607946845,5.49242529512507
1.23,39,129,193.654914485052,5.53603282533541
1.23,39,132,180.399128009824,5.584584519698
1.23,39,135,167.889000511125,5.63844160809704
1.23,39,138,156.142766249566,5.69791300762767
1.23,39,141,145.173185825788,5.76321993057617
1.23,39,144,134.983315338997,5.83446044973326
1.23,39,147,125.561991030312,5.91158216563768
1.23,39,150,116.8797103183,5.99437296982295
1.23,39,153,108.8856380566,6.08248007963322
1.23,39,156,101.506389812072,6.17546579644363
1.23,39,159,94.6470886658955,6.27290551962481
1.23,39,162,88.1950491588827,6.37453117495494
1.23,39,165,82.0264069018785,6.48042385135518
1.23,39,168,76.0161588424105,6.59126582987334
1.23,39,171,70.0524948866741,6.70867691786825
1.23,39,174,64.0571992787033,6.83568370016498
1.23,39,177,58.0157489900205,6.97739202707618
1.23,39,180,52.024157375582,7.14188757397081
1.23,42,-180,52.024157375582,0.911062144351056
1.23,42,-177,47.2904406781325,1.09981019712304
1.23,42,-174,43.2383961531873,1.32788868720411
1.23,42,-171,40.6245252730956,1.60173661872913
1.23,42,-168,40.3874769526911,1.91058757539416
1.23,42,-165,43.2307387166955,2.22026041132223
1.23,42,-162,49.2038535224891,2.49333838236669
1.23,42,-159,57.8023184216087,2.71385845091786
1.23,42,-156,68.3727153266661,2.88580196477433
1.23,42,-153,80.3518246440414,3.0200017739895
1.23,42,-150,93.3065459240116,3.12667084614869
1.23,42,-147,106.905482608424,3.21354662890163
1.23,42,-144,120.887771268123,3.28611194386455
1.23,42,-141,135.042661375537,3.34819689313611
1.23,42,-138,149.197970463116,3.4024918946984
1.23,42,-135,163.213683378744,3.45091004769718
1.23,42,-132,176.97797200491,3.49483038725707
1.23,42,-129,190.404061825938,3.53526047822378
1.23,42,-126,203.427219823719,3.57294673227686
1.23,42,-123,216.001689465861,3.60845086377916
1.23,42,-120,228.097704852744,3.64220387105321
1.23,42,-117,239.698825890778,3.67454448674207
1.23,42,-114,250.799803079262,3.70574640042965
1.23,42,-111,261.40506533654,3.73603707241661
1.23,42,-108,271.527787933931,3.76561016706814
1.23,42,-105,281.189388047896,3.79463322012738
1.23,42,-102,290.419239346835,3.8232519100626
1.23,42,-99,299.254398314575,3.85159210872137
1.23,42,-96,307.739180181786,3.87976068684227
1.23,42,-93,315.924489492918,3.90784583511517
1.23,42,-90,323.86687818653,3.93591744467762
1.23,42,-87,331.62735819354,3.96402789152441
1.23,42,-84,339.270030804204,3.99221340134818
1.23,42,-81,346.860614303562,4.02049603865957
1.23,42,-78,354.464961894939,4.04888626105425
1.23,42,-75,362.147670812555,4.07738589602796
1.23,42,-72,369.970893675446,4.10599132572393
1.23,42,-69,377.993471033557,4.13469660428699
1.23,42,-66,386.270500033475,4.16349619314221
1.23,42,-63,394.853425403491,4.19238699872121
1.23,42,-60,403.790674898471,4.22136945119646
1.23,42,-57,413.128759628513,4.25044747664206
1.23,42,-54,422.913631225035,4.27962737461651
1.23,42,-51,433.19195806334,4.30891578473557
1.23,42,-48,444.011887874008,4.33831706490181
1.23,42,-45,455.42284138343,4.36783047135687
1.23,42,-42,467.473957135228,4.39744750985177
1.23,42,-39,480.210984616718,4.42714973345989
1.23,42,-36,493.671676452603,4.45690714002382
1.23,42,-33,507.880011913702,4.48667722555335
1.23,42,-30,522.839833327157,4.51640471755611
1.23,42,-27,538.528640099997,4.54602204409912
1.23,42,-24,554.892328547553,4.57545064692033
1.23,42,-21,571.841583644897,4.60460325335377
1.23,42,-18,589.250440502657,4.63338712938666
1.23,42,-15,606.957274865713,4.66170814096633
1.23,42,-12,624.768196535402,4.68947520921543
1.23,42,-9,642.462550927222,4.71660455325977
1.23,42,-6,659.800021633646,4.74302306333004
1.23,42,-3,676.528702311277,4.76867028038221
1.23,42,0,692.393486590348,4.79349875136982
1.23,42,3,707.144206187722,4.81747289640848
1.23,42,6,720.543102325357,4.8405668536045
1.23,42,9,732.371397351791,4.86276196149733
1.23,42,12,742.434889835208,4.88404454627408
1.23,42,15,750.568586459904,4.90440450930941
1.23,42,18,756.64039266937,4.92383492124142
1.23,42,21,760.553827198826,4.942332513155
1.23,42,24,762.249644655522,4.95989870568138
1.23,42,27,761.706196047539,4.97654069868696
1.23,42,30,758.938370886352,4.99227218014178
1.23,42,33,753.995061910199,5.00711337908832
1.23,42,36,746.955258410926,5.02109042542293
1.23,42,39,737.923064002269,5.03423421400834
1.23,42,42,727.022095372378,5.04657913495959
1.23,42,45,714.389802982398,5.05816208391195
1.23,42,48,700.172237674799,5.06902209940968
1.23,42,51,684.519672461711,5.07920081751049
1.23,42,54,667.583306173044,5.08874373779252
1.23,42,57,649.513070599482,5.09770211737808
1.23,42,60,630.456382369508,5.10613519543774
1.23,42,63,610.557560919096,5.11411242084973
1.23,42,66,589.95759108805,5.12171540434332
1.23,42,69,568.793938829065,5.12903941714382
1.23,42,72,547.200210737726,5.13619437572198
1.23,42,75,525.3055541613,5.14330535493055
1.23,42,78,503.233796952104,5.15051273933212
1.23,42,81,481.102404395974,5.15797214884447
1.23,42,84,459.02137580616,5.16585426599758
1.23,42,87,437.092214944484,5.17434466157417
1.23,42,90,415.407093971609,5.1836436791586
1.23,42,93,394.048300349702,5.19396641186454
1.23,42,96,373.088020158676,5.20554279732629
1.23,42,99,352.58847744683,5.21861787557948
1.23,42,102,332.602422141491,5.23345229685046
1.23,42,105,313.173940247889,5.25032322020777
1.23,42,108,294.339548587759,5.26952578381687
1.23,42,111,276.129529189295,5.29137531316256
1.23,42,114,258.569451025651,5.31621031467315
1.23,42,117,241.681813382438,5.34439602927657
1.23,42,120,225.487720045789,5.37632786439455
1.23,42,123,210.008453350474,5.41243339943594
1.23,42,126,195.266763838327,5.45317095364904
1.23,42,129,181.28763488468,5.49902208651327
1.23,42,132,168.098241239901,5.55047512889809
1.23,42,135,155.726821837659,5.60799725096797
1.23,42,138,144.200256985806,5.6719940229211
1.23,42,141,133.540296331168,5.74275821117201
1.23,42,144,123.758626010396,5.82041371113761
1.23,42,147,114.851262247755,5.90486553657405
1.23,42,150,106.793053790779,5.99577133283829
1.23,42,153,99.5332835952863,6.09255186818645
1.23,42,156,92.9934014651346,6.19445533359646
1.23,42,159,87.067759286523,6.30068258945242
1.23,42,162,81.627905911984,6.41057030191151
1.23,42,165,76.5306618162896,6.52382162994032
1.23,42,168,71.6300145773195,6.64077558218794
1.23,42,171,66.7930384184112,6.7627190673751
1.23,42,174,61.9207305587898,6.89226628674203
1.23,42,177,56.9760994277898,7.03384159359262
1.23,42,180,52.024157375582,7.19424745153064
1.23,45,-180,52.0241573755821,0.963422021910885
1.23,45,-177,48.2333047132606,1.14155369094309
1.23,45,-174,44.9169928774168,1.35047816066572
1.23,45,-171,42.6723464571752,1.59556143336998
1.23,45,-168,42.2651799420629,1.87110069413447
1.23,45,-165,44.3703319217138,2.15472532896708
1.23,45,-162,49.2368301771333,2.41669544693773
1.23,45,-159,56.6230773182955,2.63808070475253
1.23,45,-156,66.0348256587813,2.81624519756636
1.23,45,-153,76.9617802138992,2.95765624084731
1.23,45,-150,88.9725740492631,3.07071860995664
1.23,45,-147,101.722059117882,3.1627059397535
1.23,45,-144,114.934202759319,3.23915782203307
1.23,45,-141,128.385612974649,3.30411227534202
1.23,45,-138,141.894394424341,3.36048121869612
1.23,45,-135,155.313164811258,3.41037010936788
1.23,45,-132,168.524364753999,3.45531314911361
1.23,45,-129,181.436544222267,3.49643908218944
1.23,45,-126,193.980958391631,3.53458745545142
1.23,45,-123,206.108289810033,3.57039091035895
1.23,45,-120,217.785594526136,3.60433410770278
1.23,45,-117,228.993669697136,3.63679614333035
1.23,45,-114,239.725005800548,3.66808087663365
1.23,45,-111,249.982376764839,3.69843814134182
1.23,45,-108,259.77799459709,3.72807799767357
1.23,45,-105,269.133056826733,3.75717974178493
1.23,45,-102,278.077469543163,3.7858971205458
1.23,45,-99,286.64953824927,3.81436099108867
1.23,45,-96,294.895469093992,3.84268046103792
1.23,45,-93,302.868592746555,3.87094333477969
1.23,45,-90,310.628291880568,3.89921648343479
1.23,45,-87,318.238667589872,3.92754656625032
1.23,45,-84,325.767015682153,3.95596136797299
1.23,45,-81,333.282203835709,3.98447187951388
1.23,45,-78,340.853052039639,4.01307512896469
1.23,45,-75,348.546827974513,4.04175765604123
1.23,45,-72,356.427978140411,4.07049941042513
1.23,45,-69,364.557220494482,4.09927775023617
1.23,45,-66,372.991115345428,4.12807114097573
1.23,45,-63,381.782195974969,4.15686213506111
1.23,45,-60,390.979669294492,4.18563927051707
1.23,45,-57,400.630588749467,4.21439766961111
1.23,45,-54,410.78126881801,4.24313832231137
1.23,45,-51,421.478579345296,4.27186625766541
1.23,45,-48,432.77066549546,4.30058797838355
1.23,45,-45,444.706623133081,4.32930860945981
1.23,45,-42,457.334746081737,4.35802917142451
1.23,45,-39,470.699153564695,4.38674425666058
1.23,45,-36,484.834876562209,4.41544022385003
1.23,45,-33,499.761778696899,4.44409390416883
1.23,45,-30,515.477946242,4.47267178454327
1.23,45,-27,531.953344725458,4.50112969920212
1.23,45,-24,549.124570792264,4.52941316632821
1.23,45,-21,566.891422981144,4.55745856620384
1.23,45,-18,585.115798481939,4.58519529953269
1.23,45,-15,603.623138588897,4.61254887495392
1.23,45,-12,622.206344071648,4.63944460983306
1.23,45,-9,640.631810473042,4.66581139346391
1.23,45,-6,658.647030719042,4.69158486218465
1.23,45,-3,675.989104110502,4.7167094284411
1.23,45,0,692.393486590348,4.74113887380999
1.23,45,3,707.602407860516,4.76483557691881
1.23,45,6,721.372537501649,4.78776878625276
1.23,45,9,733.481661160021,4.80991256044928
1.23,45,12,743.734282125701,4.83124402519412
1.23,45,15,751.966156997057,4.85174243766333
1.23,45,18,758.047792945879,4.87138926409296
1.23,45,21,761.88689187462,4.89016915524042
1.23,45,24,763.429659314994,4.90807144403304
1.23,45,27,762.66084838686,4.92509166073673
1.23,45,30,759.602419271879,4.94123259110828
1.23,45,33,754.310778555417,4.95650457172543
1.23,45,36,746.872708451076,4.97092496528173
1.23,45,39,737.400267098712,4.98451701008825
1.23,45,42,726.025089839134,4.99730842060042
1.23,45,45,712.892604093563,5.00933018315688
1.23,45,48,698.156662019655,5.02061593367491
1.23,45,51,681.974995666156,5.03120214866922
1.23,45,54,664.505733142314,5.04112917985042
1.23,45,57,645.905021283337,5.05044297522492
1.23,45,60,626.325623954341,5.05919720421556
1.23,45,63,605.91624074042,5.06745546463502
1.23,45,66,584.821237067071,5.07529329128905
1.23,45,69,563.180493440371,5.08279978361884
1.23,45,72,541.129152127007,5.09007878723488
1.23,45,75,518.797138784244,5.09724966826059
1.23,45,78,496.30843788602,5.10444778848779
1.23,45,81,473.780183456837,5.11182481658594
1.23,45,84,451.321678915694,5.11954900193067
1.23,45,87,429.033479398754,5.127805506905
1.23,45,90,407.00666160616,5.13679685734895
1.23,45,93,385.322378779564,5.14674354436605
1.23,45,96,364.051761491689,5.1578848051823
1.23,45,99,343.256186844381,5.17047963184999
1.23,45,102,322.98790541996,5.18480810258916
1.23,45,105,303.290990398756,5.20117318984105
1.23,45,108,284.202557809401,5.21990324713781
1.23,45,111,265.754199852361,5.2413553743125
1.23,45,114,247.973571185796,5.26591975475203
1.23,45,117,230.88606508269,5.29402479082608
1.23,45,120,214.516504742409,5.32614238430724
1.23,45,123,198.89074721724,5.3627919965399
1.23,45,126,184.037049356422,5.40454121058226
1.23,45,129,169.986980197117,5.45199951672038
1.23,45,132,156.775595812281,5.50580117797557
1.23,45,135,144.440544682193,5.56657268506689
1.23,45,138,133.01977600425,5.63488107529385
1.23,45,141,122.54761500609,5.71116209275988
1.23,45,144,113.049180033312,5.79563269955616
1.23,45,147,104.533463614515,5.88820116831207
1.23,45,150,96.9858661512772,5.98839855202896
1.23,45,153,90.3614699417257,6.09536346334832
1.23,45,156,84.5806945090528,6.20791101428066
1.23,45,159,79.5289523823438,6.32470120158978
1.23,45,162,75.0613934413957,6.44449482134094
1.23,45,165,71.0129261941142,6.56645983103207
1.23,45,168,67.2128743086667,6.69048481919698
1.23,45,171,63.5033706321235,6.81747499992355
1.23,45,174,59.7611786153531,6.94963783673087
1.23,45,177,55.924004764808,7.09078215278343
1.23,45,180,52.0241573755821,7.24660732909047
1.23,48,-180,52.0241573755821,1.01578189947072
1.23,48,-177,49.1901723115212,1.18308991896451
1.23,48,-174,46.6403375858937,1.37363531294412
1.23,48,-171,44.8385361103272,1.59199618291889
1.23,48,-168,44.3983891316801,1.83580383292479
1.23,48,-165,45.928258631112,2.09144157351497
1.23,48,-162,49.7903101929751,2.33727848180294
1.23,48,-159,55.9663732165337,2.55490561656713
1.23,48,-156,64.1473012142197,2.73685409832549
1.23,48,-153,73.9153476900236,2.88489556782952
1.23,48,-150,84.8668215791556,3.00480609015996
1.23,48,-147,96.655289225828,3.10280770041511
1.23,48,-144,108.994499690605,3.18418401847225
1.23,48,-141,121.649946989462,3.25303803524118
1.23,48,-138,134.430143760333,3.31244674204216
1.23,48,-135,147.17993564039,3.36469172285988
1.23,48,-132,159.775473922441,3.41146345104614
1.23,48,-129,172.120087775723,3.45401960568687
1.23,48,-126,184.140571815878,3.49330245391493
1.23,48,-123,195.783740860564,3.53002488792954
1.23,48,-120,207.013326350708,3.56473344461633
1.23,48,-117,217.807368896588,3.59785439206989
1.23,48,-114,228.156225953738,3.62972711088489
1.23,48,-111,238.061212666773,3.66062775215477
1.23,48,-108,247.533780141399,3.69078540293354
1.23,48,-105,256.595049878053,3.72039255309353
1.23,48,-102,265.275487234393,3.74961138168095
1.23,48,-99,273.614511735189,3.77857716550552
1.23,48,-96,281.659894167877,3.80739990847854
1.23,48,-93,289.466859592895,3.83616508487689
1.23,48,-90,297.096883034786,3.86493419018291
1.23,48,-87,304.616218707542,3.89374560991642
1.23,48,-84,312.094240365423,3.92261615411442
1.23,48,-81,319.601692573657,3.95154345773516
1.23,48,-78,327.208966280746,3.98050930415309
1.23,48,-75,334.984522057094,4.00948378036576
1.23,48,-72,342.993591647573,4.03843001871797
1.23,48,-69,351.297288437413,4.06730913652097
1.23,48,-66,359.952240749229,4.09608488224181
1.23,48,-63,369.010817739672,4.12472747099341
1.23,48,-60,378.521938488814,4.15321616924462
1.23,48,-57,388.53234165262,4.18154036968375
1.23,48,-54,399.088059286494,4.20969914813758
1.23,48,-51,410.235710981431,4.23769955156132
1.23,48,-48,422.023149514442,4.26555405479253
1.23,48,-45,434.498983477368,4.29327768655318
1.23,48,-42,447.710600717015,4.32088524727069
1.23,48,-39,461.700520445592,4.3483888615445
1.23,48,-36,476.50118375918,4.37579590786656
1.23,48,-33,492.128598229283,4.40310723878318
1.23,48,-30,508.575515483344,4.43031560489713
1.23,48,-27,525.804980485011,4.4574043199317
1.23,48,-24,543.745110494436,4.48434637740831
1.23,48,-21,562.285836976636,4.51110434294572
1.23,48,-18,581.278103880666,4.53763131056552
1.23,48,-15,600.535711016492,4.5638730068198
1.23,48,-12,619.839678507226,4.58977081755721
1.23,48,-9,638.944737914733,4.61526521964087
1.23,48,-6,657.587364106972,4.6402989457316
1.23,48,-3,675.494669008731,4.66481926313065
1.23,48,0,692.393486590348,4.68877899625016
1.23,48,3,708.019073414277,4.71213628332967
1.23,48,6,722.123001311776,4.73485341184512
1.23,48,9,734.479988946941,4.75689531210878
1.23,48,12,744.893566903794,4.77822833797454
1.23,48,15,753.200566176848,4.79881982283763
1.23,48,18,759.274451018178,4.81863862222591
1.23,48,21,763.027494673422,4.83765653240826
1.23,48,24,764.411749760411,4.85585020570273
1.23,48,27,763.418731317323,4.8732030430221
1.23,48,30,760.077742124285,4.88970656515439
1.23,48,33,754.45284186623,4.90536092981949
1.23,48,36,746.638585902925,4.92017451477056
1.23,48,39,736.754806753147,4.93416275040786
1.23,48,42,724.940841616308,4.94734658397336
1.23,48,45,711.349684296007,4.95975104114512
1.23,48,48,696.142536005099,4.97140430634288
1.23,48,51,679.484144122264,4.98233759449041
1.23,48,54,661.53916959533,4.99258588560591
1.23,48,57,642.469645962005,5.00218939977741
1.23,48,60,622.433424716667,5.01119555424479
1.23,48,63,601.58337658202,5.01966109314075
1.23,48,66,580.067056411513,5.02765411249113
1.23,48,69,558.026544295178,5.03525579404447
1.23,48,72,535.598234854432,5.0425617758758
1.23,48,75,512.91243856659,5.04968319157992
1.23,48,78,490.092758307871,5.05674748035745
1.23,48,81,467.255289850842,5.06389909934192
1.23,48,84,444.507753216693,5.07130026234084
1.23,48,87,421.948687778286,5.07913179957953
1.23,48,90,399.666840481269,5.08759419802834
1.23,48,93,377.74085087609,5.09690885727471
1.23,48,96,356.239298085753,5.10731959353261
1.23,48,99,335.221132292478,5.1190944504951
1.23,48,102,314.736474151699,5.13252792939192
1.23,48,105,294.827735032684,5.14794382156673
1.23,48,108,275.530992268912,5.16569889287256
1.23,48,111,256.877547384,5.18618769353449
1.23,48,114,238.895599290183,5.20984869831946
1.23,48,117,221.611973008075,5.23717175642971
1.23,48,120,205.053848502504,5.26870638003438
1.23,48,123,189.250423032035,5.30506966140389
1.23,48,126,174.234404666997,5.34695153541729
1.23,48,129,160.043170391713,5.39511368686667
1.23,48,132,146.719334042535,5.45037670690547
1.23,48,135,134.310371608982,5.51358837387009
1.23,48,138,122.866868491648,5.58556481003403
1.23,48,141,112.438922253364,5.66699714085474
1.23,48,144,103.070314357724,5.75832161900105
1.23,48,147,94.7903477270739,5.85956408770165
1.23,48,150,87.6038440307772,5.97019147895353
1.23,48,153,81.4807398538848,6.08902817641343
1.23,48,156,76.3477862524338,6.21430659773073
1.23,48,159,72.0854302406063,6.34389714464771
1.23,48,162,68.5323202477073,6.47569813299649
1.23,48,165,65.4979340023618,6.60809488523588
1.23,48,168,62.7815729290441,6.74037238309594
1.23,48,171,60.194860740089,6.87300889960667
1.23,48,174,57.5855895344848,7.00785228886183
1.23,48,177,54.8626974855228,7.14822471559989
1.23,48,180,52.0241573755821,7.2989672066503
1.23,51,-180,52.024157375582,1.06814177703055
1.23,51,-177,50.1588236406325,1.22446051190466
1.23,51,-174,48.4043879916124,1.39741029364647
1.23,51,-171,47.1144484219654,1.59104817084242
1.23,51,-168,46.7723304200251,1.80514283303613
1.23,51,-165,47.9015465823211,2.03219173729811
1.23,51,-162,50.9060999068189,2.25782524566005
1.23,51,-159,55.9310678498293,2.46659687467711
1.23,51,-156,62.8515629149333,2.64867635685266
1.23,51,-153,71.3755922236251,2.80168567275693
1.23,51,-150,81.1590008915698,2.92822867876355
1.23,51,-147,91.8736205440689,3.03282527789667
1.23,51,-144,103.232639521182,3.12006221961201
1.23,51,-141,114.994477205462,3.1938648605677
1.23,51,-138,126.959341289339,3.25735712966789
1.23,51,-135,138.964361306479,3.31294592356845
1.23,51,-132,150.878966489729,3.36246088111794
1.23,51,-129,162.600701047303,3.4072873832328
1.23,51,-126,174.051379233318,3.4484760293443
1.23,51,-123,185.173558718669,3.4868279613011
1.23,51,-120,195.927420964733,3.52295981331219
1.23,51,-117,206.288184901576,3.55735243899239
1.23,51,-114,216.244136864244,3.59038687608564
1.23,51,-111,225.795267385613,3.6223702654083
1.23,51,-108,234.952406051015,3.65355389424022
1.23,51,-105,243.736673433047,3.68414517420651
1.23,51,-102,252.179041884611,3.71431511351316
1.23,51,-99,260.319814958042,3.74420263722874
1.23,51,-96,268.207886035528,3.77391691171496
1.23,51,-93,275.899702661876,3.80353863159446
1.23,51,-90,283.457927839549,3.83312103509191
1.23,51,-87,290.949842780184,3.86269123277068
1.23,51,-84,298.445573854666,3.89225226559761
1.23,51,-81,306.01625166249,3.9217861429772
1.23,51,-78,313.732226413282,3.95125793877046
1.23,51,-75,321.661474232841,3.98062083744356
1.23,51,-72,329.868333060163,4.00982183116603
1.23,51,-69,338.412699601305,4.03880759753754
1.23,51,-66,347.349792222441,4.06752997634146
1.23,51,-63,356.730530245189,4.09595045328658
1.23,51,-60,366.602493167143,4.12404317304248
1.23,51,-57,377.011307230365,4.15179623320531
1.23,51,-54,388.002176043765,4.17921130532457
1.23,51,-51,399.621152817578,4.20630190881652
1.23,51,-48,411.915678434791,4.23309084376731
1.23,51,-45,424.933916285671,4.25960731243951
1.23,51,-42,438.722524437744,4.28588412450056
1.23,51,-39,453.32271882444,4.31195514773832
1.23,51,-36,468.76476964393,4.33785293835771
1.23,51,-33,485.06138304035,4.36360636914599
1.23,51,-30,502.200683786765,4.38923812879154
1.23,51,-27,520.139669776227,4.41476216906625
1.23,51,-24,538.79901734953,4.44018142740888
1.23,51,-21,558.059974976432,4.46548631501682
1.23,51,-18,577.763823769435,4.49065443098604
1.23,51,-15,597.714062537758,4.51565172334981
1.23,51,-12,617.681154754702,4.54043494787224
1.23,51,-9,637.40940774775,4.56495491640213
1.23,51,-6,656.625374893705,4.58915981723474
1.23,51,-3,675.047093196029,4.61299790816177
1.23,51,0,692.393486590348,4.63641911869033
1.23,51,3,708.393360454546,4.65937546432762
1.23,51,6,722.793555731864,4.68182054722576
1.23,51,9,735.365987596917,4.70370867608793
1.23,51,12,745.91343133687,4.7249942115778
1.23,51,15,754.274013723456,4.74563162241774
1.23,51,18,760.324412861628,4.76557647260387
1.23,51,21,763.981771128438,4.78478724144008
1.23,51,24,765.20430594968,4.80322760425229
1.23,51,27,763.990589950448,4.82086865106277
1.23,51,30,760.377490403518,4.83769053003886
1.23,51,33,754.436820445225,4.85368316019505
1.23,51,36,746.270856217595,4.86884591004019
1.23,51,39,736.006993314059,4.88318640901657
1.23,51,42,723.791921337619,4.8967188707482
1.23,51,45,709.785756187745,4.90946240775829
1.23,51,48,694.156565264775,4.92143978883006
1.23,51,51,677.07564690265,4.93267695288408
1.23,51,54,658.713795261459,4.94320339584385
1.23,51,57,639.238622491978,4.95305334927354
1.23,51,60,618.812854349566,4.96226752351367
1.23,51,63,597.593394291026,4.97089512328824
1.23,51,66,575.730885146476,4.97899586235455
1.23,51,69,553.369493067502,4.98664178432976
1.23,51,72,530.64668752912,4.99391880539547
1.23,51,75,507.692875051815,5.0009279972415
1.23,51,78,484.630839931724,5.00778670129591
1.23,51,81,461.575031351381,5.01462959824462
1.23,51,84,438.630797815589,5.02160985379581
1.23,51,87,415.893700098401,5.0289004355435
1.23,51,90,393.449033540738,5.03669566351926
1.23,51,93,371.371665741114,5.04521303491744
1.23,51,96,349.726255322877,5.05469536429969
1.23,51,99,328.567870932775,5.06541331174434
1.23,51,102,307.942985383511,5.07766843363723
1.23,51,105,287.890784705268,5.09179697655957
1.23,51,108,268.444710601355,5.10817472616599
1.23,51,111,249.634149685136,5.12722328982033
1.23,51,114,231.486192904353,5.14941818994084
1.23,51,117,214.027408669818,5.1752990158323
1.23,51,120,197.28559415387,5.20548155113501
1.23,51,123,181.29147881923,5.24067116827332
1.23,51,126,166.080340033387,5.28167573618123
1.23,51,129,151.693443100429,5.32941465012668
1.23,51,132,138.179132425108,5.3849181332963
1.23,51,135,125.593275722647,5.44930745970571
1.23,51,138,113.998599436009,5.52374229434764
1.23,51,141,103.462256935811,5.60931713642454
1.23,51,144,94.050781849256,5.70688874007885
1.23,51,147,85.8215387109493,5.816828590189
1.23,51,150,78.8102148134537,5.93873022214799
1.23,51,153,73.0152469950249,6.07116329689513
1.23,51,156,68.3824576069558,6.21162626084039
1.23,51,159,64.7955522611909,6.35683749736824
1.23,51,162,62.078240602983,6.50336674220921
1.23,51,165,60.0100768868351,6.64840884256435
1.23,51,168,58.352550145074,6.79041385241234
1.23,51,171,56.8787279238651,6.92939960496974
1.23,51,174,55.4010129762212,7.06697093062082
1.23,51,177,53.7954314913318,7.20618018363526
1.23,51,180,52.024157375582,7.35132708421013
1.23,54,-180,52.024157375582,1.12050165459038
1.23,54,-177,51.1369545536912,1.26570459715308
1.23,54,-174,50.2047099050626,1.42184152415373
1.23,54,-171,49.4905111440984,1.59267938851742
1.23,54,-168,49.3685426364639,1.77932820474189
1.23,54,-165,50.2732195788894,1.97833066413185
1.23,54,-162,52.5998022028074,2.18107217201861
1.23,54,-159,56.5909152152072,2.37615981609292
1.23,54,-156,62.2779969727394,2.5538109125021
1.23,54,-153,69.5105917234389,2.70888335747925
1.23,54,-150,78.035154922899,2.84084827316903
1.23,54,-147,87.567581813262,2.95200752512097
1.23,54,-144,97.8363597204158,3.04573732890755
1.23,54,-141,108.601046679287,3.12543467892624
1.23,54,-138,119.657207024418,3.19406735185343
1.23,54,-135,130.835525357365,3.25406158140706
1.23,54,-132,141.998835241059,3.30733633091863
1.23,54,-129,153.038543577619,3.35538509302523
1.23,54,-126,163.870999317187,3.39936263625958
1.23,54,-123,174.434060287245,3.44016149024393
1.23,54,-120,184.684036332923,3.47847445669406
1.23,54,-117,194.593143538667,3.51484364749917
1.23,54,-114,204.147535692665,3.54969780484287
1.23,54,-111,213.34588899612,3.58337985873334
1.23,54,-108,222.198429192168,3.61616657408066
1.23,54,-105,230.726230735752,3.64828197992744
1.23,54,-102,238.960597849765,3.679906112114
1.23,54,-99,246.942356390194,3.71118043545997
1.23,54,-96,254.720932562783,3.74221113605638
1.23,54,-93,262.353154878501,3.77307129044608
1.23,54,-90,269.90177592037,3.80380273303575
1.23,54,-87,277.433761851501,3.83441826024289
1.23,54,-84,285.018436820902,3.8649046270319
1.23,54,-81,292.725597123442,3.89522660037251
1.23,54,-78,300.623728122723,3.9253321270591
1.23,54,-75,308.778466425469,3.95515845185925
1.23,54,-72,317.251448809372,3.9846388041802
1.23,54,-69,326.099673310273,4.01370909307783
1.23,54,-66,335.375460429876,4.04231395713428
1.23,54,-63,345.127038200788,4.07041154694955
1.23,54,-60,355.399682295448,4.09797658747563
1.23,54,-57,366.237226947698,4.12500154868519
1.23,54,-54,377.683638950952,4.15149607822474
1.23,54,-51,389.784239866643,4.17748512577791
1.23,54,-48,402.586102073925,4.20300632851358
1.23,54,-45,416.13716356274,4.22810718341013
1.23,54,-42,430.483725304743,4.25284232404197
1.23,54,-39,445.666213699542,4.27727093246267
1.23,54,-36,461.713381674137,4.30145407704704
1.23,54,-33,478.635432386301,4.32545169001698
1.23,54,-30,496.416811518808,4.3493190339732
1.23,54,-27,515.009564326811,4.37310280751435
1.23,54,-24,534.32815220883,4.39683737262726
1.23,54,-21,554.246467832839,4.42054178915822
1.23,54,-18,574.597512733731,4.44421830096195
1.23,54,-15,595.175867548653,4.46785262571612
1.23,54,-12,615.742759723772,4.49141595737629
1.23,54,-9,636.033271429581,4.51486816109393
1.23,54,-6,655.765063294812,4.53816137951011
1.23,54,-3,674.647924679753,4.561243259907
1.23,54,0,692.393486590348,4.5840592411305
1.23,54,3,708.72452523218,4.60655371441498
1.23,54,6,723.383413844792,4.62867026147016
1.23,54,9,736.139419419922,4.65035145391052
1.23,54,12,746.794665453603,4.67153879427464
1.23,54,15,755.188676385664,4.69217327825066
1.23,54,18,761.201478462328,4.71219680803401
1.23,54,21,764.755260550575,4.73155437535446
1.23,54,24,765.814610568141,4.75019665757861
1.23,54,27,764.385356507141,4.76808251110443
1.23,54,30,760.512071663351,4.78518084338807
1.23,54,33,754.274360151323,4.80147149118957
1.23,54,36,745.782118163098,4.81694497895593
1.23,54,39,735.170054388604,4.83160130384752
1.23,54,42,722.5918279632,4.84544811693355
1.23,54,45,708.214202131518,4.8584987874276
1.23,54,48,692.211600843447,4.87077082650494
1.23,54,51,674.761389438862,4.88228502466409
1.23,54,54,656.040088221076,4.89306546654406
1.23,54,57,636.220589124517,4.90314038756538
1.23,54,60,615.470307402965,4.91254368039637
1.23,54,63,593.950088770233,4.92131677876781
1.23,54,66,571.813627460074,4.92951064787834
1.23,54,69,549.20714050688,4.93718767726877
1.23,54,72,526.26908359849,4.94442337236903
1.23,54,75,503.129768980511,4.95130784178364
1.23,54,78,479.910835385744,4.95794715364192
1.23,54,81,456.724603315048,4.96446467405558
1.23,54,84,433.673410613468,4.97100250522245
1.23,54,87,410.849054965642,4.97772312107308
1.23,54,90,388.332470945637,4.98481127051244
1.23,54,93,366.193744663575,4.99247619858608
1.23,54,96,344.492527300694,5.00095423785883
1.23,54,99,323.278859495335,5.01051185487094
1.23,54,102,302.594370773729,5.02144930293234
1.23,54,105,282.47377982463,5.03410512928794
1.23,54,108,262.946598348977,5.04886190076894
1.23,54,111,244.038936969616,5.0661536277639
1.23,54,114,225.775326451772,5.08647545240668
1.23,54,117,208.180497311208,5.11039618257891
1.23,54,120,191.281097487703,5.13857414129027
1.23,54,123,175.10735960439,5.17177647258985
1.23,54,126,159.694744014277,5.2109013460687
1.23,54,129,145.085570509824,5.25700114379229
1.23,54,132,131.330600872476,5.31130216138251
1.23,54,135,118.490432861147,5.37521170023298
1.23,54,138,106.636384182717,5.45029540985452
1.23,54,141,95.8502258232184,5.53819545242638
1.23,54,144,86.2216016890923,5.64044560085538
1.23,54,147,77.8412788850975,5.75813415645252
1.23,54,150,70.7879202785003,5.89139876994976
1.23,54,153,65.1069950069244,6.03885018739808
1.23,54,156,60.7842961046831,6.19721067308311
1.23,54,159,57.7230648423722,6.36156398639119
1.23,54,162,55.737889716195,6.52638610505106
1.23,54,165,54.5733039071375,6.68697751322264
1.23,54,168,53.9417147716309,6.84058021955344
1.23,54,171,53.5659816683893,6.98674431611793
1.23,54,174,53.2144794222004,7.12706333210025
1.23,54,177,52.7254711495142,7.26465918205901
1.23,54,180,52.024157375582,7.40368696176996
1.23,57,-180,52.024157375582,1.17286153215021
1.23,57,-177,52.1221814262685,1.30685881309004
1.23,57,-174,52.0365157218353,1.44695733066048
1.23,57,-171,51.9564442706155,1.59681847429471
1.23,57,-168,52.1661617863772,1.75838032922746
1.23,57,-165,53.0155514129242,1.93073017749312
1.23,57,-162,54.860940206425,2.10938589256305
1.23,57,-159,57.9849638660879,2.28694923984764
1.23,57,-156,62.5295764641661,2.45536401261083
1.23,57,-153,68.4778463081977,2.60850576419163
1.23,57,-150,75.6871692875231,2.74346591852543
1.23,57,-147,83.944758874575,2.86021099032603
1.23,57,-144,93.0161939997203,2.96047114035279
1.23,57,-141,102.676013282126,3.04669932366727
1.23,57,-138,112.722744969648,3.12141247502817
1.23,57,-135,122.984298193008,3.18687500739591
1.23,57,-132,133.318365570967,3.24499369473973
1.23,57,-129,143.610533230158,3.29731797645715
1.23,57,-126,153.771482804882,3.34508312974743
1.23,57,-123,163.73399135177,3.38926497966797
1.23,57,-120,173.450111826081,3.4306323110233
1.23,57,-117,182.888743272173,3.46979178180851
1.23,57,-114,192.033676862666,3.50722406972237
1.23,57,-111,200.882101095399,3.54331166655318
1.23,57,-108,209.443468446586,3.57835941054682
1.23,57,-105,217.738575915015,3.61260908118971
1.23,57,-102,225.79869795382,3.64624941462934
1.23,57,-99,233.664628969087,3.67942283033276
1.23,57,-96,241.385534293137,3.71223003520981
1.23,57,-93,249.017561453954,3.74473351485118
1.23,57,-90,256.622217235165,3.7769607470666
1.23,57,-87,264.264563541995,3.80890778606904
1.23,57,-84,272.011323220288,3.84054366453313
1.23,57,-81,279.929014902685,3.87181584063553
1.23,57,-78,288.082253499876,3.90265667809869
1.23,57,-75,296.532359087093,3.93299070187514
1.23,57,-72,305.336409119139,3.96274214992279
1.23,57,-69,314.546843397418,3.99184218577205
1.23,57,-66,324.211684154554,4.02023509255484
1.23,57,-63,334.375362661495,4.04788286632541
1.23,57,-60,345.080049961679,4.07476786081267
1.23,57,-57,356.367279237653,4.10089346029894
1.23,57,-54,368.279534753764,4.12628308799784
1.23,57,-51,380.861389086588,4.1509780950457
1.23,57,-48,394.159724311169,4.17503513979292
1.23,57,-45,408.222602271921,4.19852353109072
1.23,57,-42,423.096473671516,4.22152271833527
1.23,57,-39,438.821636119676,4.24411977800184
1.23,57,-36,455.426141919511,4.26640651521579
1.23,57,-33,472.918665641054,4.28847578652039
1.23,57,-30,491.281101926806,4.31041688877745
1.23,57,-27,510.461810477498,4.33231026928241
1.23,57,-24,530.370416175664,4.35422222545801
1.23,57,-21,550.874904681611,4.37620049347057
1.23,57,-18,571.801465010238,4.39827155716445
1.23,57,-15,592.93718602481,4.42044014958377
1.23,57,-12,614.03538511713,4.44269089674401
1.23,57,-9,634.823091057906,4.46499155522119
1.23,57,-6,655.010048041275,4.48729698895044
1.23,57,-3,674.29855522382,4.50955300091878
1.23,57,0,692.393486590348,4.53169936357067
1.23,57,3,709.011921835876,4.55367177700194
1.23,57,6,723.891932342517,4.57540288902104
1.23,57,9,736.800184978629,4.59682281053697
1.23,57,12,747.538135598082,4.61785967606325
1.23,57,15,755.946676279069,4.63844071856856
1.23,57,18,761.909173959093,4.65849409556553
1.23,57,21,765.352896005858,4.67795140333477
1.23,57,24,766.248866116746,4.69675054400215
1.23,57,27,764.610238775723,4.71483844518151
1.23,57,30,760.489328571183,4.7321731169229
1.23,57,33,753.9734850441,4.74872466332108
1.23,57,36,745.180062263097,4.76447510272747
1.23,57,39,734.250787286963,4.77941712141951
1.23,57,42,721.345871443355,4.79355211645891
1.23,57,45,706.638220708698,4.80688801645804
1.23,57,48,690.308077444275,4.81943737770921
1.23,57,51,672.538362772608,4.8312161474682
1.23,57,54,653.510892577135,4.84224330588053
1.23,57,57,633.403524100424,4.85254139815855
1.23,57,60,612.388173755294,4.86213780190258
1.23,57,63,590.629550910336,4.87106647658663
1.23,57,66,568.284394203518,4.87936992434059
1.23,57,69,545.500985161629,4.8871011410632
1.23,57,72,522.418746665851,4.89432542714602
1.23,57,75,499.167799399928,4.9011220260187
1.23,57,78,475.868430030917,4.90758564031511
1.23,57,81,452.630501651556,4.91382792514786
1.23,57,84,429.552894719836,4.91997907378433
1.23,57,87,406.723096604759,4.92618960100723
1.23,57,90,384.21705821866,4.93263240748021
1.23,57,93,362.099411280752,4.9395051899619
1.23,57,96,340.424097402214,4.94703326108749
1.23,57,99,319.235409800992,4.95547286908523
1.23,57,102,298.569399303501,4.96511516834033
1.23,57,105,278.455556524222,4.97629108775147
1.23,57,108,258.918658193581,4.98937747258343
1.23,57,111,239.980661713872,5.00480503043521
1.23,57,114,221.662549308699,5.02306878336045
1.23,57,117,203.98605898512,5.04474190329474
1.23,57,120,186.975287498653,5.07049396705973
1.23,57,123,170.658201441691,5.10111476935879
1.23,57,126,155.068136953903,5.13754477545736
1.23,57,129,140.245398842526,5.18091282290243
1.23,57,132,126.239079955357,5.23258018197281
1.23,57,135,113.109198688386,5.2941862081989
1.23,57,138,100.929156115949,5.36768186840901
1.23,57,141,89.7882386099043,5.45531877748223
1.23,57,144,79.7932219344838,5.55952759469936
1.23,57,147,71.066765554033,5.68257252662778
1.23,57,150,63.7381571064678,5.82584331069179
1.23,57,153,57.9203246559778,5.98875319299159
1.23,57,156,53.6699678888789,6.16760712809244
1.23,57,159,50.9401939068389,6.35536971380919
1.23,57,162,49.5521012375534,6.54319421057792
1.23,57,165,49.2111013540732,6.72322133201454
1.23,57,168,49.5643161696541,6.89083601497086
1.23,57,171,50.2673704448904,7.04516348974263
1.23,57,174,51.0329808154883,7.18820838270539
1.23,57,177,51.6560804516922,7.32367185911702
1.23,57,180,52.024157375582,7.45604683932979
1.23,60,-180,52.024157375582,1.22522140971004
1.23,60,-177,53.1120469568886,1.34795735124916
1.23,60,-174,53.8947031479083,1.47277746592063
1.23,60,-171,54.5014430691857,1.60337106304982
1.23,60,-168,55.1429731641506,1.74217928286368
1.23,60,-165,56.0936833060855,1.88981133143082
1.23,60,-162,57.6570133425559,2.04451247249818
1.23,60,-159,60.1138601653049,2.20214741029388
1.23,60,-156,63.6669957888407,2.35708280454047
1.23,60,-153,68.4040362697586,2.50376055852963
1.23,60,-150,74.2946034868849,2.63814115144579
1.23,60,-147,81.2173817498552,2.75830717109558
1.23,60,-144,88.998951498634,2.86420739810141
1.23,60,-141,97.4481655878493,2.95699687791865
1.23,60,-138,106.379412168159,3.03839609330141
1.23,60,-135,115.625398926085,3.11024862644475
1.23,60,-132,125.042652561143,3.17427906315431
1.23,60,-129,134.512736280743,3.23199036279961
1.23,60,-126,143.941249681647,3.28464087490164
1.23,60,-123,153.255856784318,3.33326003228673
1.23,60,-120,162.404047870897,3.37867901471487
1.23,60,-117,171.351008960951,3.42156411925398
1.23,60,-114,180.077763418394,3.46244717333299
1.23,60,-111,188.579612532129,3.50175085932225
1.23,60,-108,196.864814096929,3.5398086215559
1.23,60,-105,204.953391554949,3.5768797002884
1.23,60,-102,212.875955219883,3.61316021874125
1.23,60,-99,220.672433754071,3.64879136781273
1.23,60,-96,228.390648853218,3.68386570821938
1.23,60,-93,236.084709505756,3.7184325054957
1.23,60,-90,243.813246536387,3.75250286180545
1.23,60,-87,251.637548259091,3.78605522378918
1.23,60,-84,259.619690953922,3.81904163205757
1.23,60,-81,267.820781685249,3.85139483911126
1.23,60,-78,276.299443966136,3.88303616983402
1.23,60,-75,285.110676805321,3.91388375714408
1.23,60,-72,294.305202267832,3.9438605932879
1.23,60,-69,303.929383505519,3.97290173911193
1.23,60,-66,314.025742727278,4.00096006596758
1.23,60,-63,324.634036705785,4.02801007957406
1.23,60,-60,335.792758448444,4.05404966654454
1.23,60,-57,347.540833658552,4.07909994673803
1.23,60,-54,359.919181254259,4.10320371454483
1.23,60,-51,372.971727155024,4.12642311409512
1.23,60,-48,386.745424662199,4.14883715344324
1.23,60,-45,401.288869639434,4.17053941953059
1.23,60,-42,416.649224131503,4.19163598386708
1.23,60,-39,432.867380551394,4.2122431256356
1.23,60,-36,449.971587019964,4.23248430002559
1.23,60,-33,467.970062880605,4.25248585554833
1.23,60,-30,486.843393935553,4.27237136235508
1.23,60,-27,506.537642289716,4.29225493815686
1.23,60,-24,526.95909168395,4.31223444648097
1.23,60,-21,547.971372013482,4.33238568894932
1.23,60,-18,569.395406161202,4.35275860525458
1.23,60,-15,591.012268440678,4.37337606078618
1.23,60,-12,612.568712887387,4.3942351985635
1.23,60,-9,633.784879198023,4.41531076989563
1.23,60,-6,654.363540296309,4.4365595141594
1.23,60,-3,674.000213006931,4.45792461449757
1.23,60,0,692.393486590348,4.47933948601084
1.23,60,3,709.255001327648,4.50073054723163
1.23,60,6,724.318604467762,4.52201904246697
1.23,60,9,737.348307608002,4.54312229580491
1.23,60,12,748.144762116478,4.5639549104346
1.23,60,15,756.550058158291,4.58443036534559
1.23,60,18,762.450740761231,4.60446324819779
1.23,60,21,765.779024094118,4.6239720783313
1.23,60,24,766.512270931515,4.64288240908251
1.23,60,27,764.67088436855,4.66112973128848
1.23,60,30,760.314829002827,4.67866167432418
1.23,60,33,753.539055419024,4.6954391191755
1.23,60,36,744.468142138301,4.71143606219043
1.23,60,39,733.250490996695,4.72663833384703
1.23,60,42,720.052413219366,4.74104151241222
1.23,60,45,705.052422651967,4.7546485190088
1.23,60,48,688.436008983451,4.76746740793539
1.23,60,51,670.391098438015,4.77950977810209
1.23,60,54,651.104326376667,4.79079006221383
1.23,60,57,630.758153495818,4.80132575121449
1.23,60,60,609.528766693399,4.81113843471016
1.23,60,63,587.584631214274,4.82025542206438
1.23,60,66,565.085515212552,4.82871166984725
1.23,60,69,542.181799082452,4.83655177287843
1.23,60,72,519.013909580072,4.84383185536405
1.23,60,75,495.711774366946,4.85062129606977
1.23,60,78,472.394261703184,4.85700431040558
1.23,60,81,449.168636333228,4.86308147522164
1.23,60,84,426.130112314049,4.86897131290757
1.23,60,87,403.361608225528,4.87481205394139
1.23,60,90,380.933807871341,4.88076368189677
1.23,60,93,358.905603787947,4.88701034558424
1.23,60,96,337.324958855655,4.89376321295607
1.23,60,99,316.230171862974,4.90126385234603
1.23,60,102,295.651484794922,4.90978826779566
1.23,60,105,275.612930669016,4.91965179368
1.23,60,108,256.134297155999,4.93121517541806
1.23,60,111,237.233077241941,4.94489233416753
1.23,60,114,218.926295545241,4.96116054376495
1.23,60,117,201.232136335921,4.98057405394293
1.23,60,120,184.171352633972,5.0037825997359
1.23,60,123,167.768499040168,5.03155677251666
1.23,60,126,152.053098797174,5.06482290614943
1.23,60,129,137.060925823947,5.10471087969173
1.23,60,132,122.835656852453,5.15261871179719
1.23,60,135,109.431227596523,5.21029694234476
1.23,60,138,96.9152900405144,5.27995067137522
1.23,60,141,85.3741278713137,5.36434078766783
1.23,60,144,74.9189849949386,5.46682364000513
1.23,60,147,65.6923825846754,5.59117636838792
1.23,60,150,57.8695459918776,5.74090327901208
1.23,60,153,51.643838218731,5.91762097578092
1.23,60,156,47.1802022498187,6.11853349980611
1.23,60,159,44.5327797937872,6.33449965424434
1.23,60,162,43.5655543716768,6.55154966498202
1.23,60,165,43.9466051613716,6.75632716349445
1.23,60,168,45.2348250185812,6.94113657986734
1.23,60,171,46.9933414293773,7.10480737618726
1.23,60,174,48.8634551763052,7.25049542791447
1.23,60,177,50.5905122950927,7.38322764854289
1.23,60,180,52.024157375582,7.50840671688962
1.23,63,-180,52.024157375582,1.27758128726987
1.23,63,-177,54.1040268421929,1.3890320211138
1.23,63,-174,55.773893587009,1.4993144981084
1.23,63,-171,57.1143280782347,1.61222830586683
1.23,63,-168,58.2762044698796,1.7305110084561
1.23,63,-165,59.4688909827531,1.85563031284354
1.23,63,-162,60.93983736316,1.98749771803226
1.23,63,-159,62.94319602631,2.1243052890559
1.23,63,-156,65.7007563911492,2.26274101812726
1.23,63,-153,69.3654929415548,2.39869603800111
1.23,63,-150,74.0006208344067,2.5282541762463
1.23,63,-147,79.5809478317788,2.64852656914163
1.23,63,-144,86.0125181338393,2.75800732142392
1.23,63,-141,93.1598636168936,2.85645236160582
1.23,63,-138,100.871160972152,2.94450510786376
1.23,63,-135,108.99657993121,3.02329522482699
1.23,63,-132,117.39943502987,3.09412954436038
1.23,63,-129,125.961778132132,3.15829856896902
1.23,63,-126,134.586387699289,3.21697601078788
1.23,63,-123,143.196711822262,3.27117911888263
1.23,63,-120,151.735800274658,3.32176329001365
1.23,63,-117,160.164834076532,3.36943329096646
1.23,63,-114,168.461563825193,3.41476070649968
1.23,63,-111,176.618778664197,3.45820214205967
1.23,63,-108,184.642818193815,3.50011569795957
1.23,63,-105,192.552087097628,3.54077492080634
1.23,63,-102,200.375518977831,3.58038032484482
1.23,63,-99,208.15094751429,3.61906899007646
1.23,63,-96,215.92336822245,3.65692288755954
1.23,63,-93,223.743104473721,3.69397657237301
1.23,63,-90,231.66392163871,3.73022478500972
1.23,63,-87,239.741159967046,3.76563034475135
1.23,63,-84,248.029977998209,3.80013252138069
1.23,63,-81,256.583811984773,3.8336558500583
1.23,63,-78,265.453160875017,3.86611913098481
1.23,63,-75,274.68479866081,3.89744416357441
1.23,63,-72,284.321494563778,3.92756364424122
1.23,63,-69,294.402285593722,3.95642764482528
1.23,63,-66,304.963295271776,3.98400820633104
1.23,63,-63,316.039027289113,4.01030182228774
1.23,63,-60,327.663985142101,4.03532990405768
1.23,63,-57,339.874382326055,4.05913764063414
1.23,63,-54,352.709621238,4.0817918949023
1.23,63,-51,366.213148357876,4.10337883388272
1.23,63,-48,380.432261650485,4.12400183045145
1.23,63,-45,395.41648001336,4.14377982415871
1.23,63,-42,411.214205581127,4.16284589010494
1.23,63,-39,427.867623265602,4.18134539331688
1.23,63,-36,445.406067799667,4.19943296212976
1.23,63,-33,463.838397971642,4.21726769534346
1.23,63,-30,483.145181494372,4.23500650302007
1.23,63,-27,503.271641564287,4.25279611718179
1.23,63,-24,524.122300275533,4.27076486227586
1.23,63,-21,545.558069892844,4.2890155272236
1.23,63,-18,567.396232709894,4.30762052514865
1.23,63,-15,589.413388495075,4.32662001691227
1.23,63,-12,611.351115519014,4.34602299470537
1.23,63,-9,632.923845785841,4.36581070286683
1.23,63,-6,653.828320412382,4.38594139835936
1.23,63,-3,673.753956065632,4.40635540015388
1.23,63,0,692.393486590348,4.42697960845101
1.23,63,3,709.453310846788,4.44773107449741
1.23,63,6,724.663053462927,4.46851962491984
1.23,63,9,737.78391965307,4.48924986594546
1.23,63,12,748.615501005799,4.50982303820566
1.23,63,15,757.000774534662,4.53013914871382
1.23,63,18,762.829138860921,4.55009961363018
1.23,63,21,766.037448713523,4.56961037913038
1.23,63,24,766.609133421034,4.58858523460071
1.23,63,27,764.571602720385,4.60694886681112
1.23,63,30,759.992239236904,4.62463917015509
1.23,63,33,752.973340297518,4.64160843224848
1.23,63,36,743.646397532105,4.65782322439496
1.23,63,39,732.166092832945,4.67326308408619
1.23,63,42,718.704350532748,4.68791831364462
1.23,63,45,703.444727299746,4.70178737659431
1.23,63,48,686.577351978684,4.71487441743812
1.23,63,51,668.294553993866,4.72718735953249
1.23,63,54,648.787245274979,4.73873687782913
1.23,63,57,628.2420504272,4.74953634561534
1.23,63,60,606.839117504201,4.75960266823905
1.23,63,63,584.750493516037,4.76895778303142
1.23,63,66,562.138921660558,4.77763054453718
1.23,63,69,539.156916187668,4.78565872728878
1.23,63,72,515.94599604034,4.79309094689846
1.23,63,75,492.636004204308,4.79998839728138
1.23,63,78,469.344495277538,4.80642640022819
1.23,63,81,446.176226284738,4.81249584266171
1.23,63,84,423.222823807291,4.81830462578721
1.23,63,87,400.562716916034,4.82397926764713
1.23,63,90,378.261418443193,4.82966679238967
1.23,63,93,356.372209983515,4.83553701641495
1.23,63,96,334.937245149445,4.84178531599313
1.23,63,99,313.989038904883,4.84863594584282
1.23,63,102,293.552266029731,4.85634598617178
1.23,63,105,273.645755667774,4.86521003952974
1.23,63,108,254.284546826247,4.87556589242864
1.23,63,111,235.481865391459,4.88780151742575
1.23,63,114,217.250898690103,4.90236404387904
1.23,63,117,199.60627889328,4.9197717077197
1.23,63,120,182.565239870734,4.94063036180546
1.23,63,123,166.148480841881,4.96565697986135
1.23,63,126,150.380852771482,4.99571384893266
1.23,63,129,135.292081939672,5.03185897691498
1.23,63,132,120.91786724318,5.07542075739664
1.23,63,135,107.30184702953,5.12810792687039
1.23,63,138,94.499140607841,5.1921679092579
1.23,63,141,82.5824166940298,5.27060254585868
1.23,63,144,71.6516023838306,5.36742378271858
1.23,63,147,61.8479124526903,5.48783941181757
1.23,63,150,53.3702221276466,5.63800660851939
1.23,63,153,46.4830501792383,5.82349092170949
1.23,63,156,41.4867628440203,6.04524203381796
1.23,63,159,38.6084018930637,6.29381525890451
1.23,63,162,37.8299844970712,6.54816030653762
1.23,63,165,38.8029408536597,6.78511931697884
1.23,63,168,40.9668255730563,6.99142398082568
1.23,63,171,43.7540146713875,7.16586485546267
1.23,63,174,46.7127757582847,7.31402549398801
1.23,63,177,49.5319978875675,7.44333499140555
1.23,63,180,52.024157375582,7.56076659444945
1.23,66,-180,52.024157375582,1.3299411648297
1.23,66,-177,55.0955372355003,1.43011233281059
1.23,66,-174,57.6684697794666,1.52657505562697
1.23,66,-171,59.7836663323785,1.62327358729017
1.23,66,-168,61.5430814058725,1.72310557486454
1.23,66,-165,63.1011276913073,1.82798233611798
1.23,66,-162,64.652213547073,1.93875422147213
1.23,66,-159,66.4121527737852,2.05509942034709
1.23,66,-156,68.593300359215,2.1755117178295
1.23,66,-153,71.3767908524748,2.29751506402669
1.23,66,-150,74.8885686654739,2.41813583958678
1.23,66,-147,79.186322426446,2.53450800054818
1.23,66,-144,84.260668371162,2.64439053580775
1.23,66,-141,90.0482087085056,2.74642913174717
1.23,66,-138,96.4503716868075,2.84014254522844
1.23,66,-135,103.351997694107,2.9257319327275
1.23,66,-132,110.636102734333,3.00383567560293
1.23,66,-129,118.193868417552,3.07531235522829
1.23,66,-126,125.930485575148,3.14108399557201
1.23,66,-123,133.768004430881,3.20203872431793
1.23,66,-120,141.646262891156,3.25897868995873
1.23,66,-117,149.522669947649,3.31259764701518
1.23,66,-114,157.371326503145,3.36347592389029
1.23,66,-111,165.181748296773,3.41208456079691
1.23,66,-108,172.957323155979,3.45879372469757
1.23,66,-105,180.713569456476,3.50388278116594
1.23,66,-102,188.476240840525,3.54755079483975
1.23,66,-99,196.279323483094,3.58992700240805
1.23,66,-96,204.162982165689,3.63108118090932
1.23,66,-93,212.171522004508,3.67103397904252
1.23,66,-90,220.351440542201,3.70976728970241
1.23,66,-87,228.749649372629,3.74723467499608
1.23,66,-84,237.411945556274,3.78337174359707
1.23,66,-81,246.381810345377,3.81810624904344
1.23,66,-78,255.699604982419,3.85136755269902
1.23,66,-75,265.402219066597,3.88309500767244
1.23,66,-72,275.523204953129,3.91324480255189
1.23,66,-69,286.093401031325,3.94179488172049
1.23,66,-66,297.142006775357,3.96874773969503
1.23,66,-63,308.69802211679,3.99413115074394
1.23,66,-60,320.791901945481,4.01799719182262
1.23,66,-57,333.457204285479,4.04042017150616
1.23,66,-54,346.731933833948,4.06149420643378
1.23,66,-51,360.659215173473,4.08133112330585
1.23,66,-48,375.286895121918,4.10005908860756
1.23,66,-45,390.665699724406,4.11782192883062
1.23,66,-42,406.845683159123,4.13477862213891
1.23,66,-39,423.870912506303,4.15110208583636
1.23,66,-36,441.772616399738,4.16697631175198
1.23,66,-33,460.561338717268,4.1825911949357
1.23,66,-30,480.218909205936,4.19813500961903
1.23,66,-27,500.691196750185,4.21378522455336
1.23,66,-24,521.882596867121,4.22969895757397
1.23,66,-21,543.653017077511,4.24600461865543
1.23,66,-18,565.817806399825,4.26279608637089
1.23,66,-15,588.150707210453,4.28013018183615
1.23,66,-12,610.389572903834,4.29802745666366
1.23,66,-9,632.244352886139,4.31647564432708
1.23,66,-6,653.406717806187,4.33543472465518
1.23,66,-3,673.560666580998,4.35484248979873
1.23,66,0,692.393486590348,4.37461973089118
1.23,66,3,709.606492705668,4.39467456461136
1.23,66,6,724.925026582205,4.41490584194083
1.23,66,9,738.107250411747,4.43520590528832
1.23,66,12,748.951329151755,4.45546311396446
1.23,66,15,757.300677323585,4.47556452977539
1.23,66,18,763.047061101366,4.49539898267232
1.23,66,21,766.131492189524,4.51486049144488
1.23,66,24,766.543012534375,4.53385177703592
1.23,66,27,764.315624960623,4.55228744630511
1.23,66,30,759.523749471615,4.57009638572796
1.23,66,33,752.276659158139,4.58722299640075
1.23,66,36,742.712365347445,4.60362709774446
1.23,66,39,730.991383100772,4.61928257494825
1.23,66,42,717.290729834827,4.63417508045862
1.23,66,45,701.798411250318,4.6482992647433
1.23,66,48,684.708548788995,4.66165606946991
1.23,66,51,666.217215100512,4.67425056027747
1.23,66,54,646.518974878461,4.68609062894749
1.23,66,57,625.804078337253,4.6971866990044
1.23,66,60,604.25622118798,4.70755237447915
1.23,66,63,582.050766268912,4.71720582164554
1.23,66,66,559.353317818263,4.72617159396795
1.23,66,69,536.318550485282,4.73448260667644
1.23,66,72,513.08922104463,4.74218202662529
1.23,66,75,489.79532778907,4.74932494132447
1.23,66,78,466.553423742296,4.75597978085514
1.23,66,81,443.466126339255,4.76222956389024
1.23,66,84,420.621889937817,4.76817310798682
1.23,66,87,398.095113328806,4.77392637734745
1.23,66,90,375.946641349395,4.77962413906017
1.23,66,93,354.224690756319,4.78542206831983
1.23,66,96,332.966191308179,4.79149939556281
1.23,66,99,312.198490189885,4.79806213807692
1.23,66,102,291.941327820188,4.80534692203207
1.23,66,105,272.208961002915,4.81362539672249
1.23,66,108,253.012289397921,4.8232092925331
1.23,66,111,234.360836425058,4.8344563035609
1.23,66,114,216.264448120457,4.84777721892136
1.23,66,117,198.734604510457,4.86364513284622
1.23,66,120,181.785288497164,4.88260820966766
1.23,66,123,165.433427609704,4.90530849006678
1.23,66,126,149.699015555059,4.93251080168053
1.23,66,129,134.605136857006,4.96514830388416
1.23,66,132,120.178267092656,5.00439505199874
1.23,66,135,106.449419635555,5.05178190872602
1.23,66,138,93.4569884578382,5.10938085827254
1.23,66,141,81.2525503879628,5.180093753878
1.23,66,144,69.9115126582994,5.26808764939826
1.23,66,147,59.5512922314534,5.37938649042402
1.23,66,150,50.3598753899567,5.52243339074757
1.23,66,153,42.63283453237,5.7077195172774
1.23,66,156,36.7930475210338,5.9438460863424
1.23,66,159,33.3080260088439,6.22664185956894
1.23,66,162,32.4100256942181,6.52809374265083
1.23,66,165,33.8039743245738,6.8078378945136
1.23,66,168,36.7729215262113,7.04162066861147
1.23,66,171,40.5591762628201,7.22857553631047
1.23,66,174,44.5877452666839,7.37891257388741
1.23,66,177,48.4837362647422,7.50400101433031
1.23,66,180,52.024157375582,7.61312647200928
1.23,69,-180,52.024157375582,1.38230104238952
1.23,69,-177,56.083942897031,1.47122559346399
1.23,69,-174,59.5726124165084,1.55456092504338
1.23,69,-171,62.4978686252417,1.63638761316731
1.23,69,-168,64.9211897810099,1.71966632700865
1.23,69,-165,66.9507709016113,1.80649839554719
1.23,69,-162,68.7335270663427,1.89820908534434
1.23,69,-159,70.4440809575154,1.99533207028786
1.23,69,-156,72.2697923664741,2.09757111536405
1.23,69,-153,74.3923785725404,2.20381936832281
1.23,69,-150,76.968541190735,2.31230264306814
1.23,69,-147,80.113535695994,2.42086276149895
1.23,69,-144,83.8916686182451,2.52732353690445
1.23,69,-141,88.3157848056452,2.62983121885531
1.23,69,-138,93.3548306450999,2.72707203477068
1.23,69,-135,98.9462930399071,2.81833169800169
1.23,69,-132,105.009800865483,2.90342713619954
1.23,69,-129,111.459155984997,2.98257143910511
1.23,69,-126,118.211524395804,3.05622730748643
1.23,69,-123,125.193662694509,3.12498182465151
1.23,69,-120,132.345634474268,3.18945410794554
1.23,69,-117,139.622612174722,3.25023448069788
1.23,69,-114,146.995282768015,3.30784861275347
1.23,69,-111,154.449244338424,3.36273948196017
1.23,69,-108,161.983674228752,3.41526131309163
1.23,69,-105,169.609486709402,3.46568130834576
1.23,69,-102,177.3471683815,3.51418635492879
1.23,69,-99,185.224464522453,3.56089284185464
1.23,69,-96,193.274075009584,3.60585830950755
1.23,69,-93,201.53149765796,3.64909401003764
1.23,69,-90,210.033129826718,3.69057767322069
1.23,69,-87,218.814709673665,3.730265912937
1.23,69,-84,227.910150638835,3.76810580530487
1.23,69,-81,237.350799209182,3.80404523646335
1.23,69,-78,247.165127197246,3.83804166977872
1.23,69,-75,257.378854413658,3.87006903796841
1.23,69,-72,268.015483543602,3.90012254914947
1.23,69,-69,279.097213463988,3.92822132835696
1.23,69,-66,290.646176587077,3.95440900544624
1.23,69,-63,302.685915580852,3.97875259098388
1.23,69,-60,315.242970388744,4.00134021053914
1.23,69,-57,328.348385627954,4.02227842885812
1.23,69,-54,342.038875193677,4.04168991657774
1.23,69,-51,356.357309112718,4.05971204082112
1.23,69,-48,371.352142093963,4.07649659294973
1.23,69,-45,387.075415439908,4.09221036673147
1.23,69,-42,403.579062997667,4.10703580209134
1.23,69,-39,420.90945071644,4.12117058659063
1.23,69,-36,439.100362948047,4.13482511277954
1.23,69,-33,458.164968283259,4.14821708908719
1.23,69,-30,478.087579033635,4.16156331957248
1.23,69,-27,498.816182465917,4.17506949138799
1.23,69,-24,520.256713730342,4.18891945908997
1.23,69,-21,542.269852896085,4.20326575937073
1.23,69,-18,564.670807617726,4.21822284369406
1.23,69,-15,587.232170928542,4.2338638773162
1.23,69,-12,609.689607125686,4.2502211512805
1.23,69,-9,631.749877920105,4.26728944838472
1.23,69,-6,653.100594182534,4.28503128317548
1.23,69,-3,673.421046059928,4.30338286449018
1.23,69,0,692.393486590348,4.32225985333135
1.23,69,3,709.714283498345,4.34156238158347
1.23,69,6,725.10438971197,4.36117921295553
1.23,69,9,738.318615739501,4.38099124821193
1.23,69,12,749.153232714426,4.40087473547129
1.23,69,15,757.451514570836,4.42070453261554
1.23,69,18,763.106954926708,4.44035761874175
1.23,69,21,766.064066786893,4.45971683022133
1.23,69,24,766.316872005566,4.47867457859833
1.23,69,27,763.905381336398,4.49713615751705
1.23,69,30,758.910520735623,4.5150222063251
1.23,69,33,751.448048392539,4.53226998004033
1.23,69,36,741.662017408486,4.54883325800495
1.23,69,39,729.718276294216,4.56468096014091
1.23,69,42,715.798383836927,4.57979477069287
1.23,69,45,700.094175367582,4.59416623816937
1.23,69,48,682.803083162845,4.60779388829567
1.23,69,51,664.124206376765,4.62068084297197
1.23,69,54,644.255055721977,4.63283329988119
1.23,69,57,623.388864152502,4.64426003356164
1.23,69,60,601.712348900984,4.65497287787513
1.23,69,63,579.40382231103,4.66498798628788
1.23,69,66,556.631570921733,4.67432757027197
1.23,69,69,533.552449468134,4.68302179810546
1.23,69,72,510.310666355045,4.69111058853574
1.23,69,75,487.036767468257,4.69864513491454
1.23,69,78,463.846852505053,4.70568911796847
1.23,69,81,440.842077879373,4.71231968226105
1.23,69,84,418.108508432393,4.71862834092909
1.23,69,87,395.717374158384,4.72472202167486
1.23,69,90,373.725768155742,4.73072446907126
1.23,69,93,352.177790916375,4.73677817683625
1.23,69,96,331.106108514962,4.74304694877111
1.23,69,99,310.533853415664,4.74971909449513
1.23,69,102,290.476761145383,4.75701117695818
1.23,69,105,270.945407699494,4.76517216808282
1.23,69,108,251.947394103796,4.77448786537222
1.23,69,111,233.489318504196,4.78528550842577
1.23,69,114,215.578385025362,4.79793874925335
1.23,69,117,198.223525344257,4.81287352690642
1.23,69,120,181.435956768818,4.83057605502595
1.23,69,123,165.229173041396,4.85160518024474
1.23,69,126,149.618464303262,4.87661302899941
1.23,69,129,134.620193423349,4.90638050739289
1.23,69,132,120.251220408532,4.94187851674969
1.23,69,135,106.529072700718,4.98437288914912
1.23,69,138,93.4737318001414,5.03560318610645
1.23,69,141,81.1123183767582,5.09808631356577
1.23,69,144,69.4886915968082,5.17563015357685
1.23,69,147,58.6814209847699,5.27418770063874
1.23,69,150,48.8362818555891,5.40317866749861
1.23,69,153,40.2225355946854,5.57699940655696
1.23,69,156,33.3137870859825,5.81420957373442
1.23,69,159,28.8186556018341,6.12550155485822
1.23,69,162,27.3937643393716,6.48389920161556
1.23,69,165,28.9758517058923,6.8217398785048
1.23,69,168,32.6646576501422,7.09161921314695
1.23,69,171,37.4182968658512,7.29324655489639
1.23,69,174,42.4950955800789,7.44528492535105
1.23,69,177,47.4488838954914,7.56523116174232
1.23,69,180,52.024157375582,7.66548634956911
1.23,72,-180,52.024157375582,1.43466091994935
1.23,72,-177,57.0665659452981,1.51239701348402
1.23,72,-174,61.4803355600148,1.58327000562284
1.23,72,-171,65.2452674752696,1.65145211017295
1.23,72,-168,68.3886927310184,1.71989056301676
1.23,72,-165,70.9796805748498,1.79072265038811
1.23,72,-162,73.1237044586205,1.86546835479223
1.23,72,-159,74.9560151976326,1.94509686713019
1.23,72,-156,76.6328227886405,2.03002596781198
1.23,72,-153,78.320044487249,2.1201018008592
1.23,72,-150,80.1801364500561,2.21460427301699
1.23,72,-147,82.3584146332436,2.31231633932567
1.23,72,-144,84.971018822939,2.41167418030381
1.23,72,-141,88.0968271259948,2.51098120708076
1.23,72,-138,91.7748863729416,2.60863738019571
1.23,72,-135,96.007492147163,2.70332581853267
1.23,72,-132,100.767606385469,2.79411710961028
1.23,72,-129,106.008506004476,2.88048485204168
1.23,72,-126,111.673606594128,2.96225357546725
1.23,72,-123,117.705011424667,3.03951115365511
1.23,72,-120,124.050061652671,3.11251407790864
1.23,72,-117,130.665723515804,3.1816036363614
1.23,72,-114,137.520973531559,3.24714102274472
1.23,72,-111,144.597491212939,3.30946262703205
1.23,72,-108,151.889022429312,3.36885327674786
1.23,72,-105,159.399789278764,3.42553392041013
1.23,72,-102,167.142314672975,3.47966010788344
1.23,72,-99,175.135003091735,3.53132795106172
1.23,72,-96,183.399770729434,3.58058472443063
1.23,72,-93,191.95995104171,3.62744177853096
1.23,72,-90,200.838624334844,3.67188795900391
1.23,72,-87,210.057444486612,3.71390222742565
1.23,72,-84,219.635972837561,3.75346463495581
1.23,72,-81,229.591485051763,3.79056517307546
1.23,72,-78,239.939192408287,3.8252103013252
1.23,72,-75,250.692811438944,3.85742714010656
1.23,72,-72,261.865419395665,3.8872654498683
1.23,72,-69,273.47054064067,3.91479763690184
1.23,72,-66,285.523412670754,3.94011716022521
1.23,72,-63,298.0423714325,3.96333586671603
1.23,72,-60,311.050265807456,3.98458092240664
1.23,72,-57,324.5757561921,4.00399207882594
1.23,72,-54,338.654275378177,4.021719948247
1.23,72,-51,353.328346564041,4.03792571474395
1.23,72,-48,368.646890923666,4.05278228334419
1.23,72,-45,384.663151405121,4.06647634126089
1.23,72,-42,401.430943662441,4.07921031390601
1.23,72,-39,418.999135915446,4.09120291836708
1.23,72,-36,437.404543669787,4.10268709554379
1.23,72,-33,456.663753316737,4.11390458957785
1.23,72,-30,476.764683204028,4.12509724575379
1.23,72,-27,497.658868609549,4.13649598576905
1.23,72,-24,519.255459618762,4.14830910167653
1.23,72,-21,541.417739280653,4.16071175284466
1.23,72,-18,563.962650155706,4.17383827753478
1.23,72,-15,586.663444582363,4.18777825352584
1.23,72,-12,609.255235979566,4.20257640349956
1.23,72,-9,631.442985797524,4.21823570689304
1.23,72,-6,652.911330287579,4.23472263907324
1.23,72,-3,673.335611453519,4.25197337155973
1.23,72,0,692.393486590348,4.26989997577152
1.23,72,3,709.776513240435,4.28839604897072
1.23,72,6,725.201122634894,4.30734158208849
1.23,72,9,738.418409252029,4.32660720133323
1.23,72,12,749.222198187802,4.34605807614991
1.23,72,15,757.454930770806,4.36555778577627
1.23,72,18,763.011048127532,4.38497230868076
1.23,72,21,765.837749699354,4.40417410303027
1.23,72,24,765.933236214718,4.42304604974565
1.23,72,27,763.342776622181,4.44148489272943
1.23,72,30,758.153123920286,4.4594037736166
1.23,72,33,750.485911219068,4.47673353354625
1.23,72,36,740.490669525644,4.49342262536101
1.23,72,39,728.338027194141,4.50943570509223
1.23,72,42,714.213502166407,4.52475119640718
1.23,72,45,698.312118996266,4.53935829123356
1.23,72,48,680.833912034198,4.55325392436869
1.23,72,51,661.980244498715,4.56644022495188
1.23,72,54,641.950795926866,4.57892281640397
1.23,72,57,620.941047106773,4.59071014442492
1.23,72,60,599.140109589883,4.60181380687008
1.23,72,63,576.728788768763,4.61224968528649
1.23,72,66,553.877819175569,4.62203956886389
1.23,72,69,530.746257042061,4.63121293263984
1.23,72,72,507.480052664832,4.63980857932727
1.23,72,75,484.210851866461,4.64787595941867
1.23,72,78,461.055091502707,4.65547611970304
1.23,72,81,438.113458401397,4.6626823660725
1.23,72,84,415.470774220386,4.66958083562237
1.23,72,87,393.196350949351,4.67627123547474
1.23,72,90,371.344834750929,4.68286801029149
1.23,72,93,349.957522323209,4.6895021456853
1.23,72,96,329.064097456052,4.69632370914148
1.23,72,99,308.684699436949,4.70350509134892
1.23,72,102,288.832202397513,4.71124476470652
1.23,72,105,269.514557916411,4.7197712540092
1.23,72,108,250.737034289939,4.72934695275345
1.23,72,111,232.504177311703,4.74027145590088
1.23,72,114,214.821322641627,4.75288425943656
1.23,72,117,197.695513691523,4.76756705206324
1.23,72,120,181.135727290428,4.78474647081913
1.23,72,123,165.152388185027,4.80489922982881
1.23,72,126,149.756266963094,4.82856315820178
1.23,72,129,134.957004684493,4.85636024154365
1.23,72,132,120.761686606081,4.88904187464032
1.23,72,135,107.174089514738,4.92757341736861
1.23,72,138,94.1954550775982,4.9732873382228
1.23,72,141,81.827943662815,5.02815721948243
1.23,72,144,70.0824784840304,5.09529052243565
1.23,72,147,58.9940059014928,5.17982985935684
1.23,72,150,48.6505466592961,5.29062257216251
1.23,72,153,39.2504631887382,5.44319515940679
1.23,72,156,31.2163283939641,5.66369330909125
1.23,72,159,25.3741812653749,5.98526477180662
1.23,72,162,22.9111054081967,6.40459245102856
1.23,72,165,24.3501651380829,6.82234385801284
1.23,72,168,28.6524596493929,7.14126484026023
1.23,72,171,34.3405848978903,7.36027624747198
1.23,72,174,40.441493281397,7.51328629893505
1.23,72,177,46.4305443409991,7.62702878086638
1.23,72,180,52.024157375582,7.71784622712894
1.23,75,-180,52.024157375582,1.48702079750918
1.23,75,-177,58.0406951216987,1.55364981955997
1.23,75,-174,63.3855207787407,1.61269712836813
1.23,75,-171,68.0141799513485,1.66835239416616
1.23,75,-168,71.9244465032962,1.72348320641384
1.23,75,-165,75.1517432361696,1.78016786815164
1.23,75,-162,77.7655930572298,1.83995869609327
1.23,75,-159,79.865584370688,1.90400365274099
1.23,75,-156,81.5761654870432,1.97308786473698
1.23,75,-153,83.039976235673,2.04762977346019
1.23,75,-150,84.4096904739919,2.1276577765355
1.23,75,-147,85.8386330422067,2.21279203085962
1.23,75,-144,87.4708128092046,2.30225562635374
1.23,75,-141,89.4314366012832,2.39493372596038
1.23,75,-138,91.8192692881374,2.4894853652971
1.23,75,-135,94.7021563836966,2.58449307082697
1.23,75,-132,98.1165041479092,2.67861895682953
1.23,75,-129,102.070644525745,2.77073183467892
1.23,75,-126,106.55114280302,2.85998063210601
1.23,75,-123,111.530581644038,2.94580851402691
1.23,75,-120,116.975313703489,3.02791926785141
1.23,75,-117,122.85201278053,3.1062161367587
1.23,75,-114,129.132355451623,3.18073304477574
1.23,75,-111,135.795647254359,3.25157268853963
1.23,75,-108,142.829574863092,3.31885924562424
1.23,75,-105,150.229495800128,3.38270786940334
1.23,75,-102,157.996782347516,3.44320947721819
1.23,75,-99,166.136739166024,3.50042743941352
1.23,75,-96,174.656540469663,3.55440218762247
1.23,75,-93,183.563511155668,3.60516002857567
1.23,75,-90,192.86393742667,3.65272319985255
1.23,75,-87,202.562463822455,3.69711913710446
1.23,75,-84,212.662034999066,3.73838781200943
1.23,75,-81,223.164281117589,3.77658670325588
1.23,75,-78,234.070224296529,3.81179342536923
1.23,75,-75,245.381192230312,3.84410628648733
1.23,75,-72,257.099852360873,3.87364314936709
1.23,75,-69,269.231313455302,3.90053901470746
1.23,75,-66,281.784268518322,3.92494279562001
1.23,75,-63,294.772161404015,3.9470138280852
1.23,75,-60,308.21433876333,3.96691873946573
1.23,75,-57,322.137093489069,3.98482931613384
1.23,75,-54,336.574419470317,4.00092190334103
1.23,75,-51,351.568197433571,4.01537859021764
1.23,75,-48,367.167448942347,4.02838998854807
1.23,75,-45,383.426269992721,4.04015888497119
1.23,75,-42,400.400124348137,4.05090357626797
1.23,75,-39,418.140359449287,4.06085945899302
1.23,75,-36,436.687092357996,4.07027757842291
1.23,75,-33,456.060949870748,4.07941938821905
1.23,75,-30,476.254455896622,4.08854782769223
1.23,75,-27,497.224053923818,4.09791575103615
1.23,75,-24,518.883771085522,4.10775344878325
1.23,75,-21,541.101361649654,4.11825725282671
1.23,75,-18,563.697457029541,4.12958093977445
1.23,75,-15,586.447880445424,4.14183095894408
1.23,75,-12,609.088945545055,4.15506565734074
1.23,75,-9,631.325310203721,4.16929792221367
1.23,75,-6,652.83981631885,4.18450020035246
1.23,75,-3,673.30469224605,4.20061074194111
1.23,75,0,692.393486590348,4.21754009821169
1.23,75,3,709.793104556129,4.2351772507563
1.23,75,6,725.215314964816,4.25339512833561
1.23,75,9,738.407095050871,4.27205556586641
1.23,75,12,749.159205661677,4.29101392059285
1.23,75,15,757.312469348355,4.3101235729227
1.23,75,18,762.761375293803,4.32924043399133
1.23,75,21,765.454855087192,4.34822741224335
1.23,75,24,765.394336472209,4.36695861834845
1.23,75,27,762.629445724156,4.3853229664684
1.23,75,30,757.251944704413,4.40322679805848
1.23,75,33,749.388614774124,4.42059522565757
1.23,75,36,739.193814311109,4.43737205554283
1.23,75,39,726.842342213309,4.45351836326894
1.23,75,42,712.523063210302,4.46901001394042
1.23,75,45,696.433535179158,4.48383458702114
1.23,75,48,678.775671444183,4.49798824347099
1.23,75,51,659.752311393347,4.51147304398855
1.23,75,54,639.564482415336,4.52429510100839
1.23,75,57,618.409116669901,4.53646375664452
1.23,75,60,596.477022539923,4.54799176966236
1.23,75,63,573.950979142138,4.55889631292276
1.23,75,66,551.00389926744,4.56920046424723
1.23,75,69,527.797073804107,4.57893483682316
1.23,75,72,504.478559449618,4.58813903982715
1.23,75,75,481.181798813981,4.5968627694511
1.23,75,78,458.024569766339,4.6051664776071
1.23,75,81,435.108352815184,4.61312171809782
1.23,75,84,412.518185379448,4.62081139668368
1.23,75,87,390.323043523144,4.62833022643945
1.23,75,90,368.576758141019,4.63578569609455
1.23,75,93,347.319436337296,4.64329979081882
1.23,75,96,326.579322037262,4.65101156859554
1.23,75,99,306.374994438623,4.65908050973675
1.23,75,102,286.717770119058,4.66769035211995
1.23,75,105,267.614145876088,4.67705293867758
1.23,75,108,249.068096739804,4.68741148002401
1.23,75,111,231.08303044483,4.69904261997026
1.23,75,114,213.66320119071,4.71225683397738
1.23,75,117,196.814408915383,4.72739704674707
1.23,75,120,180.543864018458,4.74483599914139
1.23,75,123,164.859189549174,4.76497393355075
1.23,75,126,149.766667893308,4.78823976335639
1.23,75,129,135.269013928844,4.81510130540835
1.23,75,132,121.363157123541,4.84609384092682
1.23,75,135,108.038715722391,4.8818821594189
1.23,75,138,95.2780216330505,4.92338146772019
1.23,75,141,83.0587130462071,4.9719823226417
1.23,75,144,71.3601742458475,5.02996705576243
1.23,75,147,60.1758908761715,5.10130268423717
1.23,75,150,49.5363407814427,5.19322974200577
1.23,75,153,39.5549637520656,5.31961908691204
1.23,75,156,30.5332050604055,5.50802793918011
1.23,75,159,23.2129015852313,5.80996887594746
1.23,75,162,19.1612800249272,6.27576115980695
1.23,75,165,19.9707334836382,6.80192541711424
1.23,75,168,24.745595495463,7.19032390784005
1.23,75,171,31.3350885344502,7.43018803958132
1.23,75,174,38.4335510842331,7.58307696577834
1.23,75,177,45.4317579240136,7.68939465974644
1.23,75,180,52.024157375582,7.77020610468877
1.23,78,-180,52.024157375582,1.53938067506901
1.23,78,-177,59.0035954838044,1.59500537161279
1.23,78,-174,65.2819499719212,1.64283475031835
1.23,78,-171,70.7929588623379,1.68697904978757
1.23,78,-168,75.5080493765216,1.73016512666347
1.23,78,-165,79.4330716494513,1.77435156304598
1.23,78,-162,82.6061240831467,1.82103176339845
1.23,78,-159,85.0951533881416,1.87138572438267
1.23,78,-156,86.9948449300867,1.92635012201554
1.23,78,-153,88.4226449851917,1.98663911791505
1.23,78,-150,89.5138688553973,2.0527329702017
1.23,78,-147,90.4158746144283,2.12484653972656
1.23,78,-144,91.2813137436646,2.20289035233182
1.23,78,-141,92.2605929058134,2.28644000352423
1.23,78,-138,93.4939481028054,2.3747319560245
1.23,78,-135,95.1039064293323,2.46670119156498
1.23,78,-132,97.189229786491,2.56106610026115
1.23,78,-129,99.8214647163213,2.65645010437298
1.23,78,-126,103.044809405154,2.75151471504458
1.23,78,-123,106.879234900485,2.84507336627964
1.23,78,-120,111.325979156649,2.93616289675638
1.23,78,-117,116.374028226488,3.02406549933068
1.23,78,-114,122.006183965757,3.10828957092557
1.23,78,-111,128.203712729857,3.18852651438156
1.23,78,-108,134.949145168598,3.26460092847956
1.23,78,-105,142.227327120697,3.33642664596583
1.23,78,-102,150.025172434599,3.40397458409914
1.23,78,-99,158.330708029084,3.4672530299975
1.23,78,-96,167.131965319206,3.52629782908437
1.23,78,-93,176.416126375242,3.58116885125338
1.23,78,-90,186.169146755261,3.63194941811631
1.23,78,-87,196.375904675838,3.67874635137989
1.23,78,-84,207.020801087189,3.72168937432581
1.23,78,-81,218.088668556011,3.7609294355709
1.23,78,-78,229.565833547296,3.79663602117319
1.23,78,-75,241.441202675703,3.82899372648166
1.23,78,-72,253.707291787989,3.85819839294885
1.23,78,-69,266.361170604757,3.88445309930005
1.23,78,-66,279.405339343224,3.90796431084377
1.23,78,-63,292.848572626617,3.92893855572252
1.23,78,-60,306.706747932171,3.94758007775245
1.23,78,-57,321.003614715398,3.96408994248168
1.23,78,-54,335.771360853326,3.97866697205618
1.23,78,-51,351.050714510826,3.99151061052472
1.23,78,-48,366.890216056624,4.00282538697099
1.23,78,-45,383.344249366693,4.01282613277682
1.23,78,-42,400.469475053136,4.02174266578378
1.23,78,-39,418.319481721811,4.02982244678924
1.23,78,-36,436.937754478017,4.03732987687249
1.23,78,-33,456.349402945063,4.04454147320139
1.23,78,-30,476.552413575406,4.05173703225846
1.23,78,-27,497.509404864067,4.05918783007116
1.23,78,-24,519.140904798336,4.06714363112538
1.23,78,-21,541.321022753144,4.07582055072879
1.23,78,-18,563.876094679948,4.08539156422221
1.23,78,-15,586.586521408858,4.09598078956402
1.23,78,-12,609.191681636308,4.10766182618815
1.23,78,-9,631.397544106346,4.12045967549431
1.23,78,-6,652.886446065538,4.13435528449633
1.23,78,-3,673.328428538728,4.14929160752573
1.23,78,0,692.393486590348,4.16518022065186
1.23,78,3,709.764071925591,4.18190783171892
1.23,78,6,725.147162772394,4.19934237498036
1.23,78,9,738.28520189468,4.21733866001519
1.23,78,12,748.965223849088,4.23574370280516
1.23,78,15,757.025576020406,4.25440189195051
1.23,78,18,762.359802071435,4.27316006057814
1.23,78,21,764.917497554997,4.29187239181596
1.23,78,24,764.702238059115,4.31040493746476
1.23,78,27,761.766974257242,4.32863942560441
1.23,78,30,756.207532169466,4.3464760088211
1.23,78,33,748.155004098353,4.36383467487212
1.23,78,36,737.767838807839,4.38065519604075
1.23,78,39,725.224338399045,4.39689569991471
1.23,78,42,710.716071271615,4.41253015552405
1.23,78,45,694.442462932416,4.42754523420634
1.23,78,48,676.606583842089,4.44193708409937
1.23,78,51,657.411963330083,4.45570853201823
1.23,78,54,637.060149527884,4.46886710401612
1.23,78,57,615.748712420381,4.4814240667312
1.23,78,60,593.6694348636,4.49339448023512
1.23,78,63,571.00652668253,4.50479806595304
1.23,78,66,547.934799380244,4.51566056760954
1.23,78,69,524.617829141473,4.52601524005542
1.23,78,72,501.20619936304,4.53590414258274
1.23,78,75,477.835946602622,4.5453790254666
1.23,78,78,454.627338633509,4.55450175421081
1.23,78,81,431.684097008676,4.56334438189102
1.23,78,84,409.093146715387,4.57198912159772
1.23,78,87,386.924938581259,4.58052855774529
1.23,78,90,365.23435060092,4.58906644455841
1.23,78,93,344.062134826575,4.59771936156781
1.23,78,96,323.436837834666,4.60661933262307
1.23,78,99,303.377085056837,4.61591728496518
1.23,78,102,283.894082447492,4.62578696075786
1.23,78,105,264.994154022748,4.63642863920152
1.23,78,108,246.68110355834,4.64807183473146
1.23,78,111,228.958168418492,4.66097606199426
1.23,78,114,211.829330959982,4.67542886119314
1.23,78,117,195.299778336483,4.6917406251814
1.23,78,120,179.375366049992,4.71023644396461
1.23,78,123,164.061054147566,4.73124628600843
1.23,78,126,149.358451796383,4.7550964958076
1.23,78,129,135.26281860031,4.78210795766097
1.23,78,132,121.760103950807,4.81260957992398
1.23,78,135,108.824813508562,4.84698048060382
1.23,78,138,96.4196195896511,4.88574178026806
1.23,78,141,84.4976484069646,4.92973317091021
1.23,78,144,73.0083438813264,4.9804412677908
1.23,78,147,61.9080223983322,5.04062581524143
1.23,78,150,51.1775968066196,5.11560078915052
1.23,78,153,40.8552701632484,5.2161285014694
1.23,78,156,31.1114151532327,5.36566610759717
1.23,78,159,22.4654134854119,5.6189755309777
1.23,78,162,16.433217943122,6.08534840362694
1.23,78,165,15.909043609361,6.74641376838373
1.23,78,168,20.9521638658059,7.23842274538108
1.23,78,171,28.410868888369,7.50367976550336
1.23,78,174,36.4778448953442,7.65483434693086
1.23,78,177,44.4554913597106,7.75232652059148
1.23,78,180,52.024157375582,7.8225659822486
1.23,81,-180,52.024157375582,1.59174055262884
1.23,81,-177,59.9525184469197,1.63648328140971
1.23,81,-174,67.1633368940019,1.67367353643364
1.23,81,-171,73.570035153283,1.70722893355781
1.23,81,-168,79.1198491737792,1.73967761008184
1.23,81,-165,83.7919952141827,1.77281730703584
1.23,81,-162,87.5966686542981,1.80803237488801
1.23,81,-159,90.5737730512574,1.84645586361267
1.23,81,-156,92.7910617268081,1.88905302752134
1.23,81,-153,94.3416723649566,1.93665921442886
1.23,81,-150,95.3411188009501,1.98998659808125
1.23,81,-147,95.923766568432,2.04960617877166
1.23,81,-144,96.2387163497393,2.11590893767953
1.23,81,-141,96.4449186368439,2.18905134689096
1.23,81,-138,96.7053285820484,2.26889481981962
1.23,81,-135,97.1800651787945,2.35495465825895
1.23,81,-132,98.0188953085218,2.44637848283573
1.23,81,-129,99.353839641868,2.54197260532697
1.23,81,-126,101.293076772832,2.64028414260975
1.23,81,-123,103.917332987095,2.73972869846788
1.23,81,-120,107.279449028324,2.83873621837719
1.23,81,-117,111.406964717254,2.9358810155812
1.23,81,-114,116.306754100251,3.02996995328395
1.23,81,-111,121.970359588309,3.12008002222778
1.23,81,-108,128.378828810087,3.20555302247067
1.23,81,-105,135.506373073026,3.28596360726586
1.23,81,-102,143.322740489636,3.36107686725323
1.23,81,-99,151.79460081995,3.43080659472356
1.23,81,-96,160.886395729609,3.49517955170111
1.23,81,-93,170.561062327305,3.55430688464768
1.23,81,-90,180.780885380173,3.60836177022455
1.23,81,-87,191.508563859648,3.65756186181941
1.23,81,-84,202.708446720452,3.70215533388114
1.23,81,-81,214.347822555418,3.74240970941818
1.23,81,-78,226.398135173377,3.77860293717603
1.23,81,-75,238.836027324382,3.81101632053523
1.23,81,-72,251.64416931347,3.83992895975487
1.23,81,-69,264.811889839656,3.8656134370194
1.23,81,-66,278.335675588191,3.88833259740418
1.23,81,-63,292.219627353463,3.90833745301446
1.23,81,-60,306.475940011039,3.92586641078762
1.23,81,-57,321.125404571959,3.94114612060124
1.23,81,-54,336.197817925168,3.95439418750587
1.23,81,-51,351.732050552263,3.96582375271735
1.23,81,-48,367.775400714048,3.97564954314341
1.23,81,-45,384.381800634207,3.98409450629102
1.23,81,-42,401.608478144415,3.99139572887112
1.23,81,-39,419.510839493656,3.99780814536387
1.23,81,-36,438.135616306984,4.00360470508026
1.23,81,-33,457.51266421412,4.00907221840421
1.23,81,-30,477.646133749593,4.01450295017816
1.23,81,-27,498.505968237508,4.02018295385649
1.23,81,-24,520.020752355944,4.02637887111363
1.23,81,-21,542.072819498287,4.03332523258795
1.23,81,-18,564.496260722686,4.04121410200066
1.23,81,-15,587.078136780104,4.05018829792979
1.23,81,-12,609.562859483714,4.06033862375034
1.23,81,-9,631.659439368694,4.07170478715119
1.23,81,-6,653.051114798896,4.08427918290665
1.23,81,-3,673.406770142834,4.09801251837402
1.23,81,0,692.393486590348,4.11282034309203
1.23,81,3,709.689521003232,4.12858979725335
1.23,81,6,724.996965915682,4.14518619814756
1.23,81,9,738.053318744652,4.16245934120154
1.23,81,12,748.641206505128,4.18024954673064
1.23,81,15,756.595601969952,4.19839352136595
1.23,81,18,761.80804485615,4.21673004425074
1.23,81,21,764.227642561813,4.23510537297402
1.23,81,24,763.858940321948,4.25337814116686
1.23,81,27,760.757072033085,4.27142343405015
1.23,81,30,755.02087358198,4.28913571347941
1.23,81,33,746.784809221235,4.30643033519247
1.23,81,36,736.210596548535,4.32324355090185
1.23,81,39,723.479313395758,4.33953108797851
1.23,81,42,708.784556752814,4.35526560567421
1.23,81,45,692.326949466602,4.37043349046212
1.23,81,48,674.310014925356,4.38503153404057
1.23,81,51,654.937217910623,4.39906401565449
1.23,81,54,634.409837078727,4.41254059095537
1.23,81,57,612.925301180794,4.42547520141868
1.23,81,60,590.675672797893,4.43788600496588
1.23,81,63,567.846069449846,4.4497961364432
1.23,81,66,544.612936785066,4.46123497435607
1.23,81,69,521.142201562256,4.47223954047822
1.23,81,72,497.58741376513,4.48285569601981
1.23,81,75,474.08803028979,4.49313890934063
1.23,81,78,450.768000039621,4.50315453012786
1.23,81,81,427.734790645417,4.51297768003712
1.23,81,84,405.078960831485,4.52269302385524
1.23,81,87,382.874338775148,4.53239478431178
1.23,81,90,361.178821747144,4.54218738045818
1.23,81,93,340.035768556441,4.55218698757958
1.23,81,96,319.475913769717,4.56252413381228
1.23,81,99,299.519689844319,4.5733471797441
1.23,81,102,280.17979904167,4.58482620445658
1.23,81,105,261.463832115861,4.59715649280573
1.23,81,108,243.37668936207,4.61056054503178
1.23,81,111,225.922529461594,4.62528738154864
1.23,81,114,209.105963981201,4.6416079726253
1.23,81,117,192.932244258369,4.65980597617315
1.23,81,120,177.406267399256,4.68016372336782
1.23,81,123,162.530371396803,4.70294466650858
1.23,81,126,148.30109985073,4.72837539320568
1.23,81,129,134.705381492306,4.75663284544741
1.23,81,132,121.716849414993,4.78784549517606
1.23,81,135,109.29325001661,4.82212087896566
1.23,81,138,97.3759746638613,4.85961660808437
1.23,81,141,85.8926221942745,4.90068028549866
1.23,81,144,74.7631938919855,4.9461036924841
1.23,81,147,63.910255365476,4.99759073401281
1.23,81,150,53.2737867909025,5.05869298630797
1.23,81,153,42.834220686694,5.13693928199857
1.23,81,156,32.6587730704421,5.24950939978387
1.23,81,159,23.0381511837797,5.4410836045488
1.23,81,162,15.0473584821277,5.84168745504367
1.23,81,165,12.3013846994581,6.62928035037045
1.23,81,168,17.2791221227773,7.28491777962312
1.23,81,171,25.5772808037492,7.58169664553491
1.23,81,174,34.580935727271,7.72875295284467
1.23,81,177,43.5046272991831,7.81581847335932
1.23,81,180,52.024157375582,7.87492585980843
1.23,84,-180,52.024157375582,1.64410043018868
1.23,84,-177,60.8847120979249,1.67810153095892
1.23,84,-174,69.0233574236239,1.70520284198685
1.23,84,-171,76.3339537530613,1.72900567725499
1.23,84,-168,82.7409270670799,1.7517842017969
1.23,84,-165,88.1989363753316,1.77514564748814
1.23,84,-162,92.6929225292982,1.80033819605157
1.23,84,-159,96.2376866701128,1.82840811976306
1.23,84,-156,98.8768246873545,1.86028456694447
1.23,84,-153,100.681108016982,1.89682474399148
1.23,84,-150,101.746484073085,1.93883317156289
1.23,84,-147,102.191839057323,1.98705980628801
1.23,84,-144,102.156551519307,2.04217747387236
1.23,84,-141,101.797698124037,2.10473747507254
1.23,84,-138,101.286600100565,2.17510326939002
1.23,84,-135,100.80428626318,2.25336634457126
1.23,84,-132,100.53548029225,2.33925598879248
1.23,84,-129,100.660977779982,2.43206429564975
1.23,84,-126,101.348789050113,2.53061499591225
1.23,84,-123,102.745079240407,2.63330279025894
1.23,84,-120,104.966454055998,2.73821359603918
1.23,84,-117,108.095160964947,2.8433085321626
1.23,84,-114,112.178131969731,2.9466289125607
1.23,84,-111,117.229720447794,3.04647165199703
1.23,84,-108,123.237021430935,3.14149915530147
1.23,84,-105,130.166267872101,3.23077470365241
1.23,84,-102,137.969024617127,3.31373764307472
1.23,84,-99,146.587467195835,3.39014305907869
1.23,84,-96,155.958578495098,3.45998899104549
1.23,84,-93,166.017423353031,3.52344674614347
1.23,84,-90,176.69975625664,3.58080205304239
1.23,84,-87,187.944167693512,3.63240925019306
1.23,84,-84,199.693877322751,3.67865768238419
1.23,84,-81,211.898200564986,3.71994824572231
1.23,84,-78,224.513675576616,3.75667777203406
1.23,84,-75,237.504840728427,3.78922914213215
1.23,84,-72,250.844686740944,3.81796539099784
1.23,84,-69,264.514855234934,3.84322650439371
1.23,84,-66,278.505697183138,3.86532805812093
1.23,84,-63,292.816321035327,3.8845612784861
1.23,84,-60,307.454734608812,3.90119445291272
1.23,84,-57,322.438108554684,3.91547583141701
1.23,84,-54,337.793066903578,3.92763818099088
1.23,84,-51,353.555763062056,3.93790496705796
1.23,84,-48,369.771364514267,3.94649777217731
1.23,84,-45,386.492492097099,3.95364411300111
1.23,84,-42,403.776182511966,3.95958441916108
1.23,84,-39,421.679090007984,3.96457674439017
1.23,84,-36,440.250907983756,3.96889791170338
1.23,84,-33,459.526329861151,3.97284029027076
1.23,84,-30,479.516207119169,3.97670418492996
1.23,84,-27,500.198816715085,3.98078670067701
1.23,84,-24,521.512253432516,3.98536867547574
1.23,84,-21,543.3488894917,3.9907016381647
1.23,84,-18,565.552618623166,3.99699664565004
1.23,84,-15,587.919287689178,4.00441634406181
1.23,84,-12,610.200390585589,4.01307086767618
1.23,84,-9,632.109815190511,4.02301746646567
1.23,84,-6,653.333220880581,4.0342632222227
1.23,84,-3,673.539476687314,4.04676995961896
1.23,84,0,692.393486590348,4.0604604655322
1.23,84,3,709.569648014608,4.07522531260394
1.23,84,6,724.765126085008,4.09092983437647
1.23,84,9,737.712091625011,4.10742102787687
1.23,84,12,748.188089947575,4.12453430845028
1.23,84,15,756.023806036417,4.1421000924364
1.23,84,18,761.107684209043,4.15995014860307
1.23,84,21,763.387140558397,4.17792357200682
1.23,84,24,762.866444397669,4.19587213610766
1.23,84,27,759.601690968685,4.21366471167509
1.23,84,30,753.693582920056,4.23119043623066
1.23,84,33,745.278928258009,4.24836039143204
1.23,84,36,734.521811874926,4.26510769348883
1.23,84,39,721.605299121825,4.28138609816862
1.23,84,42,706.724307461272,4.29716742595882
1.23,84,45,690.07998638608,4.31243827725011
1.23,84,48,671.875640325595,4.32719659164565
1.23,84,51,652.313975030373,4.34144858794875
1.23,84,54,631.595287771955,4.35520650534659
1.23,84,57,609.916171538529,4.36848737889967
1.23,84,60,587.468351888886,4.38131286644338
1.23,84,63,564.437391011682,4.39370994606585
1.23,84,66,541.001137390253,4.40571216269253
1.23,84,69,517.327935159255,4.41736104313629
1.23,84,72,493.574709764617,4.42870732741977
1.23,84,75,469.885104842557,4.43981176958921
1.23,84,78,446.387860563824,4.4507454198338
1.23,84,81,423.195605357497,4.46158947920193
1.23,84,84,400.404193405267,4.47243498230089
1.23,84,87,378.092671076181,4.48338267608857
1.23,84,90,356.323904445441,4.4945434926091
1.23,84,93,335.145850574552,4.50603993736221
1.23,84,96,314.593406794585,4.51800852313545
1.23,84,99,294.690722228841,4.53060307906668
1.23,84,102,275.453802013284,4.54399838420945
1.23,84,105,256.893177756296,4.55839316313564
1.23,84,108,239.016362947875,4.57401110826858
1.23,84,111,221.829769764555,4.59109835026883
1.23,84,114,205.339749305358,4.60991579628238
1.23,84,117,189.552449420844,4.63072513319454
1.23,84,120,174.472282593133,4.65376820737883
1.23,84,123,160.09897696768,4.67924109556993
1.23,84,126,146.423451347025,4.70726654391094
1.23,84,129,133.423090372526,4.73787143704207
1.23,84,132,121.057341355502,4.77097911007633
1.23,84,135,109.264806737294,4.8064289479918
1.23,84,138,97.9630378854706,4.84403751227698
1.23,84,141,87.0519506226316,4.88371787838389
1.23,84,144,76.4212021948429,4.92568294959327
1.23,84,147,65.9612119081173,4.97079057036588
1.23,84,150,55.5772532804464,5.02118824318835
1.23,84,153,45.2071964429478,5.08173003229888
1.23,84,156,34.8492500174518,5.16376132981389
1.23,84,159,24.6329824687602,5.297802703087
1.23,84,162,15.1384182420218,5.58902363071171
1.23,84,165,9.43444929017605,6.4044735069707
1.23,84,168,13.7323879586178,7.32858525129498
1.23,84,171,22.8444223125076,7.66554097172734
1.23,84,174,32.7493948916399,7.80504321830747
1.23,84,177,42.5819537423711,7.87986043767755
1.23,84,180,52.024157375582,7.92728573736826
1.23,87,-180,52.0241573755819,1.69646030774851
1.23,87,-177,61.7974317099907,1.71987658917734
1.23,87,-174,70.8556786390725,1.73741110826622
1.23,87,-171,79.0734046136923,1.75221983344111
1.23,87,-168,86.3530694070861,1.76627084300142
1.23,87,-165,92.626234629569,1.7809582497059
1.23,87,-162,97.8545527947614,1.79737961248747
1.23,87,-159,102.030021036583,1.81647612365508
1.23,87,-156,105.174455432183,1.83910984368687
1.23,87,-153,107.338360619377,1.86610830655601
1.23,87,-150,108.599449903526,1.89828911569616
1.23,87,-147,109.061058200644,1.93646891949606
1.23,87,-144,108.850600086619,1.9814566227378
1.23,87,-141,108.118071428812,2.03402779736896
1.23,87,-138,107.034391569118,2.09487553548801
1.23,87,-135,105.789154588509,2.16453302363495
1.23,87,-132,104.587139421018,2.24326644297227
1.23,87,-129,103.642797015562,2.33094547818088
1.23,87,-126,103.172031958282,2.4269137265259
1.23,87,-123,103.381111817788,2.52989925527487
1.23,87,-120,104.453557925452,2.63801567979271
1.23,87,-117,106.537146435288,2.74889110682858
1.23,87,-114,109.733985818702,2.85991957006459
1.23,87,-111,114.096266833711,2.96857453199593
1.23,87,-108,119.628593789176,3.07269271273795
1.23,87,-105,126.295679729445,3.1706527213756
1.23,87,-102,134.032836977368,3.26142386845684
1.23,87,-99,142.756663683691,3.3445101612157
1.23,87,-96,152.374226721415,3.41983738051714
1.23,87,-93,162.790114203952,3.48762718182953
1.23,87,-90,173.911470333479,3.54828558370271
1.23,87,-87,185.651432932289,3.60231689771761
1.23,87,-84,197.931407059733,3.65026358565016
1.23,87,-81,210.682499603707,3.69266764675599
1.23,87,-78,223.846325052693,3.73004791234942
1.23,87,-75,237.375321279893,3.7628881613107
1.23,87,-72,251.232692122095,3.79163210400649
1.23,87,-69,265.392105109998,3.81668246325729
1.23,87,-66,279.837293728133,3.83840240798286
1.23,87,-63,294.561718733444,3.8571184130126
1.23,87,-60,309.56841124512,3.87312421183806
1.23,87,-57,324.87003999457,3.88668586465332
1.23,87,-54,340.489119214724,3.89804807247513
1.23,87,-51,356.458122163588,3.90744174070493
1.23,87,-48,372.819123694401,3.91509248059345
1.23,87,-45,389.622507671024,3.92122932671141
1.23,87,-42,406.924282585526,3.92609256996001
1.23,87,-39,424.781676212019,3.92993939731704
1.23,87,-36,443.24692402446,3.93304610434385
1.23,87,-33,462.359489344763,3.93570605066031
1.23,87,-30,482.137290196407,3.93822321045887
1.23,87,-27,502.56778091717,3.94090197751653
1.23,87,-24,523.599879518769,3.94403460261922
1.23,87,-21,545.137711807451,3.94788806683317
1.23,87,-18,567.036971360347,3.95269221140651
1.23,87,-15,589.104418475439,3.95863057277408
1.23,87,-12,611.100725318521,3.96583474876198
1.23,87,-9,632.746574949229,3.97438244752273
1.23,87,-6,653.731671007692,3.98429882166771
1.23,87,-3,673.726118736328,3.99556036790838
1.23,87,0,692.393486590348,4.00810058797237
1.23,87,3,709.404739236949,4.02181670147409
1.23,87,6,724.452145567612,4.03657688708401
1.23,87,9,737.262221756741,4.0522277206124
1.23,87,12,747.606791489489,4.06860161931912
1.23,87,15,755.311355432778,4.08552416536956
1.23,87,18,760.260170998443,4.10282117148038
1.23,87,21,762.39774306999,4.12032529272442
1.23,87,24,761.726785611862,4.13788191555738
1.23,87,27,758.303082752483,4.15535400571264
1.23,87,30,752.227996099977,4.17262560166822
1.23,87,33,743.639576323999,4.18960371731589
1.23,87,36,732.70330240878,4.20621856480185
1.23,87,39,719.603380515169,4.22242220434093
1.23,87,42,704.535307478955,4.2381859334026
1.23,87,45,687.700091303686,4.25349689667716
1.23,87,48,669.300188689257,4.26835448942076
1.23,87,51,649.536933648406,4.28276711630047
1.23,87,54,628.609041197122,4.29674975660097
1.23,87,57,606.711698358647,4.31032259990136
1.23,87,60,584.035794247604,4.32351079612264
1.23,87,63,560.766961541342,4.33634515717644
1.23,87,66,537.084261343414,4.34886349465898
1.23,87,69,513.158501348131,4.36111220484266
1.23,87,72,489.150302739417,4.37314772664688
1.23,87,75,465.208108583135,4.38503759182311
1.23,87,78,441.466354005571,4.39686093783679
1.23,87,81,418.044004890659,4.40870853273538
1.23,87,84,395.043630855287,4.42068253263787
1.23,87,87,372.55112355207,4.43289631970987
1.23,87,90,350.636113001538,4.44547481645546
1.23,87,93,329.353077523941,4.45855561099565
1.23,87,96,308.74308681156,4.47229103795171
1.23,87,99,288.836059601908,4.48685103676674
1.23,87,102,269.65335405807,4.50242617197617
1.23,87,105,251.210440229981,4.51922969401064
1.23,87,108,233.519335412144,4.53749702344691
1.23,87,111,216.590427329588,4.55748067383275
1.23,87,114,200.433286217547,4.57943855200831
1.23,87,117,185.056099829581,4.60361400509728
1.23,87,120,170.463482607734,4.63020717263249
1.23,87,123,156.652635650125,4.65933937489474
1.23,87,126,143.608176244389,4.69101546071525
1.23,87,129,131.296387682431,4.72509284519791
1.23,87,132,119.660076305877,4.76126933277009
1.23,87,135,108.615510786131,4.79910319398279
1.23,87,138,98.0528740986289,4.83807723866678
1.23,87,141,87.8411589496726,4.87771492308638
1.23,87,144,77.8375409298467,4.91775635184822
1.23,87,147,67.9002686790746,4.95841801347659
1.23,87,150,57.9034972545713,5.00082074937105
1.23,87,153,47.7528721304649,5.04786145037165
1.23,87,156,37.4033671978074,5.10647165983346
1.23,87,159,26.8924762704208,5.19517568751564
1.23,87,162,16.4757140009531,5.37974863020068
1.23,87,165,7.85271819883814,6.03361900411976
1.23,87,168,10.3171304871273,7.36674875660366
1.23,87,171,20.2238573782093,7.75703901128956
1.23,87,174,30.9898297736006,7.88392866318418
1.23,87,177,41.6901532905709,7.94443754494133
1.23,87,180,52.0241573755819,7.97964561492809
1.23,90,-180,52.0241573755819,1.74882018530833
1.23,90,-177,62.6879503913048,1.76182352565748
1.23,90,-174,72.6539867737091,1.7702861837903
1.23,90,-171,81.7772502756799,1.77678877370241
1.23,90,-168,89.9387350321201,1.78294496856707
1.23,90,-165,97.0479550641151,1.78991791865099
1.23,90,-162,103.044750920841,1.79864703483381
1.23,90,-159,107.900090856071,1.80996146362218
1.23,90,-156,111.615936686975,1.82464346252791
1.23,90,-153,114.224415058574,1.84346694969971
1.23,90,-150,115.786607243237,1.86722178724294
1.23,90,-147,116.391268277033,1.89672767294988
1.23,90,-144,116.153718903242,1.93283770966975
1.23,90,-141,115.215030716528,1.97642881229397
1.23,90,-138,113.741451330034,2.02837333380537
1.23,90,-135,111.923786510996,2.08948367392247
1.23,90,-132,109.976155135343,2.16042025298251
1.23,90,-129,108.13316375886,2.24155576980534
1.23,90,-126,106.6441983233,2.3327995040455
1.23,90,-123,105.763461364873,2.43340855628001
1.23,90,-120,105.735035504897,2.54184553262305
1.23,90,-117,106.773985160908,2.65576609905606
1.23,90,-114,109.04698945107,2.77220333700635
1.23,90,-111,112.657801147649,2.88794116950621
1.23,90,-108,117.642179465051,2.99996980658683
1.23,90,-105,123.973583373442,3.10586713084015
1.23,90,-102,131.576878117607,3.20399418298535
1.23,90,-99,140.34518310893,3.29349159942672
1.23,90,-96,150.155540762289,3.3741415071121
1.23,90,-93,160.881099999459,3.44617904289384
1.23,90,-90,172.399413317428,3.51011499845688
1.23,90,-87,184.59750189805,3.5665980748025
1.23,90,-84,197.374621055484,3.61632112363109
1.23,90,-81,210.643523737066,3.65996407647907
1.23,90,-78,224.330775692534,3.69816320831918
1.23,90,-75,238.376474365728,3.73149746268441
1.23,90,-72,252.733605390729,3.76048491380786
1.23,90,-69,267.367221531855,3.78558474063271
1.23,90,-66,282.253615755849,3.80720191784764
1.23,90,-63,297.379648269254,3.8256931515426
1.23,90,-60,312.742349162982,3.84137347075013
1.23,90,-57,328.348838175925,3.85452340257648
1.23,90,-54,344.216481036853,3.86539686207304
1.23,90,-51,360.373054881645,3.87422982878493
1.23,90,-48,376.856555162039,3.88124962498374
1.23,90,-45,393.714183349426,3.88668424610248
1.23,90,-42,411.000046894761,3.89077083514342
1.23,90,-39,428.771205188906,3.89376216121632
1.23,90,-36,447.081908887089,3.89592996154792
1.23,90,-33,465.976177240977,3.89756429084003
1.23,90,-30,485.479185192094,3.89896856999434
1.23,90,-27,505.588220726463,3.90045073071262
1.23,90,-24,526.264159320821,3.90231154155385
1.23,90,-21,547.424445441206,3.9048316903587
1.23,90,-18,568.93846537666,3.90825935641535
1.23,90,-15,590.625969938225,3.91279980505191
1.23,90,-12,612.258909624099,3.91860805991139
1.23,90,-9,633.56673088845,3.92578510912327
1.23,90,-6,654.244888967934,3.93437754567238
1.23,90,-3,673.966079903015,3.94438014724521
1.23,90,0,692.393486590348,3.95574071041254
1.23,90,3,709.19517056545,3.96836644397597
1.23,90,6,724.058626734117,3.98213133177966
1.23,90,9,736.70446494306,3.99688402212377
1.23,90,12,746.898208701338,4.01245592921782
1.23,90,15,754.459324820487,4.02866930763857
1.23,90,18,759.266825015866,4.04534507606669
1.23,90,21,761.261100404267,4.06231013595551
1.23,90,24,760.442030124513,4.0794038824799
1.23,90,27,756.863795544455,4.09648357280627
1.23,90,30,750.627171421236,4.11342823102119
1.23,90,33,741.870297223764,4.13014084946808
1.23,90,36,730.75901393487,4.14654879479783
1.23,90,39,717.477769559644,4.16260252534328
1.23,90,42,702.22186842378,4.1782729380642
1.23,90,45,685.191513300735,4.19354784223435
1.23,90,48,666.587732844507,4.20842816026385
1.23,90,51,646.609969998516,4.22292445664342
1.23,90,54,625.454886010474,4.23705429164314
1.23,90,57,603.315838573495,4.25084071018096
1.23,90,60,580.382519526992,4.26431194958398
1.23,90,63,556.840359283043,4.27750223059513
1.23,90,66,532.869478394198,4.29045332599756
1.23,90,69,508.643146243382,4.30321650844739
1.23,90,72,484.325856515858,4.31585447374518
1.23,90,75,460.071227749495,4.32844291166018
1.23,90,78,436.019979487229,4.34107153464243
1.23,90,81,412.298227502369,4.35384454775193
1.23,90,84,389.01629947037,4.36688071789697
1.23,90,87,366.268211065951,4.38031334071874
1.23,90,90,344.131874563703,4.39429047141286
1.23,90,93,322.670044881099,4.408975744736
1.23,90,96,301.931942954894,4.42454992816334
1.23,90,99,281.955430369507,4.44121301176443
1.23,90,102,262.769537991171,4.45918614186682
1.23,90,105,244.397073269782,4.47871208994305
1.23,90,108,226.856950206425,4.50005229923093
1.23,90,111,210.165815776317,4.52347802281356
1.23,90,114,194.338509816319,4.54925290072633
1.23,90,117,179.386924744049,4.57760486484866
1.23,90,120,165.316966763674,4.60868692636267
1.23,90,123,152.123600005031,4.64252954250832
1.23,90,126,139.784397218583,4.67899183996097
1.23,90,129,128.252588280069,4.71772408827579
1.23,90,132,117.451160122203,4.75815737504309
1.23,90,135,107.269885101988,4.79953562920815
1.23,90,138,97.5669731106755,4.84099827561243
1.23,90,141,88.1762208447124,4.8817109097334
1.23,90,144,78.9192340788749,4.9210336384668
1.23,90,147,69.621000593163,4.95872356130892
1.23,90,150,60.1263610017285,4.99520592492206
1.23,90,153,50.3151564516162,5.03205950452425
1.23,90,156,40.1153459762355,5.07321772166474
1.23,90,159,29.5180257078142,5.12889860212022
1.23,90,162,18.6226014989696,5.23379457641009
1.23,90,165,8.05683402595629,5.60957343323343
1.23,90,168,7.03876791128513,7.39214292702609
1.23,90,171,17.7297938191209,7.85879599182779
1.23,90,174,29.3089059168777,7.96564062943408
1.23,90,177,40.8317922306817,8.00952953662847
1.23,90,180,52.0241573755819,8.03200549248792
1.23,93,-180,52.0241573755819,1.80118006286816
1.23,93,-177,63.5535698053278,1.80395612065092
1.23,93,-174,74.4120141304227,1.80381558232607
1.23,93,-171,84.4345509784581,1.80263642366266
1.23,93,-168,93.4810225951282,1.80163402441041
1.23,93,-165,101.439701932927,1.80172631360838
1.23,93,-162,108.229773283954,1.80369086969805
1.23,93,-159,113.802572869,1.80824352917222
1.23,93,-156,118.141751037044,1.81608333361079
1.23,93,-153,121.262647733838,1.82792140732402
1.23,93,-150,123.211234895866,1.84450114266394
1.23,93,-147,124.062978871256,1.86661252202007
1.23,93,-144,123.921920291436,1.89510073777835
1.23,93,-141,122.920169586406,1.93086695169495
1.23,93,-138,121.217879665603,1.97485629142756
1.23,93,-135,119.003570018767,2.02802466018517
1.23,93,-132,116.494397326865,2.09127194425474
1.23,93,-129,113.93553913199,2.16532652359344
1.23,93,-126,111.597264358929,2.25056911250452
1.23,93,-123,109.767666224978,2.34680053331524
1.23,93,-120,108.738929887011,2.45299506204458
1.23,93,-117,108.78623008105,2.56713249756271
1.23,93,-114,110.141463715026,2.68623335667593
1.23,93,-111,112.968085345095,2.80667771149012
1.23,93,-108,117.345405384795,2.92475379495035
1.23,93,-105,123.268082129361,3.03724085907082
1.23,93,-102,130.660132405135,3.14180732895044
1.23,93,-99,139.397159459792,3.23712301086336
1.23,93,-96,149.329225095152,3.32273412182725
1.23,93,-93,160.29932608975,3.39882338737441
1.23,93,-90,172.155884362323,3.46596306773648
1.23,93,-87,184.759955593648,3.52491787762161
1.23,93,-84,197.988673251399,3.57651130604986
1.23,93,-81,211.736347473838,3.62154622909187
1.23,93,-78,225.914233707369,3.66076417524283
1.23,93,-75,240.449605086867,3.69482898631765
1.23,93,-72,255.284509218033,3.72432440413226
1.23,93,-69,270.374455184618,3.74975878547054
1.23,93,-66,285.687214775959,3.77157294918486
1.23,93,-63,301.201886185391,3.79014907309768
1.23,93,-60,316.90832290394,3.80581977084704
1.23,93,-57,332.806954486804,3.81887717300105
1.23,93,-54,348.90891509576,3.82958214594187
1.23,93,-51,365.236262268632,3.83817380181464
1.23,93,-48,381.821937895683,3.84487926521777
1.23,93,-45,398.709029631051,3.84992335330667
1.23,93,-42,415.948867736266,3.85353749205389
1.23,93,-39,433.597564308746,3.85596693457871
1.23,93,-36,451.710776094571,3.85747526087759
1.23,93,-33,470.336732765396,3.85834528496814
1.23,93,-30,489.507880641012,3.85887588548875
1.23,93,-27,509.231791569178,3.85937485125353
1.23,93,-24,529.48221796317,3.86014847202213
1.23,93,-21,550.191289043717,3.86148914987166
1.23,93,-18,571.243815899932,3.86366261596737
1.23,93,-15,592.474510080745,3.8668963348248
1.23,93,-12,613.668653904399,3.87137038044338
1.23,93,-9,634.566435998863,3.87721157677633
1.23,93,-6,654.870827737841,3.88449115114161
1.23,93,-3,674.258559936821,3.89322568409913
1.23,93,0,692.393486590348,3.90338083285271
1.23,93,3,708.94140716475,3.91487717388697
1.23,93,6,723.585272245861,3.92759751988571
1.23,93,9,736.039632206464,3.94139515585327
1.23,93,12,746.063219527881,3.95610254903925
1.23,93,15,753.468693887516,3.97154017252385
1.23,93,18,758.128826534217,3.98752512267082
1.23,93,21,759.978742078726,4.00387920871863
1.23,93,24,759.014237866839,4.02043616882233
1.23,93,27,755.286612888292,4.03704765087944
1.23,93,30,748.894799385563,4.05358761920911
1.23,93,33,739.975842357095,4.06995493198362
1.23,93,36,728.694871103591,4.0860739854231
1.23,93,39,715.23563509426,4.10189352464557
1.23,93,42,699.792448583447,4.11738394350482
1.23,93,45,682.564050870322,4.13253359037552
1.23,93,48,663.749510042068,4.14734471788105
1.23,93,51,643.545951589588,4.1618297308188
1.23,93,54,622.147641597584,4.17600829153469
1.23,93,57,599.745833227998,4.18990565614365
1.23,93,60,576.528798421239,4.20355237920526
1.23,93,63,552.681588383977,4.2169852880462
1.23,93,66,528.385252181062,4.23024943559868
1.23,93,69,503.815443430159,4.24340062311015
1.23,93,72,479.140518954648,4.25650805421548
1.23,93,75,454.519353578984,4.26965673575847
1.23,93,78,430.099152492049,4.28294936167381
1.23,93,81,406.013541819419,4.29650757882039
1.23,93,84,382.381173661173,4.31047270678492
1.23,93,87,359.305011643104,4.32500613174846
1.23,93,90,336.872382881374,4.34028967775038
1.23,93,93,315.155802656932,4.35652623395869
1.23,93,96,294.214502769732,4.3739407403999
1.23,93,99,274.096521326978,4.39278127017373
1.23,93,102,254.841135295033,4.41331937577015
1.23,93,105,236.481333112772,4.43584811216323
1.23,93,108,219.045934225532,4.46067530062447
1.23,93,111,202.560876996203,4.48810885746247
1.23,93,114,187.049141941637,4.5184307477859
1.23,93,117,172.528796888069,4.55185690160966
1.23,93,120,159.008804271922,4.58848295680173
1.23,93,123,146.482583259561,4.62822053483344
1.23,93,126,134.919906868846,4.6707356766373
1.23,93,129,124.258482706006,4.71540813261871
1.23,93,132,114.397302831377,4.76133338605732
1.23,93,135,105.194180426675,4.8073839229789
1.23,93,138,96.4694363142815,4.85233086777772
1.23,93,141,88.0163591628087,4.8950072517355
1.23,93,144,79.6172443109664,4.93448167776534
1.23,93,147,71.0622910851829,4.97021735816352
1.23,93,150,62.1680749114622,5.00222225118062
1.23,93,153,52.7928606817478,5.03126152157979
1.23,93,156,42.8473875228168,5.05936953134405
1.23,93,159,32.3018767737707,5.09153702342307
1.23,93,162,21.1962053825951,5.14322510517158
1.23,93,165,9.72391505863285,5.30302109514051
1.23,93,168,3.90833729305739,7.37552880629783
1.23,93,171,15.3810315749072,7.97457953199003
1.23,93,174,27.7133590695591,8.05040966297333
1.23,93,177,40.0093094747916,8.07511017935316
1.23,93,180,52.0241573755819,8.08436537004775
1.23,96,-180,52.024157375582,1.85353994042799
1.23,96,-177,64.3916309042102,1.84628697063707
1.23,96,-174,76.1235650353211,1.83798668792397
1.23,96,-171,87.0345880963479,1.82969289725489
1.23,96,-168,96.9636405479475,1.82218371038191
1.23,96,-165,105.778447562801,1.81612052898432
1.23,96,-162,113.378510019727,1.81211761569357
1.23,96,-159,119.696685812694,1.81077892631162
1.23,96,-156,124.699581442583,1.81272124792522
1.23,96,-153,128.387080884459,1.8185910571864
1.23,96,-150,130.791392322706,1.82907826116256
1.23,96,-147,131.975988701981,1.84492804000215
1.23,96,-144,132.034764041285,1.86695066372673
1.23,96,-141,131.091640988284,1.89602761968121
1.23,96,-138,129.300757526488,1.93311012349062
1.23,96,-135,126.847220725281,1.97920264585232
1.23,96,-132,123.94819406492,2.03531929485117
1.23,96,-129,120.853694881598,2.10239553430352
1.23,96,-126,117.845831029317,2.18113498925237
1.23,96,-123,115.234327064265,2.27177850570629
1.23,96,-120,113.345447785904,2.37381183580141
1.23,96,-117,112.501753601442,2.48568631868687
1.23,96,-114,112.992766214861,2.60469380818524
1.23,96,-111,115.041795634549,2.72714846512064
1.23,96,-108,118.7792143122,2.84891507679712
1.23,96,-105,124.232538946521,2.96612007389111
1.23,96,-102,131.336827432303,3.07575394559234
1.23,96,-99,139.959718154158,3.17594990093656
1.23,96,-96,149.930809206745,3.26592589224374
1.23,96,-93,161.0669146804,3.34572584553258
1.23,96,-90,173.189560052356,3.41591469435464
1.23,96,-87,186.13499786924,3.47732211741167
1.23,96,-84,199.758735403291,3.53086525281412
1.23,96,-81,213.936674222313,3.57744311609373
1.23,96,-78,228.564428131564,3.61788287112374
1.23,96,-75,243.555804012991,3.6529187397893
1.23,96,-72,258.841011550849,3.68318929949192
1.23,96,-69,274.364923261584,3.70924397368593
1.23,96,-66,290.085579887048,3.73155335776844
1.23,96,-63,305.973067811357,3.75052058162234
1.23,96,-60,322.008839557716,3.76649248681494
1.23,96,-57,338.185478740831,3.77977029190534
1.23,96,-54,354.506817303942,3.79061985206897
1.23,96,-51,370.98820062228,3.79928173339989
1.23,96,-48,387.656582358998,3.80598121750488
1.23,96,-45,404.550041079771,3.81093810975349
1.23,96,-42,421.7162724444,3.8143759236173
1.23,96,-39,439.209648425414,3.81652973578631
1.23,96,-36,457.086562249056,3.81765183382765
1.23,96,-33,475.398992318424,3.81801428011943
1.23,96,-30,494.186498397429,3.81790773337723
1.23,96,-27,513.467167898534,3.817636294383
1.23,96,-24,533.228305207467,3.81750870739986
1.23,96,-21,553.417846724778,3.81782683172377
1.23,96,-18,573.937545036068,3.81887275452635
1.23,96,-15,594.63887795246,3.82089612638918
1.23,96,-12,615.322412159872,3.82410321290565
1.23,96,-9,635.741022361293,3.82864880539967
1.23,96,-6,655.606984721671,3.83463162886131
1.23,96,-3,674.602578753244,3.84209336167942
1.23,96,0,692.393486590348,3.85102095529288
1.23,96,3,708.644003202129,3.86135167518094
1.23,96,6,723.032885979051,3.87298018101104
1.23,96,9,735.2685916976,3.88576698270974
1.23,96,12,745.102683385715,3.89954769150616
1.23,96,15,752.340343863042,3.91414257598469
1.23,96,18,756.847201930343,3.9293659975336
1.23,96,21,758.55204234749,3.94503532635533
1.23,96,24,757.445396087053,3.96097893949821
1.23,96,27,753.574441701684,3.97704290216175
1.23,96,30,747.035031582219,3.99309596405087
1.23,96,33,737.961929028494,4.00903258976874
1.23,96,36,726.518457501059,4.02477389720855
1.23,96,39,712.886701393578,4.04026659042028
1.23,96,42,697.259169957642,4.05548021138571
1.23,96,45,679.832487219637,4.07040325118766
1.23,96,48,660.803269914665,4.08503880555919
1.23,96,51,640.365980578642,4.09940049611544
1.23,96,54,618.712262184151,4.11350929511718
1.23,96,57,596.031116556896,4.12739170579467
1.23,96,60,572.509289819812,4.14107950286864
1.23,96,63,548.331350659981,4.15461098064951
1.23,96,66,523.679145707382,4.16803343745409
1.23,96,69,498.73053757289,4.18140647955846
1.23,96,72,473.657527939455,4.19480567134316
1.23,96,75,448.624008511777,4.20832608880172
1.23,96,78,423.783453047412,4.222085435778
1.23,96,81,399.276867189131,4.23622653182383
1.23,96,84,375.231263984436,4.25091914705087
1.23,96,87,351.758851600334,4.26636130699532
1.23,96,90,328.957024938765,4.28278027701857
1.23,96,93,306.909158719561,4.30043341106369
1.23,96,96,285.686112836533,4.31960885660693
1.23,96,99,265.348280572874,4.34062568796902
1.23,96,102,245.947930151149,4.36383234861067
1.23,96,105,227.531501974498,4.38960131740384
1.23,96,108,210.141423713274,4.41831676862917
1.23,96,111,193.816900574525,4.450350948814
1.23,96,114,178.593056921184,4.48602462350889
1.23,96,117,164.497806672408,4.52554822207198
1.23,96,120,151.546007322623,4.56894448405945
1.23,96,123,139.730918257662,4.6159614181882
1.23,96,126,129.013807537919,4.66599543768588
1.23,96,129,119.313639731402,4.71805437962237
1.23,96,132,110.499754547907,4.77079087891075
1.23,96,135,102.390686826796,4.82262100594933
1.23,96,138,94.7612545279737,4.87191275184494
1.23,96,141,87.3578479393836,4.91719868570094
1.23,96,144,79.9194014182196,4.95735680911581
1.23,96,147,72.2000153332504,4.9917217064135
1.23,96,150,63.989235378527,5.02012474713019
1.23,96,153,55.1272658473495,5.04290275372467
1.23,96,156,45.5140615739312,5.06096713353605
1.23,96,159,35.1126543646648,5.07618525226748
1.23,96,162,23.9482647973464,5.09321989153951
1.23,96,165,12.1095280385083,5.13318629488499
1.23,96,168,1.04009619846808,6.96285154424829
1.23,96,171,13.2042027352566,8.10985926336834
1.23,96,174,26.2099882749713,8.13845247662378
1.23,96,177,39.2250054196714,8.14114672166422
1.23,96,180,52.024157375582,8.13672524760758
1.23,99,-180,52.024157375582,1.90589981798782
1.23,99,-177,65.1995246207799,1.88882758905853
1.23,99,-174,77.7825409087975,1.87278691603925
1.23,99,-171,89.5668865029802,1.85789407568343
1.23,99,-168,100.370881237407,1.84445614446586
1.23,99,-165,110.042380930028,1.83286926304166
1.23,99,-162,118.462099639695,1.82358422302192
1.23,99,-159,125.545439281322,1.81709566378376
1.23,99,-156,131.243060320123,1.81394086444044
1.23,99,-153,135.540537618137,1.81470306767306
1.23,99,-150,138.457496436481,1.8200173914033
1.23,99,-147,140.046612402514,1.83057845940945
1.23,99,-144,140.39280073548,1.84714895843787
1.23,99,-141,139.612838126816,1.87056760446291
1.23,99,-138,137.855572858685,1.90175331830259
1.23,99,-135,135.302777578719,1.94169942635104
1.23,99,-132,132.170536083996,1.99144707242541
1.23,99,-129,128.7107342752,2.05202092326879
1.23,99,-126,125.211622400677,2.12430460053994
1.23,99,-123,121.995465995544,2.20883395682751
1.23,99,-120,119.410211662404,2.30550504328955
1.23,99,-117,117.811658327463,2.41324402920178
1.23,99,-114,117.534322339174,2.52976499693805
1.23,99,-111,118.854191002393,2.65159748851005
1.23,99,-108,121.953385047565,2.77450659653072
1.23,99,-105,126.900080246987,2.89422284144539
1.23,99,-102,133.651963676325,3.00718724044086
1.23,99,-99,142.080400073237,3.1110051244094
1.23,99,-96,152.00402998822,3.204503084709
1.23,99,-93,163.220168414965,3.28749855561174
1.23,99,-90,175.527657528997,3.36046543186873
1.23,99,-87,188.740339405693,3.42422993364923
1.23,99,-84,202.693247030425,3.47975115855801
1.23,99,-81,217.244194185743,3.52798680151805
1.23,99,-78,232.272906085422,3.56982308730594
1.23,99,-75,247.679079033481,3.60604595411972
1.23,99,-72,263.380164520478,3.63733575470707
1.23,99,-69,279.309300907071,3.66427383873758
1.23,99,-66,295.413609293308,3.68735416191179
1.23,99,-63,311.652958728788,3.70699627200043
1.23,99,-60,327.99923530132,3.72355798901461
1.23,99,-57,344.436086097023,3.73734722172299
1.23,99,-54,360.959035937943,3.74863294295142
1.23,99,-51,377.575788847464,3.75765557319595
1.23,99,-48,394.306434450437,3.76463701443421
1.23,99,-45,411.18319716785,3.76979041191027
1.23,99,-42,428.249313927336,3.77332946379828
1.23,99,-39,445.556627276998,3.77547680960349
1.23,99,-36,463.161555911963,3.77647077742492
1.23,99,-33,481.119265725495,3.77656963222588
1.23,99,-30,499.47610818315,3.77605250931688
1.23,99,-27,518.260694940079,3.77521647833093
1.23,99,-24,537.474292441755,3.77436965007557
1.23,99,-21,557.08148677333,3.77382083302602
1.23,99,-18,577.002224792881,3.77386683271109
1.23,99,-15,597.106336379544,3.77477891166371
1.23,99,-12,617.21146938733,3.77679007116073
1.23,99,-9,637.085045172168,3.7800846419075
1.23,99,-6,656.450419899107,3.78479123868113
1.23,99,-3,674.996981367042,3.79097957327681
1.23,99,0,692.393486590348,3.79866107773305
1.23,99,3,708.30360165619,3.80779287780559
1.23,99,6,722.402374658295,3.81828442352326
1.23,99,9,734.39227191398,3.8300060155527
1.23,99,12,744.017443455092,3.84279850942014
1.23,99,15,751.075053647718,3.8564835700885
1.23,99,18,755.422805042739,3.87087393538927
1.23,99,21,756.982174287244,3.88578320190205
1.23,99,24,755.737329768101,3.90103467145965
1.23,99,27,751.730159476809,3.91646881186443
1.23,99,30,745.052243488389,3.93194892350186
1.23,99,33,735.834898039189,3.94736469445719
1.23,99,36,724.238549517321,3.96263348705926
1.23,99,39,710.442643162665,3.9776994229239
1.23,99,42,694.637062112983,3.99253059140053
1.23,99,45,677.015671160156,4.00711494884264
1.23,99,48,657.772176764095,4.02145564880491
1.23,99,51,637.09809272206,4.03556660302273
1.23,99,54,615.182293669852,4.04946900252652
1.23,99,57,592.211474869627,4.06318934183692
1.23,99,60,568.370829298529,4.07675922814977
1.23,99,63,543.844379417767,4.09021697688118
1.23,99,66,518.814613535972,4.10361074822428
1.23,99,69,493.461317873158,4.11700280557922
1.23,99,72,467.959712927318,4.1304743949404
1.23,99,75,442.478159869804,4.1441307542773
1.23,99,78,417.175782703032,4.15810584849462
1.23,99,81,392.200356547467,4.17256656377492
1.23,99,84,367.686756759995,4.18771625336831
1.23,99,87,343.756169400446,4.20379766696714
1.23,99,90,320.516152992338,4.22109537027115
1.23,99,93,298.061532041709,4.23993770975313
1.23,99,96,276.476003956193,4.26069812374332
1.23,99,99,255.834253209007,4.28379505517825
1.23,99,102,236.204281743841,4.30968879588911
1.23,99,105,217.649569423156,4.33887224305548
1.23,99,108,200.230560787102,4.37185086785569
1.23,99,111,184.004835118897,4.40910558696696
1.23,99,114,169.0251868316,4.45103166281991
1.23,99,117,155.334807412202,4.4978490206534
1.23,99,120,142.958974982589,4.54948686831059
1.23,99,123,131.893327632181,4.6054598875135
1.23,99,126,122.09005213498,4.66477220674053
1.23,99,129,113.444968437513,4.7258989527937
1.23,99,132,105.789793635327,4.78688738216878
1.23,99,135,98.8937218573568,4.84558068843313
1.23,99,138,92.4762179008878,4.89991124465504
1.23,99,141,86.2293272569821,4.94817246917588
1.23,99,144,79.8447689570338,4.9891883857302
1.23,99,147,73.0402069271515,5.02234887015965
1.23,99,150,65.5804275013117,5.0475292744953
1.23,99,153,57.2914457031938,5.06493351907347
1.23,99,156,48.0675411809523,5.07487729708117
1.23,99,159,37.8723541803281,5.07743388854222
1.23,99,162,26.735642208541,5.07145004195123
1.23,99,165,14.748311159948,5.04894176937857
1.23,99,168,2.12069869785717,4.7838400772383
1.23,99,171,11.2390270773844,1.98922537836898
1.23,99,174,24.8056182605806,1.94676813529224
1.23,99,177,38.4810308404016,1.92441411451955
1.23,99,180,52.024157375582,1.90589981798782
1.23,102,-180,52.024157375582,1.95825969554766
1.23,102,-177,65.9747024679004,1.93158850198179
1.23,102,-174,79.382964527468,1.90820383867022
1.23,102,-171,92.0212363363464,1.88718116333164
1.23,102,-168,103.687599863066,1.86832806785903
1.23,102,-165,114.210777022322,1.85176899467838
1.23,102,-162,123.453594296173,1.83779196036717
1.23,102,-159,131.314974320245,1.8267852032686
1.23,102,-156,137.730646602844,1.81920972684279
1.23,102,-153,142.672916799402,1.81558812502593
1.23,102,-150,146.14989089625,1.81650188891876
1.23,102,-147,148.204533432595,1.8225938618561
1.23,102,-144,148.913873471982,1.83457408877985
1.23,102,-141,148.388590742356,1.85322737202379
1.23,102,-138,146.773140172173,1.87941971750288
1.23,102,-135,144.246501417022,1.91409839908369
1.23,102,-132,141.023524042203,1.95827627409688
1.23,102,-129,137.35658310416,2.01298516699685
1.23,102,-126,133.536731875519,2.07917671160282
1.23,102,-123,129.892631871583,2.15754624529037
1.23,102,-120,126.784345360338,2.24826599745128
1.23,102,-117,124.588197243635,2.35065253344008
1.23,102,-114,123.669734621908,2.46286666514869
1.23,102,-111,124.345955150097,2.58182003481685
1.23,102,-108,126.845150027015,2.70345482820938
1.23,102,-105,131.278418124924,2.82339901222919
1.23,102,-102,137.634740742026,2.93775774992565
1.23,102,-99,145.800785466356,3.04370124250526
1.23,102,-96,155.595381892596,3.13965592931579
1.23,102,-93,166.805190429085,3.22514780661614
1.23,102,-90,179.212485130342,3.30047821428435
1.23,102,-87,192.612459532798,3.36639448973762
1.23,102,-84,206.821691031366,3.42383693066979
1.23,102,-81,221.680733848831,3.47377654321306
1.23,102,-78,237.053474036697,3.51712620888242
1.23,102,-75,252.82505005402,3.55470104329524
1.23,102,-72,268.899400790863,3.5872077370874
1.23,102,-69,285.196999110651,3.61524906982361
1.23,102,-66,301.653030837844,3.63933521749521
1.23,102,-63,318.216114357271,3.65989723778141
1.23,102,-60,334.847563662167,3.67730047107322
1.23,102,-57,351.521137167477,3.69185697146009
1.23,102,-54,368.223161670227,3.70383683300778
1.23,102,-51,384.952862696513,3.71347863478016
1.23,102,-48,401.722665075892,3.72099933013133
1.23,102,-45,418.558155159158,3.7266038297335
1.23,102,-42,435.497331616635,3.73049432355536
1.23,102,-39,452.588736587997,3.73287910013946
1.23,102,-36,469.888079997638,3.73398030916561
1.23,102,-33,487.453073059362,3.73403985067062
1.23,102,-30,505.336387612398,3.73332244891359
1.23,102,-27,523.576949709318,3.73211506015699
1.23,102,-24,542.190123615358,3.73072211146658
1.23,102,-21,561.157682783285,3.7294566414103
1.23,102,-18,580.418718302097,3.72862809996538
1.23,102,-15,599.862729731836,3.728528190167
1.23,102,-12,619.326035313971,3.72941652008931
1.23,102,-9,638.592331647384,3.731507867419
1.23,102,-6,657.397776626165,3.73496253825276
1.23,102,-3,675.440443682673,3.73988073460027
1.23,102,0,692.393486590348,3.74630120017322
1.23,102,3,707.92093419202,3.75420385268025
1.23,102,6,721.694750188163,3.76351573326326
1.23,102,9,733.411666280085,3.7741194310015
1.23,102,12,742.808330448977,3.78586313046992
1.23,102,15,749.673496427422,3.7985715113966
1.23,102,18,753.856296347256,3.81205683304591
1.23,102,21,755.27005670892,3.82612961821322
1.23,102,24,753.891596665478,3.84060840064369
1.23,102,27,749.75643343291,3.85532803102218
1.23,102,30,742.950750423871,3.87014608280095
1.23,102,33,733.601297498224,3.88494699469223
1.23,102,36,721.864539262177,3.89964375418006
1.23,102,39,707.916320394566,3.9141771651408
1.23,102,42,691.943083765488,3.92851302412518
1.23,102,45,674.13530107205,3.94263780271477
1.23,102,48,654.683329956315,3.95655363737135
1.23,102,51,633.775483296911,3.97027351313047
1.23,102,54,611.597766027094,3.98381747008266
1.23,102,57,588.334556463173,3.99721047354078
1.23,102,60,564.169498496745,4.01048231271728
1.23,102,63,539.286005322475,4.023669588239
1.23,102,66,513.867003787049,4.03681957501843
1.23,102,69,488.093808646956,4.04999554819285
1.23,102,72,462.14425085693,4.06328305852818
1.23,102,75,436.190353201828,4.07679664086663
1.23,102,78,410.395931521253,4.09068651922596
1.23,102,81,384.914502011685,4.10514500823948
1.23,102,84,359.887810817045,4.12041246797817
1.23,102,87,335.445195117688,4.13678280429631
1.23,102,90,311.703859852823,4.15460856260832
1.23,102,93,288.770031130537,4.17430556070502
1.23,102,96,266.740837816494,4.19635663611361
1.23,102,99,245.706677224482,4.22131329900816
1.23,102,102,225.753727826234,4.24979270931093
1.23,102,105,206.966159797094,4.28246529072678
1.23,102,108,189.427437738669,4.32002549541455
1.23,102,111,173.219896414607,4.36313532155783
1.23,102,114,158.421532712567,4.41232890297869
1.23,102,117,145.098827270937,4.46787042810595
1.23,102,120,133.294672406069,4.52957202524463
1.23,102,123,123.011548849018,4.5966065613029
1.23,102,126,114.192227191622,4.66738600004425
1.23,102,129,106.703013302819,4.73959412243447
1.23,102,132,100.326286457434,4.81042828250398
1.23,102,135,94.7677179151492,4.87701147391294
1.23,102,138,89.678692883369,4.93683740483065
1.23,102,141,84.6886903737074,4.98808805858877
1.23,102,144,79.4394172498395,5.02973571385354
1.23,102,147,73.6136945561591,5.061444779073
1.23,102,150,66.9556457912328,5.08334553347262
1.23,102,153,59.2820300216646,5.09573620033461
1.23,102,156,50.4863582761544,5.0986855180713
1.23,102,159,40.5380231738451,5.09128203722488
1.23,102,162,29.4793766305233,5.06932300236477
1.23,102,165,17.4308415146925,5.01304573681211
1.23,102,168,4.81338948715738,4.67290410288574
1.23,102,171,9.54594107349231,2.18920812227282
1.23,102,174,23.5070168607948,2.04185456005121
1.23,102,177,37.7793759887236,1.99123587087268
1.23,102,180,52.024157375582,1.95825969554766
1.23,105,-180,52.024157375582,2.01061957310749
1.23,105,-177,66.7146869969922,1.97457933858714
1.23,105,-174,80.9190035437553,1.94422528035846
1.23,105,-171,94.3877145398051,1.91750024288157
1.23,105,-168,106.899198650744,1.89368915911787
1.23,105,-165,118.263886524352,1.87264039474779
1.23,105,-162,128.327674533656,1.85448046307904
1.23,105,-159,136.973998613454,1.839494088593
1.23,105,-156,144.124654270205,1.82806910499319
1.23,105,-153,149.739672383701,1.82067019580881
1.23,105,-150,153.81663430906,1.81782720072989
1.23,105,-147,156.389789514916,1.82013190515384
1.23,105,-144,157.529267469176,1.82824038328985
1.23,105,-141,157.340594499098,1.84287880134289
1.23,105,-138,155.964663295027,1.86484995995231
1.23,105,-135,153.578253913365,1.89503589103206
1.23,105,-132,150.395124160187,1.93438834671883
1.23,105,-129,146.667481928139,1.98389391441754
1.23,105,-126,142.687195870077,2.04449446082162
1.23,105,-123,138.785280008937,2.11693970282923
1.23,105,-120,135.327034495711,2.20155456906754
1.23,105,-117,132.699186255495,2.29793243490723
1.23,105,-114,131.285612493249,2.40462609505008
1.23,105,-111,131.431388373083,2.51898438182712
1.23,105,-108,133.401442319234,2.63730602233247
1.23,105,-105,137.346805854087,2.75537148807415
1.23,105,-102,143.291962218411,2.86919138340949
1.23,105,-99,151.148131213695,2.97565663430541
1.23,105,-96,160.745253839997,3.07284664711521
1.23,105,-93,171.86921629146,3.15997276607292
1.23,105,-90,184.293266798411,3.23710286131225
1.23,105,-87,197.799013905223,3.3048363360952
1.23,105,-84,212.187597965599,3.36403313149175
1.23,105,-81,227.283857609771,3.41562882486402
1.23,105,-78,242.936406851681,3.46052690914649
1.23,105,-75,259.015784314538,3.49954611322376
1.23,105,-72,275.412013629767,3.53340179922805
1.23,105,-69,292.032297902437,3.56270614292677
1.23,105,-66,308.799180129801,3.58797737068096
1.23,105,-63,325.649276367886,3.60965244432594
1.23,105,-60,342.532567298277,3.62810026666699
1.23,105,-57,359.412170706086,3.64363410503518
1.23,105,-54,376.264480590058,3.65652286503551
1.23,105,-51,393.079525903888,3.66700134786424
1.23,105,-48,409.861358138752,3.67527984467879
1.23,105,-45,426.628215340998,3.68155344047354
1.23,105,-42,443.41213546487,3.68601125903951
1.23,105,-39,460.257622913027,3.68884561151973
1.23,105,-36,477.218940465307,3.69026065867
1.23,105,-33,494.355642918658,3.69047983324585
1.23,105,-30,511.72612157677,3.68975099395678
1.23,105,-27,529.379202240253,3.68834820719577
1.23,105,-24,547.344210985523,3.68656926465522
1.23,105,-21,565.620329620401,3.68472856423223
1.23,105,-18,584.166413838201,3.68314572899069
1.23,105,-15,602.892643365598,3.68213113790727
1.23,105,-12,621.655342664017,3.68197016872888
1.23,105,-9,640.256033999049,3.68290821936054
1.23,105,-6,658.445304815881,3.68513840524749
1.23,105,-3,675.931479089276,3.68879329505454
1.23,105,0,692.393486590348,3.69394132261339
1.23,105,3,707.496821090991,3.70058780589152
1.23,105,6,720.91113266668,3.70867997024753
1.23,105,9,732.327839148584,3.71811507815249
1.23,105,12,741.476168189996,3.72875068777161
1.23,105,15,748.136237761957,3.74041612291203
1.23,105,18,752.148122287228,3.75292435185127
1.23,105,21,753.41629864459,3.76608357972626
1.23,105,24,751.90937562378,3.77970793226944
1.23,105,27,747.655526078369,3.79362665667095
1.23,105,30,740.734499067592,3.80769132067147
1.23,105,33,731.267425407813,3.82178059288862
1.23,105,36,719.405791225232,3.83580236446868
1.23,105,39,705.320911519394,3.84969322838324
1.23,105,42,689.194995390943,3.86341564079602
1.23,105,45,671.214500976078,3.87695339454675
1.23,105,48,651.566008188814,3.89030627133556
1.23,105,51,630.434384195599,3.90348484906157
1.23,105,54,608.00266689039,3.91650639510833
1.23,105,57,584.452904206666,3.92939258507266
1.23,105,60,559.967179154221,3.94216949453374
1.23,105,63,534.728197200176,3.95486998403987
1.23,105,66,508.919058656136,3.96753830014001
1.23,105,69,482.722116538168,3.98023649788609
1.23,105,72,456.317068520773,3.99305217882251
1.23,105,75,429.878607549502,4.0061070354352
1.23,105,78,403.57404055806,4.01956578229857
1.23,105,81,377.561281348909,4.03364520717885
1.23,105,84,351.987550208415,4.04862325402475
1.23,105,87,326.988995165903,4.06484820419822
1.23,105,90,302.691314641054,4.08274808207335
1.23,105,93,279.211330277169,4.10284026939883
1.23,105,96,256.659344254378,4.1257408025617
1.23,105,99,235.1420161331,4.15217169235108
1.23,105,102,214.765392240519,4.18296248442508
1.23,105,105,195.63757893976,4.21903874508064
1.23,105,108,177.87031801364,4.26138496352055
1.23,105,111,161.578351594603,4.31096315039652
1.23,105,114,146.87497380871,4.36856425904334
1.23,105,117,133.86176302666,4.43457521796315
1.23,105,120,122.610735431986,4.50867278795011
1.23,105,123,113.13898738093,4.58951647760739
1.23,105,126,105.379960909231,4.67458881730419
1.23,105,129,99.1606128530298,4.76035390646306
1.23,105,132,94.1959923151311,4.84279205662225
1.23,105,135,90.1078567611377,4.91814467774065
1.23,105,138,86.463370740243,4.98355174357314
1.23,105,141,82.8213709000932,5.03733806003426
1.23,105,144,78.7732880019265,5.07892609680742
1.23,105,147,73.9718442692574,5.1085171111339
1.23,105,150,68.1471255770484,5.12669521520528
1.23,105,153,61.1130001242186,5.13401946992278
1.23,105,156,52.7673836535622,5.13052925321891
1.23,105,159,43.0893994800245,5.11480425144247
1.23,105,162,32.1374524691238,5.08109361491697
1.23,105,165,20.0650388839759,5.00534023766352
1.23,105,168,7.40786924198478,4.68071177929042
1.23,105,171,8.21328046402461,2.43671345771994
1.23,105,174,22.3207521266685,2.14056578909441
1.23,105,177,37.1218601264297,2.05837199087492
1.23,105,180,52.024157375582,2.01061957310749
1.23,108,-180,52.024157375582,2.06297945066732
1.23,108,-177,67.4170820700886,2.0178089165085
1.23,108,-174,82.3849933214079,1.98083939089224
1.23,108,-171,96.6567064810594,1.94880184446579
1.23,108,-168,109.991616389939,1.92044049183949
1.23,108,-165,122.182844731415,1.89532507859707
1.23,108,-162,133.060409947854,1.87342229061645
1.23,108,-159,142.493310547375,1.85491602598755
1.23,108,-156,150.390430069119,1.84012367170757
1.23,108,-153,156.700515546127,1.82945444393438
1.23,108,-150,161.411584857474,1.82338853871114
1.23,108,-147,164.550100019726,1.82246805005894
1.23,108,-144,166.180169108912,1.8272954049888
1.23,108,-141,166.402961242656,1.83853666042698
1.23,108,-138,165.356467411423,1.85692683619026
1.23,108,-135,163.215710003661,1.88327293001214
1.23,108,-132,160.193447922385,1.91844737370478
1.23,108,-129,156.541254015375,1.96336041249411
1.23,108,-126,152.550442442811,2.01889476289293
1.23,108,-123,148.55159407621,2.08578222248665
1.23,108,-120,144.910382774385,2.16440548111476
1.23,108,-117,142.016387742583,2.25452934564676
1.23,108,-114,140.261522231532,2.3550132834284
1.23,108,-111,140.007055246504,2.46362292996729
1.23,108,-108,141.543709975053,2.57709375647466
1.23,108,-105,145.055886025168,2.69153329401119
1.23,108,-102,150.603304457049,2.80307026177239
1.23,108,-99,158.127310579451,2.90849492498966
1.23,108,-96,167.477907459036,3.00564099430521
1.23,108,-93,178.449707872817,3.09342924711794
1.23,108,-90,190.815063691346,3.171666731939
1.23,108,-87,204.348014730887,3.24075479896494
1.23,108,-84,218.838242889335,3.30141994379634
1.23,108,-81,234.097245178247,3.35451607105361
1.23,108,-78,249.959618630989,3.40090091817781
1.23,108,-75,266.281839813454,3.4413699125136
1.23,108,-72,282.940122035033,3.47662790207085
1.23,108,-69,299.828251211325,3.50728307631103
1.23,108,-66,316.855831685682,3.53385244735286
1.23,108,-63,333.947087848191,3.55677241271202
1.23,108,-60,351.040212046981,3.57641079717998
1.23,108,-57,368.087176481856,3.59307860148458
1.23,108,-54,385.053899059733,3.60704079447281
1.23,108,-51,401.92063998061,3.61852612994586
1.23,108,-48,418.682482003788,3.62773630859116
1.23,108,-45,435.349695949743,3.63485492217093
1.23,108,-42,451.947710547965,3.64005654737678
1.23,108,-39,468.516307258665,3.64351612136527
1.23,108,-36,485.107580744171,3.64541836280439
1.23,108,-33,501.782192610321,3.64596656621084
1.23,108,-30,518.603548548827,3.6453896978834
1.23,108,-27,535.629776925468,3.64394649142588
1.23,108,-24,552.903771966673,3.64192530679784
1.23,108,-21,570.442029640081,3.63963894974567
1.23,108,-18,588.223447667496,3.63741441288098
1.23,108,-15,606.179561957665,3.63557843412411
1.23,108,-12,624.187748323121,3.6344406199757
1.23,108,-9,642.068685697927,3.63427639423796
1.23,108,-6,659.588886213098,3.63531205311636
1.23,108,-3,676.468445801789,3.63771374792292
1.23,108,0,692.393486590348,3.64158144505356
1.23,108,3,707.032171220694,3.64694807206915
1.23,108,6,720.052754058914,3.65378336320808
1.23,108,9,731.141933284268,3.66200148379539
1.23,108,12,740.021781349739,3.67147134536956
1.23,108,15,746.46373619418,3.68202854841499
1.23,108,18,750.298497179425,3.69348800752718
1.23,108,21,751.421146288562,3.70565644216431
1.23,108,24,749.791357084853,3.71834401274448
1.23,108,27,745.429102256005,3.73137444748646
1.23,108,30,738.406758436782,3.74459307181208
1.23,108,33,728.838866862428,3.75787226284373
1.23,108,36,716.870983847912,3.77111404103184
1.23,108,39,702.669014800782,3.78424978749423
1.23,108,42,686.410174940537,3.79723741257375
1.23,108,45,668.276305989059,3.81005664037725
1.23,108,48,648.449782893446,3.82270334234064
1.23,108,51,627.111768003087,3.8351839854466
1.23,108,54,604.442205118479,3.84751122397487
1.23,108,57,580.620754897335,3.85970146689363
1.23,108,60,555.827873400713,3.87177494485414
1.23,108,63,530.245398591962,3.88375845262408
1.23,108,66,504.056274311657,3.89569062713939
1.23,108,69,477.443334599196,3.907629393722
1.23,108,72,450.587328267661,3.91966110318355
1.23,108,75,423.664540939767,3.93191089490967
1.23,108,78,396.844451901389,3.94455394058489
1.23,108,81,370.287851623517,3.95782742213992
1.23,108,84,344.145763732634,3.97204333802819
1.23,108,87,318.559390990231,3.98760246240873
1.23,108,90,293.661167035446,4.00500992273056
1.23,108,93,269.576867278251,4.02489277664779
1.23,108,96,246.428625935411,4.04801941578254
1.23,108,99,224.338618131185,4.07531916816956
1.23,108,102,203.433068562385,4.10789737758051
1.23,108,105,183.846079341329,4.14703538689801
1.23,108,108,165.722423963724,4.19415494095933
1.23,108,111,149.217795285252,4.25071226739468
1.23,108,114,134.493943559642,4.31797291130159
1.23,108,117,121.704950281992,4.39662088614229
1.23,108,120,110.970679128404,4.48621012346426
1.23,108,123,102.336579943135,4.58460823356112
1.23,108,126,95.7275985012082,4.68776961099423
1.23,108,129,90.9150283571953,4.79019997246734
1.23,108,132,87.5176937260534,4.88611763833429
1.23,108,135,85.0438222400583,4.9707735660029
1.23,108,138,82.95697248431,5.04124882543102
1.23,108,141,80.7396621573341,5.09648151860633
1.23,108,144,77.9376762694815,5.13677329017136
1.23,108,147,74.1829338733303,5.16315480390859
1.23,108,150,69.2010933807906,5.17683037108897
1.23,108,153,62.8109084363755,5.17871937566079
1.23,108,156,54.9201190990618,5.16894485396268
1.23,108,159,45.5208992404556,5.14583785941226
1.23,108,162,34.6891962534747,5.10289789682948
1.23,108,165,22.6089669686097,5.01498919025341
1.23,108,168,9.87664682591487,4.71197365193632
1.23,108,171,7.35062396857404,2.7330589812776
1.23,108,174,21.2529758803066,2.24281764649607
1.23,108,177,36.5101217824638,2.12576013034429
1.23,108,180,52.024157375582,2.06297945066732
1.23,111,-180,52.024157375582,2.11533932822715
1.23,111,-177,68.0795829019847,2.06128532213509
1.23,111,-174,83.7754591351827,2.01803469964903
1.23,111,-171,98.8189278930172,1.98104053821041
1.23,111,-168,112.951323385952,1.94849314884183
1.23,111,-165,125.949598461793,1.91968273513554
1.23,111,-162,137.629061629557,1.89441812020001
1.23,111,-159,147.845403772353,1.8727847982291
1.23,111,-156,156.495668417325,1.85503197292405
1.23,111,-153,163.518329746511,1.84151538428891
1.23,111,-150,168.892789718563,1.83266730389991
1.23,111,-147,172.638595783772,1.82898154525052
1.23,111,-144,174.814608542457,1.83100782617695
1.23,111,-141,175.518277347518,1.83935217432353
1.23,111,-138,174.885143646285,1.85468032457286
1.23,111,-135,173.088678841829,1.87771991832302
1.23,111,-132,170.340525236944,1.90925496295658
1.23,111,-129,166.891060749823,1.95010253923764
1.23,111,-126,163.029850321915,2.00105766445015
1.23,111,-123,159.084899254537,2.06278934717303
1.23,111,-120,155.418706845487,2.1356736109086
1.23,111,-117,152.418213809809,2.21956521495739
1.23,111,-114,150.47558670922,2.31354633746623
1.23,111,-111,149.958552817059,2.41574287645591
1.23,111,-108,151.173448840819,2.52333413426946
1.23,111,-105,154.329941903218,2.63284394863165
1.23,111,-102,159.519377349351,2.74067036191492
1.23,111,-99,166.714949210757,2.84366466166299
1.23,111,-96,175.792635600419,2.93953736572704
1.23,111,-93,186.563629802431,3.02698077507291
1.23,111,-90,198.807107387915,3.10555024857338
1.23,111,-87,212.295918368167,3.17542561042398
1.23,111,-84,226.812972341188,3.23716305244821
1.23,111,-81,242.15958759379,3.29149702100852
1.23,111,-78,258.158350088519,3.33920677604836
1.23,111,-75,274.652889512382,3.38103856688336
1.23,111,-72,291.506317084067,3.41766733924694
1.23,111,-69,308.599389889788,3.44968321782743
1.23,111,-66,325.828949484092,3.47759191432959
1.23,111,-63,343.106846312489,3.50182200673152
1.23,111,-60,360.359370579174,3.52273490824013
1.23,111,-57,377.527121008095,3.54063528963434
1.23,111,-54,394.565215578615,3.55578096410872
1.23,111,-51,411.443746307145,3.56839201449807
1.23,111,-48,428.148370518356,3.5786593929291
1.23,111,-45,444.680888110581,3.58675343466984
1.23,111,-42,461.059566710764,3.59283273392102
1.23,111,-39,477.318854527855,3.59705364180072
1.23,111,-36,493.507999134901,3.59958028686536
1.23,111,-33,509.688024667712,3.60059454050488
1.23,111,-30,525.926571829314,3.60030485483384
1.23,111,-27,542.290321209377,3.59895253329101
1.23,111,-24,558.835108118151,3.59681391160445
1.23,111,-21,575.59434733857,3.59419724678765
1.23,111,-18,592.566913186213,3.59143384919112
1.23,111,-15,609.706024561937,3.58886401693927
1.23,111,-12,626.910835966885,3.58681938107908
1.23,111,-9,644.022260268894,3.58560403230732
1.23,111,-6,660.824061470585,3.58547704058857
1.23,111,-3,677.049554884892,3.58663863943973
1.23,111,0,692.393486590348,3.58922156749373
1.23,111,3,706.527982027758,3.5932881069284
1.23,111,6,719.120962502072,3.59883250182628
1.23,111,9,729.855178887553,3.60578785373345
1.23,111,12,738.44600570458,3.61403631798666
1.23,111,15,744.656347410601,3.62342139822435
1.23,111,18,748.307390036559,3.63376124643219
1.23,111,21,749.284437046306,3.64486201978237
1.23,111,24,747.537644265909,3.65653046407497
1.23,111,27,743.078052134515,3.66858497785111
1.23,111,30,735.969833693883,3.68086449118529
1.23,111,33,726.320061850835,3.69323461584094
1.23,111,36,714.267489097193,3.70559072863643
1.23,111,39,699.971793234435,3.71785794939701
1.23,111,42,683.604479448509,3.72998834192992
1.23,111,45,665.342192766622,3.74195603876724
1.23,111,48,645.362673957014,3.75375128789542
1.23,111,51,623.843093616509,3.76537457108854
1.23,111,54,600.960122731365,3.77683191159325
1.23,111,57,576.890908519074,3.78813228389054
1.23,111,60,551.814137389827,3.7992877134825
1.23,111,63,525.910548780168,3.81031628839024
1.23,111,66,499.362546852625,3.8212479756398
1.23,111,69,472.352863145513,3.83213290651508
1.23,111,72,445.062484584028,3.8430516974694
1.23,111,75,417.668234910435,3.85412741684801
1.23,111,78,390.340469030335,3.86553897971497
1.23,111,81,363.241318420058,3.87753603212515
1.23,111,84,336.523836421837,3.89045574355888
1.23,111,87,310.332266356025,3.90474232286929
1.23,111,90,284.803523799393,3.92097044215819
1.23,111,93,260.069872373209,3.93987395857319
1.23,111,96,236.262694831316,3.96238107308185
1.23,111,99,213.517215525607,3.98965573037417
1.23,111,102,191.977982688334,4.02314135203168
1.23,111,105,171.804778256687,4.06459442192725
1.23,111,108,153.178196555818,4.11607784728245
1.23,111,111,136.303078582697,4.17985249107882
1.23,111,114,121.405862086419,4.25806110719829
1.23,111,117,108.718658505033,4.35207201277524
1.23,111,120,98.4404231137517,4.46143702047513
1.23,111,123,90.6701466790235,4.5827648503033
1.23,111,126,85.3264661131612,4.70934454534194
1.23,111,129,82.0957007605576,4.83238460209206
1.23,111,132,80.4519482875862,4.94357254404816
1.23,111,135,79.7473174861487,5.03731968287013
1.23,111,138,79.3216071969766,5.111390774478
1.23,111,141,78.5824127179661,5.16613252857001
1.23,111,144,77.042710835109,5.20327230913733
1.23,111,147,74.3286649211442,5.22494192317446
1.23,111,150,70.173993386359,5.23305803724824
1.23,111,153,64.4110020343826,5.22891644182407
1.23,111,156,56.9625032010195,5.21274618133994
1.23,111,159,47.8363541271676,5.18274629636055
1.23,111,162,37.1264796457103,5.13207242211148
1.23,111,165,25.0435057423092,5.03585395759769
1.23,111,168,12.2173788591236,4.75152389560567
1.23,111,171,7.04354120996735,3.0576116872031
1.23,111,174,20.3091279385971,2.34836589036189
1.23,111,177,35.9456100734083,2.19333043623559
1.23,111,180,52.024157375582,2.11533932822715
1.23,114,-180,52.024157375582,2.16769920578698
1.23,114,-177,68.6999858308497,2.10501598605704
1.23,114,-174,85.0851377714227,2.05580015571149
1.23,114,-171,100.865447331253,2.01417455559092
1.23,114,-168,115.765321835917,1.97776699259813
1.23,114,-165,129.546849837323,1.94558862726524
1.23,114,-162,142.011922584483,1.9172925926309
1.23,114,-159,153.004143979052,1.89286812597479
1.23,114,-156,162.409849470629,1.87249806282693
1.23,114,-153,170.158279733424,1.85648619418219
1.23,114,-150,176.221160567961,1.84521821075339
1.23,114,-147,180.611946637537,1.83914087208274
1.23,114,-144,183.384922919872,1.83875227431907
1.23,114,-141,184.634298441038,1.8445992084821
1.23,114,-138,184.493404962063,1.85727827397701
1.23,114,-135,183.134116497728,1.87743662958645
1.23,114,-132,180.76657996418,1.90576639257778
1.23,114,-129,177.639212112586,1.94298396056036
1.23,114,-126,174.038588330101,1.98978245863083
1.23,114,-123,170.288269701215,2.04674360397024
1.23,114,-120,166.74482321211,2.11419786904555
1.23,114,-117,163.788530892211,2.19203440208473
1.23,114,-114,161.806147387788,2.27948991730424
1.23,114,-111,161.164453355463,2.3749855487474
1.23,114,-108,162.176889020718,2.47610986647485
1.23,114,-105,165.070367094482,2.57982524100317
1.23,114,-102,169.962410923343,2.68288298231615
1.23,114,-99,176.856676970594,2.78231577006112
1.23,114,-96,185.657809070106,2.87582730001347
1.23,114,-93,196.199031975601,2.96196316632589
1.23,114,-90,208.272794097975,3.04006564149597
1.23,114,-87,221.656818984506,3.11009689992833
1.23,114,-84,236.132218114478,3.17242621516519
1.23,114,-81,251.493875578515,3.2276437119369
1.23,114,-78,267.555048258877,3.27642477066297
1.23,114,-75,284.148401656693,3.31944424233725
1.23,114,-72,301.125268465725,3.35732928322335
1.23,114,-69,318.354314104282,3.39063821603128
1.23,114,-66,335.720272887932,3.41985514328122
1.23,114,-63,353.12305114404,3.44539311516306
1.23,114,-60,370.477271191966,3.46760129335476
1.23,114,-57,387.712220046821,3.4867734854451
1.23,114,-54,404.772131100442,3.503156740155
1.23,114,-51,421.616727113806,3.51695955593271
1.23,114,-48,438.221950644762,3.52835979759021
1.23,114,-45,454.580771094883,3.53751271345996
1.23,114,-42,470.703867279733,3.54455952772001
1.23,114,-39,486.619845189263,3.54963695380888
1.23,114,-36,502.37449537587,3.55288764445004
1.23,114,-33,518.028482270291,3.55447110267582
1.23,114,-30,533.652860660409,3.55457401846935
1.23,114,-27,549.321994251503,3.5534185135158
1.23,114,-24,565.103831105859,3.5512665503464
1.23,114,-21,581.048033018878,3.54841895053525
1.23,114,-18,597.173055128988,3.545208136927
1.23,114,-15,613.453774830999,3.54198478042091
1.23,114,-12,629.811518938244,3.53909974002002
1.23,114,-9,646.108231913483,3.53688368575966
1.23,114,-6,662.146058731414,3.53562727522423
1.23,114,-3,677.672878892395,3.53556457675466
1.23,114,0,692.393486590348,3.5368616899339
1.23,114,3,705.985339533695,3.53961147897083
1.23,114,6,718.11722720548,3.54383432652603
1.23,114,9,728.468904202828,3.54948406982975
1.23,114,12,736.749701238964,3.55645788437255
1.23,114,15,742.714332907669,3.56460878561133
1.23,114,18,746.174518417119,3.57375950779934
1.23,114,21,747.005564793779,3.58371667086163
1.23,114,24,745.147672394334,3.59428428391968
1.23,114,27,740.602342760869,3.60527573757927
1.23,114,30,733.424823426316,3.61652353322877
1.23,114,33,723.713936168597,3.62788613580879
1.23,114,36,711.600839348678,3.63925156079516
1.23,114,39,697.238235013565,3.65053763101179
1.23,114,42,680.791254030404,3.66168923656341
1.23,114,45,662.430792732501,3.67267333470481
1.23,114,48,642.329528195677,3.68347274924012
1.23,114,51,620.660321475464,3.69407999424437
1.23,114,54,597.596333834163,3.70449231515603
1.23,114,57,573.311996886745,3.71470892388932
1.23,114,60,547.98400626476,3.72473106258269
1.23,114,63,521.791710054388,3.73456514825453
1.23,114,66,494.91656350685,3.74422891381561
1.23,114,69,467.540636853022,3.75376023564691
1.23,114,72,439.844424176132,3.76322826185518
1.23,114,75,412.00436696577,3.77274654011328
1.23,114,78,384.190565588057,3.78248808523035
1.23,114,81,356.565119502689,3.79270271472065
1.23,114,84,329.281441591397,3.80373750910313
1.23,114,87,302.484768095603,3.81606192036948
1.23,114,90,276.31396732815,3.83029984818551
1.23,114,93,250.904667038862,3.84727187440554
1.23,114,96,226.39369432408,3.86805158592846
1.23,114,99,202.92486249945,3.89403989547854
1.23,114,102,180.656226509668,3.92705878652259
1.23,114,105,159.768970307474,3.96945671510412
1.23,114,108,140.477817050279,4.02419235251303
1.23,114,111,123.041597182802,4.09480284965243
1.23,114,114,107.768991667466,4.18504438415452
1.23,114,117,95.0066728780559,4.29783881334781
1.23,114,120,85.0864555274257,4.43320414854927
1.23,114,123,78.209806253908,4.5856844187733
1.23,114,126,74.2937779006161,4.74354221898564
1.23,114,129,72.8820384171429,4.89212223293676
1.23,114,132,73.2192807168289,5.01969287135851
1.23,114,135,74.443668834862,5.12081618765679
1.23,114,138,75.7587740138622,5.19553572632662
1.23,114,141,76.5139828859735,5.24678303133256
1.23,114,144,76.2140635992146,5.2782685722086
1.23,114,147,74.5003408693874,5.29336959692384
1.23,114,150,71.1288449459073,5.29467459780753
1.23,114,153,65.9538786760181,5.28377056791023
1.23,114,156,58.9176747888846,5.26093448464273
1.23,114,159,50.0454181749606,5.22425270608779
1.23,114,162,39.4485962187208,5.16672087425728
1.23,114,165,27.3607278563998,5.06423662700095
1.23,114,168,14.4312285228283,4.79470922047751
1.23,114,171,7.28144778211998,3.37029915950299
1.23,114,174,19.4935698403408,2.45677493802372
1.23,114,177,35.4295774638589,2.26100591811991
1.23,114,180,52.024157375582,2.16769920578698
1.23,117,-180,52.024157375582,2.22005908334681
1.23,117,-177,69.2761977771548,2.14900775388786
1.23,117,-174,86.3089985534614,2.09412515719421
1.23,117,-171,102.787709297833,2.04816544223793
1.23,117,-168,118.421151618206,2.00818958398682
1.23,117,-165,132.958015979624,1.97293143720872
1.23,117,-162,146.188192933658,1.94189076929949
1.23,117,-159,157.944510756178,1.91496245051373
1.23,117,-156,168.103787528599,1.89226436782391
1.23,117,-153,176.587094808694,1.87404948153884
1.23,117,-150,183.359409198503,1.86065789614802
1.23,117,-147,188.428858524748,1.852490319314
1.23,117,-144,191.845720659879,1.84999430050069
1.23,117,-141,193.701291058254,1.85365853078109
1.23,117,-138,194.126732532758,1.86401156806006
1.23,117,-135,193.292040171414,1.8816209038079
1.23,117,-132,191.405237945961,1.90708684563999
1.23,117,-129,188.71179454439,1.94102359916611
1.23,117,-126,185.493934746922,1.98401774731036
1.23,117,-123,182.068998936422,2.03655330422625
1.23,117,-120,178.785323703872,2.09889518110397
1.23,117,-117,176.013502665175,2.17093308364125
1.23,117,-114,174.130809758373,2.25200888690964
1.23,117,-111,173.497702911616,2.34077984036651
1.23,117,-108,174.428130668829,2.43519202410511
1.23,117,-105,177.159229632793,2.53262622976349
1.23,117,-102,181.828734892492,2.63021560955719
1.23,117,-99,188.467398794004,2.72524707106362
1.23,117,-96,197.008510943809,2.81550973791146
1.23,117,-93,207.31024500019,2.89948511141737
1.23,117,-90,219.18299825245,2.97635775138235
1.23,117,-87,232.414540967379,3.04589786634718
1.23,117,-84,246.788976168853,3.10829084897293
1.23,117,-81,262.098755321432,3.1639723325257
1.23,117,-78,278.150962961677,3.21349812887529
1.23,117,-75,294.769728646712,3.25745529649508
1.23,117,-72,311.796466262028,3.29640849157095
1.23,117,-69,329.089177382118,3.33087202574803
1.23,117,-66,346.521578480545,3.36129866257859
1.23,117,-63,363.982439430703,3.38807829569149
1.23,117,-60,381.375276605204,3.41154184852107
1.23,117,-57,398.618411929647,3.43196751702362
1.23,117,-54,415.645358761383,3.44958777817362
1.23,117,-51,432.405489430151,3.46459649188843
1.23,117,-48,448.864937972214,3.47715602971192
1.23,117,-45,465.007658064452,3.48740473251448
1.23,117,-42,480.836465428079,3.49546515361689
1.23,117,-39,496.373743883573,3.50145347998528
1.23,117,-36,511.661313613352,3.50549023958841
1.23,117,-33,526.758808874991,3.50771192335287
1.23,117,-30,541.739869575009,3.5082825536218
1.23,117,-27,556.68559152555,3.50740365865536
1.23,117,-24,571.675043208943,3.50532075421892
1.23,117,-21,586.77321797133,3.50232448041894
1.23,117,-18,602.017448778363,3.49874511280289
1.23,117,-15,617.403905417758,3.4949402263576
1.23,117,-12,632.876142379587,3.49127661347795
1.23,117,-9,648.317637308463,3.48810877234886
1.23,117,-6,663.549823424211,3.48575701144439
1.23,117,-3,678.336361051477,3.48448823480927
1.23,117,0,692.393486590348,3.48450181237407
1.23,117,3,705.405418311399,3.48592186034076
1.23,117,6,717.043143899749,3.48879611570361
1.23,117,9,726.984547738901,3.49310068242269
1.23,117,12,734.933768383515,3.49874939365215
1.23,117,15,740.637873989278,3.50560635323767
1.23,117,18,743.899351062778,3.51350027185346
1.23,117,21,744.583459633609,3.52223936294743
1.23,117,24,742.620151739603,3.5316257160623
1.23,117,27,738.000907840203,3.54146818774462
1.23,117,30,730.771436262712,3.55159296516077
1.23,117,33,721.021620823761,3.5618511149864
1.23,117,36,708.874321028017,3.57212267693145
1.23,117,39,694.474588853576,3.58231721340735
1.23,117,42,677.980574164781,3.59237115478467
1.23,117,45,659.556907774079,3.60224271164382
1.23,117,48,639.3707808377,3.61190546879591
1.23,117,51,617.590404631081,3.62134194938026
1.23,117,54,594.385145781784,3.63053840087194
1.23,117,57,569.926455975267,3.63948182391998
1.23,117,60,544.388760577912,3.64815990467694
1.23,117,63,517.949691070761,3.65656411372073
1.23,117,66,490.789360575325,3.66469589129342
1.23,117,69,463.088702322631,3.67257561946269
1.23,117,72,435.027147676918,3.68025402773126
1.23,117,75,406.780074585916,3.68782580570371
1.23,117,78,378.516502899581,3.6954455087834
1.23,117,81,350.397468589265,3.70334634828902
1.23,117,84,322.575407295542,3.7118631830259
1.23,117,87,295.194756391871,3.72146203669476
1.23,117,90,268.393880863654,3.7327798630573
1.23,117,93,242.308376990724,3.74668022583683
1.23,117,96,217.075844097498,3.76433321429825
1.23,117,99,192.842374927457,3.78733123137896
1.23,117,102,169.771332502214,3.81785525537191
1.23,117,105,148.055452155862,3.85890438523055
1.23,117,108,127.933756392028,3.91458004227849
1.23,117,111,109.714384168051,3.99033160526727
1.23,117,114,93.8004353920106,4.09281871512548
1.23,117,117,80.7011537430021,4.22848921891292
1.23,117,120,70.9763154895512,4.39942678671477
1.23,117,123,65.0329686177795,4.59672215198938
1.23,117,126,62.7960123879958,4.79809040387677
1.23,117,129,63.5403372236021,4.97782063394384
1.23,117,132,66.1303965934341,5.12067012084181
1.23,117,135,69.4262429356206,5.22464606571263
1.23,117,138,72.5115619117059,5.29498439914673
1.23,117,141,74.7207424612362,5.33854581113748
1.23,117,144,75.5880262509657,5.36130831104996
1.23,117,147,74.7943241935492,5.3677537860957
1.23,117,150,72.1315077934181,5.36091370358741
1.23,117,153,67.4824459556661,5.34247352929702
1.23,117,156,60.8113461288749,5.31263450921642
1.23,117,159,52.1609898198216,5.26932648023589
1.23,117,162,41.6591172254642,5.20544426997035
1.23,117,165,29.558488725881,5.0977744478198
1.23,117,168,16.5203611503991,4.83958219806274
1.23,117,171,7.94611388506554,3.6390382953475
1.23,117,174,18.8091784840019,2.56740025010134
1.23,117,177,34.9630743588309,2.32870306593225
1.23,117,180,52.024157375582,2.22005908334681
1.23,120,-180,52.0241573755819,2.27241896090664
1.23,120,-177,69.80624535196,2.19326695273289
1.23,120,-174,87.4422638017935,2.13299957262002
1.23,120,-171,104.577558137297,2.08297774290933
1.23,120,-168,120.906901466279,2.03969523732692
1.23,120,-165,136.167203841904,2.00161142056908
1.23,120,-162,150.137887324264,1.96807513391286
1.23,120,-159,162.642398738695,1.93888854774298
1.23,120,-156,173.549279064201,1.91410569504529
1.23,120,-153,182.772508991922,1.89392949818831
1.23,120,-150,190.271217975432,1.87865519795687
1.23,120,-147,196.048907032131,1.86863827659508
1.23,120,-144,200.152308399376,1.86427678878492
1.23,120,-141,202.66998545066,1.86600268380609
1.23,120,-138,203.730795743401,1.87427819316584
1.23,120,-135,203.50237577602,1.88959322748825
1.23,120,-132,202.189796810381,1.91245866823971
1.23,120,-129,200.034414047819,1.9433888997249
1.23,120,-126,197.312631744997,1.98286547624489
1.23,120,-123,194.333827142414,2.03127351875589
1.23,120,-120,191.436090875836,2.08880516251816
1.23,120,-117,188.977955476829,2.15533273182092
1.23,120,-114,187.324273956366,2.23027022144297
1.23,120,-111,186.825371680517,2.31246283179613
1.23,120,-108,187.79083008461,2.40015998860704
1.23,120,-105,190.462311241054,2.49111946714274
1.23,120,-102,194.992127987139,2.58284748359486
1.23,120,-99,201.433846542899,2.67291690398244
1.23,120,-96,209.747511265664,2.75926405697352
1.23,120,-93,219.816989857593,2.84037658037256
1.23,120,-90,231.47344781072,2.9153404861595
1.23,120,-87,244.518649967554,2.98377267065194
1.23,120,-84,258.743897535648,3.04569301561391
1.23,120,-81,273.943113602845,3.10138605096482
1.23,120,-78,289.920564560229,3.15128258191611
1.23,120,-75,306.494610486999,3.19587246124449
1.23,120,-72,323.498986400525,3.23564751943208
1.23,120,-69,340.782828532101,3.27106840963489
1.23,120,-66,358.210266243888,3.3025482146237
1.23,120,-63,375.660050440657,3.3304467326946
1.23,120,-60,393.025437020748,3.35507097462163
1.23,120,-57,410.214392990035,3.37667891193542
1.23,120,-54,427.15012404989,3.39548471781378
1.23,120,-51,443.771904425155,3.41166463356285
1.23,120,-48,460.036184127179,3.42536322867319
1.23,120,-45,475.917916521198,3.43670024273594
1.23,120,-42,491.411959657414,3.44577841484363
1.23,120,-39,506.534249374201,3.45269270819988
1.23,120,-36,521.322243794983,3.45754110916053
1.23,120,-33,535.833955682277,3.46043673037264
1.23,120,-30,550.144804821388,3.46152033869897
1.23,120,-27,564.341622808053,3.46097179050886
1.23,120,-24,578.513481624413,3.45901838264562
1.23,120,-21,592.739585062977,3.45593803286108
1.23,120,-18,607.075165037434,3.45205565227822
1.23,120,-15,621.536996076383,3.44773208422237
1.23,120,-12,636.090583836937,3.44334637245066
1.23,120,-9,650.64113798863,3.43927351662636
1.23,120,-6,665.030048983185,3.43586084355141
1.23,120,-3,679.03782491878,3.43340636216191
1.23,120,0,692.393486590348,3.43214193481424
1.23,120,3,704.789481417452,3.43222301684123
1.23,120,6,715.900440779144,3.43372547028525
1.23,120,9,725.403672104769,3.4366488977771
1.23,120,12,732.999167614866,3.44092526412286
1.23,120,15,738.427091754163,3.44643128908876
1.23,120,18,741.481120651277,3.4530030939144
1.23,120,21,742.016584441509,3.46045171973866
1.23,120,24,739.95303815265,3.4685782969277
1.23,120,27,735.271581651658,3.47718778482128
1.23,120,30,728.007876283797,3.48610033717318
1.23,120,33,718.242275131167,3.49515952869855
1.23,120,36,706.088719183152,3.50423695051238
1.23,120,39,691.684011688093,3.51323306298367
1.23,120,42,675.178777424089,3.52207465163566
1.23,120,45,656.730909011696,3.53070968865119
1.23,120,48,636.501710548516,3.53910076152467
1.23,120,51,614.654400313114,3.54721840699817
1.23,120,54,591.354243278612,3.55503564288791
1.23,120,57,566.769417493055,3.56252474228146
1.23,120,60,541.071779981681,3.56965691490717
1.23,120,63,514.436934529607,3.57640514715287
1.23,120,66,487.043328380268,3.5827501009979
1.23,120,69,459.070426514899,3.58868875554087
1.23,120,72,430.696261036192,3.59424543523305
1.23,120,75,402.094793676171,3.59948502522241
1.23,120,78,373.43355977568,3.60452853742107
1.23,120,81,344.872005012827,3.60957178508071
1.23,120,84,316.560817234638,3.61490881134663
1.23,120,87,288.64243397673,3.62096303430286
1.23,120,90,261.252809933323,3.62833108124852
1.23,120,93,234.524496879967,3.63784747224048
1.23,120,96,208.591168605828,3.65068353138715
1.23,120,99,183.593985194776,3.66850257904052
1.23,120,102,159.690752737676,3.69370763480763
1.23,120,105,137.069901214392,3.72983896042595
1.23,120,108,115.973178042961,3.7821997915084
1.23,120,111,96.7337287187667,3.85875819174347
1.23,120,114,79.8376223521936,3.97105696402872
1.23,120,117,66.0023147964637,4.13347746380754
1.23,120,120,56.1834602644339,4.35566091295988
1.23,120,123,51.2359218549678,4.62321758506269
1.23,120,126,51.1090424285677,4.88809729866314
1.23,120,129,54.4976578566125,5.10288219499855
1.23,120,132,59.6295854252205,5.25409882926918
1.23,120,135,65.0678243028514,5.35174042390185
1.23,120,138,69.8603502210318,5.410178552555
1.23,120,141,73.4029121041833,5.44083414521752
1.23,120,144,75.3042092240293,5.45149354356281
1.23,120,147,75.3065716870304,5.44717210383083
1.23,120,150,73.2467766799504,5.4309125342031
1.23,120,153,69.0390771944731,5.40421863112107
1.23,120,156,62.6695886718566,5.36705163358004
1.23,120,159,54.1972724545783,5.31710724414324
1.23,120,162,43.7638460219982,5.24717258284644
1.23,120,165,31.6376559765097,5.13487351702582
1.23,120,168,18.4872919438147,4.88514694403779
1.23,120,171,8.88411648858545,3.85607475809481
1.23,120,174,18.2569546103471,2.67939311711127
1.23,120,177,34.5469459085486,2.396332720133
1.23,120,180,52.0241573755819,2.27241896090664
1.23,123,-180,52.0241573755819,2.32477883846647
1.23,123,-177,70.2882835765595,2.23779945359547
1.23,123,-174,88.4804287239423,2.17241375667866
1.23,123,-171,106.227262765572,2.11857871806448
1.23,123,-168,123.211225469315,2.07222419788305
1.23,123,-165,139.159199521656,2.03153883005023
1.23,123,-162,153.841772485223,1.99572306460545
1.23,123,-159,167.074473402169,1.96448785989027
1.23,123,-156,178.718841644649,1.9378242404016
1.23,123,-153,188.682843476754,1.91588564853371
1.23,123,-150,196.920622747442,1.89892300530196
1.23,123,-147,203.431675526625,1.88724730249269
1.23,123,-144,208.259538676676,1.8812081848365
1.23,123,-141,211.490088861514,1.88118243348527
1.23,123,-138,213.249591865163,1.88756816035725
1.23,123,-135,213.702694209115,1.9007806947414
1.23,123,-132,213.050545819572,1.92124542434642
1.23,123,-129,211.529115198505,1.9493817701801
1.23,123,-126,209.40746598117,1.98557160226113
1.23,123,-123,206.985318491147,2.03010562963411
1.23,123,-120,204.588711019365,2.08310400226602
1.23,123,-117,202.562193011947,2.14441423753528
1.23,123,-114,201.256028989807,2.21350159028173
1.23,123,-111,201.007722657407,2.28936207387796
1.23,123,-108,202.118967236438,2.37049902728914
1.23,123,-105,204.831522727759,2.45499862401209
1.23,123,-102,209.307382538805,2.54071052138542
1.23,123,-99,215.618498515458,2.62549582564368
1.23,123,-96,223.748743221395,2.70747171023212
1.23,123,-93,233.606852610471,2.78518390316993
1.23,123,-90,245.045962918626,2.85767331936124
1.23,123,-87,257.884488657766,2.92444634863851
1.23,123,-84,271.924311083985,2.98538497851791
1.23,123,-81,286.964334441825,3.04063631558429
1.23,123,-78,302.809274981977,3.09050973671586
1.23,123,-75,319.274585107129,3.13539538535605
1.23,123,-72,336.188742860079,3.17570678674868
1.23,123,-69,353.394030369684,3.2118444780363
1.23,123,-66,370.746639433941,3.24417552706636
1.23,123,-63,388.116638662645,3.2730239328693
1.23,123,-60,405.388090961498,3.29866788788383
1.23,123,-57,422.459446492742,3.32134103690673
1.23,123,-54,439.244249329331,3.3412358969278
1.23,123,-51,455.672163181516,3.35850842802864
1.23,123,-48,471.69030859457,3.37328337460845
1.23,123,-45,487.264871367253,3.38566044561968
1.23,123,-42,502.382855107546,3.39572167049688
1.23,123,-39,517.053694240235,3.40354033112953
1.23,123,-36,531.310233991078,3.4091917015474
1.23,123,-33,545.208375677328,3.41276541945253
1.23,123,-30,558.824564880124,3.41437871142408
1.23,123,-27,572.250360956105,3.41418901268446
1.23,123,-24,585.58363655652,3.41240395230867
1.23,123,-21,598.916519508224,3.40928644672133
1.23,123,-18,612.320922920218,3.40515295910391
1.23,123,-15,625.833245399023,3.40036391246116
1.23,123,-12,639.440351744779,3.39530665171628
1.23,123,-9,653.069082782053,3.39037288110076
1.23,123,-6,666.581208212815,3.38593369432505
1.23,123,-3,679.774984433772,3.38231578581187
1.23,123,0,692.393486590348,3.37978205725441
1.23,123,3,704.138880253169,3.37851879711945
1.23,123,6,714.690984869998,3.37863029552016
1.23,123,9,723.727979434717,3.380140560263
1.23,123,12,730.946942571069,3.38300097398447
1.23,123,15,736.082073542525,3.38710233141546
1.23,123,18,738.918847523418,3.39228962463011
1.23,123,21,739.302949433755,3.39837805154297
1.23,123,24,737.14353263407,3.40516888374543
1.23,123,27,732.411078864172,3.41246398542391
1.23,123,30,725.130799387488,3.42007793288491
1.23,123,33,715.373016610469,3.42784688988859
1.23,123,36,703.242218210839,3.43563369439462
1.23,123,39,688.866437896969,3.44332902227449
1.23,123,42,672.388300150171,3.45084897802668
1.23,123,45,653.958543077416,3.45812994060581
1.23,123,48,633.732223559229,3.4651218622602
1.23,123,51,611.867249612244,3.47178139343307
1.23,123,54,588.524493853992,3.4780661489559
1.23,123,57,563.868584765865,3.48393116363631
1.23,123,60,538.068548201704,3.48932818521806
1.23,123,63,511.297720863503,3.49420802191692
1.23,123,66,483.732688070655,3.49852579848939
1.23,123,69,455.551316934777,3.50224875185182
1.23,123,72,426.930194404082,3.50536615586944
1.23,123,75,398.041905331474,3.50790112269055
1.23,123,78,369.052600908402,3.5099243965016
1.23,123,81,340.120238299182,3.51157086457152
1.23,123,84,311.393754828422,3.51306044057532
1.23,123,87,283.013312784594,3.51472640969461
1.23,123,90,255.11164979527,3.51705664580112
1.23,123,93,227.816531503361,3.52075709508234
1.23,123,96,201.25437583583,3.52685416269082
1.23,123,99,175.555384359471,3.53686649163294
1.23,123,102,150.861149561508,3.55310430728026
1.23,123,105,127.337112552606,3.57921170565285
1.23,123,108,105.195428577903,3.621186410484
1.23,123,111,84.7412626712326,3.68934158485695
1.23,123,114,66.472598590622,3.80193402358462
1.23,123,117,51.2905537218584,3.98994736666478
1.23,123,120,40.8052053462371,4.29032348404504
1.23,123,123,36.9754646559296,4.68443915377592
1.23,123,126,39.7847056758342,5.04527991201562
1.23,123,129,46.4780361792832,5.28684879200634
1.23,123,132,54.337291350303,5.42689833457183
1.23,123,135,61.8139381201651,5.50291080974317
1.23,123,138,68.1052673255516,5.53989706805363
1.23,123,141,72.7598619140661,5.55205575609282
1.23,123,144,75.495636495606,5.54738427051785
1.23,123,147,76.1263611087646,5.53043662516616
1.23,123,150,74.5343904451985,5.50370117704857
1.23,123,153,70.6629599375628,5.46818689883191
1.23,123,156,64.5169368111398,5.42344566530911
1.23,123,159,56.1682640642843,5.36685486106199
1.23,123,162,45.7694137359318,5.29105851731844
1.23,123,165,33.6005567253843,5.17440368277008
1.23,123,168,20.3346101422253,4.93081036505342
1.23,123,171,9.97007257926656,4.02888522593259
1.23,123,174,17.8357199406145,2.79173385839403
1.23,123,177,34.1818313622407,2.46380118691347
1.23,123,180,52.0241573755819,2.32477883846647
1.23,126,-180,52.0241573755819,2.3771387160263
1.23,126,-177,70.7206041762667,2.28261073002484
1.23,126,-174,89.4192807131205,2.21235856227835
1.23,126,-171,107.729542245207,2.15493809066418
1.23,126,-168,125.323364797288,2.10572192767115
1.23,126,-165,141.919471461371,2.06263257066282
1.23,126,-162,157.281333198371,2.02472470363017
1.23,126,-159,171.218077670694,1.99161942979858
1.23,126,-156,183.585536468891,1.96324543657382
1.23,126,-153,194.286718923606,1.93970709710425
1.23,126,-150,203.271588470764,1.92121147011756
1.23,126,-147,210.536168546484,1.90802578996072
1.23,126,-144,216.121037192512,1.90045248433376
1.23,126,-141,220.109304896857,1.89881499266009
1.23,126,-138,222.624238275382,1.90344996057758
1.23,126,-135,223.826760475613,1.91470184422413
1.23,126,-132,223.913061476874,1.93291553434473
1.23,126,-129,223.112423361954,1.95842189621031
1.23,126,-126,221.6850779003,1.99151068152532
1.23,126,-123,219.919495370119,2.0323858419558
1.23,126,-120,218.128054136491,2.08110085490114
1.23,126,-117,216.639736361479,2.13747731256509
1.23,126,-114,215.788580158945,2.2010190728759
1.23,126,-111,215.89734287144,2.27084493890182
1.23,126,-108,217.257287724517,2.34566990238952
1.23,126,-105,220.106890967423,2.42386082566678
1.23,126,-102,224.61375470017,2.50357234240925
1.23,126,-99,230.864079622322,2.58293817838453
1.23,126,-96,238.862246963989,2.66026839462085
1.23,126,-93,248.540074817815,2.73420042143834
1.23,126,-90,259.772653641259,2.80377291669641
1.23,126,-87,272.396545725712,2.86842212547676
1.23,126,-84,286.226698307181,2.92792313191559
1.23,126,-81,301.069923593929,2.98230546756731
1.23,126,-78,316.734340509146,3.03176728892154
1.23,126,-75,333.035227171688,3.0766023343849
1.23,126,-72,349.798211553563,3.11714488280909
1.23,126,-69,366.860782465839,3.15373220224891
1.23,126,-66,384.072933210313,3.18668132210821
1.23,126,-63,401.297508091873,3.21627633464412
1.23,126,-60,418.4105965599,3.24276283244631
1.23,126,-57,435.30215174313,3.26634686204504
1.23,126,-54,451.876908726799,3.28719658572469
1.23,126,-51,468.055630757276,3.30544556278967
1.23,126,-48,483.776690268748,3.32119715338287
1.23,126,-45,498.997957938438,3.334530004352
1.23,126,-42,513.69888937985,3.34550488042306
1.23,126,-39,527.882544039156,3.35417322049802
1.23,126,-36,541.577054396821,3.36058768787405
1.23,126,-33,554.83583622339,3.36481462309032
1.23,126,-30,567.735678745877,3.36694772606205
1.23,126,-27,580.371877673069,3.36712159066517
1.23,126,-24,592.849853030161,3.36552307119029
1.23,126,-21,605.273245001898,3.36239811369741
1.23,126,-18,617.729231466921,3.35805186463142
1.23,126,-15,630.272596443773,3.35284069345622
1.23,126,-12,642.910681363809,3.34715614923602
1.23,126,-9,655.591569823815,3.34140248971622
1.23,126,-6,668.197585027363,3.3359707998335
1.23,126,-3,680.545454294021,3.33121341508662
1.23,126,0,692.393486590348,3.32742217969458
1.23,126,3,703.455054325171,3.32481312103936
1.23,126,6,713.416788745909,3.32351877993561
1.23,126,9,721.959328343169,3.32358812898194
1.23,126,12,728.778246754968,3.32499304351336
1.23,126,15,733.602906115157,3.32763976219336
1.23,126,18,736.211374783082,3.33138361636469
1.23,126,21,736.44014496985,3.33604537082782
1.23,126,24,734.188109358492,3.34142766908101
1.23,126,27,729.415017993731,3.34733024226436
1.23,126,30,722.135335517161,3.35356272073074
1.23,126,33,712.408948457991,3.35995412028285
1.23,126,36,700.330443991764,3.36635840517415
1.23,126,39,686.018648390928,3.3726559689716
1.23,126,42,669.607788935418,3.37875138387659
1.23,126,45,651.241105395005,3.38456826438344
1.23,126,48,631.0671133036,3.39004246747479
1.23,126,51,609.23815445901,3.39511502195191
1.23,126,54,585.91048040604,3.39972610764878
1.23,126,57,561.244966032299,3.4038111187434
1.23,126,60,535.407637271112,3.4072994245167
1.23,126,63,508.569454463461,3.41011599067483
1.23,126,66,480.9051251597,3.41218564314659
1.23,126,69,452.591032913285,3.41343951454902
1.23,126,72,423.802595120057,3.41382314781825
1.23,126,75,394.711474364422,3.41330585235431
1.23,126,78,365.483069603124,3.41189121697701
1.23,126,81,336.274633644684,3.40962919659
1.23,126,84,307.234238227115,3.40663096641496
1.23,126,87,278.500672847626,3.40308893571996
1.23,126,90,250.204248530403,3.39930628524483
1.23,126,93,222.468409893458,3.39574391152406
1.23,126,96,195.412069742824,3.39309945392218
1.23,126,99,169.152724022061,3.39244720066546
1.23,126,102,143.81080395842,3.39549928757687
1.23,126,105,119.516707765491,3.40512534225346
1.23,126,108,96.4245464266359,3.42647187910257
1.23,126,111,74.7444175596763,3.46962530024862
1.23,126,114,54.832458082111,3.55673140952762
1.23,126,117,37.4907112716989,3.7428930568651
1.23,126,120,25.0484132344316,4.16150495747181
1.23,126,123,22.6745973414927,4.84951833625949
1.23,126,126,30.1352503906325,5.33530965860577
1.23,126,129,40.6779315555789,5.54899985487615
1.23,126,132,51.033399484222,5.63952435496708
1.23,126,135,60.1336808803797,5.67450016854961
1.23,126,138,67.5301204385505,5.68055967282425
1.23,126,141,72.9689485037478,5.6694694798156
1.23,126,144,76.2770088584006,5.64700024772707
1.23,126,147,77.3297252082855,5.61611768037724
1.23,126,150,76.0451981995443,5.57821782478246
1.23,126,153,72.3877104868041,5.5335484844507
1.23,126,156,66.374781404744,5.4811176410125
1.23,126,159,58.0865643953531,5.41791745035622
1.23,126,162,47.6822757697563,5.33640972302251
1.23,126,165,35.450036966832,5.21552627778625
1.23,126,168,22.064819601857,4.97617202468022
1.23,126,171,11.1202273007169,4.16814866883695
1.23,126,174,17.5419790608648,2.90329332990886
1.23,126,177,33.868166230255,2.53101157629057
1.23,126,180,52.0241573755819,2.3771387160263
1.23,129,-180,52.0241573755819,2.42949859358613
1.23,129,-177,71.1016434117889,2.32770591331393
1.23,129,-174,90.2549180183663,2.25282535045284
1.23,129,-171,109.077592170386,2.19202782134984
1.23,129,-168,127.233174485835,2.14013848590353
1.23,129,-165,144.434186940856,2.09481905111743
1.23,129,-162,160.438765123932,2.05498115795648
1.23,129,-159,175.051185972681,2.0201573313404
1.23,129,-156,188.122868114143,1.99021448920304
1.23,129,-153,199.552886421848,1.96520827735379
1.23,129,-150,209.287759389536,1.94530234400565
1.23,129,-147,217.320472621773,1.93072097549898
1.23,129,-144,223.688769244113,1.92172075117765
1.23,129,-141,228.472803271534,1.91857388745292
1.23,129,-138,231.792344303806,1.92155864206509
1.23,129,-135,233.80380557314,1.9309528770392
1.23,129,-132,234.697375183203,1.94702670924767
1.23,129,-129,234.694402208491,1.97002975207009
1.23,129,-126,234.044905979306,2.00016831840808
1.23,129,-123,233.024679911579,2.03756872692935
1.23,129,-120,231.931056981505,2.08222523441249
1.23,129,-117,231.076155565952,2.1339357202481
1.23,129,-114,230.776529212757,2.19223506161462
1.23,129,-111,231.338776018533,2.25634365273784
1.23,129,-108,233.041856409824,2.32515310069777
1.23,129,-105,236.118363017808,2.39726786621457
1.23,129,-102,240.73817415036,2.47110766661617
1.23,129,-99,246.99806825588,2.54505428584551
1.23,129,-96,254.919620966407,2.61760834206927
1.23,129,-93,264.455466887199,2.68751737466471
1.23,129,-90,275.501819397491,2.75384893575251
1.23,129,-87,287.913964427554,2.81600333748063
1.23,129,-84,301.52156338884,2.87367871373753
1.23,129,-81,316.1416092271,2.92680921774026
1.23,129,-78,331.588119973143,2.97549589470652
1.23,129,-75,347.678640880138,3.01994351888798
1.23,129,-72,364.238184771627,3.06040985153391
1.23,129,-69,381.101420778592,3.0971687007656
1.23,129,-66,398.113860043491,3.130485309623
1.23,129,-63,415.132613182333,3.16060147603165
1.23,129,-60,432.02709961049,3.18772772573426
1.23,129,-57,448.679925650812,3.21204027083638
1.23,129,-54,464.988038630309,3.23368106528348
1.23,129,-51,480.864205984766,3.25275985563505
1.23,129,-48,496.238839942122,3.26935765624752
1.23,129,-45,511.0621536617,3.28353152158183
1.23,129,-42,525.306554421357,3.29532081212794
1.23,129,-39,538.969027170454,3.30475530804748
1.23,129,-36,552.07304167573,3.31186546431516
1.23,129,-33,564.669274763015,3.3166947883104
1.23,129,-30,576.834261520802,3.31931376744482
1.23,129,-27,588.666080520449,3.31983406549682
1.23,129,-24,600.276425729885,3.31842101139982
1.23,129,-21,611.778950405496,3.31530195990594
1.23,129,-18,623.274523318229,3.31076815520905
1.23,129,-15,634.834856726576,3.3051684333943
1.23,129,-12,646.486627874805,3.29889442132084
1.23,129,-9,658.198507727639,3.29235854604561
1.23,129,-6,669.873306307271,3.28596769113336
1.23,129,-3,681.34676057695,3.28009624466676
1.23,129,0,692.393486590348,3.27506230213475
1.23,129,3,702.739530874415,3.27110996726597
1.23,129,6,712.080017497829,3.26839937140158
1.23,129,9,720.099752312783,3.26700464859082
1.23,129,12,726.494373812088,3.26691900821159
1.23,129,15,730.98971565,3.26806538856051
1.23,129,18,733.357414761293,3.27031091551908
1.23,129,21,733.425391942543,3.27348339368514
1.23,129,24,731.082569833265,3.2773881848296
1.23,129,27,726.277982866531,3.28182399872723
1.23,129,30,719.01516547516,3.28659632123044
1.23,129,33,709.343264596765,3.29152746566256
1.23,129,36,697.346614853208,3.29646259395223
1.23,129,39,683.134489668644,3.30127152104905
1.23,129,42,666.832414056151,3.30584664789369
1.23,129,45,648.575877859539,3.3100978768955
1.23,129,48,628.506655073229,3.31394574326546
1.23,129,51,606.7713636798,3.31731415927705
1.23,129,54,583.521512905491,3.32012408269656
1.23,129,57,558.91414300283,3.32228911602684
1.23,129,60,533.112257015831,3.32371360272605
1.23,129,63,506.284505463257,3.3242933157317
1.23,129,66,478.603914983805,3.32391842885129
1.23,129,69,450.245756684664,3.32247818851151
1.23,129,72,421.384864712678,3.31986659037625
1.23,129,75,392.192814907911,3.31598840992875
1.23,129,78,362.835365730316,3.3107651183321
1.23,129,81,333.470478090749,3.30414051330747
1.23,129,84,304.247102917092,3.29608630370812
1.23,129,87,275.304787365382,3.286608438485
1.23,129,90,246.774026774348,3.27575577673413
1.23,129,93,218.777196357183,3.26363403375857
1.23,129,96,191.429845953655,3.25043047754199
1.23,129,99,164.842143611659,3.23646026212722
1.23,129,102,139.120325158419,3.22225808061297
1.23,129,105,114.368186297567,3.2087725279696
1.23,129,108,90.6890761762934,3.19782166138485
1.23,129,111,68.1900985831236,3.19332819624025
1.23,129,114,46.9954949690395,3.20549154899669
1.23,129,117,27.3116667527215,3.27113273836482
1.23,129,120,10.1523038183584,3.66616837907808
1.23,129,123,10.933597835458,5.51282663524004
1.23,129,126,25.2144022590842,5.83076983161003
1.23,129,129,38.6698411317258,5.8799017156286
1.23,129,132,50.4730468004825,5.87791927080127
1.23,129,135,60.4142124003033,5.8569365720451
1.23,129,138,68.3517335629088,5.82621839936388
1.23,129,141,74.1616973640748,5.78936458318455
1.23,129,144,77.7331191917641,5.74795789042981
1.23,129,147,78.9734693757075,5.70262336173931
1.23,129,150,77.8178347092717,5.65334822443812
1.23,129,153,74.2393731361041,5.59947671259214
1.23,129,156,68.2600626820991,5.5394063648634
1.23,129,159,59.962443669902,5.46971180653734
1.23,129,162,49.5079811439646,5.38264514076137
1.23,129,165,37.1888579287052,5.25759276357352
1.23,129,168,23.6802320757373,5.02093169969871
1.23,129,171,12.2827402030427,4.28278799953408
1.23,129,174,17.3700003473711,3.01291472607553
1.23,129,177,33.6061874048159,2.59786532614211
1.23,129,180,52.0241573755819,2.42949859358613
1.23,132,-180,52.024157375582,2.48185847114596
1.23,132,-177,71.4299894122657,2.37308984455174
1.23,132,-174,90.9837677321335,2.29380599940488
1.23,132,-171,110.265111772561,2.22982190992883
1.23,132,-168,128.93115503717,2.17542799140122
1.23,132,-165,146.690241202234,2.12803119987095
1.23,132,-162,163.296992939823,2.08640297210079
1.23,132,-159,178.5524025509,2.04998850258221
1.23,132,-156,192.304755444151,2.01859346717075
1.23,132,-153,204.450166472104,1.99222512357678
1.23,132,-150,214.932366154281,1.97100421957378
1.23,132,-147,223.741636976482,1.95511303749364
1.23,132,-144,230.912904460331,1.94476389863792
1.23,132,-141,236.523082229175,1.94018022798998
1.23,132,-138,240.687885072824,1.94158537030312
1.23,132,-135,243.558421624129,1.94919532789805
1.23,132,-132,245.31789180784,1.96321163715325
1.23,132,-129,246.17858775329,1.98381039510628
1.23,132,-126,246.379119166843,2.01112351863994
1.23,132,-123,246.181405591409,2.04520917604673
1.23,132,-120,245.86660786109,2.08601046670611
1.23,132,-117,245.728959980266,2.13330516223151
1.23,132,-114,246.066571677162,2.18665445723616
1.23,132,-111,247.16882055383,2.24536397468354
1.23,132,-108,249.300936324608,2.30847319776365
1.23,132,-105,252.687576793151,2.37478691706946
1.23,132,-102,257.498149341532,2.44295251794408
1.23,132,-99,263.836811287047,2.5115722623415
1.23,132,-96,271.739211027482,2.57932665358948
1.23,132,-93,281.176360975646,2.64508064827782
1.23,132,-90,292.064270088774,2.70795138148008
1.23,132,-87,304.276842018703,2.76733004248987
1.23,132,-84,317.659386990343,2.82286413799332
1.23,132,-81,332.040716066633,2.87441415474762
1.23,132,-78,347.242734405083,2.92199963228468
1.23,132,-75,363.087317346111,2.96574621723982
1.23,132,-72,379.400830740995,3.00584044026993
1.23,132,-69,396.0169218006,3.0424947942945
1.23,132,-66,412.778235672226,3.07592296548887
1.23,132,-63,429.537606368791,3.10632369195125
1.23,132,-60,446.159113536174,3.13387129139217
1.23,132,-57,462.519247030688,3.15871100238621
1.23,132,-54,478.50831104987,3.18095763921115
1.23,132,-51,494.03213574389,3.20069650638631
1.23,132,-48,509.014131394659,3.21798597369033
1.23,132,-45,523.397685185275,3.23286152729801
1.23,132,-42,537.14882319015,3.24534144117369
1.23,132,-39,550.258910645304,3.25543439785559
1.23,132,-36,562.746941399869,3.26314936777886
1.23,132,-33,574.660715101359,3.26850778621988
1.23,132,-30,586.076002583407,3.2715575463204
1.23,132,-27,597.092763115177,3.27238762626231
1.23,132,-24,607.827695124454,3.2711414445502
1.23,132,-21,618.402911867202,3.26802651882893
1.23,132,-18,628.931282208605,3.26331794282691
1.23,132,-15,639.499813167685,3.25735377691062
1.23,132,-12,650.153156427691,3.25052167895853
1.23,132,-9,660.879675541804,3.24323774852978
1.23,132,-6,671.602373627475,3.23592017354869
1.23,132,-3,682.176351533347,3.22896135683194
1.23,132,0,692.393486590348,3.22270242457492
1.23,132,3,701.993924340975,3.21741336009437
1.23,132,6,710.68299585408,3.21328075027623
1.23,132,9,718.151479379768,3.21040371410669
1.23,132,12,724.096791282854,3.20879738247832
1.23,132,15,728.242714471494,3.20840251161996
1.23,132,18,730.355606512879,3.20909944022546
1.23,132,21,730.255608488359,3.21072452708911
1.23,132,24,727.822119675321,3.21308729662059
1.23,132,27,722.993614178862,3.21598668512642
1.23,132,30,715.762636844969,3.21922499705729
1.23,132,33,706.16740486554,3.22261846887505
1.23,132,36,694.281756168369,3.22600372835345
1.23,132,39,680.205172572105,3.22923993072323
1.23,132,42,664.054280509231,3.23220690401832
1.23,132,45,645.956681760386,3.23480015458443
1.23,132,48,626.047329207894,3.23692396368109
1.23,132,51,604.467089989336,3.23848396274746
1.23,132,54,581.362753294026,3.23938047697861
1.23,132,57,556.88760283565,3.23950360754477
1.23,132,60,531.201772031269,3.23873056586235
1.23,132,63,504.471861306164,3.23692528300483
1.23,132,66,476.869622085456,3.23393988623496
1.23,132,69,448.569807872596,3.2296173218898
1.23,132,72,419.747497421418,3.22379422769806
1.23,132,75,390.575285943617,3.21630309913525
1.23,132,78,361.220728454007,3.20697280551556
1.23,132,81,331.844335032759,3.19562651985713
1.23,132,84,302.598296414603,3.18207603073273
1.23,132,87,273.625990880542,3.16611104951512
1.23,132,90,245.062212929469,3.14748123953078
1.23,132,93,217.033987098438,3.12586672299154
1.23,132,96,189.661801139735,3.10082852817566
1.23,132,99,163.061132273221,3.07172077729181
1.23,132,102,137.344293673198,3.03752317012973
1.23,132,105,112.623024722673,2.99649080019596
1.23,132,108,89.0133347108329,2.94533357834242
1.23,132,111,66.6477633953458,2.87698037369809
1.23,132,114,45.7165829201011,2.77302155261789
1.23,132,117,26.6689474077098,2.56795796943696
1.23,132,120,12.0546815295729,1.88561546872164
1.23,132,123,15.1908983323809,0.516238939531785
1.23,132,126,28.4137838217,0.0944132537598621
1.23,132,129,41.4529075622618,-0.0690456690723069
1.23,132,132,53.0364447990719,-0.169341846222208
1.23,132,135,62.8369770161559,-0.24656741441831
1.23,132,138,70.6734384830895,-0.313530761540108
1.23,132,141,76.4046647489497,-0.375583407525712
1.23,132,144,79.9101428518871,-0.435455818554991
1.23,132,147,81.0907785283577,-0.494862521015643
1.23,132,150,79.8762736161775,-0.555202831410432
1.23,132,153,76.2349290266352,-0.618014533007271
1.23,132,156,70.1842868906101,-0.685493714477538
1.23,132,159,61.8031462523052,-0.7614731269688
1.23,132,162,51.250645471039,-0.853918609368452
1.23,132,165,38.8192973726291,-0.983102373182143
1.23,132,168,25.1828949104102,-1.21834097991406
1.23,132,171,13.4261241433277,-1.90395448737362
1.23,132,174,17.3121268055084,-3.163684143787
1.23,132,177,33.3959412549509,-3.61892144531678
1.23,132,180,52.024157375582,-3.80132683603363
1.23,135,-180,52.024157375582,2.53421834870578
1.23,135,-177,71.7043889746909,2.4187671238272
1.23,135,-174,91.6026030246647,2.33529291374247
1.23,135,-171,111.28633160314,2.26829622103994
1.23,135,-168,130.408488500105,2.21154815553245
1.23,135,-165,148.675298437769,2.16220761830636
1.23,135,-162,165.839712159733,2.11890882288018
1.23,135,-159,181.701000783907,2.08101090237843
1.23,135,-156,196.105567627969,2.04825883340779
1.23,135,-153,208.947485324459,2.02061187468735
1.23,135,-150,220.168272093575,1.99814848690007
1.23,135,-147,229.755745994165,1.98101006090244
1.23,135,-144,237.741937605189,1.96936648972386
1.23,135,-141,244.200163236299,1.96339514366836
1.23,135,-138,249.241494907977,1.96326827714816
1.23,135,-135,253.010972786263,1.96914511006711
1.23,135,-132,255.683925295525,1.98116505705024
1.23,135,-129,257.462639936243,1.99943853656773
1.23,135,-126,258.573358588746,2.02403198930356
1.23,135,-123,259.263210305147,2.05494459981677
1.23,135,-120,259.796351265337,2.09207608945602
1.23,135,-117,260.448394096461,2.13518797142929
1.23,135,-114,261.49830996841,2.18386454105687
1.23,135,-111,263.217458241952,2.23748362505385
1.23,135,-108,265.856212364663,2.29520897386181
1.23,135,-105,269.629618048291,2.35601414927875
1.23,135,-102,274.704293225986,2.41874088522831
1.23,135,-99,281.188970926498,2.48218471119683
1.23,135,-96,289.130486310624,2.54519126889274
1.23,135,-93,298.515768950796,2.60674289071996
1.23,135,-90,309.279003470322,2.66601867965571
1.23,135,-87,321.312113683788,2.72242043774708
1.23,135,-84,334.476413703636,2.77556670116398
1.23,135,-81,348.613602715297,2.82526383791001
1.23,135,-78,363.554967964787,2.87146525595352
1.23,135,-75,379.128382962843,2.91422826031757
1.23,135,-72,395.163237354197,2.95367493469387
1.23,135,-69,411.493743476351,2.98996022989481
1.23,135,-66,427.961160915657,3.02324804695238
1.23,135,-63,444.415433871877,3.05369467066733
1.23,135,-60,460.716619645335,3.08143825968978
1.23,135,-57,476.736358404497,3.10659296589747
1.23,135,-54,492.359531967852,3.12924641720061
1.23,135,-51,507.486196503405,3.14945960825595
1.23,135,-48,522.033840656934,3.16726861583236
1.23,135,-45,535.939986261953,3.18268793010108
1.23,135,-42,549.165073546694,3.19571551246185
1.23,135,-39,561.695424917954,3.20633988863942
1.23,135,-36,573.545857641685,3.21454959378218
1.23,135,-33,584.761255688991,3.22034505157454
1.23,135,-30,595.416197608136,3.22375248221387
1.23,135,-27,605.611678036421,3.22483875321982
1.23,135,-24,615.468151850899,3.2237253543109
1.23,135,-21,625.114614703711,3.22059911004701
1.23,135,-18,634.674166492859,3.21571709096191
1.23,135,-15,644.247342609415,3.2094036448772
1.23,135,-12,653.895229005543,3.202038590154
1.23,135,-9,663.624781155573,3.19403720497175
1.23,135,-6,673.378694626505,3.18582430421828
1.23,135,-3,683.031608479202,3.17780592301801
1.23,135,0,692.393486590348,3.17034254701509
1.23,135,3,701.21993563055,3.16372735556416
1.23,135,6,709.228215332202,3.15817179962929
1.23,135,9,716.11695293936,3.15379942951261
1.23,135,12,721.587177643456,3.15064761336676
1.23,135,15,725.362254284424,3.14867588190743
1.23,135,18,727.204583797194,3.14777914248248
1.23,135,21,726.927491430784,3.14780384079207
1.23,135,24,724.401463988567,3.14856518720682
1.23,135,27,719.554722390486,3.14986371484152
1.23,135,30,712.368902003145,3.15149966364676
1.23,135,33,702.871230099096,3.15328399795629
1.23,135,36,691.124928434715,3.15504528327083
1.23,135,39,677.219572095542,3.15663216587969
1.23,135,42,661.262818956424,3.15791176601272
1.23,135,45,643.374376694457,3.15876482078987
1.23,135,48,623.682437761395,3.15907879231294
1.23,135,51,602.322241419787,3.15874030683058
1.23,135,54,579.4360391038,3.15762818453176
1.23,135,57,555.173604216923,3.15560799088029
1.23,135,60,529.69252540614,3.15252857272242
1.23,135,63,503.157780233949,3.14822053711061
1.23,135,66,475.740404487987,3.14249617573015
1.23,135,69,447.615359701709,3.13514998546135
1.23,135,72,418.958898445847,3.1259586947781
1.23,135,75,389.945813804008,3.114679542826
1.23,135,78,360.74694911175,3.10104540012996
1.23,135,81,331.527268041918,3.08475504991078
1.23,135,84,302.444679757944,3.06545638267248
1.23,135,87,273.649711817535,3.04271908143571
1.23,135,90,245.286052681651,3.01599100748635
1.23,135,93,217.491975198556,2.98452775296103
1.23,135,96,190.402747605263,2.94727512748576
1.23,135,99,164.154434844577,2.90266369120501
1.23,135,102,138.890225491454,2.84822792343089
1.23,135,105,114.772234701399,2.77985052416486
1.23,135,108,92.0066014520465,2.69014193961512
1.23,135,111,70.9042546945049,2.56466731877637
1.23,135,114,52.047753739805,2.37263424478451
1.23,135,117,36.7849421936291,2.04693364054857
1.23,135,120,28.2781191817378,1.49811270617646
1.23,135,123,29.7905197399283,0.8708652047284
1.23,135,126,38.1725384304286,0.448228840841317
1.23,135,129,48.5072993080315,0.199514097902479
1.23,135,132,58.5248122621717,0.0372900124247162
1.23,135,135,67.3233971696742,-0.0822209068783181
1.23,135,138,74.4672381988843,-0.178978837271966
1.23,135,141,79.6922184955106,-0.262844277764265
1.23,135,144,82.8120957315897,-0.339231064817482
1.23,135,147,83.6891880900512,-0.411499880679369
1.23,135,150,82.2285310430481,-0.482107326261744
1.23,135,153,78.3814069930421,-0.553303236211909
1.23,135,156,72.1528874797324,-0.627784387280927
1.23,135,159,63.6124156424668,-0.709740880883517
1.23,135,162,52.9125889285731,-0.807344480622824
1.23,135,165,40.3428893367231,-0.940619273637579
1.23,135,168,26.574547874992,-1.17548910943176
1.23,135,171,14.5312542168279,-1.82128897685649
1.23,135,174,17.3592766484194,-3.06109270626089
1.23,135,177,33.2372945600689,-3.55307497639638
1.23,135,180,52.024157375582,-3.7489669584738
1.23,138,-180,52.024157375582,2.58657822626561
1.23,138,-177,71.9237537951768,2.46474215686859
1.23,138,-174,92.1085595382502,2.37727903478978
1.23,138,-171,112.136041594193,2.3074283319395
1.23,138,-168,131.657078588235,2.2484598755536
1.23,138,-165,150.377843723469,2.19729184743396
1.23,138,-162,168.051452818266,2.15242439372806
1.23,138,-159,184.477000081691,2.11313192445905
1.23,138,-156,199.500219001279,2.07909932268512
1.23,138,-153,213.013997729714,2.05023832604289
1.23,138,-150,224.958140418808,2.0265858506982
1.23,138,-147,235.31815456599,2.00824368663546
1.23,138,-144,244.123021861717,1.99534135690902
1.23,138,-141,251.442055237517,1.98801318184126
1.23,138,-138,257.381094158959,1.98638442438918
1.23,138,-135,262.078408734073,1.99056282698018
1.23,138,-132,265.70070891476,2.00063223863542
1.23,138,-129,268.439540264991,2.01664511233304
1.23,138,-126,270.508091076084,2.03861092031043
1.23,138,-123,272.138094311882,2.06647835696193
1.23,138,-120,273.57618756394,2.10011081376273
1.23,138,-117,275.078921240854,2.13925704842583
1.23,138,-114,276.905690382633,2.18352191917141
1.23,138,-111,279.309264221816,2.2323447328759
1.23,138,-108,282.52426048076,2.28499394171818
1.23,138,-105,286.754697383533,2.34058534731882
1.23,138,-102,292.162388321741,2.39812611622527
1.23,138,-99,298.858136281544,2.45657982318337
1.23,138,-96,306.897279432804,2.51494107265611
1.23,138,-93,316.280226286463,2.57230504182652
1.23,138,-90,326.957527042702,2.62791908592156
1.23,138,-87,338.838159180664,2.68120935926579
1.23,138,-84,351.799325822711,2.73178242007429
1.23,138,-81,365.696197313979,2.77940719413648
1.23,138,-78,380.370496348417,2.82398510108801
1.23,138,-75,395.657398551644,2.86551585055584
1.23,138,-72,411.390708915096,2.90406453291014
1.23,138,-69,427.406591122682,2.93973333297448
1.23,138,-66,443.546265626925,2.97263923347333
1.23,138,-63,459.658094837983,3.00289773110879
1.23,138,-60,475.599397628284,3.03061184169345
1.23,138,-57,491.238234407137,3.05586537786132
1.23,138,-54,506.455317275836,3.07871949042743
1.23,138,-51,521.146144877247,3.09921165476603
1.23,138,-48,535.223431969274,3.1173565744834
1.23,138,-45,548.619871481105,3.13314880162128
1.23,138,-42,561.291192913624,3.14656717094946
1.23,138,-39,573.219333456856,3.15758134332305
1.23,138,-36,584.415312718906,3.16616077599645
1.23,138,-33,594.921136627376,3.17228622938395
1.23,138,-30,604.809832272521,3.17596346447785
1.23,138,-27,614.182639638654,3.17723813215083
1.23,138,-24,623.162554921654,3.17621013275673
1.23,138,-21,631.883878645102,3.1730451329068
1.23,138,-18,640.478130534545,3.16798070446312
1.23,138,-15,649.057518466643,3.16132490213817
1.23,138,-12,657.697887990646,3.1534460925098
1.23,138,-9,666.423517854561,3.14475434832347
1.23,138,-6,675.196113799389,3.13567636858291
1.23,138,-3,683.909856714422,3.12662720477977
1.23,138,0,692.393486590348,3.11798266945526
1.23,138,3,700.419351147673,3.11005602690878
1.23,138,6,707.718341291544,3.10308157256821
1.23,138,9,713.998853452348,3.09720636002657
1.23,138,12,718.967462366919,3.09249002401224
1.23,138,15,722.348885567916,3.08891164074433
1.23,138,18,723.903052886963,3.08638195344072
1.23,138,21,723.43761085825,3.08475902171482
1.23,138,24,720.814917556691,3.08386532513938
1.23,138,27,715.953413868654,3.08350447384644
1.23,138,30,708.824062596254,3.08347590913614
1.23,138,33,699.44318928968,3.08358631063269
1.23,138,36,687.86342256685,3.08365687021547
1.23,138,39,674.164455501095,3.08352613222825
1.23,138,42,658.445047583358,3.08304867975652
1.23,138,45,640.817148975613,3.08209047699237
1.23,138,48,621.40239841975,3.08052205543412
1.23,138,51,600.330678842254,3.07821087848633
1.23,138,54,577.740033862612,3.07501410930021
1.23,138,57,553.777112787367,3.07077267592258
1.23,138,60,528.59740611709,3.06530705760716
1.23,138,63,502.364785195395,3.0584147043275
1.23,138,66,475.250170081477,3.04986853129392
1.23,138,69,447.429429591788,3.03941554899058
1.23,138,72,419.080809585324,3.02677440013893
1.23,138,75,390.382272088462,3.01163033737534
1.23,138,78,361.509123056287,2.99362590565181
1.23,138,81,332.632242886757,2.97234515755252
1.23,138,84,303.91714866026,2.94728841794725
1.23,138,87,275.524045689118,2.91783307992447
1.23,138,90,247.609002166687,2.88317304523226
1.23,138,93,220.326446315344,2.84222408168245
1.23,138,96,193.833410708608,2.79347236564526
1.23,138,99,168.29647393311,2.73472454470149
1.23,138,102,143.9034771754,2.66268178119528
1.23,138,105,120.884482753404,2.57219482747626
1.23,138,108,99.551454649526,2.45495854367883
1.23,138,111,80.3756914615512,2.29738929938893
1.23,138,114,64.1316369763886,2.07836323994789
1.23,138,117,52.0847659920328,1.7731482772315
1.23,138,120,45.8422081331261,1.38287530928182
1.23,138,123,46.0418437194066,0.976697607229788
1.23,138,126,51.0942018772776,0.639177870805907
1.23,138,129,58.4846153490056,0.388619586477519
1.23,138,132,66.3469548880078,0.203090313153121
1.23,138,135,73.59319440782,0.0594322197659714
1.23,138,138,79.593683821628,-0.057909503224429
1.23,138,141,83.9534971694076,-0.158537588175589
1.23,138,144,86.4031336456685,-0.248481652588756
1.23,138,147,86.751153057635,-0.331782367062706
1.23,138,150,84.8666081142375,-0.411469207804749
1.23,138,153,80.6756277463217,-0.490246210588455
1.23,138,156,74.1649355003931,-0.571167584304837
1.23,138,159,65.3902300095243,-0.658702043670342
1.23,138,162,54.4941159606493,-0.761199071521408
1.23,138,165,41.7602671091911,-0.898509753402225
1.23,138,168,27.8566079964622,-1.13389384859247
1.23,138,171,15.5865603531503,-1.74939166415673
1.23,138,174,17.5015539755201,-2.96326602118861
1.23,138,177,33.1299479917355,-3.48787396321082
1.23,138,180,52.024157375582,-3.69660708091397
1.23,141,-180,52.024157375582,2.63893810382545
1.23,141,-177,72.0871660984189,2.51101919938697
1.23,141,-174,92.4991508390734,2.41975785272269
1.23,141,-171,112.809619242956,2.3471974004964
1.23,141,-168,132.669594284845,2.28612687953872
1.23,141,-165,151.787244810251,2.23323172811263
1.23,141,-162,169.917662984121,2.18688139336282
1.23,141,-159,186.861276647384,2.1462670150099
1.23,141,-156,202.464316205851,2.1110140907085
1.23,141,-153,216.619284857435,2.08098743024165
1.23,141,-150,229.264703839813,2.05618328590966
1.23,141,-147,240.383857122043,2.03666530325137
1.23,141,-144,250.00247061623,2.02252488589549
1.23,141,-141,258.185425188217,2.01385651407939
1.23,141,-138,265.032762374685,2.01074274392318
1.23,141,-135,270.675366104519,2.01324525599905
1.23,141,-132,275.270735631506,2.02139884944533
1.23,141,-129,278.999160874794,2.03520545209457
1.23,141,-126,282.060372249032,2.05462551816724
1.23,141,-123,284.670418828428,2.07956493540539
1.23,141,-120,287.058230741446,2.10985693365253
1.23,141,-117,289.461158183824,2.14524044702433
1.23,141,-114,292.11884358939,2.18533863298404
1.23,141,-111,295.265113462682,2.22964318446495
1.23,141,-108,299.118128562277,2.27751083873832
1.23,141,-105,303.869669693129,2.32817728896475
1.23,141,-102,309.674954439868,2.38079027823513
1.23,141,-99,316.644565833807,2.43445872897337
1.23,141,-96,324.83980852202,2.48831004129403
1.23,141,-93,334.272145133187,2.54154514898803
1.23,141,-90,344.906527900951,2.59348167004866
1.23,141,-87,356.667718305376,2.64357911142427
1.23,141,-84,369.448297814669,2.69144491999286
1.23,141,-81,383.117072602145,2.73682432749946
1.23,141,-78,397.526871026778,2.77957926554277
1.23,141,-75,412.521160145448,2.81966201030195
1.23,141,-72,427.939315147821,2.85708824887632
1.23,141,-69,443.620671717727,2.89191272065096
1.23,141,-66,459.407648903775,2.92420907983303
1.23,141,-63,475.148268251208,2.95405445964242
1.23,141,-60,490.698355807039,2.98151847072138
1.23,141,-57,505.923643352555,3.00665598630507
1.23,141,-54,520.701920671234,3.02950296535378
1.23,141,-51,534.925350120065,3.05007465758437
1.23,141,-48,548.503033323587,3.06836575080359
1.23,141,-45,561.363891179539,3.08435229715638
1.23,141,-42,573.459845172389,3.0979955228094
1.23,141,-39,584.769139551355,3.10924780973816
1.23,141,-36,595.299416586439,3.11806116343101
1.23,141,-33,605.089888796771,3.12439828874834
1.23,141,-30,614.211722668082,3.12824596985094
1.23,141,-27,622.765661814463,3.12962983127038
1.23,141,-24,630.876067861054,3.12862886040873
1.23,141,-21,638.680989197057,3.12538747962686
1.23,141,-18,646.318545389145,3.1201226894203
1.23,141,-15,653.910713947893,3.11312406043617
1.23,141,-12,661.546336317398,3.10474521959693
1.23,141,-9,669.265618748357,3.09538685559329
1.23,141,-6,677.048442511835,3.08547285645257
1.23,141,-3,684.808376399488,3.07542255425644
1.23,141,0,692.393486590348,3.06562279189543
1.23,141,3,699.594041560039,3.05640344939733
1.23,141,6,706.156219743099,3.04801925672286
1.23,141,9,711.800120791381,3.0406394779422
1.23,141,12,716.239868655903,3.03434574634827
1.23,141,15,719.203422693824,3.029137246641
1.23,141,18,720.449879538963,3.02494171025728
1.23,141,21,719.782516508505,3.0216303078775
1.23,141,24,717.056526968322,3.01903441317324
1.23,141,27,712.181224300696,3.01696229331845
1.23,141,30,705.117309010248,3.01521400509659
1.23,141,33,695.870458454777,3.0135931231866
1.23,141,36,684.482888588221,3.01191439216799
1.23,141,39,671.02458584305,3.01000695127739
1.23,141,42,655.585626381301,3.00771337169469
1.23,141,45,638.270478598035,3.00488527937533
1.23,141,48,619.194565958272,3.00137671324443
1.23,141,51,598.482806586973,2.99703651482291
1.23,141,54,576.26946698221,2.99170093834485
1.23,141,57,552.698528778438,2.98518734595158
1.23,141,60,527.923855428183,2.97728938996663
1.23,141,63,502.108688727696,2.967773577694
1.23,141,66,475.424307071445,2.9563766431611
1.23,141,69,448.047950776941,2.94280275989852
1.23,141,72,420.16030915061,2.9267193226405
1.23,141,75,391.942952104948,2.90774976666316
1.23,141,78,363.576090554798,2.88546160674348
1.23,141,81,335.236996789397,2.85934744954265
1.23,141,84,307.099345780147,2.82879599898763
1.23,141,87,279.333686155631,2.79304879401708
1.23,141,90,252.109248879684,2.75113623943459
1.23,141,93,225.597391120544,2.70178291768728
1.23,141,96,199.977207437123,2.64326663169909
1.23,141,99,175.4443037252,2.57320802091202
1.23,141,102,152.224528998466,2.48826062511735
1.23,141,105,130.595626472724,2.38367915186549
1.23,141,108,110.920719644196,2.2528205780322
1.23,141,111,93.6949938855062,2.08694766294872
1.23,141,114,79.5887459776877,1.87662198028302
1.23,141,117,69.4099649355083,1.61743438189473
1.23,141,120,63.8248279247419,1.32090886621436
1.23,141,123,62.8209003250334,1.01881889498716
1.23,141,126,65.4426793207582,0.745462074400985
1.23,141,129,70.2333159262821,0.516587785528555
1.23,141,132,75.8448604758507,0.330015484917932
1.23,141,135,81.2780110526887,0.176697985966637
1.23,141,138,85.8446494175093,0.0475854365098474
1.23,141,141,89.0693630650946,-0.0644233448942071
1.23,141,144,90.6144429917334,-0.16455642772877
1.23,141,147,90.2368307961718,-0.256717754517005
1.23,141,150,87.7675524344315,-0.344042780768898
1.23,141,153,83.1045417390952,-0.429418659117997
1.23,141,156,76.2131818784597,-0.516097301954307
1.23,141,159,67.1327346676127,-0.608734342422871
1.23,141,162,55.9934205115992,-0.715819733410534
1.23,141,165,43.0710895409371,-0.857092935779045
1.23,141,168,29.0301825912591,-1.09374139505706
1.23,141,171,16.5852401842475,-1.68620604921644
1.23,141,174,17.728875737605,-2.87075905928106
1.23,141,177,33.0734517081033,-3.42340665091177
1.23,141,180,52.024157375582,-3.64424720335414
1.23,144,-180,52.024157375582,2.69129798138527
1.23,144,-177,72.1938836328352,2.55760239937361
1.23,144,-174,92.7722828101999,2.46272342118386
1.23,144,-171,113.303057612207,2.38758405168431
1.23,144,-168,133.439516269982,2.32451541532706
1.23,144,-165,152.89382250085,2.26997883801328
1.23,144,-162,171.424809811037,2.22221668981061
1.23,144,-159,188.835704104077,2.18033844994291
1.23,144,-156,204.974350768742,2.14391107394635
1.23,144,-153,219.733615984375,2.11275316856909
1.23,144,-150,233.051118196371,2.08682133617303
1.23,144,-147,244.907961748486,2.06614267090286
1.23,144,-144,255.326385067123,2.0507728443553
1.23,144,-141,264.366413830036,2.04076983066356
1.23,144,-138,272.12177421741,2.03617784675094
1.23,144,-135,278.715448180341,2.03701792250673
1.23,144,-132,284.295290657098,2.04328217007006
1.23,144,-129,289.030038838377,2.05492907011639
1.23,144,-126,293.105827481599,2.07187740492987
1.23,144,-123,296.723033899591,2.09399713268548
1.23,144,-120,300.093002309368,2.12109664273859
1.23,144,-117,303.434041245938,2.15290740091821
1.23,144,-114,306.966128570106,2.18906871968658
1.23,144,-111,310.904023328414,2.22911680083899
1.23,144,-108,315.448929922913,2.27248271175314
1.23,144,-105,320.779374921059,2.31850307021086
1.23,144,-102,327.042380139307,2.36644481050252
1.23,144,-99,334.346189810563,2.41554199466543
1.23,144,-96,342.755645995385,2.46503932003104
1.23,144,-93,352.290835850985,2.51423502278141
1.23,144,-90,362.929006478935,2.5625160676289
1.23,144,-87,374.609163109326,2.60938070645417
1.23,144,-84,387.238403564714,2.65444672544855
1.23,144,-81,400.698963328956,2.69744676173947
1.23,144,-78,414.855109214972,2.73821407838872
1.23,144,-75,429.559318118522,2.77666288169782
1.23,144,-72,444.657495328589,2.81276690195851
1.23,144,-69,459.99324176103,2.84653901500525
1.23,144,-66,475.411335022423,2.87801359749947
1.23,144,-63,490.760648912826,2.90723236562904
1.23,144,-60,505.89672800569,2.93423376584866
1.23,144,-57,520.684195122216,2.9590455812673
1.23,144,-54,534.999131534841,2.98168025152106
1.23,144,-51,548.731548629192,3.00213242529701
1.23,144,-48,561.788060174793,3.02037841800422
1.23,144,-45,574.094840909065,3.03637747310053
1.23,144,-42,585.600884397694,3.0500749564689
1.23,144,-39,596.281422995812,3.06140777354672
1.23,144,-36,606.141143872608,3.07031231489839
1.23,144,-33,615.21656629759,3.07673505220602
1.23,144,-30,623.576715141128,3.08064550584888
1.23,144,-27,631.321133774629,3.08205072508182
1.23,144,-24,638.574415411509,3.08100976449446
1.23,144,-21,645.476836948461,3.07764606841666
1.23,144,-18,652.171319737909,3.07215538634787
1.23,144,-15,658.787702106918,3.06480702027521
1.23,144,-12,665.426014069599,3.05593694396753
1.23,144,-9,672.140908812062,3.04593257146506
1.23,144,-6,678.92948804769,3.03521043824981
1.23,144,-3,685.724413324152,3.02418941423722
1.23,144,0,692.393486590348,3.0132629143356
1.23,144,3,698.745960258174,3.0027736846355
1.23,144,6,704.544883761438,2.99299413597659
1.23,144,9,709.523976923895,2.98411410200328
1.23,144,12,713.406958420684,2.97623664277321
1.23,144,15,715.927014258979,2.96938138589611
1.23,144,18,716.844184519587,2.96349406275691
1.23,144,21,715.958855106576,2.95846039839531
1.23,144,24,713.120203197424,2.95412230966766
1.23,144,27,708.229256578963,2.95029439262042
1.23,144,30,701.237049642259,2.94677888497564
1.23,144,33,692.13904216329,2.94337764347698
1.23,144,36,680.967383054183,2.93990015668107
1.23,144,39,667.782678811732,2.93616718574574
1.23,144,42,652.666673000202,2.93201022442362
1.23,144,45,635.716745082458,2.92726750464454
1.23,144,48,617.042535184362,2.92177765098357
1.23,144,51,596.764450288095,2.9153722366537
1.23,144,54,575.01343015904,2.90786839568515
1.23,144,57,551.931208082592,2.89906233647843
1.23,144,60,527.670380280416,2.88872415779954
1.23,144,63,502.393830369944,2.87659388023521
1.23,144,66,476.273347995359,2.862378151369
1.23,144,69,449.48754825594,2.84574670738365
1.23,144,72,422.219385775845,2.82632738647697
1.23,144,75,394.653646617512,2.80369826610805
1.23,144,78,366.974805943393,2.77737528642236
1.23,144,81,339.365589952258,2.74679345764544
1.23,144,84,312.006512139409,2.71127935133496
1.23,144,87,285.076597749962,2.67001197308183
1.23,144,90,258.755491856084,2.62196829276938
1.23,144,93,233.2271857083,2.56584884962271
1.23,144,96,208.685704115575,2.49997871462139
1.23,144,99,185.343256394701,2.42218201551762
1.23,144,102,163.441452299893,2.32964049669679
1.23,144,105,143.265828260091,2.21878337990115
1.23,144,108,125.162009688232,2.08534779010834
1.23,144,111,109.545860166572,1.92493375579609
1.23,144,114,96.8865623873966,1.73460091803285
1.23,144,117,87.6242768066998,1.5158513712214
1.23,144,120,81.9948005777494,1.2777123954701
1.23,144,123,79.825262603074,1.03615858841406
1.23,144,126,80.4754776381683,0.807878938589396
1.23,144,129,83.011959396851,0.603380096013133
1.23,144,132,86.4682506999311,0.425369084029562
1.23,144,135,90.0114831053005,0.271485165963486
1.23,144,138,92.9858574154888,0.137442795120677
1.23,144,141,94.8921005634702,0.0188361229312022
1.23,144,144,95.3533398652734,-0.0882103983710938
1.23,144,147,94.088267750982,-0.186987733199479
1.23,144,150,90.8953570645318,-0.280398833616751
1.23,144,153,85.6460602690637,-0.371288474690077
1.23,144,156,78.2843928620438,-0.462960633281291
1.23,144,159,68.8323527749881,-0.560169022723307
1.23,144,162,57.406603276783,-0.671505901505671
1.23,144,165,44.2740383530225,-0.816652275862306
1.23,144,168,30.0961109848542,-1.055213681894
1.23,144,171,17.5236491727045,-1.63031701558802
1.23,144,174,18.0315335249498,-2.78391432479113
1.23,144,177,33.0672225035416,-3.35975458845826
1.23,144,180,52.024157375582,-3.59188732579431
1.23,147,-180,52.024157375582,2.7436578589451
1.23,147,-177,72.2433440002633,2.6044958375811
1.23,147,-174,92.9262668567996,2.50617037496872
1.23,147,-171,113.61299278799,2.42857028109199
1.23,147,-168,133.961185393839,2.36359397706435
1.23,147,-165,153.688928154785,2.30748799135048
1.23,147,-162,172.5604955824,2.2583715360266
1.23,147,-159,190.383319710044,2.21527423648602
1.23,147,-156,207.007930096467,2.17770551187848
1.23,147,-153,222.328262662992,2.14543863123993
1.23,147,-150,236.281382425485,2.11839168023533
1.23,147,-147,248.846242553789,2.09655689137756
1.23,147,-144,260.041368336802,2.07995666176032
1.23,147,-141,269.921541255252,2.06861582669757
1.23,147,-138,278.573722984084,2.06254460751306
1.23,147,-135,286.112585144689,2.06172868076078
1.23,147,-132,292.676054485875,2.06612359000084
1.23,147,-129,298.421210597115,2.07565103411374
1.23,147,-126,303.520685394237,2.09019487697195
1.23,147,-123,308.159456290768,2.10959529807869
1.23,147,-120,312.531678044824,2.13364044596775
1.23,147,-117,316.837050112916,2.1620562031734
1.23,147,-114,321.276233600424,2.19449599708205
1.23,147,-111,326.045035024306,2.23053363764687
1.23,147,-108,331.327425479982,2.26966252595819
1.23,147,-105,337.287872045266,2.31130394785335
1.23,147,-102,344.063800238192,2.35482550634073
1.23,147,-99,351.759165262368,2.39956841303105
1.23,147,-96,360.440019634414,2.44488006281259
1.23,147,-93,370.132642341667,2.49014686373234
1.23,147,-90,380.824338583975,2.53482221353452
1.23,147,-87,392.46657106955,2.57844579086844
1.23,147,-84,404.979769696653,2.62065242940579
1.23,147,-81,418.259049608259,2.66117100830825
1.23,147,-78,432.180136476825,2.69981539844944
1.23,147,-75,446.604987517578,2.7364702736411
1.23,147,-72,461.386825554436,2.77107459522765
1.23,147,-69,476.374504622365,2.80360506842067
1.23,147,-66,491.416262674029,2.8340611442612
1.23,147,-63,506.362984662804,2.86245242813779
1.23,147,-60,521.071114774458,2.88878878356335
1.23,147,-57,535.405347121314,2.91307303832626
1.23,147,-54,549.241214422748,2.93529601017006
1.23,147,-51,562.467695534212,2.95543354617209
1.23,147,-48,574.989967542935,2.97344537447408
1.23,147,-45,586.732411166905,2.98927574670219
1.23,147,-42,597.641906116954,3.00285603970671
1.23,147,-39,607.691301381973,3.01410961377082
1.23,147,-36,616.88271626547,3.02295922199942
1.23,147,-33,625.250061875111,3.02933708215622
1.23,147,-30,632.859946340039,3.03319734373039
1.23,147,-27,639.810035059302,3.03453014478603
1.23,147,-24,646.224061984737,3.03337584592813
1.23,147,-21,652.243065675927,3.02983749398809
1.23,147,-18,658.013021495102,3.0240892777383
1.23,147,-15,663.669752767339,3.01637885406801
1.23,147,-12,669.322671333364,3.0070220389637
1.23,147,-9,675.039354296519,2.99638943796376
1.23,147,-6,680.833081516328,2.98488594197106
1.23,147,-3,686.655189505786,2.97292531792291
1.23,147,0,692.393486590348,2.96090303677577
1.23,147,3,697.877141475003,2.94917076440033
1.23,147,6,702.887559333202,2.93801554956643
1.23,147,9,707.173948587506,2.92764583033451
1.23,147,12,710.471678998153,2.91818521649354
1.23,147,15,712.521218051869,2.90967386656791
1.23,147,18,713.085447168101,2.90207635809077
1.23,147,21,711.96349837988,2.89529433589519
1.23,147,24,708.999864827735,2.88918191589741
1.23,147,27,704.088324122442,2.88356177933236
1.23,147,30,697.171032208427,2.87824006614145
1.23,147,33,688.23384208692,2.87301852625135
1.23,147,36,677.299343257606,2.86770287739592
1.23,147,39,664.419227373061,2.86210690018302
1.23,147,42,649.667365748102,2.85605240514894
1.23,147,45,633.134516528177,2.84936574291969
1.23,147,48,614.925000428377,2.84187190691939
1.23,147,51,595.15514578173,2.83338743402246
1.23,147,54,573.952928911447,2.82371322534461
1.23,147,57,551.458086357828,2.81262812266533
1.23,147,60,527.822042790804,2.79988366005541
1.23,147,63,503.207218301521,2.78519995277591
1.23,147,66,477.785561123441,2.76826226233401
1.23,147,69,451.736412811396,2.74871743614682
1.23,147,72,425.243997231453,2.72616917981684
1.23,147,75,398.494913067323,2.70017097140353
1.23,147,78,371.676012631964,2.67021534779395
1.23,147,81,344.972995330957,2.63571826083704
1.23,147,84,318.569963720628,2.59599721309485
1.23,147,87,292.650109849938,2.55024199386271
1.23,147,90,267.397635190379,2.49747722795487
1.23,147,93,243.000960464106,2.43651708128783
1.23,147,96,219.657230612631,2.36591536148217
1.23,147,99,197.57799786453,2.28392099533784
1.23,147,102,176.995612141843,2.18846324198468
1.23,147,105,158.168935897507,2.07721840216451
1.23,147,108,141.384997688729,1.94785295989538
1.23,147,111,126.949652461691,1.79857997785712
1.23,147,114,115.156197952331,1.62913070815158
1.23,147,117,106.221524225076,1.44197817926704
1.23,147,120,100.19508642754,1.24310057718182
1.23,147,123,96.8786290302372,1.04125425761765
1.23,147,126,95.8134739090393,0.845572513480688
1.23,147,129,96.3563172483449,0.662913330633713
1.23,147,132,97.7993056485981,0.496649492398541
1.23,147,135,99.4704143332647,0.347123964307779
1.23,147,138,100.785638324983,0.21282105819636
1.23,147,141,101.26209121395,0.0914006806696395
1.23,147,144,100.51226581424,-0.0196893339241196
1.23,147,147,98.2340841146849,-0.122968338259618
1.23,147,150,94.2033452321344,-0.220926082057376
1.23,147,153,88.2702432345118,-0.316214065798152
1.23,147,156,80.3599243075967,-0.412076798350618
1.23,147,159,70.4780505180416,-0.513292456018175
1.23,147,162,58.7277880235155,-0.628523863111349
1.23,147,165,45.3668777767117,-0.777444107342693
1.23,147,168,31.0550353464488,-1.01849226133565
1.23,147,171,18.4003687867285,-1.58074583993233
1.23,147,174,18.4006378156563,-2.7028837432575
1.23,147,177,33.1105618684799,-3.29699126185643
1.23,147,180,52.024157375582,-3.53952744823448
1.23,150,-180,52.024157375582,2.79601773650494
1.23,150,-177,72.2351682908365,2.65170356639535
1.23,150,-174,92.9598317843471,2.5500939513372
1.23,150,-171,113.736730389875,2.4701393742229
1.23,150,-168,134.229852314896,2.40333306394311
1.23,150,-165,154.165026684317,2.34571678979041
1.23,150,-162,173.313585964653,2.29529086767308
1.23,150,-159,191.488511650619,2.25100711049016
1.23,150,-156,208.544039789585,2.21231859294153
1.23,150,-153,224.375854469715,2.17895425705617
1.23,150,-150,238.920808500472,2.15079490626801
1.23,150,-147,252.155746349046,2.1277996541265
1.23,150,-144,264.09529209805,2.1099600812079
1.23,150,-141,274.788655559285,2.09727119302601
1.23,150,-138,284.315669833821,2.08971343095776
1.23,150,-135,292.782395971932,2.08724220131718
1.23,150,-132,300.316679851747,2.08978227723752
1.23,150,-129,307.063993536507,2.09722480047219
1.23,150,-126,313.183738105798,2.10942491554264
1.23,150,-123,318.845965325408,2.1261985559159
1.23,150,-120,324.228258951763,2.14731766253097
1.23,150,-117,329.512377715812,2.17250409446092
1.23,150,-114,334.880257073175,2.20142350761892
1.23,150,-111,340.509112486893,2.23368126328215
1.23,150,-108,346.565652922999,2.26882270578139
1.23,150,-105,353.199728009607,2.30633972827924
1.23,150,-102,360.53800305272,2.34568442761584
1.23,150,-99,368.678397002919,2.38628908172359
1.23,150,-96,377.685980605797,2.4275901211008
1.23,150,-93,387.590822951809,2.46905271643641
1.23,150,-90,398.387957506173,2.51019241505147
1.23,150,-87,410.039307937296,2.55059096228885
1.23,150,-84,422.477159020747,2.58990475601571
1.23,150,-81,435.608631362343,2.62786585003714
1.23,150,-78,449.320624743441,2.66427662816688
1.23,150,-75,463.484798179976,2.69899997818324
1.23,150,-72,477.962302219207,2.73194697771186
1.23,150,-69,492.608121768016,2.76306388481171
1.23,150,-66,507.274995347982,2.79231978386714
1.23,150,-63,521.816940814694,2.81969573617771
1.23,150,-60,536.092447979152,2.84517583962081
1.23,150,-57,549.967413886503,2.86874027687252
1.23,150,-54,563.317913550559,2.89036025069937
1.23,150,-51,576.03292313221,2.9099946631206
1.23,150,-48,588.017132712988,2.92758846659664
1.23,150,-45,599.19397598797,2.94307275532149
1.23,150,-42,609.508933412695,2.95636681391487
1.23,150,-39,618.933013253304,2.96738243268583
1.23,150,-36,627.466087970715,2.97603077132851
1.23,150,-33,635.139503670994,2.98223186427679
1.23,150,-30,642.017162400764,2.9859265024434
1.23,150,-27,648.194189178582,2.98708973214068
1.23,150,-24,653.792411562738,2.98574466274624
1.23,150,-21,658.952229092257,2.98197479035904
1.23,150,-18,663.820999946224,2.97593276910797
1.23,150,-15,668.538726121285,2.96784363164516
1.23,150,-12,673.222437057929,2.95800096080225
1.23,150,-9,677.951109271328,2.94675543123745
1.23,150,-6,682.753104461326,2.93449633134584
1.23,150,-3,687.597913558924,2.92162788847646
1.23,150,0,692.393486590348,2.90854315921594
1.23,150,3,696.989698030711,2.89559867409235
1.23,150,6,701.187670467726,2.88309284871162
1.23,150,9,704.75388957419,2.87125046701845
1.23,150,12,707.437411028754,2.86021451035166
1.23,150,15,708.988079998209,2.85004549507466
1.23,150,18,709.17361655535,2.84072750168279
1.23,150,21,707.793682027851,2.83217935791479
1.23,150,24,704.689593746852,2.82426902271253
1.23,150,27,699.749104323933,2.81682909424838
1.23,150,30,692.906466691091,2.80967149407536
1.23,150,33,684.13871024403,2.80259971410635
1.23,150,36,673.459518700068,2.79541750377944
1.23,150,39,660.912244529464,2.78793346160717
1.23,150,42,646.563414070235,2.7799616019193
1.23,150,45,630.497646569702,2.77131850443811
1.23,150,48,612.814360415476,2.76181803516632
1.23,150,51,593.626118510281,2.75126479247707
1.23,150,54,573.058093802078,2.73944736825455
1.23,150,57,551.247979332275,2.72613225573639
1.23,150,60,528.345720818366,2.71105885495682
1.23,150,63,504.512654638425,2.69393560797757
1.23,150,66,479.919904033106,2.67443691412332
1.23,150,69,454.746139161738,2.65220018097525
1.23,150,72,429.174986271726,2.62682218425191
1.23,150,75,403.392455866955,2.59785384353291
1.23,150,78,377.584757012201,2.56479256798294
1.23,150,81,351.936799616158,2.52707149125368
1.23,150,84,326.631587554633,2.4840452291857
1.23,150,87,301.850595778494,2.4349723455478
1.23,150,90,277.775115279893,2.3789956893026
1.23,150,93,254.588436573003,2.31512353061211
1.23,150,96,232.478600171622,2.24221757859181
1.23,150,99,211.641217398761,2.1589993816045
1.23,150,102,192.281465779219,2.0640951282791
1.23,150,105,174.613675168916,1.95615005978207
1.23,150,108,158.85589421064,1.83405264444309
1.23,150,111,145.215743980352,1.69730029626421
1.23,150,114,133.863817564393,1.54648479242867
1.23,150,117,124.89399910459,1.38375493570045
1.23,150,120,118.278049930434,1.2129725736834
1.23,150,123,113.831767446281,1.03928058046886
1.23,150,126,111.212297640194,0.868097760245495
1.23,150,129,109.953074171673,0.703977553191449
1.23,150,132,109.522380115799,0.549877536450212
1.23,150,135,109.38189471464,0.407055336109865
1.23,150,138,109.028881395731,0.275407450243911
1.23,150,141,108.019138370745,0.153937440253224
1.23,150,144,105.976230953549,0.0411394702964483
1.23,150,147,102.593933426543,-0.0647800366144919
1.23,150,150,97.6367111942173,-0.165848654085926
1.23,150,153,90.9406998937342,-0.264450025472217
1.23,150,156,82.4164731494291,-0.363699547169477
1.23,150,159,72.0557296278688,-0.468348696703454
1.23,150,162,59.9493238498958,-0.587110963841564
1.23,150,165,46.346569645606,-0.739704270534455
1.23,150,168,31.9075008986761,-0.983761400085183
1.23,150,171,19.2156717812809,-1.53681524578355
1.23,150,174,18.8284247666071,-2.62766125431302
1.23,150,177,33.2026742688879,-3.23518095943326
1.23,150,180,52.024157375582,-3.48716757067465
1.23,153,-180,52.024157375582,2.84837761406477
1.23,153,-177,72.1691639957902,2.69922964728177
1.23,153,-174,92.8721342027115,2.5944900154933
1.23,153,-171,113.672270688661,2.51227584061424
1.23,153,-168,134.241727324893,2.44370496665581
1.23,153,-165,154.315783238569,2.38462521491903
1.23,153,-162,173.674347467571,2.33292265706214
1.23,153,-159,192.137222710383,2.28747360610383
1.23,153,-156,209.563330227163,2.24767619266122
1.23,153,-153,225.850766067244,2.21321619210636
1.23,153,-150,240.93652678034,2.18393844413708
1.23,153,-147,254.795433499716,2.15977069786097
1.23,153,-144,267.438088568562,2.14067611098869
1.23,153,-141,278.907889012939,2.12662302566115
1.23,153,-138,289.277273547829,2.11756609667061
1.23,153,-135,298.643496550032,2.11343523969448
1.23,153,-132,307.124277293491,2.11412987062097
1.23,153,-129,314.853641196746,2.11951633812466
1.23,153,-126,321.978150058637,2.12942675188319
1.23,153,-123,328.653539566985,2.14365781522544
1.23,153,-120,335.041598854448,2.16196887152716
1.23,153,-117,341.306999581835,2.18407912997826
1.23,153,-114,347.613757395652,2.20966481030204
1.23,153,-111,354.121101892122,2.23835754344956
1.23,153,-108,360.978720573339,2.26974559675837
1.23,153,-105,368.321574870319,2.30337924096202
1.23,153,-102,376.264694210617,2.33878085683613
1.23,153,-99,384.898475297013,2.37545935874117
1.23,153,-96,394.285011964526,2.41292747783552
1.23,153,-93,404.455857613531,2.4507197132781
1.23,153,-90,415.411415268451,2.48840854825855
1.23,153,-87,427.121919813229,2.52561688403706
1.23,153,-84,439.529782887493,2.56202542687308
1.23,153,-81,452.552953266009,2.5973747118557
1.23,153,-78,466.088914614215,2.6314623009173
1.23,153,-75,480.018982015222,2.66413627118696
1.23,153,-72,494.212637579349,2.69528635539462
1.23,153,-69,508.531732162129,2.72483405033555
1.23,153,-66,522.834453186482,2.75272276994424
1.23,153,-63,536.979010751787,2.77890879480534
1.23,153,-60,550.8270312545,2.80335345118687
1.23,153,-57,564.246681460318,2.82601670267388
1.23,153,-54,577.115585672138,2.84685218968214
1.23,153,-51,589.323643275113,2.86580371346184
1.23,153,-48,600.775888227077,2.88280321483894
1.23,153,-45,611.395529172045,2.89777040640082
1.23,153,-42,621.127240199703,2.91061432733988
1.23,153,-39,629.940621960381,2.92123714390075
1.23,153,-36,637.833531458618,2.92954046308917
1.23,153,-33,644.834730052292,2.93543423072769
1.23,153,-30,651.00509423733,2.9388479454911
1.23,153,-27,656.436553420157,2.9397434727589
1.23,153,-24,661.248027267572,2.93812825608592
1.23,153,-21,665.577955072996,2.93406729902154
1.23,153,-18,669.573507700313,2.9276920410676
1.23,153,-15,673.377162552306,2.91920428807515
1.23,153,-12,677.111883611828,2.90887375177715
1.23,153,-9,680.866559072171,2.89702850625901
1.23,153,-6,684.683514026793,2.88403868560626
1.23,153,-3,688.549790781804,2.87029483845059
1.23,153,0,692.393486590348,2.85618328165611
1.23,153,3,696.085818669644,2.84206133589652
1.23,153,6,699.448843388383,2.82823535096784
1.23,153,9,702.268002202082,2.81494394248412
1.23,153,12,704.308016826409,2.80234799404982
1.23,153,15,705.330216334193,2.79052793481557
1.23,153,18,705.109229810426,2.77948779298763
1.23,153,21,703.447156329999,2.76916471438772
1.23,153,24,700.183806451197,2.75944211128408
1.23,153,27,695.202309882771,2.75016439214313
1.23,153,30,688.430165636012,2.74115129316134
1.23,153,33,679.836515567323,2.73221013870591
1.23,153,36,669.426908574327,2.72314483919653
1.23,153,39,657.237003174516,2.71376102008179
1.23,153,42,643.326519507717,2.70386728125737
1.23,153,45,627.774364534414,2.69327312239476
1.23,153,48,610.675339528765,2.68178445356053
1.23,153,51,592.138339147154,2.66919778713665
1.23,153,54,572.285586279264,2.65529416475738
1.23,153,57,551.25228271601,2.63983364637792
1.23,153,60,529.186093587974,2.62255084634296
1.23,153,63,506.246070488,2.60315162465753
1.23,153,66,482.60087282117,2.58131070331836
1.23,153,69,458.426389024638,2.55666972890784
1.23,153,72,433.903032023721,2.52883517143075
1.23,153,75,409.213062270213,2.49737544587546
1.23,153,78,384.538281633463,2.46181677056338
1.23,153,81,360.058364973603,2.42163754336315
1.23,153,84,335.949981413885,2.37626144906679
1.23,153,87,312.386727475243,2.32505016511254
1.23,153,90,289.539762315147,2.26729750832792
1.23,153,93,267.578901784807,2.20222831010769
1.23,153,96,246.67378078003,2.12900738764739
1.23,153,99,226.994509921256,2.04676675857853
1.23,153,102,208.711008694765,1.95466236743872
1.23,153,105,191.989892304421,1.85197362484328
1.23,153,108,176.987503913951,1.73825656982523
1.23,153,111,163.837667823577,1.61354860466021
1.23,153,114,152.633467523288,1.47859375812035
1.23,153,117,143.40435116836,1.33501523972673
1.23,153,120,136.093076959861,1.18533058645349
1.23,153,123,130.539941883572,1.03272684468993
1.23,153,126,126.481673194117,0.880611589881626
1.23,153,129,123.567738790381,0.73208075748828
1.23,153,132,121.389868694121,0.589494869735597
1.23,153,135,119.516065558603,0.454284505631406
1.23,153,138,117.521005836044,0.326978365034341
1.23,153,141,115.008812087614,0.207360830337733
1.23,153,144,111.628231506209,0.0946540428356998
1.23,153,147,107.082321004569,-0.0123500151301475
1.23,153,150,101.13497073584,-0.11525333344869
1.23,153,153,93.6160760481508,-0.216158654251285
1.23,153,156,84.4269453813848,-0.318022499332677
1.23,153,159,73.5487189273156,-0.425543123694997
1.23,153,162,61.0620600874155,-0.547479689526488
1.23,153,165,47.2094379747623,-0.703653629597666
1.23,153,168,32.6540856104388,-0.951210788672526
1.23,153,171,19.9712265822364,-1.49805923747363
1.23,153,174,19.3084313706971,-2.55811834071312
1.23,153,177,33.3426849542737,-3.17437790140065
1.23,153,180,52.024157375582,-3.43480769311482
1.23,156,-180,52.024157375582,2.9007374916246
1.23,156,-177,72.0453271734968,2.74707818696329
1.23,156,-174,92.6627673041397,2.63935509078266
1.23,156,-171,113.418331853329,2.55496536206708
1.23,156,-168,133.99402929904,2.48468357785885
1.23,156,-165,154.136151626824,2.42417525424395
1.23,156,-162,173.634590922668,2.37121730992387
1.23,156,-159,192.317165494568,2.32461317836474
1.23,156,-156,210.048420501981,2.28370767762105
1.23,156,-153,226.729526105992,2.24814473326274
1.23,156,-150,242.298014285199,2.21773461202095
1.23,156,-147,256.726837063243,2.19237543245382
1.23,156,-144,270.022548312808,2.17200420548113
1.23,156,-141,282.222598428273,2.15656556316926
1.23,156,-138,293.391873906349,2.14599206495329
1.23,156,-135,303.618724078609,2.14019253545697
1.23,156,-132,313.010777395572,2.13904600430939
1.23,156,-129,321.690839968083,2.14239930895515
1.23,156,-126,329.793085741144,2.15006672014338
1.23,156,-123,337.459611062677,2.16183028509527
1.23,156,-120,344.837277236762,2.17744004526749
1.23,156,-117,352.074650648325,2.1966138561991
1.23,156,-114,359.318809140727,2.21903711958078
1.23,156,-111,366.711830423984,2.24436319660291
1.23,156,-108,374.386900478639,2.27221547918783
1.23,156,-105,382.464141152676,2.30219197859683
1.23,156,-102,391.046409101044,2.33387286280837
1.23,156,-99,400.215419117622,2.36683074273938
1.23,156,-96,410.02856667545,2.40064284910858
1.23,156,-93,420.516764120439,2.4349037471155
1.23,156,-90,431.683482832082,2.46923704549451
1.23,156,-87,443.505045111911,2.50330471233926
1.23,156,-84,455.932072128269,2.5368130479405
1.23,156,-81,468.891895673316,2.56951494604327
1.23,156,-78,482.291692958948,2.60120864251816
1.23,156,-75,496.022100127692,2.63173358160317
1.23,156,-72,509.961086265875,2.66096426411782
1.23,156,-69,523.977908236133,2.68880298155303
1.23,156,-66,537.93700552752,2.71517223098601
1.23,156,-63,551.701730120055,2.74000741461104
1.23,156,-60,565.137843258067,2.76325022036705
1.23,156,-57,578.116755986201,2.78484290966803
1.23,156,-54,590.518546302408,2.80472363785095
1.23,156,-51,602.234845866717,2.82282291335996
1.23,156,-48,613.171734313035,2.83906135084988
1.23,156,-45,623.252781928422,2.85334895916007
1.23,156,-42,632.422315772418,2.86558628152039
1.23,156,-39,640.64883865722,2.87566772273632
1.23,156,-36,647.928319059348,2.88348731532583
1.23,156,-33,654.286837056746,2.88894697240157
1.23,156,-30,659.781883650039,2.89196695549059
1.23,156,-27,664.501540397953,2.89249788539366
1.23,156,-24,668.560867318607,2.89053320406997
1.23,156,-21,672.095115196314,2.88612063428508
1.23,156,-18,675.249821178786,2.87937096867371
1.23,156,-15,678.168367988298,2.87046253276305
1.23,156,-12,680.978086658129,2.85963996483279
1.23,156,-9,683.776360431264,2.84720654999083
1.23,156,-6,686.618366553001,2.83351018120813
1.23,156,-3,689.508032910353,2.81892396917496
1.23,156,0,692.393486590348,2.80382340409628
1.23,156,3,695.167764957994,2.78856259175107
1.23,156,6,697.674909618557,2.77345229254433
1.23,156,9,699.720857519044,2.75874222795596
1.23,156,12,701.087888490835,2.74460943980458
1.23,156,15,701.550898130354,2.73115354638419
1.23,156,18,700.893537102912,2.71839873492868
1.23,156,21,698.922349227351,2.70630144912152
1.23,156,24,695.477444844048,2.69476210454833
1.23,156,27,690.438887669927,2.68363885318617
1.23,156,30,683.728721330429,2.67276141670862
1.23,156,33,675.309259197109,2.66194327226417
1.23,156,36,665.178764908503,2.65099093487849
1.23,156,39,653.365868234114,2.63970965600233
1.23,156,42,639.923972516701,2.62790545794503
1.23,156,45,624.926572578055,2.61538395744007
1.23,156,48,608.463929211289,2.60194681836557
1.23,156,51,590.641073278511,2.58738686216408
1.23,156,54,571.576756013213,2.57148284487923
1.23,156,57,551.402790516081,2.55399471544687
1.23,156,60,530.263249461685,2.53465986628058
1.23,156,63,508.313149602735,2.51319055158015
1.23,156,66,485.716489133224,2.48927235083587
1.23,156,69,462.643732036667,2.46256334443525
1.23,156,72,439.268997202541,2.43269357224826
1.23,156,75,415.767282867928,2.39926437395117
1.23,156,78,392.312041109247,2.36184736151279
1.23,156,81,369.073334055726,2.31998304823701
1.23,156,84,346.216681746912,2.27317955839195
1.23,156,87,323.902576919551,2.22091237793568
1.23,156,90,302.286511930479,2.16262679658678
1.23,156,93,281.519245129358,2.09774554204918
1.23,156,96,261.746927876243,2.02568507979311
1.23,156,99,243.110615108981,1.945884982716
1.23,156,102,225.74459253236,1.85785524168605
1.23,156,105,209.772890883019,1.76124554153679
1.23,156,108,195.303377965094,1.65593702356592
1.23,156,111,182.419029106428,1.54214942182918
1.23,156,114,171.166516221909,1.42054438399538
1.23,156,117,161.543204750389,1.29229239986762
1.23,156,120,153.484850704563,1.15906431350269
1.23,156,123,146.857216172952,1.02291956473923
1.23,156,126,141.454719159147,0.88609583194408
1.23,156,129,137.007699776909,0.750745790924385
1.23,156,132,133.197436449021,0.618690848279139
1.23,156,135,129.675954694342,0.491251520091187
1.23,156,138,126.086997304655,0.369176859254018
1.23,156,141,122.08531000801,0.252655410530006
1.23,156,144,117.352835796649,0.141366716135114
1.23,156,147,111.611651319431,0.0345266519897938
1.23,156,150,104.634177333274,-0.0691205944666728
1.23,156,153,96.2515320801843,-0.171425020387729
1.23,156,156,86.3613872242199,-0.275186696157087
1.23,156,159,74.9383376880281,-0.385047104605057
1.23,156,162,62.0556808058885,-0.509821882660773
1.23,156,165,47.9513776689928,-0.669503007104462
1.23,156,168,33.2955593960029,-0.921038081457978
1.23,156,171,20.6699497896293,-1.46416131782913
1.23,156,174,19.8355598736763,-2.49403714115996
1.23,156,177,33.5296566460533,-3.11462565075932
1.23,156,180,52.024157375582,-3.38244781555499
1.23,159,-180,52.024157375582,2.95309736918443
1.23,159,-177,71.8638438470356,2.79525337246002
1.23,159,-174,92.3317678614797,2.6846863941848
1.23,159,-171,112.974370824489,2.59819475454127
1.23,159,-168,133.485032641838,2.52624422360933
1.23,159,-165,153.622462410149,2.46433055392717
1.23,159,-162,173.187817638158,2.41012709357962
1.23,159,-159,192.01804427691,2.36236736194275
1.23,159,-156,209.98421296622,2.32034475230666
1.23,159,-153,226.99123932143,2.28366282603723
1.23,159,-150,242.977635503499,2.25209873735191
1.23,159,-147,257.914728532291,2.22552266817823
1.23,159,-144,271.805111700082,2.20384760447631
1.23,159,-141,284.680278238447,2.18699715643633
1.23,159,-138,296.597519253682,2.17488511542051
1.23,159,-135,307.636271838771,2.16740317198795
1.23,159,-132,317.89416874055,2.16441444675432
1.23,159,-129,327.48305249203,2.1657510374355
1.23,159,-126,336.525168779752,2.17121408792581
1.23,159,-123,345.149657897018,2.18057516145753
1.23,159,-120,353.489347636026,2.19357804500552
1.23,159,-117,361.677751388576,2.20994052975612
1.23,159,-114,369.846122022857,2.22935614344841
1.23,159,-111,378.120420457747,2.25149616524001
1.23,159,-108,386.618123317547,2.27601244789234
1.23,159,-105,395.444895149983,2.30254155691963
1.23,159,-102,404.691256781131,2.3307105184305
1.23,159,-99,414.429462537138,2.36014411015868
1.23,159,-96,424.710834731775,2.39047323721888
1.23,159,-93,435.563787746898,2.42134361832436
1.23,159,-90,446.992714339051,2.4524238568886
1.23,159,-87,458.977821646166,2.48341202024354
1.23,159,-84,471.475915038584,2.51404007565529
1.23,159,-81,484.422052063051,2.54407586456524
1.23,159,-78,497.731935825163,2.57332264831443
1.23,159,-75,511.304888110253,2.60161655113641
1.23,159,-72,525.027232250011,2.62882241078428
1.23,159,-69,538.775917617352,2.65482861142146
1.23,159,-66,552.422227751458,2.67954143615662
1.23,159,-63,565.835433193812,2.70287937619061
1.23,159,-60,578.886282402135,2.72476771481108
1.23,159,-57,591.450273469915,2.74513360744002
1.23,159,-54,603.410714086921,2.7639018304327
1.23,159,-51,614.661645782879,2.78099137984325
1.23,159,-48,625.110759337765,2.79631315550585
1.23,159,-45,634.682434156908,2.80976903672398
1.23,159,-42,643.320972273061,2.82125270417302
1.23,159,-39,650.993959878292,2.83065254834393
1.23,159,-36,657.695492785887,2.83785689857367
1.23,159,-33,663.448789967323,2.84276159837136
1.23,159,-30,668.307552339195,2.84527965562714
1.23,159,-27,672.355364834475,2.84535234536229
1.23,159,-24,675.702532599165,2.8429607889367
1.23,159,-21,678.479996474366,2.83813673680001
1.23,159,-18,680.830357840406,2.83097110332034
1.23,159,-15,682.896493866657,2.8216187979592
1.23,159,-12,684.808679916283,2.81029860922925
1.23,159,-9,686.671478078865,2.79728734330756
1.23,159,-6,688.551839488744,2.78290807577308
1.23,159,-3,690.469867494904,2.7675131701778
1.23,159,0,692.393486590348,2.75146352653645
1.23,159,3,694.237867713523,2.73510618623092
1.23,159,6,695.869907774103,2.71875277886146
1.23,159,9,697.1174137513,2.70266124430272
1.23,159,12,697.781994922182,2.68702278660941
1.23,159,15,697.654137126469,2.67195520916494
1.23,159,18,696.528632556348,2.65750281630226
1.23,159,21,694.21854253009,2.64364214412276
1.23,159,24,690.566190396393,2.63029206812726
1.23,159,27,685.450255110737,2.61732642450623
1.23,159,30,678.788740247029,2.60458719799632
1.23,159,33,670.538275302735,2.59189653626143
1.23,159,36,660.690722655139,2.57906627711441
1.23,159,39,649.268317146951,2.56590423077577
1.23,159,42,636.318528393143,2.55221704820472
1.23,159,45,621.909554245594,2.5378100346143
1.23,159,48,606.126929541242,2.52248465605339
1.23,159,51,589.071293420847,2.50603468734704
1.23,159,54,570.857013980695,2.48824195276067
1.23,159,57,551.611190308897,2.46887244829578
1.23,159,60,531.472551748289,2.44767336811321
1.23,159,63,510.589914257141,2.42437126006549
1.23,159,66,489.120065370293,2.39867127234742
1.23,159,69,467.225159380681,2.37025727126247
1.23,159,72,445.069856918096,2.33879253293596
1.23,159,75,422.818510283473,2.30392074441785
1.23,159,78,400.632677999443,2.26526718462601
1.23,159,81,378.669169324251,2.22244017952873
1.23,159,84,357.078700989824,2.17503322316552
1.23,159,87,336.005122126583,2.1226285091927
1.23,159,90,315.585049989125,2.06480300404924
1.23,159,93,295.947670295327,2.00113857559014
1.23,159,96,277.214395502047,1.93123800142948
1.23,159,99,259.49804159096,1.85474879216711
1.23,159,102,242.901178889135,1.77139645947166
1.23,159,105,227.513341321386,1.68102781672645
1.23,159,108,213.406859069872,1.58366274602522
1.23,159,111,200.631242443959,1.47954936379288
1.23,159,114,189.206323215763,1.36921296044286
1.23,159,117,179.114761821686,1.25348478520082
1.23,159,120,170.294994686796,1.13349518223
1.23,159,123,162.636068610412,1.01061958624544
1.23,159,126,155.975869552228,0.886376530200418
1.23,159,129,150.103843108083,0.762291257409566
1.23,159,132,144.768474023415,0.639750196352953
1.23,159,135,139.688834796175,0.51987391957031
1.23,159,138,134.56880693297,0.403427522103582
1.23,159,141,129.112350798192,0.29077183178451
1.23,159,144,123.038418350749,0.181842936381904
1.23,159,147,116.094566064443,0.0761345692950847
1.23,159,150,108.068849956492,-0.0273549348666665
1.23,159,153,98.8001506317298,-0.130273437975882
1.23,159,156,88.1879370372161,-0.23528955462942
1.23,159,159,76.2045064054053,-0.347003505720347
1.23,159,162,62.9190866823592,-0.474313232046157
1.23,159,165,48.568102602805,-0.637457882915993
1.23,159,168,33.8330728342089,-0.893451359101617
1.23,159,171,21.3159521005219,-1.43491062916162
1.23,159,174,20.4060576757068,-2.43513831695767
1.23,159,177,33.7626045389424,-3.05595680769783
1.23,159,180,52.024157375582,-3.33008793799516
1.23,162,-180,52.024157375582,3.00545724674425
1.23,162,-177,71.6250906150702,2.84375950509061
1.23,162,-174,91.8796212948975,2.73048187772146
1.23,162,-171,112.340601296643,2.64195194353038
1.23,162,-168,132.714111049157,2.56836351328471
1.23,162,-165,152.772508497047,2.50505609232165
1.23,162,-162,172.329364772466,2.44960558632722
1.23,162,-159,191.231778493409,2.40067895083769
1.23,162,-156,209.358211831448,2.35752032769517
1.23,162,-153,226.618013939305,2.31969458823903
1.23,162,-150,242.951187177446,2.28694731361189
1.23,162,-147,258.327782144916,2.25912239998304
1.23,162,-144,272.746648199001,2.23611075913573
1.23,162,-141,286.233444800038,2.21781737212193
1.23,162,-138,298.837943336661,2.20414018417097
1.23,162,-135,310.630747992081,2.19495721894267
1.23,162,-132,321.699635092803,2.1901196260954
1.23,162,-129,332.14574133074,2.1894489899344
1.23,162,-126,342.07981483075,2.19273753940358
1.23,162,-123,351.618683829673,2.19975013008366
1.23,162,-120,360.882013130418,2.21022711918052
1.23,162,-117,369.989333485068,2.2238875488608
1.23,162,-114,379.057267845242,2.24043236448679
1.23,162,-111,388.196856604278,2.25954766894631
1.23,162,-108,397.510904329227,2.28090819777656
1.23,162,-105,407.09132344524,2.30418125729624
1.23,162,-102,417.016518180804,2.32903129697793
1.23,162,-99,427.348915074171,2.35512511930101
1.23,162,-96,438.132788450081,2.38213752174059
1.23,162,-93,449.392541930149,2.40975698105903
1.23,162,-90,461.131590134854,2.43769088370963
1.23,162,-87,473.331945035365,2.46566980627175
1.23,162,-84,485.95455924149,2.49345045278868
1.23,162,-81,498.940424053153,2.52081703026872
1.23,162,-78,512.212370678319,2.5475810426401
1.23,162,-75,525.677482201192,2.57357966043717
1.23,162,-72,539.229992516129,2.59867294500096
1.23,162,-69,552.754526828103,2.62274025891016
1.23,162,-66,566.129528283403,2.64567618617028
1.23,162,-63,579.230720839421,2.66738623906757
1.23,162,-60,591.934484316229,2.687782573125
1.23,162,-57,604.121065707249,2.70677989476811
1.23,162,-54,615.677616561428,2.72429174575746
1.23,162,-51,626.501115572926,2.74022738685112
1.23,162,-48,636.501285953981,2.75448956685575
1.23,162,-45,645.603623112459,2.76697352512421
1.23,162,-42,653.752589828971,2.777567602168
1.23,162,-39,660.914909381456,2.7861557939711
1.23,162,-36,667.082709988453,2.79262246276029
1.23,162,-33,672.2760866738,2.79685921068673
1.23,162,-30,676.544502937593,2.79877365245575
1.23,162,-27,679.966406909341,2.79829952247942
1.23,162,-24,682.646519603259,2.79540726318435
1.23,162,-21,684.710471274683,2.79011400580167
1.23,162,-18,686.296787881925,2.78249171166702
1.23,162,-15,687.546610605731,2.77267222411041
1.23,162,-12,688.591904336045,2.76084811655007
1.23,162,-9,689.543217616306,2.74726853174075
1.23,162,-6,690.478251524247,2.73222969444941
1.23,162,-3,691.432546860043,2.7160604187099
1.23,162,0,692.393486590348,2.69910364897662
1.23,162,3,693.298522941786,2.68169574945855
1.23,162,6,694.038083875078,2.66414573366772
1.23,162,9,694.463032484458,2.64671676572372
1.23,162,12,694.395926806172,2.62961199344348
1.23,162,15,693.644771637279,2.61296612434981
1.23,162,18,692.017590017478,2.59684326688212
1.23,162,21,689.336061353182,2.58124062658914
1.23,162,24,685.446704694967,2.56609686163853
1.23,162,27,680.228582713717,2.55130339586845
1.23,162,30,673.597152795168,2.53671681278889
1.23,162,33,665.504549955181,2.52217059007764
1.23,162,36,655.937110051811,2.50748481190777
1.23,162,39,644.91123012247,2.49247302140377
1.23,162,42,632.468679458593,2.47694594566456
1.23,162,45,618.67225394329,2.46071234478248
1.23,162,48,603.602296349971,2.44357762590239
1.23,162,51,587.354202150296,2.42534107575702
1.23,162,54,570.036701063884,2.40579259121231
1.23,162,57,551.770519129406,2.3847096565583
1.23,162,60,532.687003051066,2.36185508592591
1.23,162,63,512.926398413859,2.33697578726475
1.23,162,66,492.635655879151,2.30980257185736
1.23,162,69,471.965827389301,2.28005087269959
1.23,162,72,451.069254026454,2.24742216600203
1.23,162,75,430.096810149588,2.21160591257669
1.23,162,78,409.195453166503,2.17228193633766
1.23,162,81,388.506253251478,2.12912331445734
1.23,162,84,368.162970716563,2.08180004362108
1.23,162,87,348.291138735602,2.02998394385721
1.23,162,90,329.007517088616,1.97335543861272
1.23,162,93,310.41972037216,1.91161297619538
1.23,162,96,292.625794521707,1.84448589413928
1.23,162,99,275.713514977451,1.77175142096834
1.23,162,102,259.759202203638,1.69325618660552
1.23,162,105,244.825890653717,1.60894198383477
1.23,162,108,230.96074563815,1.51887450344938
1.23,162,111,218.191705832998,1.42327232880206
1.23,162,114,206.523449841912,1.32253175137448
1.23,162,117,195.932953886973,1.21724135954204
1.23,162,120,186.365118943788,1.10817958127727
1.23,162,123,177.729162197993,0.996289316016771
1.23,162,126,169.896615614673,0.882627063166642
1.23,162,129,162.701763578322,0.768289210128882
1.23,162,132,155.945122795347,0.654323776856324
1.23,162,135,149.40014138228,0.541639500519337
1.23,162,138,142.822781243701,0.430923638697511
1.23,162,141,135.963204796395,0.322574728283633
1.23,162,144,128.578542369551,0.216647696626336
1.23,162,147,120.445724569241,0.112797105660932
1.23,162,150,111.373620355426,0.0101882090585933
1.23,162,153,101.214242660006,-0.0926837366379223
1.23,162,156,89.8737672454704,-0.198394479075823
1.23,162,159,77.3263844982727,-0.31153282680765
1.23,162,162,63.640813331261,-0.441118099574757
1.23,162,165,49.0554290629053,-0.607723083880802
1.23,162,168,34.2683754585899,-0.868671504947934
1.23,162,171,21.9145424447094,-1.41016930413233
1.23,162,174,21.0174377383105,-2.38110280908904
1.23,162,177,34.0405091579316,-2.99839297624049
1.23,162,180,52.024157375582,-3.27772806043533
1.23,165,-180,52.024157375582,3.05781712430408
1.23,165,-177,71.3296344617616,2.89260103350289
1.23,165,-174,91.3072646610511,2.77674027646373
1.23,165,-171,111.518008287298,2.68622595299696
1.23,165,-168,131.681776878095,2.61101920593285
1.23,165,-165,151.58562601723,2.54631786892085
1.23,165,-162,171.056546390367,2.48960713840167
1.23,165,-159,189.952722870602,2.43949118433861
1.23,165,-156,208.160839421624,2.3951673908342
1.23,165,-153,225.59538708363,2.35616383105179
1.23,165,-150,242.198439890463,2.32219615442791
1.23,165,-147,257.939232386187,2.29308359415969
1.23,165,-144,272.813222217871,2.26869677233378
1.23,165,-141,286.840497402296,2.24892413096921
1.23,165,-138,300.063506353926,2.23365026631072
1.23,165,-135,312.544184858666,2.22274248237362
1.23,165,-132,324.360630516781,2.21604331992022
1.23,165,-129,335.603522633918,2.21336749336566
1.23,165,-126,346.372495404206,2.21450199675422
1.23,165,-123,356.772643463039,2.21920833828884
1.23,165,-120,366.911280479198,2.22722604010055
1.23,165,-117,376.895000180344,2.23827673809663
1.23,165,-114,386.827024333584,2.2520684344977
1.23,165,-111,396.804779603223,2.26829966698936
1.23,165,-108,406.91763308846,2.28666352948868
1.23,165,-105,417.244733861717,2.30685158338724
1.23,165,-102,427.852946549553,2.32855772441313
1.23,165,-99,438.794910252948,2.35148202862808
1.23,165,-96,450.10729891519,2.37533451812164
1.23,165,-93,461.809387625099,2.3998386978917
1.23,165,-90,473.902038159228,2.4247346533949
1.23,165,-87,486.36720621846,2.44978148486188
1.23,165,-84,499.168045986566,2.47475889413702
1.23,165,-81,512.24965032974,2.49946782015465
1.23,165,-78,525.540422663503,2.52373011672949
1.23,165,-75,538.954033784206,2.54738735527561
1.23,165,-72,552.391877558764,2.57029889576928
1.23,165,-69,565.745907175493,2.59233939401188
1.23,165,-66,578.901713519555,2.61339590747208
1.23,165,-63,591.741704760127,2.63336474132914
1.23,165,-60,604.148266109497,2.65214816073436
1.23,165,-57,616.006821746105,2.66965110198759
1.23,165,-54,627.208780961623,2.68577805263575
1.23,165,-51,637.654413185973,2.70043033413395
1.23,165,-48,647.255740448742,2.7135040935369
1.23,165,-45,655.93953848849,2.72488936655879
1.23,165,-42,663.650483170763,2.73447058517067
1.23,165,-39,670.354365722233,2.74212884713786
1.23,165,-36,676.041146285946,2.74774613457613
1.23,165,-33,680.727455956959,2.75121147249166
1.23,165,-30,684.458037974897,2.75242877979971
1.23,165,-27,687.305581360059,2.75132591624743
1.23,165,-24,689.368471193179,2.74786420115329
1.23,165,-21,690.766160671552,2.74204750037774
1.23,165,-18,691.632137782786,2.73392986552559
1.23,165,-15,692.104773337348,2.72362067891409
1.23,165,-12,692.316651186132,2.71128632589746
1.23,165,-9,692.383254478577,2.69714760489946
1.23,165,-6,692.392080865519,2.6814724188204
1.23,165,-3,692.393356613215,2.66456377942949
1.23,165,0,692.393486590348,2.6467437714168
1.23,165,3,692.352187257076,2.62833478016125
1.23,165,6,692.183889993818,2.6096398470762
1.23,165,9,691.763492044665,2.59092431881452
1.23,165,12,690.935938546856,2.57240088194153
1.23,165,15,689.528551054505,2.55421959967623
1.23,165,18,687.364602121574,2.53646378539395
1.23,165,21,684.276475972176,2.51915163924603
1.23,165,24,680.116897752145,2.50224274310409
1.23,165,27,674.767128408293,2.48564791705405
1.23,165,30,668.141611114834,2.46924067059491
1.23,165,33,660.189181188842,2.45286853416828
1.23,165,36,650.891476309686,2.4363628708713
1.23,165,39,640.259504148391,2.41954624944434
1.23,165,42,628.329395689247,2.40223700251584
1.23,165,45,615.158215519284,2.38425109978137
1.23,165,48,600.820389958857,2.36540185535422
1.23,165,51,585.404953158089,2.34549821393662
1.23,165,54,569.013500126837,2.32434241128423
1.23,165,57,551.75854368218,2.30172770670144
1.23,165,60,533.761923811374,2.27743669143963
1.23,165,63,515.152992902867,2.25124044952232
1.23,165,66,496.066448464922,2.22289864294638
1.23,165,69,476.639846642392,2.19216044965041
1.23,165,72,457.010955162486,2.15876621621461
1.23,165,75,437.315165124755,2.12244969447757
1.23,165,78,417.683173463654,2.08294079529188
1.23,165,81,398.239087312843,2.03996889021035
1.23,165,84,379.099013238475,1.99326679880788
1.23,165,87,360.370104318731,1.94257569397548
1.23,165,90,342.14996596882,1.8876512223362
1.23,165,93,324.526277344844,1.82827115838603
1.23,165,96,307.576469796635,1.76424487800218
1.23,165,99,291.367310963474,1.69542483815274
1.23,165,102,275.954263346519,1.62172006931968
1.23,165,105,261.380511124745,1.54311140209723
1.23,165,108,247.675574914944,1.45966772985833
1.23,165,111,234.853464859625,1.3715620306457
1.23,165,114,222.910369484427,1.27908514347931
1.23,165,117,211.821957221583,1.18265450920585
1.23,165,120,201.540491184461,1.08281446571264
1.23,165,123,191.992120818758,0.980224585373534
1.23,165,126,183.07488383124,0.875633341265105
1.23,165,129,174.658067754204,0.769836268896198
1.23,165,132,166.583572608645,0.663620458028245
1.23,165,135,158.669739511184,0.557699774429923
1.23,165,138,150.717778528119,0.452646390737768
1.23,165,141,142.52052382165,0.348822781374875
1.23,165,144,133.87288744563,0.24631347319835
1.23,165,147,124.583193559052,0.144846699604162
1.23,165,150,114.484640083133,0.04368014739657
1.23,165,153,103.446542312798,-0.0586062745434516
1.23,165,156,91.385996115697,-0.164540544076014
1.23,165,159,78.2830187599166,-0.278739749509057
1.23,165,162,64.2094769697562,-0.410394708090043
1.23,165,165,49.4095915103553,-0.580507607209609
1.23,165,168,34.6040636765286,-0.846934388053153
1.23,165,171,22.4722652584301,-1.3898466532979
1.23,165,174,21.668360105623,-2.33158785970768
1.23,165,177,34.3623267419373,-2.94194498084604
1.23,165,180,52.024157375582,-3.2253681828755
1.23,168,-180,52.0241573755819,3.11017700186391
1.23,168,-177,70.9782317558558,2.94178258576532
1.23,168,-174,90.6160874283659,2.8234611638993
1.23,168,-171,110.508358778055,2.73100690822075
1.23,168,-168,130.389714909539,2.65419009133396
1.23,168,-165,150.062768221184,2.58808260352836
1.23,168,-162,169.368786629628,2.53008633475145
1.23,168,-159,188.177879171063,2.47874692396933
1.23,168,-156,206.385743785417,2.43321785356104
1.23,168,-153,223.912741238118,2.39299254761105
1.23,168,-150,240.703670069493,2.35775850468834
1.23,168,-147,256.727520747184,2.32731192336685
1.23,168,-144,271.976846510021,2.30150478095528
1.23,168,-141,286.466564791422,2.28021078442218
1.23,168,-138,300.232119465394,2.26330325691978
1.23,168,-135,313.327030094661,2.25064119945523
1.23,168,-132,325.819935972901,2.24206130597492
1.23,168,-129,337.791302849005,2.2373744479801
1.23,168,-126,349.329989445345,2.23636549489063
1.23,168,-123,360.529864630301,2.23879551577673
1.23,168,-120,371.486627814894,2.24440553271344
1.23,168,-117,382.294925988333,2.2529211225419
1.23,168,-114,393.045796522232,2.26405731058418
1.23,168,-111,403.824411181866,2.27752336049567
1.23,168,-108,414.708065137197,2.29302721951094
1.23,168,-105,425.764349732077,2.31027950600827
1.23,168,-102,437.049466649552,2.32899701112865
1.23,168,-99,448.606675608653,2.34890572433724
1.23,168,-96,460.464906880749,2.36974339292477
1.23,168,-93,472.637603259452,2.39126160492619
1.23,168,-90,485.121876152823,2.41322736354316
1.23,168,-87,497.898063800343,2.43542411415017
1.23,168,-84,510.929766751294,2.45765219838128
1.23,168,-81,524.164409883645,2.47972873954903
1.23,168,-78,537.53434586448,2.50148699852124
1.23,168,-75,550.95847676223,2.52277526632806
1.23,168,-72,564.344333174228,2.54345537044654
1.23,168,-69,577.590518608431,2.56340086506139
1.23,168,-66,590.589406295747,2.58249495925083
1.23,168,-63,603.229971435296,2.60062822442939
1.23,168,-60,615.400657839113,2.61769612783414
1.23,168,-57,626.992213853599,2.63359647206627
1.23,168,-54,637.900481958524,2.64822688229382
1.23,168,-51,648.029176421904,2.66148256222412
1.23,168,-48,657.292715777425,2.67325461726408
1.23,168,-45,665.619173527786,2.68342929339103
1.23,168,-42,672.953359573071,2.69188848019598
1.23,168,-39,679.25994701488,2.69851176254009
1.23,168,-36,684.526430142814,2.70318017744986
1.23,168,-33,688.765568961891,2.70578165591905
1.23,168,-30,692.01687947832,2.70621792814464
1.23,168,-27,694.346699529389,2.70441247320275
1.23,168,-24,695.84641645639,2.70031892313212
1.23,168,-21,696.62858587896,2.69392919994805
1.23,168,-18,696.820882805639,2.68528057620306
1.23,168,-15,696.558078576577,2.6744608064805
1.23,168,-12,695.972498561601,2.66161048677901
1.23,168,-9,695.183658828137,2.64692188423534
1.23,168,-6,694.28798158889,2.63063367842388
1.23,168,-3,693.349623673098,2.61302140429844
1.23,168,0,692.393486590348,2.59438389385696
1.23,168,3,691.401372770701,2.57502662899832
1.23,168,6,690.311981064375,2.55524352292142
1.23,168,9,689.024997535851,2.535299077664
1.23,168,12,687.408986038074,2.51541296923139
1.23,168,15,685.31221721298,2.49574881645938
1.23,168,18,682.57512050036,2.47640824091953
1.23,168,21,679.042814078685,2.45743047535035
1.23,168,24,674.57622312919,2.43879693037164
1.23,168,27,669.060625078039,2.42043946679057
1.23,168,30,662.410980025922,2.40225075590645
1.23,168,33,654.573990218752,2.38409506875094
1.23,168,36,645.527351654285,2.36581807123216
1.23,168,39,635.277009100544,2.3472546261193
1.23,168,42,623.853350378894,2.32823410908047
1.23,168,45,611.307184474451,2.30858323399507
1.23,168,48,597.706100277748,2.28812677206954
1.23,168,51,583.131487822421,2.26668679019898
1.23,168,54,567.676213107989,2.24408111311682
1.23,168,57,551.442739167894,2.22012165242697
1.23,168,60,534.541409846641,2.19461309011247
1.23,168,63,517.088648904292,2.16735221129123
1.23,168,66,499.204936657713,2.13812800220268
1.23,168,69,481.01255889844,2.10672249939474
1.23,168,72,462.633233475122,2.07291230870617
1.23,168,75,444.185781142835,2.03647070328351
1.23,168,78,425.784012376374,1.99717024185516
1.23,168,81,407.534961489008,1.95478590051294
1.23,168,84,389.537533954106,1.9090987635822
1.23,168,87,371.881563969572,1.8599003574146
1.23,168,90,354.647223571794,1.8069977274744
1.23,168,93,337.904690159673,1.75021935228572
1.23,168,96,321.713965898096,1.68942195966495
1.23,168,99,306.124743879009,1.62449826300395
1.23,168,102,291.176223509441,1.55538556508582
1.23,168,105,276.896784306794,1.48207507129625
1.23,168,108,263.303430949853,1.40462158865618
1.23,168,111,250.400927831092,1.32315302983695
1.23,168,114,238.180560116402,1.23787876782992
1.23,168,117,226.618505925536,1.14909540817769
1.23,168,120,215.673893622504,1.05718804172099
1.23,168,123,205.286750706654,0.962624680873047
1.23,168,126,195.376207640124,0.865941599665224
1.23,168,129,185.839459375597,0.767717893148561
1.23,168,132,176.552053030443,0.668538756415237
1.23,168,135,167.370012199859,0.568948427557846
1.23,168,138,158.134110112478,0.469394724257338
1.23,168,141,148.676300125619,0.370166620558343
1.23,168,144,138.82798705504,0.271323163429386
1.23,168,147,128.429587464047,0.172604583753347
1.23,168,150,117.340796868912,0.0733013310148066
1.23,168,153,105.451294000914,-0.0279751695743281
1.23,168,156,92.6925575835382,-0.133751854804674
1.23,168,159,79.0539906442309,-0.248719933170113
1.23,168,162,64.6142404044375,-0.382300699183836
1.23,168,165,49.6275888192231,-0.556029656446373
1.23,168,168,34.8438582145682,-0.828492631567462
1.23,168,171,22.9969505743989,-1.37387731004261
1.23,168,174,22.3584899569902,-2.28623828368435
1.23,168,177,34.7269969615384,-2.88661330243733
1.23,168,180,52.0241573755819,-3.17300830531567
1.23,171,-180,52.024157375582,-3.12064842775584
1.23,171,-177,70.5718264339496,-3.29187630666834
1.23,171,-174,89.8079299158303,-3.41254029166156
1.23,171,-171,109.314207931863,-3.50689925397922
1.23,171,-168,128.840809305872,-3.58532942288837
1.23,171,-165,148.206570164903,-3.65286786687729
1.23,171,-162,167.267741416103,-3.71218785815884
1.23,171,-159,185.907094563107,-3.76479750279427
1.23,171,-156,204.030091437802,-3.81158395138754
1.23,171,-153,221.563704937573,-3.85308597150886
1.23,171,-150,238.4561762014,-3.88964224252476
1.23,171,-147,254.676927998436,-3.92147791426924
1.23,171,-144,270.216224215632,-3.94875810045953
1.23,171,-141,285.084345669839,-3.97162227129786
1.23,171,-138,299.310170856411,-3.99020669485658
1.23,171,-135,312.939148654737,-4.00465877599143
1.23,171,-132,326.030736260182,-4.01514551168262
1.23,171,-129,338.655443740394,-4.02185748498476
1.23,171,-126,350.891667430166,-4.02500944449617
1.23,171,-123,362.822501953084,-4.02483834430652
1.23,171,-120,374.532695841571,-4.02159962875196
1.23,171,-117,386.105866726144,-4.0155624693629
1.23,171,-114,397.622032373645,-4.0070045660608
1.23,171,-111,409.155458476834,-3.9962070040671
1.23,171,-108,420.772785426457,-3.98344952194838
1.23,171,-105,432.531381010598,-3.96900641254041
1.23,171,-102,444.477873869785,-3.9531431645486
1.23,171,-99,456.646847414118,-3.93611386903819
1.23,171,-96,469.059706158098,-3.91815936297867
1.23,171,-93,481.723756092506,-3.89950605458373
1.23,171,-90,494.631560150525,-3.88036536170609
1.23,171,-87,507.760635168133,-3.86093368567034
1.23,171,-84,521.073547944862,-3.84139283435008
1.23,171,-81,534.518447862168,-3.82191080152797
1.23,171,-78,548.030046219041,-3.8026428097985
1.23,171,-75,561.531022489301,-3.78373253643352
1.23,171,-72,574.933809345595,-3.76531346664708
1.23,171,-69,588.142685558717,-3.74751035141944
1.23,171,-66,601.056092673524,-3.7304407768338
1.23,171,-63,613.569091133068,-3.71421686568051
1.23,171,-60,625.57588619596,-3.69894711887449
1.23,171,-57,636.972382378453,-3.68473835948702
1.23,171,-54,647.658761551759,-3.67169767076231
1.23,171,-51,657.542113797796,-3.65993413585632
1.23,171,-48,666.539168180646,-3.64956011252403
1.23,171,-45,674.579159818591,-3.64069173342159
1.23,171,-42,681.606822416375,-3.63344832994158
1.23,171,-39,687.585413519077,-3.62795054187749
1.23,171,-36,692.49957612978,-3.62431699084405
1.23,171,-33,696.357737356946,-3.62265954473016
1.23,171,-30,699.193668985528,-3.62307735981535
1.23,171,-27,701.066809893505,-3.62565003426452
1.23,171,-24,702.060990105865,-3.63043032760114
1.23,171,-21,702.281302050123,-3.63743699310436
1.23,171,-18,701.849025446233,-3.64664834069416
1.23,171,-15,700.894710496771,-3.6579972045219
1.23,171,-12,699.549740842534,-3.67136802926457
1.23,171,-9,697.936916252216,-3.68659678851847
1.23,171,-6,696.160798033071,-3.70347436229284
1.23,171,-3,694.298723794197,-3.72175377444871
1.23,171,0,692.393486590348,-3.74116129088245
1.23,171,3,690.448641434195,-3.76141082489375
1.23,171,6,688.427209690153,-3.78222048130332
1.23,171,9,686.254186986971,-3.80332955143012
1.23,171,12,683.822759089688,-3.82451401532881
1.23,171,15,681.003580623577,-3.84559872740926
1.23,171,18,677.655994314845,-3.86646495856745
1.23,171,21,673.639779992665,-3.88705272712828
1.23,171,24,668.825996140053,-3.90735818326327
1.23,171,27,663.10571754713,-3.92742702352596
1.23,171,30,656.395917238281,-3.94734536596729
1.23,171,33,648.642278617668,-3.96722965829571
1.23,171,36,639.819230233326,-3.98721704677541
1.23,171,39,629.927866252319,-4.00745728025763
1.23,171,42,618.99259071578,-4.02810676368419
1.23,171,45,607.057297349335,-4.04932490933538
1.23,171,48,594.181712529147,-4.07127254443943
1.23,171,51,580.438261522824,-4.09411187355566
1.23,171,54,565.90954906742,-4.11800738184242
1.23,171,57,550.686340717716,-4.14312708631617
1.23,171,60,534.865826387971,-4.16964365736283
1.23,171,63,518.549942809361,-4.1977350919764
1.23,171,66,501.843600571016,-4.22758477683461
1.23,171,69,484.852763816697,-4.2593809009802
1.23,171,72,467.68242760573,-4.29331525080513
1.23,171,75,450.434602594104,-4.32958144717312
1.23,171,78,433.206438764022,-4.36837267940107
1.23,171,81,416.088603968578,-4.40987897036697
1.23,171,84,399.1639927798,-4.45428398563251
1.23,171,87,382.506792675636,-4.50176138583763
1.23,171,90,366.181891047762,-4.55247071821574
1.23,171,93,350.244574902894,-4.60655284788511
1.23,171,96,334.740456220941,-4.66412493913996
1.23,171,99,319.705545993795,-4.72527500995724
1.23,171,102,305.166393674733,-4.79005610350194
1.23,171,105,291.140202210334,-4.85848016056853
1.23,171,108,277.634821856985,-4.93051175675194
1.23,171,111,264.648523351098,-5.00606201239462
1.23,171,114,252.16946187247,-5.08498321243347
1.23,171,117,240.174778849628,-5.1670649887105
1.23,171,120,228.629358081567,-5.25203328425994
1.23,171,123,217.484357264019,-5.33955365419783
1.23,171,126,206.675764162844,-5.42924063649295
1.23,171,129,196.123351301712,-5.52067482350633
1.23,171,132,185.730485255331,-5.61342883733543
1.23,171,135,175.385247121971,-5.70710279664284
1.23,171,138,164.963216644706,-5.80136946869299
1.23,171,141,154.332073452063,-5.89602986148253
1.23,171,144,143.357924306981,-5.99108266656385
1.23,171,147,131.913059290933,-6.08681761311681
1.23,171,150,119.884784894675,-6.1839573637925
1.23,171,153,107.185240740578,-6.2839049329763
1.23,171,156,93.7630233104857,-6.38923168581523
1.23,171,159,79.6200544035648,-6.50475226266015
1.23,171,162,64.8452946913992,-6.64018437755284
1.23,171,165,49.7075605571435,-6.81770721740135
1.23,171,168,34.9929104295872,-7.09680190849306
1.23,171,171,23.4977582229434,-7.64538677529198
1.23,171,174,23.0883429967038,-8.52787946337076
1.23,171,177,35.1334479122891,-9.1155740052524
1.23,171,180,52.024157375582,-9.40383373493543
1.23,174,-180,52.024157375582,-3.06828855019601
1.23,174,-177,70.1115473682099,-3.24199995009634
1.23,174,-174,88.8850792905975,-3.36489202558941
1.23,174,-171,107.938900422088,-3.46112952361658
1.23,174,-168,127.039162609077,-3.54118817637024
1.23,174,-165,146.021401992137,-3.61019565638139
1.23,174,-162,164.757405228023,-3.67089143071845
1.23,174,-159,183.143241689204,-3.72483196911349
1.23,174,-156,201.094839046947,-3.77294131302171
1.23,174,-153,218.546530814304,-3.81578759216057
1.23,174,-150,235.450772749368,-3.8537334306417
1.23,174,-147,251.778187368481,-3.88702351188908
1.23,174,-144,267.517478752979,-3.9158385086335
1.23,174,-141,282.674948205615,-3.94032969340682
1.23,174,-138,297.273465810957,-3.96064158625745
1.23,174,-135,311.350855948769,-3.97692658501836
1.23,174,-132,324.95774439445,-3.98935381160863
1.23,174,-129,338.154985704568,-3.99811355695583
1.23,174,-126,351.01083410701,-4.0034183052148
1.23,174,-123,363.598034059887,-4.00550114442006
1.23,174,-120,375.990989026249,-4.00461229816201
1.23,174,-117,388.263126382241,-4.00101446608402
1.23,174,-114,400.484524991642,-3.99497759948724
1.23,174,-111,412.719823416298,-3.98677364749669
1.23,174,-108,425.026392127016,-3.97667169299102
1.23,174,-105,437.452738283267,-3.96493377015424
1.23,174,-102,450.037116195952,-3.95181153365686
1.23,174,-99,462.806334686009,-3.93754384556597
1.23,174,-96,475.774775575653,-3.92235526543693
1.23,174,-93,488.943657004044,-3.90645537051255
1.23,174,-90,502.300585195104,-3.89003879214608
1.23,174,-87,515.819436483679,-3.87328582752052
1.23,174,-84,529.460599099466,-3.85636347129335
1.23,174,-81,543.171585016136,-3.83942671159328
1.23,174,-78,556.888000514943,-3.82261995122726
1.23,174,-75,570.53484400735,-3.80607844823904
1.23,174,-72,584.028084137988,-3.78992971583624
1.23,174,-69,597.276462279315,-3.77429487089483
1.23,174,-66,610.183462518797,-3.75928996011382
1.23,174,-63,622.649399750743,-3.74502731078824
1.23,174,-60,634.573592125645,-3.73161694051701
1.23,174,-57,645.856605752307,-3.71916801584563
1.23,174,-54,656.402582655597,-3.70779028174085
1.23,174,-51,666.121680583332,-3.69759530774247
1.23,174,-48,674.932656962173,-3.68869733281703
1.23,174,-45,682.765611564918,-3.68121345854566
1.23,174,-42,689.564859319491,-3.67526295197762
1.23,174,-39,695.291838265374,-3.67096547749297
1.23,174,-36,699.927877130185,-3.668438172305
1.23,174,-33,703.476567534753,-3.6677915953895
1.23,174,-30,705.9654254316,-3.66912469472362
1.23,174,-27,707.446501472786,-3.67251903721681
1.23,174,-24,707.99562142601,-3.67803262390577
1.23,174,-21,707.710008633239,-3.68569367553958
1.23,174,-18,706.704156866507,-3.69549483395512
1.23,174,-15,705.103975547168,-3.7073882948579
1.23,174,-12,703.039410694355,-3.7212824671947
1.23,174,-9,700.635944173613,-3.73704081977883
1.23,174,-6,698.005577205349,-3.75448357855499
1.23,174,-3,695.238088569518,-3.77339281515348
1.23,174,0,692.393486590348,-3.79352116844228
1.23,174,3,689.496598830572,-3.81460396093073
1.23,174,6,686.534618802553,-3.83637387837325
1.23,174,9,683.458133072356,-3.85857681166504
1.23,174,12,680.185707267244,-3.88098708530616
1.23,174,15,676.611589322644,-3.90342025428574
1.23,174,18,672.615603611704,-3.92574198632365
1.23,174,21,668.073975876443,-3.947872187313
1.23,174,24,662.869728421842,-3.96978431213525
1.23,174,27,656.901439842173,-3.99150053900188
1.23,174,30,650.089529597986,-4.01308401648078
1.23,174,33,642.379711053154,-4.03462963666376
1.23,174,36,633.743742801511,-4.05625474458827
1.23,174,39,624.177994554756,-4.07809092356692
1.23,174,42,613.700564004538,-4.10027759147558
1.23,174,45,602.347716360884,-4.12295770294257
1.23,174,48,590.170295997057,-4.14627546137518
1.23,174,51,577.23053931029,-4.17037566104621
1.23,174,54,563.599471143551,-4.19540412897061
1.23,174,57,549.354857209476,-4.22150871337512
1.23,174,60,534.57955205353,-4.24884034001668
1.23,174,63,519.360037388092,-4.27755378651365
1.23,174,66,503.784974932525,-4.3078079656251
1.23,174,69,487.943671666849,-4.33976562913646
1.23,174,72,471.924440810342,-4.37359248837162
1.23,174,75,455.812912599616,-4.40945579373846
1.23,174,78,439.690390564448,-4.44752243230938
1.23,174,81,423.632359015074,-4.48795660104743
1.23,174,84,407.707232128254,-4.53091710435937
1.23,174,87,391.975404619878,-4.57655431475857
1.23,174,90,376.488628520902,-4.62500682726729
1.23,174,93,361.289707104478,-4.67639783234436
1.23,174,96,346.412468911664,-4.73083122929042
1.23,174,99,331.881962480996,-4.78838750495551
1.23,174,102,317.71479476335,-4.84911941679604
1.23,174,105,303.919522499184,-4.91304755337565
1.23,174,108,290.496996774607,-4.98015590956879
1.23,174,111,277.440559410313,-5.05038771818889
1.23,174,114,264.73600057507,-5.12364193155273
1.23,174,117,252.361215772746,-5.19977094495578
1.23,174,120,240.28555186112,-5.27858038511294
1.23,174,123,228.468907072035,-5.35983201809818
1.23,174,126,216.860743476297,-5.44325101417686
1.23,174,129,205.399267459104,-5.52853889064898
1.23,174,132,194.011111552597,-5.61539342319803
1.23,174,135,182.611882618406,-5.70353675237608
1.23,174,138,171.107905572229,-5.79275307438395
1.23,174,141,159.399384561227,-5.88293824035679
1.23,174,144,147.385048326986,-5.97416631641512
1.23,174,147,134.968200905593,-6.06678464121911
1.23,174,150,122.064061669682,-6.16156340811693
1.23,174,153,108.608523660074,-6.25995881084464
1.23,174,156,94.5693751053263,-6.36462950921472
1.23,174,159,79.9637616541882,-6.48056467107796
1.23,174,162,64.8943543984094,-6.6178498153457
1.23,174,165,49.6491944207172,-6.79942228268115
1.23,174,168,35.0581355191877,-7.08577937025254
1.23,174,171,23.9851973555037,-7.63793142500061
1.23,174,174,23.8591254928878,-8.48978131978834
1.23,174,177,35.580598448601,-9.06243827315829
1.23,174,180,52.024157375582,-9.3514738573756
1.23,177,-180,52.0241573755822,-3.01592867263618
1.23,177,-177,69.5987049244545,-3.19176830260523
1.23,177,-174,87.8502630416033,-3.31677683692952
1.23,177,-171,106.386566452879,-3.41487561088887
1.23,177,-168,124.990105693395,-3.4965901823044
1.23,177,-165,143.513408723335,-3.56711897800088
1.23,177,-162,161.844199533764,-3.62925777631495
1.23,177,-159,179.892375638747,-3.68460535831079
1.23,177,-156,197.584977958111,-3.73411836749742
1.23,177,-153,214.864443997806,-3.77839101597775
1.23,177,-150,231.6882546467,-3.81780729450815
1.23,177,-147,248.029072477425,-3.85262938736691
1.23,177,-144,263.874867671399,-3.88305192597202
1.23,177,-141,279.228728179946,-3.90923670772085
1.23,177,-138,294.108184806931,-3.93133543222096
1.23,177,-135,308.543990634475,-3.94950450073282
1.23,177,-132,322.578385020388,-3.96391414175789
1.23,177,-129,336.262941088722,-3.97475322767385
1.23,177,-126,349.656136558471,-3.98223072000801
1.23,177,-123,362.820798797165,-3.98657449970754
1.23,177,-120,375.82155955869,-3.98802827128562
1.23,177,-117,388.722421542242,-3.98684719607187
1.23,177,-114,401.584499239892,-3.98329286571342
1.23,177,-111,414.463961846027,-3.97762815496199
1.23,177,-108,427.410184272029,-3.97011239383467
1.23,177,-105,440.464106258513,-3.96099718499719
1.23,177,-102,453.656806509386,-3.95052307667157
1.23,177,-99,467.008312188462,-3.93891719533061
1.23,177,-96,480.526676363135,-3.92639185143223
1.23,177,-93,494.207360888763,-3.91314405670753
1.23,177,-90,508.032956900086,-3.89935583267435
1.23,177,-87,521.973260298592,-3.88519514755068
1.23,177,-84,535.985699064181,-3.87081729472275
1.23,177,-81,550.016087884504,-3.85636652319206
1.23,177,-78,563.999668210544,-3.84197775028545
1.23,177,-75,577.862381669596,-3.82777822696811
1.23,177,-72,591.522323097631,-3.81388907920515
1.23,177,-69,604.891325801288,-3.800426703746
1.23,177,-66,617.876644296511,-3.78750404049701
1.23,177,-63,630.382716334257,-3.77523176496833
1.23,177,-60,642.313003904098,-3.76371943680211
1.23,177,-57,653.571929320717,-3.75307660509941
1.23,177,-54,664.066934362669,-3.74341381687533
1.23,177,-51,673.710694291417,-3.73484341609341
1.23,177,-48,682.423510854369,-3.72747997411904
1.23,177,-45,690.135886083763,-3.72144017231726
1.23,177,-42,696.791240544793,-3.71684197143167
1.23,177,-39,702.348687202768,-3.71380294887835
1.23,177,-36,706.785710406233,-3.71243775436641
1.23,177,-33,710.100537269319,-3.71285471161385
1.23,177,-30,712.313937019722,-3.71515166514737
1.23,177,-27,713.470154117486,-3.71941122801624
1.23,177,-24,713.636682823981,-3.72569563004288
1.23,177,-21,712.902630689883,-3.73404140788631
1.23,177,-18,711.375498557162,-3.74445423383628
1.23,177,-15,709.176324299935,-3.75690426290571
1.23,177,-12,706.433293287365,-3.77132248699584
1.23,177,-9,703.274103929795,-3.78759869783319
1.23,177,-6,699.817579198388,-3.80558172916978
1.23,177,-3,696.16521189864,-3.82508260907013
1.23,177,0,692.393486590347,-3.84588104600211
1.23,177,3,688.547887412805,-3.86773527524716
1.23,177,6,684.639432043599,-3.89039474630691
1.23,177,9,680.644339890624,-3.91361455054574
1.23,177,12,676.507057871451,-3.93717003057295
1.23,177,15,672.146387869517,-3.96086982968601
1.23,177,18,667.463983356292,-3.98456581198203
1.23,177,21,662.354118526314,-4.00815878534568
1.23,177,24,656.71346926163,-4.03159966473544
1.23,177,27,650.449718365314,-4.05488644452973
1.23,177,30,643.488083519784,-4.07805793948356
1.23,177,33,635.775289718986,-4.10118559648109
1.23,177,36,627.280966289559,-4.12436474330409
1.23,177,39,617.996842676592,-4.14770646282218
1.23,177,42,607.93437493121,-4.17133094016013
1.23,177,45,597.12152550357,-4.19536272017822
1.23,177,48,585.599354252076,-4.21992791968712
1.23,177,51,573.418903320114,-4.24515312835652
1.23,177,54,560.638634251369,-4.27116554025025
1.23,177,57,547.322462747368,-4.29809378994988
1.23,177,60,533.538279341437,-4.3260690034323
1.23,177,63,519.356763955313,-4.35522567851064
1.23,177,66,504.850296377245,-4.3857021428526
1.23,177,69,490.091813651735,-4.41764046557708
1.23,177,72,475.153541994559,-4.4511857995861
1.23,177,75,460.105609110327,-4.48648519765431
1.23,177,78,445.014603813967,-4.52368597764291
1.23,177,81,429.942184173732,-4.56293371844135
1.23,177,84,414.943842070506,-4.60436995736844
1.23,177,87,400.06791604937,-4.64812964006829
1.23,177,90,385.354913376202,-4.69433835249358
1.23,177,93,370.837164363431,-4.74310934776106
1.23,177,96,356.538794121812,-4.79454037465307
1.23,177,99,342.475963887313,-4.84871032498359
1.23,177,102,328.657309027921,-4.90567574803424
1.23,177,105,315.084485215286,-4.96546733306086
1.23,177,108,301.752728342643,-5.02808653341572
1.23,177,111,288.651337250211,-5.09350259364579
1.23,177,114,275.764000873087,-5.16165033930067
1.23,177,117,263.068913403469,-5.23242919552646
1.23,177,120,250.538653748664,-5.30570401530382
1.23,177,123,238.139850646,-5.38130842353879
1.23,177,126,225.832712623019,-5.45905152067108
1.23,177,129,213.570569022648,-5.53872894184274
1.23,177,132,201.299634846477,-5.6201394534869
1.23,177,135,188.959262318981,-5.70310855975541
1.23,177,138,176.482957734434,-5.78752118182487
1.23,177,141,163.800411360528,-5.87336680917587
1.23,177,144,150.840716546126,-5.96080354132778
1.23,177,147,137.536877793388,-6.05025412411137
1.23,177,150,123.831711002324,-6.14256191100715
1.23,177,153,109.685500888255,-6.23926874972561
1.23,177,156,95.0867284654543,-6.34316059847187
1.23,177,159,80.0700712456368,-6.45945317496069
1.23,177,162,64.7551671781615,-6.59867544439968
1.23,177,165,49.4541674847411,-6.784638188123
1.23,177,168,35.048568092721,-7.07891302758939
1.23,177,171,24.4711018715165,-7.63459216938241
1.23,177,174,24.672573936988,-8.45477377573317
1.23,177,177,36.0673580299178,-9.0103651247429
1.23,177,180,52.0241573755822,-9.29911397981577
