"Freq [GHz]","Phi [deg]","Theta [deg]","mag(rERHCP) [mV]","cang_rad(rERHCP) [rad]"
1.58,0,-180,86.6090126008815,2.32015945281856
1.58,0,-177,107.758116907837,2.23027210788082
1.58,0,-174,128.577740690851,2.15012097319497
1.58,0,-171,148.970248301717,2.07694218215345
1.58,0,-168,168.823835813308,2.00965657251962
1.58,0,-165,188.003260185809,1.94791713276142
1.58,0,-162,206.352538245867,1.89170934248191
1.58,0,-159,223.70825010284,1.84115826047115
1.58,0,-156,239.920600991603,1.79642711163251
1.58,0,-153,254.877604431732,1.75766201695709
1.58,0,-150,268.526890890502,1.72496185101753
1.58,0,-147,280.890161469468,1.69836218350992
1.58,0,-144,292.06708113127,1.67782733114584
1.58,0,-141,302.227921235646,1.66324758984253
1.58,0,-138,311.596799073075,1.6544404825846
1.58,0,-135,320.429242288704,1.65115552843753
1.58,0,-132,328.988587904462,1.65308184323746
1.58,0,-129,337.525322669916,1.65985729081019
1.58,0,-126,346.26214794671,1.67107752498368
1.58,0,-123,355.385806832949,1.68630356081323
1.58,0,-120,365.045091380895,1.70506752356069
1.58,0,-117,375.353365997961,1.72687750353641
1.58,0,-114,386.393562438868,1.75122333158745
1.58,0,-111,398.22382811485,1.77758510257508
1.58,0,-108,410.882579828358,1.80544538496793
1.58,0,-105,424.39233255796,1.83430467379436
1.58,0,-102,438.762126376226,1.86369836571851
1.58,0,-99,453.988596686853,1.89321282938287
1.58,0,-96,470.055784196839,1.92249817164424
1.58,0,-93,486.933782201405,1.95127591412063
1.58,0,-90,504.576374722468,1.97934068564605
1.58,0,-87,522.917970646619,2.00655591031108
1.58,0,-84,541.870356570845,2.03284415917177
1.58,0,-81,561.319999059126,2.05817330617346
1.58,0,-78,581.126739417236,2.08253993555088
1.58,0,-75,601.124674374017,2.10595164690174
1.58,0,-72,621.125775987962,2.12841001638987
1.58,0,-69,640.926392294646,2.14989597767981
1.58,0,-66,660.316251898873,2.17035924391874
1.58,0,-63,679.089073029454,2.1897130684004
1.58,0,-60,697.053469387295,2.2078351255861
1.58,0,-57,714.042658728116,2.22457460463779
1.58,0,-54,729.921581926164,2.23976479691737
1.58,0,-51,744.59043473753,2.25323962039105
1.58,0,-48,757.984237921867,2.26485179800202
1.58,0,-45,770.068800685861,2.27448997161263
1.58,0,-42,780.834104732195,2.2820920624326
1.58,0,-39,790.28657705101,2.28765278172943
1.58,0,-36,798.441782285811,2.2912242968299
1.58,0,-33,805.318684200529,2.29291041950427
1.58,0,-30,810.935870586929,2.29285591265716
1.58,0,-27,815.309238066306,2.29123320173768
1.58,0,-24,818.449942306794,2.28822868967949
1.58,0,-21,820.361281712043,2.28403006436703
1.58,0,-18,821.033779601565,2.27881481673127
1.58,0,-15,820.438950316578,2.27273919323832
1.58,0,-12,818.523659331738,2.26592648359513
1.58,0,-9,815.208011282901,2.2584541243925
1.58,0,-6,810.389758564345,2.25034042377586
1.58,0,-3,803.95703874116,2.24153326781815
1.58,0,0,795.808990261308,2.2319042843777
1.58,0,3,785.881076472704,2.22125205522137
1.58,0,6,774.169649435553,2.20931684067885
1.58,0,9,760.749270327146,2.19580703887172
1.58,0,12,745.777126440691,2.18043465795313
1.58,0,15,729.481588629046,2.16295405147572
1.58,0,18,712.135993961728,2.14319585686661
1.58,0,21,694.023048312676,2.12108744597681
1.58,0,24,675.398450526328,2.09665311869994
1.58,0,27,656.463176663147,2.06999197282825
1.58,0,30,637.351712682324,2.041237849546
1.58,0,33,618.138866345578,2.01051170804513
1.58,0,36,598.862196793373,1.9778796521083
1.58,0,39,579.552616081435,1.94332824101848
1.58,0,42,560.263893764848,1.9067633692335
1.58,0,45,541.093000228123,1.86803218264707
1.58,0,48,522.18663074486,1.82696167237853
1.58,0,51,503.733421380976,1.78340420368624
1.58,0,54,485.944951433065,1.73727953256564
1.58,0,57,469.030798115162,1.68860436727604
1.58,0,60,453.173436074153,1.63750363428085
1.58,0,63,438.507880608343,1.58420171765845
1.58,0,66,425.109150796734,1.52899632771775
1.58,0,69,412.988477777523,1.47222132974307
1.58,0,72,402.097277189269,1.41420680082263
1.58,0,75,392.336659277406,1.35524421371922
1.58,0,78,383.56982681251,1.29556225003948
1.58,0,81,375.635000804189,1.23531536384366
1.58,0,84,368.357222540823,1.17458412567974
1.58,0,87,361.558171525644,1.11338446902233
1.58,0,90,355.063762492667,1.05168244316655
1.58,0,93,348.709636602311,0.989411571967605
1.58,0,96,342.344770472694,0.926490801802818
1.58,0,99,335.833398047599,0.862841751658221
1.58,0,102,329.055396483444,0.798404276339479
1.58,0,105,321.905317764531,0.73314923750003
1.58,0,108,314.290381247366,0.667087081100828
1.58,0,111,306.127938993447,0.600270671537989
1.58,0,114,297.343091487615,0.532791115913377
1.58,0,117,287.867153962079,0.464766146248172
1.58,0,120,277.637475228168,0.396321895674129
1.58,0,123,266.598699397551,0.327570265788259
1.58,0,126,254.705052183844,0.258585081326523
1.58,0,129,241.922823237233,0.189380460904993
1.58,0,132,228.232099644277,0.119894077939237
1.58,0,135,213.627080316466,0.0499762237382806
1.58,0,138,198.114899574114,-0.0206171304157191
1.58,0,141,181.713588337757,-0.0922328785076354
1.58,0,144,164.450312179077,-0.16534224764783
1.58,0,147,146.361120446833,-0.240596828755197
1.58,0,150,127.493086707319,-0.318964030849602
1.58,0,153,107.909189752396,-0.402049642791609
1.58,0,156,87.6963855282122,-0.492915388907044
1.58,0,159,66.9806753924376,-0.598472342118607
1.58,0,162,45.9735133579869,-0.738472729513351
1.58,0,165,25.2481805834575,-0.998039890754654
1.58,0,168,10.1311803843162,-2.10586957600375
1.58,0,171,23.0379815324003,-3.41965609532795
1.58,0,174,43.8353167589791,-3.70999361490639
1.58,0,177,65.2388560967459,-3.85618432499172
1.58,0,180,86.6090126008815,-3.96302585436103
1.58,3,-180,86.6090126008816,2.37251933037838
1.58,3,-177,108.058347863766,2.2798155490496
1.58,3,-174,129.10659375362,2.19778732216604
1.58,3,-171,149.671330236437,2.12303218589814
1.58,3,-168,169.663849194508,2.0542043159612
1.58,3,-165,188.975515210303,1.99084859669432
1.58,3,-162,207.477046633148,1.93291484767312
1.58,3,-159,225.029107357095,1.88052211329968
1.58,3,-156,241.501497808221,1.83383366441632
1.58,3,-153,256.796320558011,1.79298968825333
1.58,3,-150,270.869448547819,1.7580735685595
1.58,3,-147,283.745073434935,1.72909858971335
1.58,3,-144,295.519976914906,1.70600685772086
1.58,3,-141,306.356843677897,1.68867495783046
1.58,3,-138,316.468571565612,1.67692247503381
1.58,3,-135,326.097361885179,1.67052044314052
1.58,3,-132,335.492959088804,1.66919749737371
1.58,3,-129,344.893774268235,1.67264243226215
1.58,3,-126,354.513179820356,1.68050323431191
1.58,3,-123,364.531601358804,1.69238426407651
1.58,3,-120,375.09370119459,1.70784452451801
1.58,3,-117,386.309247520782,1.72640024180922
1.58,3,-114,398.25619268965,1.7475340273464
1.58,3,-111,410.984808065898,1.77071098084457
1.58,3,-108,424.522131904713,1.79539997410507
1.58,3,-105,438.876254935279,1.82109683312538
1.58,3,-102,454.040040086525,1.84734570059341
1.58,3,-99,469.993842466002,1.87375549327217
1.58,3,-96,486.706813047745,1.90000964272682
1.58,3,-93,504.136537140351,1.92586866773019
1.58,3,-90,522.227079492224,1.95116616270211
1.58,3,-87,540.905897405472,1.97579936270687
1.58,3,-84,560.080421574708,1.99971565804417
1.58,3,-81,579.635289613495,2.02289647210311
1.58,3,-78,599.431196057915,2.04533993971315
1.58,3,-75,619.306095401275,2.06704388137641
1.58,3,-72,639.079105382822,2.0879906179862
1.58,3,-69,658.55697976443,2.10813512425537
1.58,3,-66,677.542542635422,2.12739780354667
1.58,3,-63,695.84409174181,2.14566275518146
1.58,3,-60,713.284565228062,2.1627818223517
1.58,3,-57,729.709274049505,2.17858401848463
1.58,3,-54,744.991238700488,2.19288922105648
1.58,3,-51,759.033594299393,2.20552439947107
1.58,3,-48,771.769060218928,2.21634022327185
1.58,3,-45,783.156996537799,2.22522579051882
1.58,3,-42,793.17896432594,2.23211950069472
1.58,3,-39,801.833856587143,2.23701477035553
1.58,3,-36,809.133501788744,2.23996023623362
1.58,3,-33,815.099173556695,2.24105507799421
1.58,3,-30,819.758789170747,2.24044083049996
1.58,3,-27,823.143972750358,2.23829129710719
1.58,3,-24,825.285873600317,2.2348018328926
1.58,3,-21,826.208889455347,2.23017847775096
1.58,3,-18,825.922300559045,2.22462652974671
1.58,3,-15,824.411079438925,2.21833759845584
1.58,3,-12,821.628378033696,2.21147432179506
1.58,3,-9,817.492875841394,2.20415286456429
1.58,3,-6,811.893858704734,2.19642479217807
1.58,3,-3,804.70543968834,2.18826139415513
1.58,3,0,795.808990261308,2.17954440681787
1.58,3,3,785.120249279974,2.17006691523049
1.58,3,6,772.615527372575,2.15954689255646
1.58,3,9,758.350652167616,2.14765356984112
1.58,3,12,742.467218087142,2.13404402384686
1.58,3,15,725.183278556495,2.11840452690622
1.58,3,18,706.769343474257,2.10048893687553
1.58,3,21,687.514511952536,2.08014549642349
1.58,3,24,667.69062703442,2.05732467873964
1.58,3,27,647.523380150972,2.03206458178442
1.58,3,30,627.177685278043,2.00445626212844
1.58,3,33,606.760636519764,1.97459751220891
1.58,3,36,586.340199023412,1.94254750769939
1.58,3,39,565.973273254851,1.90829475405001
1.58,3,42,545.7344838737,1.87174685743383
1.58,3,45,525.73757615634,1.83274453316719
1.58,3,48,506.144117725809,1.79109620871186
1.58,3,51,487.158055017182,1.74662519610162
1.58,3,54,469.008266141717,1.69921922892002
1.58,3,57,451.923711674822,1.64887200250764
1.58,3,60,436.106786854192,1.5957079468996
1.58,3,63,421.710119342309,1.53998467857149
1.58,3,66,408.820669610993,1.48207218972655
1.58,3,69,397.453021269257,1.42241305348173
1.58,3,72,387.551689400027,1.36147230091031
1.58,3,75,379.000600470643,1.29968760491113
1.58,3,78,371.636953578962,1.23742923676934
1.58,3,81,365.266565852537,1.17497555128821
1.58,3,84,359.678372180876,1.11250515481343
1.58,3,87,354.656651679097,1.05010316125878
1.58,3,90,349.990434661954,0.987777024830763
1.58,3,93,345.480167274754,0.925477328529587
1.58,3,96,340.942006958203,0.863119908188574
1.58,3,99,336.210158249838,0.800606965143678
1.58,3,102,331.137570516189,0.737845772920674
1.58,3,105,325.59524205855,0.674763999491799
1.58,3,108,319.470394658546,0.611320657004268
1.58,3,111,312.663911663498,0.54751155260469
1.58,3,114,305.087610349424,0.483368176728789
1.58,3,117,296.662036339174,0.418949454215308
1.58,3,120,287.315414484005,0.354326722898678
1.58,3,123,276.984114543214,0.289563487809942
1.58,3,126,265.614540161384,0.224692549527938
1.58,3,129,253.165877316029,0.159693605952978
1.58,3,132,239.612842319481,0.0944740621082882
1.58,3,135,224.947602299518,0.0288544010441024
1.58,3,138,209.180423145098,-0.0374429895577824
1.58,3,141,192.339190369677,-0.104806380240739
1.58,3,144,174.468498802224,-0.173759357058557
1.58,3,147,155.629280440508,-0.245018916484317
1.58,3,150,135.899851199248,-0.319631751976268
1.58,3,153,115.379014561037,-0.399295080258789
1.58,3,156,94.1922374393132,-0.487159313429323
1.58,3,159,72.5055787122146,-0.590123742063236
1.58,3,162,50.5728031216486,-0.727101753980438
1.58,3,165,29.0018727821691,-0.973223442962206
1.58,3,168,12.1579519665587,-1.88064392288119
1.58,3,171,22.1376386800192,-3.29347435958486
1.58,3,174,43.065866867434,-3.63830245345812
1.58,3,177,64.8675830724157,-3.79837391152064
1.58,3,180,86.6090126008816,-3.9106659768012
1.58,6,-180,86.6090126008817,2.42487920793821
1.58,6,-177,108.297552175984,2.32962995551884
1.58,6,-174,129.507009521983,2.24597132390386
1.58,6,-171,150.167427529646,2.16985247075291
1.58,6,-168,170.211984736434,2.0996584278073
1.58,6,-165,189.558791206746,2.03482608241486
1.58,6,-162,208.106641233483,1.97527116523998
1.58,6,-159,225.742749721866,1.92110905945587
1.58,6,-156,242.359868526009,1.87250568287207
1.58,6,-153,257.878146739707,1.82959794816066
1.58,6,-150,272.265863572804,1.79245670700228
1.58,6,-147,285.55357588962,1.76107672972972
1.58,6,-144,297.838229433102,1.73538294810917
1.58,6,-141,309.276662973863,1.71524459403403
1.58,6,-138,320.070682351563,1.70049048666784
1.58,6,-135,330.447631759978,1.69092021335513
1.58,6,-132,340.640732969705,1.6863078260027
1.58,6,-129,350.872540443865,1.6863972053976
1.58,6,-126,361.343231265236,1.69089118460647
1.58,6,-123,372.223815686368,1.69943907156827
1.58,6,-120,383.653269135534,1.71162838113295
1.58,6,-117,395.738260667647,1.72698576491127
1.58,6,-114,408.554432033895,1.74498949027726
1.58,6,-111,422.148685651753,1.76509232962051
1.58,6,-108,436.542289769207,1.78675069550635
1.58,6,-105,451.734622652466,1.80945435656188
1.58,6,-102,467.707130219686,1.83275143168595
1.58,6,-99,484.426803583933,1.85626513864174
1.58,6,-96,501.848428682378,1.87970106445153
1.58,6,-93,519.915112701734,1.90284566564453
1.58,6,-90,538.557074323518,1.92555783073348
1.58,6,-87,557.689215905618,1.94775564809349
1.58,6,-84,577.208390340053,1.96940032365007
1.58,6,-81,596.991417940365,1.9904788463412
1.58,6,-78,616.894777621619,2.01098674668969
1.58,6,-75,636.756547737002,2.03091219796511
1.58,6,-72,656.400704994919,2.05022269561369
1.58,6,-69,675.643415929481,2.06885549092055
1.58,6,-66,694.300572933632,2.08671274455876
1.58,6,-63,712.195606697599,2.10366196465766
1.58,6,-60,729.166583442836,2.11954173130866
1.58,6,-57,745.071763618845,2.1341720654152
1.58,6,-54,759.793117384679,2.14736818258478
1.58,6,-51,773.237692027814,2.15895589747592
1.58,6,-48,785.337122169402,2.16878671454114
1.58,6,-45,796.045876273947,2.17675072933454
1.58,6,-42,805.338963328099,2.18278588517409
1.58,6,-39,813.2097283096,2.18688281742222
1.58,6,-36,819.66803864218,2.18908531951699
1.58,6,-33,824.738670914902,2.18948716610722
1.58,6,-30,828.459192999362,2.18822641122689
1.58,6,-27,830.876307758608,2.18547820398513
1.58,6,-24,832.039689782767,2.18144664388797
1.58,6,-21,831.992929667613,2.1763554297856
1.58,6,-18,830.762254192001,2.17043638446012
1.58,6,-15,828.344957254041,2.16391474053227
1.58,6,-12,824.700526313042,2.15699060812705
1.58,6,-9,819.747809568394,2.14981729449415
1.58,6,-6,813.370907001663,2.14247876924609
1.58,6,-3,805.434757961752,2.13496999765366
1.58,6,0,795.808990261308,2.12718452925804
1.58,6,3,784.396140005531,2.11891329679666
1.58,6,6,771.158590261534,2.10985706264128
1.58,6,9,756.138103737431,2.09965263403454
1.58,6,12,739.462904138439,2.08791025924596
1.58,6,15,721.339760787641,2.07425693793965
1.58,6,18,702.031952606639,2.05837820991312
1.58,6,21,681.82754627095,2.04004995523088
1.58,6,24,661.005170006414,2.01915257577074
1.58,6,27,639.805485127916,1.99566312374795
1.58,6,30,618.415287137846,1.96962620603219
1.58,6,33,596.967738033663,1.94111042732492
1.58,6,36,575.557618778256,1.91016160340277
1.58,6,39,554.266245861069,1.87676516086416
1.58,6,42,533.188277987226,1.84082760985445
1.58,6,45,512.452736563182,1.80218189098267
1.58,6,48,492.232839670824,1.76061569044165
1.58,6,51,472.742644457835,1.71591706067375
1.58,6,54,454.221819996557,1.66792851347811
1.58,6,57,436.912300974872,1.61659911358497
1.58,6,60,421.031783943356,1.56202389865988
1.58,6,63,406.749090015024,1.50446147163615
1.58,6,66,394.165566358386,1.4443243194251
1.58,6,69,383.305198791032,1.3821422300368
1.58,6,72,374.114248915069,1.31850582272451
1.58,6,75,366.469375720453,1.25400233606067
1.58,6,78,360.191772298313,1.18915723976445
1.58,6,81,355.064179248539,1.12439234068705
1.58,6,84,350.847815295134,1.06000530784231
1.58,6,87,347.297082338467,0.996169546108733
1.58,6,90,344.170964704365,0.93294927949353
1.58,6,93,341.240972403025,0.87032333684189
1.58,6,96,338.296056908701,0.808211916317287
1.58,6,99,335.145129904845,0.746502390472095
1.58,6,102,331.617754528819,0.685071963664451
1.58,6,105,327.563422624802,0.623806136633273
1.58,6,108,322.84972687486,0.562612380210409
1.58,6,111,317.359760294523,0.501428408256937
1.58,6,114,310.989215507648,0.440224338186778
1.58,6,117,303.643822274674,0.378998168421999
1.58,6,120,295.237825369644,0.317764556478844
1.58,6,123,285.694060384478,0.256537792089297
1.58,6,126,274.945811264392,0.195310855020494
1.58,6,129,262.940125281197,0.134033134071712
1.58,6,132,249.641805687945,0.072589381935319
1.58,6,135,235.037098821787,0.0107815189573708
1.58,6,138,219.136251473843,-0.0516872068380787
1.58,6,141,201.974589586291,-0.115229740897037
1.58,6,144,183.612367286994,-0.180404327834303
1.58,6,147,164.134110143959,-0.247975921273728
1.58,6,150,143.648379245465,-0.319054133084954
1.58,6,153,122.288938236283,-0.395412447757063
1.58,6,156,100.218936779144,-0.480276482452252
1.58,6,159,77.6436286251802,-0.580534490893182
1.58,6,162,54.8579883707977,-0.714423085670091
1.58,6,165,32.5060616208432,-0.949854699078192
1.58,6,168,14.3849707922861,-1.72548577154553
1.58,6,171,21.5300486864702,-3.16591497330533
1.58,6,174,42.4283800612222,-3.56682518128338
1.58,6,177,64.5561670771759,-3.74081416183589
1.58,6,180,86.6090126008817,-3.85830609924137
1.58,9,-180,86.6090126008817,2.47723908549805
1.58,9,-177,108.475370059592,2.37971680507117
1.58,9,-174,129.778946232763,2.29467102929983
1.58,9,-171,150.45916524289,2.21739814743576
1.58,9,-168,170.469460076516,2.1460112050326
1.58,9,-165,189.754381254237,2.07983715058806
1.58,9,-162,208.241761293938,2.01875692997844
1.58,9,-159,225.847485236239,1.96288286903669
1.58,9,-156,242.490351654087,1.91238532271805
1.58,9,-153,258.112360288724,1.86740092901202
1.58,9,-150,272.698336057982,1.82799247993035
1.58,9,-147,286.289199637182,1.79414249631066
1.58,9,-144,298.985388037636,1.76576681405351
1.58,9,-141,310.9400538413,1.74273661735622
1.58,9,-138,322.344545240532,1.72489924763513
1.58,9,-135,333.410328043196,1.7120905326451
1.58,9,-132,344.351576363846,1.70413471297259
1.58,9,-129,355.371401002478,1.70083219205753
1.58,9,-126,366.652818184789,1.70193951483122
1.58,9,-123,378.353898484435,1.7071489347037
1.58,9,-120,390.605650531846,1.7160755476049
1.58,9,-117,403.511223880127,1.72825791352157
1.58,9,-114,417.145666025918,1.74317403654709
1.58,9,-111,431.556215217175,1.76027000301625
1.58,9,-108,446.763494446569,1.77899512083394
1.58,9,-105,462.763832875908,1.79883616893609
1.58,9,-102,479.532457370888,1.81934448790806
1.58,9,-99,497.02682689276,1.84015232527806
1.58,9,-96,515.189228762318,1.86097785800118
1.58,9,-93,533.948008117852,1.88162060233761
1.58,9,-90,553.217331312103,1.90195002017622
1.58,9,-87,572.89595116871,1.92189016691222
1.58,9,-84,592.865828700518,1.9414026605021
1.58,9,-81,612.991558100225,1.96046956967891
1.58,9,-78,633.121344897695,1.97907732882796
1.58,9,-75,653.08989295868,1.99720256688808
1.58,9,-72,672.723093547329,2.01480069893885
1.58,9,-69,691.844002569841,2.03179811592116
1.58,9,-66,710.279331053333,2.04808868454022
1.58,9,-63,727.865604045701,2.06353496845112
1.58,9,-60,744.454262575585,2.0779741136473
1.58,9,-57,759.915249962985,2.09122777843298
1.58,9,-54,774.138967998106,2.10311494203307
1.58,9,-51,787.03682887204,2.11346601757296
1.58,9,-48,798.540886776993,2.12213653103788
1.58,9,-45,808.603144587178,2.12901877065555
1.58,9,-42,817.195054743629,2.13405025433441
1.58,9,-39,824.307461087319,2.13721851502586
1.58,9,-36,829.95079822015,2.13856239611438
1.58,9,-33,834.154874969846,2.13817057160044
1.58,9,-30,836.967176092739,2.13617817343303
1.58,9,-27,838.448510435129,2.13276213475582
1.58,9,-24,838.665174386245,2.12813521530105
1.58,9,-21,837.677638030311,2.12253790779382
1.58,9,-18,835.526973798787,2.11622689460278
1.58,9,-15,832.221517965541,2.10945879040259
1.58,9,-12,827.727139876056,2.10246876096113
1.58,9,-9,821.96456122971,2.09544514036708
1.58,9,-6,814.816179007166,2.08850294626699
1.58,9,-3,806.142894703858,2.08166059992472
1.58,9,0,795.808990261308,2.07482465169821
1.58,9,3,783.710799915487,2.06778664784735
1.58,9,6,769.803492470857,2.06023456793058
1.58,9,9,754.120160796512,2.05177887118875
1.58,9,12,736.778720674369,2.04199052903543
1.58,9,15,717.974599951046,2.03044586358248
1.58,9,18,697.960330613887,2.01677094883466
1.58,9,21,677.016252597015,2.00067728068672
1.58,9,24,655.418838988452,1.98198102040849
1.58,9,27,633.413954655102,1.96060084151008
1.58,9,30,611.201231619599,1.93653410993894
1.58,9,33,588.932789470831,1.90981669455149
1.58,9,36,566.725535192961,1.8804763032926
1.58,9,39,544.682532705854,1.84849115755932
1.58,9,42,522.916701534316,1.81376441744224
1.58,9,45,501.570032864196,1.77612081196285
1.58,9,48,480.823361124915,1.73532697656819
1.58,9,51,460.894597704549,1.69113244013711
1.58,9,54,442.026176305727,1.64332462639205
1.58,9,57,424.464556428201,1.59178856596918
1.58,9,60,408.435753275814,1.53656015678424
1.58,9,63,394.121138165785,1.47786123469206
1.58,9,66,381.637407434615,1.41610649935344
1.58,9,69,371.023777921775,1.35187740433759
1.58,9,72,362.238166293168,1.28586604120561
1.58,9,75,355.162446667127,1.21880039952753
1.58,9,78,349.615169390752,1.15136760307836
1.58,9,81,345.368845004897,1.08415127698807
1.58,9,84,342.168453753624,1.01759341636929
1.58,9,87,339.748304503034,0.951982991521473
1.58,9,90,337.845439364923,0.887466652315703
1.58,9,93,336.208983000485,0.824073436811461
1.58,9,96,334.605763283625,0.76174538021582
1.58,9,99,332.823000114455,0.700368012991923
1.58,9,102,330.668912575684,0.639797343818173
1.58,9,105,327.971906386342,0.579881959384284
1.58,9,108,324.578777199777,0.520479939168358
1.58,9,111,320.352251527754,0.461470506717804
1.58,9,114,315.168239170139,0.402760119329034
1.58,9,117,308.913336484886,0.344282482697602
1.58,9,120,301.483268582759,0.285992096409868
1.58,9,123,292.78294272458,0.227851501047327
1.58,9,126,282.728514211534,0.16981326862371
1.58,9,129,271.251366628577,0.111798615239501
1.58,9,132,258.303335670114,0.0536748928244559
1.58,9,135,243.862087943578,-0.00476625773628501
1.58,9,138,227.935497988057,-0.0638299677623688
1.58,9,141,210.564205642094,-0.123941547793858
1.58,9,144,191.822160672997,-0.185681171604193
1.58,9,147,171.815630793842,-0.249849725012682
1.58,9,150,150.681649863748,-0.317609363300549
1.58,9,153,128.587245587774,-0.390802004747575
1.58,9,156,105.731667606787,-0.472725725568483
1.58,9,159,82.3579553517515,-0.57027589376176
1.58,9,162,58.8011307095471,-0.701177657683812
1.58,9,165,35.7432262394219,-0.928065369726294
1.58,9,168,16.6357835576255,-1.61459139708083
1.58,9,171,21.2105502838351,-3.03995823234326
1.58,9,174,41.9254464115831,-3.49582509559596
1.58,9,177,64.3057563213731,-3.68353933026675
1.58,9,180,86.6090126008817,-3.80594622168154
1.58,12,-180,86.6090126008818,2.52959896305788
1.58,12,-177,108.591636320229,2.43007705439019
1.58,12,-174,129.922881456576,2.34388416750349
1.58,12,-171,150.548205843019,2.2656649624316
1.58,12,-168,170.439271456719,2.19325726299743
1.58,12,-165,189.566331863714,2.12587400093797
1.58,12,-162,207.886808884719,2.06335824294723
1.58,12,-159,225.347024554404,2.00581797557349
1.58,12,-156,241.894646996716,1.95342885565375
1.58,12,-153,257.497151987505,1.90633048470939
1.58,12,-150,272.15997977827,1.86458345207212
1.58,12,-147,285.938469874625,1.8281665922975
1.58,12,-144,298.940072320398,1.79699750168918
1.58,12,-141,311.316741377019,1.77096129374116
1.58,12,-138,323.25043556246,1.74993506506822
1.58,12,-135,334.936209346162,1.73379930372104
1.58,12,-132,346.567140034933,1.72243254139597
1.58,12,-129,358.323692797598,1.71569124707979
1.58,12,-126,370.367965465749,1.71338192090029
1.58,12,-123,382.841508627211,1.71523506541353
1.58,12,-120,395.864696264589,1.7208902872877
1.58,12,-117,409.53599905078,1.72989840027921
1.58,12,-114,423.930552488718,1.74174128069214
1.58,12,-111,439.098444613281,1.75586515001695
1.58,12,-108,455.063633095864,1.77171960274227
1.58,12,-105,471.824192918893,1.78879400647506
1.58,12,-102,489.353952132354,1.80664475068268
1.58,12,-99,507.604940025643,1.82491015251327
1.58,12,-96,526.50979989446,1.84331322863648
1.58,12,-93,545.983497838066,1.86165490750586
1.58,12,-90,565.924136576687,1.87980117763854
1.58,12,-87,586.213198934065,1.89766738860213
1.58,12,-84,606.715878263427,1.91520202189745
1.58,12,-81,627.282202081536,1.93237129664322
1.58,12,-78,647.749444870379,1.94914531671261
1.58,12,-75,667.945961823438,1.96548618742085
1.58,12,-72,687.696187720701,1.98133852872394
1.58,12,-69,706.826245707574,1.99662290815619
1.58,12,-66,725.169468555094,2.01123274492035
1.58,12,-63,742.571170431563,2.02503509721344
1.58,12,-60,758.892197592228,2.03787541830091
1.58,12,-57,774.01107729427,2.04958590309145
1.58,12,-54,787.824903667723,2.05999654551832
1.58,12,-51,800.249371721563,2.06894761215529
1.58,12,-48,811.218529094833,2.07630202906977
1.58,12,-45,820.68480988421,2.08195625846151
1.58,12,-42,828.619721127118,2.08584861838192
1.58,12,-39,835.015180306679,2.08796458794106
1.58,12,-36,839.885009839609,2.08833926839925
1.58,12,-33,843.265599563501,2.08705761740055
1.58,12,-30,845.214422631287,2.08425314725494
1.58,12,-27,845.805124154591,2.08010540020975
1.58,12,-24,845.118435022834,2.07483578354141
1.58,12,-21,843.229201389869,2.06870055091539
1.58,12,-18,840.191175177514,2.06197925578408
1.58,12,-15,836.022504003093,2.05495724867643
1.58,12,-12,830.695612533136,2.04790190108201
1.58,12,-9,824.134971648763,2.04103402596154
1.58,12,-6,816.224951277695,2.03449790412229
1.58,12,-3,806.827763761145,2.02833474464796
1.58,12,0,795.808990261308,2.02246477413838
1.58,12,3,783.066072301436,2.01668229096227
1.58,12,6,768.554079519062,2.01066614254663
1.58,12,9,752.303357919666,2.00400560226245
1.58,12,12,734.425255332602,1.99623896120226
1.58,12,15,715.104625010071,1.98689965599732
1.58,12,18,694.580658762416,1.97556276907122
1.58,12,21,673.120185695235,1.96188371824938
1.58,12,24,650.989313551727,1.94562145863333
1.58,12,27,628.429709751899,1.92664097059557
1.58,12,30,605.644664297863,1.90489407896309
1.58,12,33,582.797494853658,1.88038279710081
1.58,12,36,560.021506872321,1.85311384100118
1.58,12,39,537.437651115098,1.8230552034981
1.58,12,42,515.174239513299,1.79010507330302
1.58,12,45,493.383090016886,1.75408044838772
1.58,12,48,472.248036840627,1.71472876909177
1.58,12,51,451.98407669396,1.67176191949871
1.58,12,54,432.827638544386,1.62490847722087
1.58,12,57,415.020000076749,1.57397696774553
1.58,12,60,398.786639605016,1.5189198797019
1.58,12,63,384.315554858148,1.45988572885812
1.58,12,66,371.737586811128,1.39724586147329
1.58,12,69,361.111631845947,1.33158573559152
1.58,12,72,352.4171259226,1.2636579541908
1.58,12,75,345.555106327802,1.19430478097729
1.58,12,78,340.357530508028,1.12436715508546
1.58,12,81,336.602801033849,1.05460082333456
1.58,12,84,334.034269432153,0.985616302670496
1.58,12,87,332.378325906396,0.917850229749857
1.58,12,90,331.359492498073,0.851565929515698
1.58,12,93,330.711261865576,0.786874697269808
1.58,12,96,330.182686870626,0.723767616868641
1.58,12,99,329.541535649333,0.662149585182772
1.58,12,102,328.57508634687,0.601870488796126
1.58,12,105,327.089484335986,0.54275144685566
1.58,12,108,324.908266141622,0.484605835174581
1.58,12,111,321.870395149103,0.427255372584424
1.58,12,114,317.828085074746,0.370541283259326
1.58,12,117,312.644810414306,0.314330011382616
1.58,12,120,306.194105462502,0.258512655653098
1.58,12,123,298.359860222906,0.202997499707304
1.58,12,126,289.038678787533,0.147695746935899
1.58,12,129,278.144424943313,0.0925015548216865
1.58,12,132,265.614444642529,0.03726824681787
1.58,12,135,251.416358413538,-0.0182173582858429
1.58,12,138,235.554022926434,-0.0742617130416721
1.58,12,141,218.071433301586,-0.13129454162546
1.58,12,144,199.053945555314,-0.189909928054256
1.58,12,147,178.627026664275,-0.250937460940888
1.58,12,150,156.95352379166,-0.315586287433866
1.58,12,153,134.231117897944,-0.385764158312376
1.58,12,156,110.692770113906,-0.46484554918881
1.58,12,159,86.61731340072,-0.559759963044984
1.58,12,162,62.3784773244218,-0.687877438532537
1.58,12,165,38.69833497311,-0.907966600226625
1.58,12,168,18.8182743233857,-1.53231577090394
1.58,12,171,21.1631252244435,-2.9186737052174
1.58,12,174,41.5586108241656,-3.42558143565154
1.58,12,177,64.1172924433096,-3.62658347723983
1.58,12,180,86.6090126008818,-3.75358634412171
1.58,15,-180,86.6090126008817,2.58195884061771
1.58,15,-177,108.64637718665,2.48071115149473
1.58,15,-174,129.939798013642,2.3936081072024
1.58,15,-171,150.437221963021,2.31464917415353
1.58,15,-168,170.126156234941,2.24139338684704
1.58,15,-165,189.00140082228,2.17293343145253
1.58,15,-162,207.050108687489,2.10906889570228
1.58,15,-159,224.25045138358,2.04990009407445
1.58,15,-156,240.581511723822,1.99560773603536
1.58,15,-153,256.039675449191,1.94633765641752
1.58,15,-150,270.654972061135,1.90215523794817
1.58,15,-147,284.501228609553,1.86304618779587
1.58,15,-144,297.696565339154,1.82894315207682
1.58,15,-141,310.394485044626,1.79975950681699
1.58,15,-138,322.768994011484,1.77541512173869
1.58,15,-135,334.998656095456,1.75584444082177
1.58,15,-132,347.253902485211,1.74098427232612
1.58,15,-129,359.689840704885,1.73074575543027
1.58,15,-126,372.44428767113,1.72498015415505
1.58,15,-123,385.638877854319,1.72344993019658
1.58,15,-120,399.380529710413,1.72581462964741
1.58,15,-117,413.761290552202,1.73163640683066
1.58,15,-114,428.856033200146,1.74040421746201
1.58,15,-111,444.7188240875,1.75157071162781
1.58,15,-108,461.37940629467,1.76459309995867
1.58,15,-105,478.841012191622,1.77896936637782
1.58,15,-102,497.079965721372,1.79426373901809
1.58,15,-99,516.046763781546,1.81011907209215
1.58,15,-96,535.667921952879,1.82625727357681
1.58,15,-93,555.847926730249,1.84247109257689
1.58,15,-90,576.470999405901,1.85861116450198
1.58,15,-87,597.40279237219,1.87457156845543
1.58,15,-84,618.492401832888,1.89027594939978
1.58,15,-81,639.575108056764,1.90566511127535
1.58,15,-78,660.476078030939,1.92068625138995
1.58,15,-75,681.014985357275,1.93528375291716
1.58,15,-72,701.011229280734,1.94939155631519
1.58,15,-69,720.289251948131,1.96292738701764
1.58,15,-66,738.683400740981,1.9757893338765
1.58,15,-63,756.041861859529,1.98785532177022
1.58,15,-60,772.229375878418,1.998985851441
1.58,15,-57,787.128693768118,2.00903001148202
1.58,15,-54,800.640992974154,2.01783428298304
1.58,15,-51,812.685693492543,2.02525318104075
1.58,15,-48,823.200237842929,2.03116045021878
1.58,15,-45,832.140374362053,2.03545947193239
1.58,15,-42,839.48127304599,2.03809180030966
1.58,15,-39,845.21940402304,2.03904326147413
1.58,15,-36,849.374575735153,2.03834765727422
1.58,15,-33,851.990994296986,2.03608856401751
1.58,15,-30,853.135867254714,2.03239978227157
1.58,15,-27,852.894153911963,2.02746457302537
1.58,15,-24,851.358711587376,2.0215130145901
1.58,15,-21,848.616285072823,2.01481595945345
1.58,15,-18,844.731287004774,2.00767361792404
1.58,15,-15,839.730664565028,2.00039715363719
1.58,15,-12,833.593809074369,1.9932829909903
1.58,15,-9,826.251032212797,1.98658155218802
1.58,15,-6,817.592526995592,1.98046424764205
1.58,15,-3,807.487299618814,1.9749940037896
1.58,15,0,795.808990261308,1.97010489657855
1.58,15,3,782.46358690227,1.96559545260332
1.58,15,6,767.413367092538,1.96113816007917
1.58,15,9,750.692161656826,1.95630515675248
1.58,15,12,732.408969961806,1.95060735825983
1.58,15,15,712.739523213912,1.94354179144417
1.58,15,18,691.907961151891,1.93463993415291
1.58,15,21,670.162811988432,1.92350887725695
1.58,15,24,647.752550392017,1.90985763296228
1.58,15,27,624.905918094551,1.89350326184067
1.58,15,30,601.820882387839,1.87435550364978
1.58,15,33,578.663816129036,1.85238338415178
1.58,15,36,555.577788200182,1.82757144142609
1.58,15,39,532.696569233508,1.79987548864717
1.58,15,42,510.159815609719,1.7691876754063
1.58,15,45,488.125184237047,1.73531845550284
1.58,15,48,466.7745476908,1.69799991670131
1.58,15,51,446.31331197796,1.65691167151875
1.58,15,54,426.96336505526,1.61172746269447
1.58,15,57,408.951023727898,1.5621775601953
1.58,15,60,392.49157652638,1.5081185784174
1.58,15,63,377.77202102035,1.44959871766784
1.58,15,66,364.933744744302,1.38690382641762
1.58,15,69,354.057291580793,1.32057016367138
1.58,15,72,345.151693389284,1.25135520864143
1.58,15,75,338.150620951799,1.18016824331931
1.58,15,78,332.916491276776,1.10797444345244
1.58,15,81,329.2518614858,1.03569439787268
1.58,15,84,326.915659985039,0.964121086489297
1.58,15,87,325.640853113131,0.893868504943929
1.58,15,90,325.15038140322,0.825354757812333
1.58,15,93,325.169361709927,0.758813035289392
1.58,15,96,325.433001771322,0.694319575705232
1.58,15,99,325.690812628693,0.631828312040923
1.58,15,102,325.708239501272,0.571205208655338
1.58,15,105,325.266804311765,0.512258947045748
1.58,15,108,324.163508272052,0.454767152481844
1.58,15,111,322.209869312531,0.398498362418406
1.58,15,114,319.23077703237,0.343229748997973
1.58,15,117,315.063406319538,0.288759868515469
1.58,15,120,309.556660882011,0.234915073002544
1.58,15,123,302.571836285596,0.181548140459603
1.58,15,126,293.985194490793,0.128528310090492
1.58,15,129,283.692804343088,0.075723056094587
1.58,15,132,271.617361621969,0.0229731231353034
1.58,15,135,257.715970232642,-0.0299370507091368
1.58,15,138,241.987354335187,-0.0833120400325691
1.58,15,141,224.476944183279,-0.13758237557017
1.58,15,144,205.278811067284,-0.193352481583497
1.58,15,147,184.534356779693,-0.251477672951532
1.58,15,150,162.428697162133,-0.313212491481593
1.58,15,153,139.186661627926,-0.380531794087185
1.58,15,156,115.071756859978,-0.456894767384535
1.58,15,159,90.3960542086384,-0.549296743430782
1.58,15,162,65.5704339238418,-0.674897480694177
1.58,15,165,41.3590948079841,-0.889668203952792
1.58,15,168,20.8822740462242,-1.46959354471434
1.58,15,171,21.3624383836491,-2.80476215557461
1.58,15,174,41.3283780317189,-3.35637841900565
1.58,15,177,63.9915059039755,-3.56997992088888
1.58,15,180,86.6090126008817,-3.70122646656188
1.58,18,-180,86.6090126008817,2.63431871817754
1.58,18,-177,108.639806142928,2.53161904718381
1.58,18,-174,129.831165568804,2.44383981117153
1.58,18,-171,150.129858270533,2.36434741314652
1.58,18,-168,169.53653395074,2.29041835843239
1.58,18,-165,188.068977320447,2.22101677406238
1.58,18,-162,205.743804336467,2.15589058940273
1.58,18,-159,222.57208839964,2.09512687258684
1.58,18,-156,238.566588311192,2.03890975991448
1.58,18,-153,253.755835110836,1.98739431570598
1.58,18,-150,268.198313885542,1.94065851234188
1.58,18,-147,281.99040113327,1.89870711921371
1.58,18,-144,295.264648616266,1.86150319499045
1.58,18,-141,308.179072928108,1.82900478213516
1.58,18,-138,320.901491924942,1.80118921799398
1.58,18,-135,333.594319791134,1.77805525412592
1.58,18,-132,346.404282439427,1.75960238651648
1.58,18,-129,359.458932129806,1.74579497772108
1.58,18,-126,372.868898213438,1.73652351426813
1.58,18,-123,386.732777717936,1.73157555326897
1.58,18,-120,401.141165663995,1.73062515377959
1.58,18,-117,416.177456734817,1.73324365629522
1.58,18,-114,431.914946231776,1.73892865747682
1.58,18,-111,448.411433957618,1.74714363505475
1.58,18,-108,465.70330701866,1.75735892515234
1.58,18,-105,483.80084268835,1.7690858111837
1.58,18,-102,502.685622538619,1.78189864332442
1.58,18,-99,522.31004698812,1.79544383887371
1.58,18,-96,542.598392456456,1.80943791470667
1.58,18,-93,563.448766272129,1.82365847769713
1.58,18,-90,584.735544696411,1.83793221980417
1.58,18,-87,606.312192802308,1.85212292512109
1.58,18,-84,628.014576130149,1.86612103382595
1.58,18,-81,649.664910101504,1.87983504854379
1.58,18,-78,671.076383222156,1.89318434449374
1.58,18,-75,692.058315589698,1.90609279227324
1.58,18,-72,712.421556708491,1.91848286325195
1.58,18,-69,731.983736147535,1.93027033170912
1.58,18,-66,750.573970481937,1.94136010153934
1.58,18,-63,768.03669030083,1.95164391697422
1.58,18,-60,784.234366498591,1.9610006889165
1.58,18,-57,799.049074462351,1.96929987651504
1.58,18,-54,812.383027512331,1.97640787167187
1.58,18,-51,824.158413877769,1.98219676750904
1.58,18,-48,834.317036666336,1.98655441568658
1.58,18,-45,842.820310897917,1.98939445428649
1.58,18,-42,849.65003733212,1.99066511628859
1.58,18,-39,854.810003812415,1.99035608454124
1.58,18,-36,858.327894491756,1.98850327289513
1.58,18,-33,860.256360378357,1.98519190904816
1.58,18,-30,860.671668303185,1.98055839572481
1.58,18,-27,859.66837977965,1.97479099184342
1.58,18,-24,857.349208209873,1.9681284872165
1.58,18,-21,853.81053759136,1.96085510815343
1.58,18,-18,849.125747329407,1.95328940667568
1.58,18,-15,843.32992614879,1.94576530954159
1.58,18,-12,836.410161209149,1.93860498139226
1.58,18,-9,828.304936115783,1.93208537869412
1.58,18,-6,818.914259958104,1.92640264040283
1.58,18,-3,808.119465402969,1.92163998387029
1.58,18,0,795.808990261308,1.91774501901872
1.58,18,3,781.904756498741,1.91452129321188
1.58,18,6,766.383532518249,1.91163676220235
1.58,18,9,749.288942157115,1.90864922649361
1.58,18,12,730.732112182502,1.9050459932075
1.58,18,15,710.881605971897,1.90029244652056
1.58,18,18,689.945567598574,1.89388218780534
1.58,18,21,668.150413946735,1.88538041620988
1.58,18,24,645.720760079472,1.87445277864112
1.58,18,27,622.864568836075,1.86087430318356
1.58,18,30,599.765967557693,1.84451696479435
1.58,18,33,576.586121640911,1.82531898677326
1.58,18,36,553.47051451723,1.80324286161773
1.58,18,39,530.559550768022,1.77823119765507
1.58,18,42,507.999011466349,1.75016950029831
1.58,18,45,485.947587995703,1.7188633196822
1.58,18,48,464.580087373472,1.68403469359378
1.58,18,51,444.086277028771,1.64534018881692
1.58,18,54,424.666163369536,1.60241029707545
1.58,18,57,406.522599088763,1.55490721569618
1.58,18,60,389.851739502811,1.50259476932933
1.58,18,63,374.831517154605,1.44541040172279
1.58,18,66,361.608426237742,1.38352557248373
1.58,18,69,350.283631503063,1.31737927260771
1.58,18,72,340.900423180079,1.24767192520785
1.58,18,75,333.435687597257,1.17531491957373
1.58,18,78,327.797745730278,1.10134298884029
1.58,18,81,323.831493272783,1.02680797461443
1.58,18,84,321.329786349057,0.952677673295292
1.58,18,87,320.048382241979,0.879759755294152
1.58,18,90,319.721199186672,0.808660494238615
1.58,18,93,320.073304546211,0.739776782866556
1.58,18,96,320.830374878881,0.673312523912798
1.58,18,99,321.724690892146,0.609308574296044
1.58,18,102,322.498538763092,0.547677556774631
1.58,18,105,322.906065787787,0.488238448278623
1.58,18,108,322.714365728127,0.430748843907316
1.58,18,111,321.704158279545,0.374934280212875
1.58,18,114,319.670152680094,0.320514074490354
1.58,18,117,316.421185919021,0.267222423196146
1.58,18,120,311.780470685503,0.214822743750816
1.58,18,123,305.586605205889,0.163113026028328
1.58,18,126,297.696150056011,0.111920558665468
1.58,18,129,287.988374119011,0.0610857069498389
1.58,18,132,276.372173676334,0.0104359793985622
1.58,18,135,262.794343865014,-0.0402472807201178
1.58,18,138,247.247664417709,-0.0912674080853343
1.58,18,141,229.777005737171,-0.143056244218336
1.58,18,144,210.482057233893,-0.196228995798418
1.58,18,147,189.516244092211,-0.251667376520072
1.58,18,150,167.082636357293,-0.310672929786603
1.58,18,153,143.428934874094,-0.3752918163265
1.58,18,156,118.845353515731,-0.449079265321437
1.58,18,159,93.6741573950081,-0.53913082379639
1.58,18,162,68.3616203071683,-0.662530390914001
1.58,18,165,43.7161842907171,-0.873289554457901
1.58,18,168,22.7997653698294,-1.42108546879767
1.58,18,171,21.7774862572251,-2.70022164132214
1.58,18,174,41.2342641301633,-3.28849326706633
1.58,18,177,63.9289133793571,-3.5137606746455
1.58,18,180,86.6090126008817,-3.64886658900205
1.58,21,-180,86.6090126008818,2.68667859573737
1.58,21,-177,108.572318817485,2.58280020579649
1.58,21,-174,129.598918082404,2.49457578471894
1.58,21,-171,149.6306827298,2.41475652385713
1.58,21,-168,168.678426482991,2.34033274786904
1.58,21,-165,186.780965633996,2.27012978307488
1.58,21,-162,203.983693949336,2.20383311068495
1.58,21,-159,220.331262660763,2.14150852547103
1.58,21,-156,235.872067816129,2.08334025017756
1.58,21,-153,250.669810044424,2.02949489697161
1.58,21,-150,264.815179377785,1.98007120342244
1.58,21,-147,278.431147486751,1.9351064260045
1.58,21,-144,291.668550516204,1.89461114719211
1.58,21,-141,304.693084970029,1.85860634890137
1.58,21,-138,317.668448647819,1.82714318481482
1.58,21,-135,330.741643486513,1.80029632627166
1.58,21,-132,344.035096806418,1.77813324538478
1.58,21,-129,357.647097062734,1.76067069524338
1.58,21,-126,371.6586101862,1.74783326909079
1.58,21,-123,386.142333262743,1.7394269021483
1.58,21,-120,401.169634782983,1.73513436082769
1.58,21,-117,416.812605097645,1.73453285282183
1.58,21,-114,433.140810249155,1.73712813758764
1.58,21,-111,450.214350929678,1.7423962007153
1.58,21,-108,468.075738053737,1.74982308563
1.58,21,-105,486.742842957358,1.75893554345441
1.58,21,-102,506.204224818574,1.76931882467608
1.58,21,-99,526.417095177823,1.78062185540859
1.58,21,-96,547.307483607468,1.79255296004303
1.58,21,-93,568.771941554873,1.80487052141816
1.58,21,-90,590.680238850736,1.81737256768558
1.58,21,-87,612.878753223557,1.82988785345882
1.58,21,-84,635.194452127293,1.84226933947711
1.58,21,-81,657.439442903569,1.85438967789404
1.58,21,-78,679.416036437444,1.86613766525431
1.58,21,-75,700.922189385871,1.87741461958999
1.58,21,-72,721.757114797988,1.88813007681804
1.58,21,-69,741.726804050509,1.89819683082916
1.58,21,-66,760.649179893972,1.90752593210702
1.58,21,-63,778.358590065017,1.91602264439612
1.58,21,-60,794.709358883015,1.92358444210745
1.58,21,-57,809.5781692471,1.9301018896469
1.58,21,-54,822.865184907246,1.93546273023411
1.58,21,-51,834.494052417402,1.93955885449915
1.58,21,-48,844.41119759597,1.94229520578601
1.58,21,-45,852.585044055913,1.94359931061998
1.58,21,-42,859.005790483622,1.94343014076551
1.58,21,-39,863.686079599694,1.94178542356345
1.58,21,-36,866.662274616661,1.93870715095203
1.58,21,-33,867.99529002622,1.93428558760562
1.58,21,-30,867.769315396564,1.92866221920698
1.58,21,-27,866.086690144932,1.92203163288541
1.58,21,-24,863.057889393222,1.91464138238373
1.58,21,-21,858.787043182948,1.90678786346767
1.58,21,-18,853.355253090666,1.89880569095515
1.58,21,-15,846.805529880762,1.89104853227785
1.58,21,-12,839.133744671285,1.88386096287178
1.58,21,-9,830.289121658468,1.87754330647751
1.58,21,-6,820.185576702178,1.87231383953358
1.58,21,-3,808.722260896841,1.86827433217111
1.58,21,0,795.808990261308,1.86538514145889
1.58,21,3,781.390775691869,1.86345493782975
1.58,21,6,765.465918895574,1.86214799125105
1.58,21,9,748.09398453631,1.86100923698994
1.58,21,12,729.392720998752,1.85950446358379
1.58,21,15,709.525762827256,1.85707023442259
1.58,21,18,688.684911428982,1.85316597266487
1.58,21,21,667.071539600103,1.84731957167718
1.58,21,24,644.881206746737,1.83915850963992
1.58,21,27,622.29421016551,1.82842097805364
1.58,21,30,599.472968425685,1.81494556881973
1.58,21,33,576.565301550193,1.79864255588126
1.58,21,36,553.711295745231,1.77945346876659
1.58,21,39,531.050889861476,1.75730754903022
1.58,21,42,508.729735083552,1.73208361830248
1.58,21,45,486.902037112498,1.70358438298393
1.58,21,48,465.730451246881,1.67152804538076
1.58,21,51,445.384048087419,1.63555986798467
1.58,21,54,426.035516676654,1.59528419349471
1.58,21,57,407.858159778295,1.55031515312722
1.58,21,60,391.022286342793,1.50034160198871
1.58,21,63,375.689908037286,1.44519859272101
1.58,21,66,362.006669378838,1.38493428087748
1.58,21,69,350.090808826968,1.31985858237691
1.58,21,72,340.020355090794,1.25055990015288
1.58,21,75,331.821065976787,1.17788056571629
1.58,21,78,325.458110794479,1.10285066983114
1.58,21,81,320.833792362744,1.0265913093261
1.58,21,84,317.791913092428,0.950207189083862
1.58,21,87,316.127475304169,0.874690546516893
1.58,21,90,315.599151399727,0.800852614666729
1.58,21,93,315.941833801177,0.729288701572234
1.58,21,96,316.877405994154,0.66037358043751
1.58,21,99,318.123065874797,0.594278740562177
1.58,21,102,319.397477989891,0.531002494486827
1.58,21,105,320.425430265074,0.470406121343729
1.58,21,108,320.941571851866,0.412251907243268
1.58,21,111,320.693475585897,0.356240703101747
1.58,21,114,319.443998604742,0.302047113417018
1.58,21,117,316.97290138536,0.249350048015984
1.58,21,120,313.077953216358,0.197855792300331
1.58,21,123,307.576159035801,0.147310609916104
1.58,21,126,300.306041330337,0.0975005580685388
1.58,21,129,291.131856090984,0.0482376677486167
1.58,21,132,279.950098081357,-0.000666491431837569
1.58,21,135,266.69776777038,-0.0494373218240091
1.58,21,138,251.360964373049,-0.098380987513944
1.58,21,141,233.981864370477,-0.147934689944567
1.58,21,144,214.66235044463,-0.198728206827643
1.58,21,147,193.563487464528,-0.251673273580386
1.58,21,150,170.901430578548,-0.308122555757097
1.58,21,153,146.941910513501,-0.370199945501915
1.58,21,156,121.997507137014,-0.441570293740698
1.58,21,159,96.43726369288,-0.529465652598167
1.58,21,162,70.7409512121486,-0.651020513350293
1.58,21,165,45.7634728842787,-0.858966947744326
1.58,21,168,24.5557818030572,-1.38355873621659
1.58,21,171,22.3757278745734,-2.60622287002915
1.58,21,174,41.2748912011619,-3.22218426701334
1.58,21,177,63.9298171003901,-3.45795588895101
1.58,21,180,86.6090126008818,-3.59650671144222
1.58,24,-180,86.6090126008816,2.7390384732972
1.58,24,-177,108.444486997571,2.63425361560877
1.58,24,-174,129.245427357911,2.54581201881671
1.58,24,-171,148.945127724057,2.46587338593941
1.58,24,-168,167.561358293823,2.39113865931974
1.58,24,-165,185.151634841248,2.32028245262631
1.58,24,-162,201.789010595178,2.25291442569011
1.58,24,-159,217.551981777373,2.18906839625858
1.58,24,-156,232.52620707305,2.12892320103705
1.58,24,-153,246.813339613019,2.07265812506378
1.58,24,-150,260.539885096691,2.02040071309289
1.58,24,-147,273.859425698656,1.972234946123
1.58,24,-144,286.945016374752,1.9282375208232
1.58,24,-141,299.973391801033,1.88851241399857
1.58,24,-138,313.106493458653,1.85320268762917
1.58,24,-135,326.47703323875,1.8224720366125
1.58,24,-132,340.182994072135,1.79646240199686
1.58,24,-129,354.292151294337,1.77524308236231
1.58,24,-126,368.853721971217,1.75876845589571
1.58,24,-123,383.911864008429,1.74685657579601
1.58,24,-120,399.515782622153,1.73919293940741
1.58,24,-117,415.723269148429,1.73535621499572
1.58,24,-114,432.597360708909,1.7348577433609
1.58,24,-111,450.198139968569,1.73718478684273
1.58,24,-108,468.572715605834,1.74183846151212
1.58,24,-105,487.746125942694,1.74836030395422
1.58,24,-102,507.714827066084,1.75634541280846
1.58,24,-99,528.443232367893,1.76544382039234
1.58,24,-96,549.862929348133,1.77535414967138
1.58,24,-93,571.873855880939,1.78581424191331
1.58,24,-90,594.346764778491,1.79659253735229
1.58,24,-87,617.126534317523,1.80748225464995
1.58,24,-84,640.036112920479,1.81829862827793
1.58,24,-81,662.881026392104,1.82887818986226
1.58,24,-78,685.454418645955,1.83907854708979
1.58,24,-75,707.542578216717,1.84877726001688
1.58,24,-72,728.930858437581,1.85786901326933
1.58,24,-69,749.409839085258,1.86626106361046
1.58,24,-66,768.781492047021,1.87386766762241
1.58,24,-63,786.865000553781,1.88060468860072
1.58,24,-60,803.501771394834,1.88638573957874
1.58,24,-57,818.559140502597,1.89112100788688
1.58,24,-54,831.932382584233,1.89471937347518
1.58,24,-51,843.544932791664,1.89709371119986
1.58,24,-48,853.347162265413,1.8981685600253
1.58,24,-45,861.31446720653,1.89788887658235
1.58,24,-42,867.445618989624,1.89622853684129
1.58,24,-39,871.762097729503,1.89319763266504
1.58,24,-36,874.308453907553,1.88884825894272
1.58,24,-33,875.152793894015,1.8832790694162
1.58,24,-30,874.38565643281,1.87663903245408
1.58,24,-27,872.115308540997,1.86913033500917
1.58,24,-24,868.458173192768,1.86100936566234
1.58,24,-21,863.524690279881,1.85258359445948
1.58,24,-18,857.402949357441,1.84420158945236
1.58,24,-15,850.14413084659,1.83623390800501
1.58,24,-12,841.754335970959,1.82904432035635
1.58,24,-9,832.196307138057,1.82295336037518
1.58,24,-6,821.401996603753,1.8181987300864
1.58,24,-3,809.293730524257,1.81489874276613
1.58,24,0,795.808990261308,1.81302526389906
1.58,24,3,780.922621839464,1.8123915068892
1.58,24,6,764.661051802121,1.81265792429794
1.58,24,9,747.105540153093,1.81335672644286
1.58,24,12,728.384728447769,1.81393257341719
1.58,24,15,708.659612220284,1.81379402307549
1.58,24,18,688.105689391294,1.81236785760726
1.58,24,21,666.897066800406,1.80914716588833
1.58,24,24,645.19598440038,1.80372471225052
1.58,24,27,623.149150621216,1.7958058870875
1.58,24,30,600.890165214027,1.78519984154161
1.58,24,33,578.545711964649,1.77179202177862
1.58,24,36,556.24250938607,1.75550487554244
1.58,24,39,534.112348356176,1.73625515092086
1.58,24,42,512.293757350927,1.71391591774331
1.58,24,45,490.930442053232,1.68828984262813
1.58,24,48,470.167992010513,1.65909813888612
1.58,24,51,450.150871895546,1.62598753691734
1.58,24,54,431.021219162999,1.58855573322406
1.58,24,57,412.919712598949,1.54639396391043
1.58,24,60,395.987347409065,1.49914342288642
1.58,24,63,380.366000194431,1.44656006368969
1.58,24,66,366.195624409792,1.38857988514918
1.58,24,69,353.606842340798,1.32537442746503
1.58,24,72,342.709270496925,1.25738478281223
1.58,24,75,333.577548056158,1.1853233831423
1.58,24,78,326.238093254332,1.11013746651221
1.58,24,81,320.65964193909,1.0329363517593
1.58,24,84,316.749586688852,0.954894084054332
1.58,24,87,314.356470528634,0.877145669911962
1.58,24,90,313.277418843107,0.800695817987654
1.58,24,93,313.268438177667,0.726353743964282
1.58,24,96,314.055559401464,0.654699221312187
1.58,24,99,315.345471521465,0.586077593977806
1.58,24,102,316.835080015079,0.520617280541954
1.58,24,105,318.219934332755,0.458262419190012
1.58,24,108,319.201587356607,0.398814309466025
1.58,24,111,319.493812210524,0.341976665755025
1.58,24,114,318.827457054864,0.287400540695571
1.58,24,117,316.953775215942,0.234724989477243
1.58,24,120,313.646396753325,0.183609492449271
1.58,24,123,308.702608214137,0.133754352672775
1.58,24,126,301.945042371152,0.084906150208154
1.58,24,129,293.2249697162,0.0368469777988939
1.58,24,132,282.427946058522,-0.010631704690446
1.58,24,135,269.481651862473,-0.0577678968552438
1.58,24,138,254.364676925199,-0.104877244424746
1.58,24,141,237.114242931182,-0.152409014605901
1.58,24,144,217.830835257349,-0.201013839717623
1.58,24,147,196.678558751407,-0.251639296790917
1.58,24,150,173.881518148798,-0.305695184692886
1.58,24,153,149.718335447555,-0.365391288815223
1.58,24,156,124.519326843678,-0.434517522286832
1.58,24,159,98.6766780186105,-0.520480539387103
1.58,24,162,72.7017152202673,-0.640586730378628
1.58,24,165,47.4982317806491,-0.846859452362235
1.58,24,168,26.1440976171833,-1.35501076608218
1.58,24,171,23.126639315668,-2.52317334925022
1.58,24,174,41.4481168066981,-3.15767993059235
1.58,24,177,63.9943060251074,-3.40259331558267
1.58,24,180,86.6090126008816,-3.54414683388239
1.58,27,-180,86.6090126008816,2.79139835085702
1.58,27,-177,108.257051848628,2.68597779920508
1.58,27,-174,128.773472989602,2.59754392890675
1.58,27,-171,148.079421674211,2.51769471367502
1.58,27,-168,166.196238145074,2.44283942133115
1.58,27,-165,183.197438070063,2.37148873960874
1.58,27,-162,199.182156163231,2.30316065323705
1.58,27,-159,214.262538796592,2.23784339858053
1.58,27,-156,228.562733178588,2.17570231908769
1.58,27,-153,242.22482664077,2.11692865094839
1.58,27,-150,255.414564647168,2.06168601106121
1.58,27,-147,268.320090279759,2.01011966905433
1.58,27,-144,281.140669970361,1.96239227096673
1.58,27,-141,294.067612127114,1.91871265448784
1.58,27,-138,307.263753396066,1.87933584216337
1.58,27,-135,320.849021902793,1.84452943138057
1.58,27,-132,334.897263018485,1.81451776343584
1.58,27,-129,349.444958474358,1.78942394335696
1.58,27,-126,364.507898845283,1.76922860670672
1.58,27,-123,380.099326003035,1.75375605745942
1.58,27,-120,396.243398023414,1.74268833470461
1.58,27,-117,412.980433478081,1.73560014122121
1.58,27,-114,430.363753684486,1.73200394719703
1.58,27,-111,448.450567382518,1.73139454306737
1.58,27,-108,467.290440280871,1.73328475581648
1.58,27,-105,486.914521597407,1.73722785064611
1.58,27,-102,507.327478445543,1.74282623237313
1.58,27,-99,528.50274338627,1.74972939231302
1.58,27,-96,550.380711913754,1.75762584608821
1.58,27,-93,572.869100996002,1.76623385962563
1.58,27,-90,595.844700605263,1.77529444586705
1.58,27,-87,619.156005586969,1.78456817247429
1.58,27,-84,642.626506716336,1.79383549879663
1.58,27,-81,666.058629715344,1.80289915642387
1.58,27,-78,689.238407640039,1.81158666870134
1.58,27,-75,711.940974967412,1.81975137046364
1.58,27,-72,733.936908396933,1.82727099678348
1.58,27,-69,754.999319947004,1.83404378448365
1.58,27,-66,774.911429848153,1.83998283432308
1.58,27,-63,793.474122256605,1.84501003896695
1.58,27,-60,810.512770759787,1.84905108373645
1.58,27,-57,825.882513566784,1.85203283794304
1.58,27,-54,839.471271560512,1.85388392090074
1.58,27,-51,851.200194003024,1.85453848380561
1.58,27,-48,861.02182806801,1.85394250724939
1.58,27,-45,868.916942617869,1.85206141204432
1.58,27,-42,874.891307444113,1.84888769977956
1.58,27,-39,878.973579722811,1.8444477099468
1.58,27,-36,881.214700531327,1.83880722676907
1.58,27,-33,881.688059620977,1.8320762425621
1.58,27,-30,880.488620092112,1.82441330444273
1.58,27,-27,877.728785696314,1.81602932368439
1.58,27,-24,873.529455012718,1.80718962798314
1.58,27,-21,868.006425461923,1.79821185691733
1.58,27,-18,861.254546264811,1.78945670494729
1.58,27,-15,853.3338554925,1.78130905907066
1.58,27,-12,844.262447773111,1.77414888766385
1.58,27,-9,834.019517092383,1.76831387024793
1.58,27,-6,822.559149863145,1.76405835852791
1.58,27,-3,809.83197126069,1.76151496227119
1.58,27,0,795.808990261308,1.76066538633923
1.58,27,3,780.501058088648,1.7613261468142
1.58,27,6,763.96866819672,1.76315280620821
1.58,27,9,746.319916805562,1.76566372221034
1.58,27,12,727.698155864739,1.76828121096468
1.58,27,15,708.263849159699,1.77038475015041
1.58,27,18,688.176391624842,1.77136797452593
1.58,27,21,667.580912374308,1.77068966935883
1.58,27,24,646.602849213983,1.76790961634872
1.58,27,27,625.350296071093,1.76270322137659
1.58,27,30,603.921740869909,1.75485359966984
1.58,27,33,582.415494814395,1.74422471480038
1.58,27,36,560.937130654906,1.73072274268671
1.58,27,39,539.602473905672,1.71425423491799
1.58,27,42,518.535658310857,1.69468901109879
1.58,27,45,497.863751517431,1.67183379298181
1.58,27,48,477.710736621824,1.64542028379239
1.58,27,51,458.193721138095,1.61510927661809
1.58,27,54,439.423138496189,1.58051065238651
1.58,27,57,421.506892066541,1.54121777170274
1.58,27,60,404.556610035211,1.49685365406632
1.58,27,63,388.693107352077,1.4471252949506
1.58,27,66,374.048139953219,1.39188126426763
1.58,27,69,360.760526481295,1.33116618743373
1.58,27,72,348.966317795721,1.26526398914702
1.58,27,75,338.784382023926,1.19472062445456
1.58,27,78,330.300042903808,1.12033770256271
1.58,27,81,323.549922373481,1.04313209634811
1.58,27,84,318.510790575901,0.964263360290111
1.58,27,87,315.09417808256,0.884938746980104
1.58,27,90,313.14714199944,0.806311676298259
1.58,27,93,312.45837060146,0.729390956673375
1.58,27,96,312.768108928769,0.654974373949536
1.58,27,99,313.780263432693,0.583613416745457
1.58,27,102,315.175306391944,0.515608905760944
1.58,27,105,316.622958937969,0.451032357285704
1.58,27,108,317.793880782052,0.389765626373111
1.58,27,111,318.369708751341,0.331551072805066
1.58,27,114,318.050883148574,0.276045122187838
1.58,27,117,316.561937098291,0.222868891627396
1.58,27,120,313.654382254051,0.171650266783648
1.58,27,123,309.107942497142,0.122052625918539
1.58,27,126,302.731452698137,0.073786643624281
1.58,27,129,294.364960082598,0.0266034782757644
1.58,27,132,283.884209990305,-0.0197300186183941
1.58,27,135,271.207754326992,-0.065471282873112
1.58,27,138,256.305683462394,-0.110953481864168
1.58,27,141,239.207974614997,-0.156646217239818
1.58,27,144,220.010187813821,-0.203228824027984
1.58,27,147,198.874956929802,-0.251692007153246
1.58,27,150,176.029257710142,-0.303510081007469
1.58,27,153,151.75946145904,-0.360988305386352
1.58,27,156,126.408937452931,-0.428058856978236
1.58,27,159,100.389327047056,-0.512343232088669
1.58,27,162,74.2416407648008,-0.63143872936382
1.58,27,165,48.9213433560589,-0.837154153752842
1.58,27,168,27.5651325012703,-1.33418624752178
1.58,27,171,24.0041248870499,-2.4508877790653
1.58,27,174,41.7511864777288,-3.09517015676259
1.58,27,177,64.1222586694104,-3.34769781242979
1.58,27,180,86.6090126008816,-3.49178695632256
1.58,30,-180,86.6090126008817,2.84375822841685
1.58,30,-177,108.01091642785,2.73797082417237
1.58,30,-174,128.186209073233,2.64976629060631
1.58,30,-171,147.040511942076,2.57021683286272
1.58,30,-168,164.595223977422,2.49543921312556
1.58,30,-165,180.936805481864,2.42376616898595
1.58,30,-162,196.188399073207,2.35460587777282
1.58,30,-159,210.495068995461,2.28788428504257
1.58,30,-156,224.020180907705,2.22374190719162
1.58,30,-153,236.948339484815,2.1623785317208
1.58,30,-150,249.487683656869,2.10399949004016
1.58,30,-147,261.864738780635,2.04882559931638
1.58,30,-144,274.308988889157,1.9971262674665
1.58,30,-141,287.030001281922,1.94923897976806
1.58,30,-138,300.19443649899,1.90555308937793
1.58,30,-135,313.911340184645,1.86645714562504
1.58,30,-132,328.231219057142,1.83226750575224
1.58,30,-129,343.159025445158,1.80316345734821
1.58,30,-126,358.675973758573,1.77914896705607
1.58,30,-123,374.762447582082,1.7600488510429
1.58,30,-120,391.414957093543,1.74553512886022
1.58,30,-117,408.653282714962,1.73517220034874
1.58,30,-114,426.517786169122,1.7284678097329
1.58,30,-111,445.059748966387,1.72491881805179
1.58,30,-108,464.328732990607,1.72404469222888
1.58,30,-105,484.360494163176,1.72540600505769
1.58,30,-102,505.167618651015,1.72860919666609
1.58,30,-99,526.733572224021,1.73330163649315
1.58,30,-96,549.009788184318,1.73916218633358
1.58,30,-93,571.914948549012,1.74589200586621
1.58,30,-90,595.335642047325,1.75320873875126
1.58,30,-87,619.127886707646,1.76084519313407
1.58,30,-84,643.119362639049,1.76855185740114
1.58,30,-81,667.112468244156,1.77610148662208
1.58,30,-78,690.888438078597,1.78329366926762
1.58,30,-75,714.212752110681,1.78995761553992
1.58,30,-72,736.841952238092,1.79595215616784
1.58,30,-69,758.531781367964,1.80116284022909
1.58,30,-66,779.046284029683,1.80549684454228
1.58,30,-63,798.167183813664,1.80887698536344
1.58,30,-60,815.702555885606,1.81123634933654
1.58,30,-57,831.493665270751,1.81251489889168
1.58,30,-54,845.41897721956,1.81265890278015
1.58,30,-51,857.394836129298,1.81162332869008
1.58,30,-48,867.373087674655,1.80937662038036
1.58,30,-45,875.336750074493,1.80590680147712
1.58,30,-42,881.295375000907,1.80122777913718
1.58,30,-39,885.281653066337,1.79538508738185
1.58,30,-36,887.349997657437,1.78846092803584
1.58,30,-33,887.576508890168,1.78057888257668
1.58,30,-30,886.058429744525,1.77190870276849
1.58,30,-27,882.910642685663,1.7626709445346
1.58,30,-24,878.257404720391,1.75314003168457
1.58,30,-21,872.219367683055,1.74364312173241
1.58,30,-18,864.898354357396,1.73455157190584
1.58,30,-15,856.36431449306,1.7262624104521
1.58,30,-12,846.649342486916,1.71916909918579
1.58,30,-9,835.752099911278,1.71362354965881
1.58,30,-6,823.652793361842,1.70989396491341
1.58,30,-3,810.335140439385,1.70812479520078
1.58,30,0,795.808990261308,1.7083055087794
1.58,30,3,780.12663840698,1.71025406007795
1.58,30,6,763.387756858193,1.71361917916705
1.58,30,9,745.73160571519,1.71790310448719
1.58,30,12,727.31939987267,1.72250319023829
1.58,30,15,708.312780914296,1.72676715003075
1.58,30,18,688.855188600034,1.73005326441154
1.58,30,21,669.061371387969,1.73178488873165
1.58,30,24,649.017098707498,1.73148919010871
1.58,30,27,628.787632968569,1.72881350124263
1.58,30,30,608.430909173709,1.72351803120441
1.58,30,33,588.01038496623,1.71544907785819
1.58,30,36,567.603281925829,1.70450058372132
1.58,30,39,547.302032209726,1.69057302814035
1.58,30,42,527.209401515234,1.67353753573307
1.58,30,45,507.430055265573,1.65321067669618
1.58,30,48,488.062476840333,1.62934276962092
1.58,30,51,469.194768990273,1.60162025243573
1.58,30,54,450.90618979089,1.56968113295627
1.58,30,57,433.273995299026,1.53314166546058
1.58,30,60,416.383154533857,1.491632073265
1.58,30,63,400.33544260462,1.44483908285755
1.58,30,66,385.254545292843,1.39255287702929
1.58,30,69,371.284916805368,1.33471541004425
1.58,30,72,358.583741212931,1.27146561977316
1.58,30,75,347.306941872514,1.20317509723934
1.58,30,78,337.591392742135,1.1304660111709
1.58,30,81,329.536145485828,1.0542028499219
1.58,30,84,323.185585415073,0.975452186813547
1.58,30,87,318.517029348257,0.895410657189886
1.58,30,90,315.434475967348,0.815309366182903
1.58,30,93,313.769164522532,0.736310053780243
1.58,30,96,313.286512037947,0.659411308131824
1.58,30,99,313.698124975667,0.585380481299623
1.58,30,102,314.677078371313,0.514720003330816
1.58,30,105,315.874531744023,0.447668605487491
1.58,30,108,316.935896101406,0.384231480315392
1.58,30,111,317.51505700958,0.324229960640403
1.58,30,114,317.285545972281,0.267360567055965
1.58,30,117,315.948065024898,0.213254131438951
1.58,30,120,313.234442127482,0.161527148367154
1.58,30,123,308.908876153214,0.111819097048123
1.58,30,126,302.768032842088,0.063811277048673
1.58,30,129,294.641890216276,0.0172249220059824
1.58,30,132,284.396945925819,-0.0282010498322497
1.58,30,135,271.9424359665,-0.072749866760867
1.58,30,138,257.238843907162,-0.116780312778102
1.58,30,141,240.306751288695,-0.160791030261461
1.58,30,144,221.233586411755,-0.205498588108277
1.58,30,147,200.176399117104,-0.251944943665192
1.58,30,150,177.360329742921,-0.301677298757988
1.58,30,153,153.074637836795,-0.357107245882219
1.58,30,156,127.671239578473,-0.422328313996961
1.58,30,159,101.577667162769,-0.505219853460557
1.58,30,162,75.3629485413272,-0.623789509496299
1.58,30,165,50.0375187835792,-0.830071181455211
1.58,30,168,28.8249325582308,-1.32029969806831
1.58,30,171,24.9877336150408,-2.38878144960204
1.58,30,174,42.1808953928096,-3.03480002192445
1.58,30,177,64.3133473757654,-3.29329090492373
1.58,30,180,86.6090126008817,-3.43942707876273
1.58,33,-180,86.6090126008817,2.89611810597668
1.58,33,-177,107.707137590054,2.79023031447132
1.58,33,-174,127.487128098406,2.70247317380014
1.58,33,-171,145.835979939984,2.62343543548322
1.58,33,-168,162.771572843059,2.54894261970147
1.58,33,-165,178.38991553003,2.47713529919475
1.58,33,-162,192.835547203523,2.40729176220166
1.58,33,-159,206.28508469433,2.33925569533428
1.58,33,-156,218.941216370847,2.27312755067754
1.58,33,-153,231.032611511499,2.20910853196192
1.58,33,-150,242.812564149843,2.14744855474316
1.58,33,-147,254.549581652508,2.08845702768915
1.58,33,-144,266.507324674802,2.03253149215748
1.58,33,-141,278.917422758913,1.98016391935345
1.58,33,-138,291.953562596887,1.93190319853033
1.58,33,-135,305.716233359882,1.88827866288959
1.58,33,-132,320.233970914682,1.84971042436317
1.58,33,-129,335.480647818468,1.8164375854853
1.58,33,-126,351.402497860774,1.7884850072787
1.58,33,-123,367.945833727357,1.76567220895781
1.58,33,-120,385.077557544847,1.747654179841
1.58,33,-117,402.794340571753,1.73397799120336
1.58,33,-114,421.120648560859,1.72414001420852
1.58,33,-111,440.09886852548,1.71763297672958
1.58,33,-108,459.775923239474,1.71397735680312
1.58,33,-105,480.19018974846,1.71273634222756
1.58,33,-102,501.361049470779,1.71351717662309
1.58,33,-99,523.281815158798,1.7159638266695
1.58,33,-96,545.915653769724,1.71974641744011
1.58,33,-93,569.193638759997,1.7245519922146
1.58,33,-90,593.014118630227,1.73007937955721
1.58,33,-87,617.242940510121,1.73603895215217
1.58,33,-84,641.714475891438,1.74215640473452
1.58,33,-81,666.233697248728,1.74817868811607
1.58,33,-78,690.579684018058,1.75387997696316
1.58,33,-75,714.51089966796,1.7590658920174
1.58,33,-72,737.772411111587,1.76357491888083
1.58,33,-69,760.104946647568,1.76727682639881
1.58,33,-66,781.255332303795,1.77006868054398
1.58,33,-63,800.987449465585,1.77186961675354
1.58,33,-60,819.092504842202,1.77261577358785
1.58,33,-57,835.397233251053,1.77225666704994
1.58,33,-54,849.768812501223,1.77075383946985
1.58,33,-51,862.11583956452,1.76808197663267
1.58,33,-48,872.385627687044,1.76423205070818
1.58,33,-45,880.559072476206,1.75921563583554
1.58,33,-42,886.645001119927,1.75306951761953
1.58,33,-39,890.675883748459,1.74586008360109
1.58,33,-36,892.705902777805,1.73768754374318
1.58,33,-33,892.810887677485,1.72869043802032
1.58,33,-30,891.088151004166,1.71905078879956
1.58,33,-27,887.653580129234,1.70899949187252
1.58,33,-24,882.633996306903,1.69882029575223
1.58,33,-21,876.154766059786,1.68884951268615
1.58,33,-18,868.32523300839,1.67946810059036
1.58,33,-15,859.226570179819,1.67108344931785
1.58,33,-12,848.907024338267,1.66410013565737
1.58,33,-9,837.387737084294,1.65888157085694
1.58,33,-6,824.678824448559,1.65570701331975
1.58,33,-3,810.801463427135,1.65473010882858
1.58,33,0,795.808990261308,1.65594563121957
1.58,33,3,779.799714481523,1.65917053437207
1.58,33,6,762.916609430278,1.66404400627613
1.58,33,9,745.333442081651,1.67004894753186
1.58,33,12,727.231599891571,1.67655402643985
1.58,33,15,708.775033118907,1.68287131468407
1.58,33,18,690.091141323813,1.6883203518476
1.58,33,21,671.263027149293,1.69228689741922
1.58,33,24,652.334399838283,1.69426510851005
1.58,33,27,633.324204516452,1.69387580461653
1.58,33,30,614.245269162645,1.69085960717439
1.58,33,33,595.120665919253,1.68504979062518
1.58,33,36,575.993007287227,1.67633357690315
1.58,33,39,556.924825805407,1.66461147347311
1.58,33,42,537.991451478813,1.64976256952712
1.58,33,45,519.27030246442,1.63162069871987
1.58,33,48,500.831438223583,1.60996329575299
1.58,33,51,482.733367499628,1.58451242875121
1.58,33,54,465.025896427457,1.55494618690237
1.58,33,57,447.759150851155,1.52091828085792
1.58,33,60,430.99578515406,1.48208408859768
1.58,33,63,414.822443459695,1.43813204671513
1.58,33,66,399.356883950772,1.3888197924737
1.58,33,69,384.748457715344,1.33401437770822
1.58,33,72,371.171268155298,1.27373488437605
1.58,33,75,358.810801356356,1.20819377811295
1.58,33,78,347.845831733005,1.13783063739014
1.58,33,81,338.427958837687,1.06332937910384
1.58,33,84,330.661358816449,0.985609278271845
1.58,33,87,324.585352649564,0.905782626506682
1.58,33,90,320.162182059111,0.825078536659259
1.58,33,93,317.271818994882,0.744741790601636
1.58,33,96,315.714649880484,0.665924105987813
1.58,33,99,315.221612235853,0.589588646397892
1.58,33,102,315.470152324818,0.516445124917221
1.58,33,105,316.103560436189,0.446924158551461
1.58,33,108,316.750987078966,0.381189657695194
1.58,33,111,317.0456949162,0.319180646600272
1.58,33,114,316.639701716212,0.260670468772757
1.58,33,117,315.213786808454,0.205331186051185
1.58,33,120,312.482787823585,0.152792639205332
1.58,33,123,308.197113650372,0.102687930618197
1.58,33,126,302.142261982997,0.0546795786306389
1.58,33,129,294.138580744091,0.00846331770858829
1.58,33,132,284.043288557325,-0.0362505275234994
1.58,33,135,271.75579425879,-0.0797754422179298
1.58,33,138,257.225882154508,-0.122502753764649
1.58,33,141,240.462922006576,-0.16496830648267
1.58,33,144,221.543568447803,-0.207934392613779
1.58,33,147,200.615838630965,-0.252502713511271
1.58,33,150,177.898969056834,-0.300302491559095
1.58,33,153,153.680770277934,-0.353863802338215
1.58,33,156,128.317581405506,-0.417462811550473
1.58,33,159,102.249548036312,-0.499283343969856
1.58,33,162,76.0723971807493,-0.617865785623324
1.58,33,165,50.8555356319343,-0.825868598623772
1.58,33,168,29.9346959840911,-1.31286693296821
1.58,33,171,26.0629293257318,-2.33603563181391
1.58,33,174,42.7337454921592,-2.97666647381538
1.58,33,177,64.5670437657838,-3.239390417835
1.58,33,180,86.6090126008817,-3.3870672012029
1.58,36,-180,86.6090126008817,2.94847798353651
1.58,36,-177,107.346917391568,2.84275346283925
1.58,36,-174,126.680022492672,2.75565787688943
1.58,36,-171,144.473949483013,2.67734531356995
1.58,36,-168,160.739477876019,2.60335411049269
1.58,36,-165,175.578448930843,2.53161902651259
1.58,36,-162,189.153607098307,2.46126691968275
1.58,36,-159,201.671014156938,2.39203593486244
1.58,36,-156,213.372001669685,2.32396657977842
1.58,36,-153,224.530141306953,2.25724927759556
1.58,36,-150,235.446097952978,2.19217704410678
1.58,36,-147,246.433630113022,2.1291583410876
1.58,36,-144,257.794431499716,2.06874003809235
1.58,36,-141,269.786107688579,2.0115965520891
1.58,36,-138,282.592876977553,1.95846507113681
1.58,36,-135,296.309487116087,1.91003932171156
1.58,36,-132,310.944549340797,1.8668579194081
1.58,36,-129,326.442165230725,1.82922524610921
1.58,36,-126,342.714181872261,1.79718538641623
1.58,36,-123,359.672689278744,1.77054681408029
1.58,36,-120,377.254045336788,1.74894020698863
1.58,36,-117,395.430120617609,1.73188796857885
1.58,36,-114,414.207176603142,1.71886828163002
1.58,36,-111,433.616014630031,1.7093636062832
1.58,36,-108,453.698120997479,1.70289010161482
1.58,36,-105,474.491849805484,1.6990093031601
1.58,36,-102,496.021086704534,1.69732641012532
1.58,36,-99,518.287180334979,1.69748087028505
1.58,36,-96,541.263769014485,1.6991348094754
1.58,36,-93,564.893646349329,1.70196359370524
1.58,36,-90,589.086886820923,1.70565095346684
1.58,36,-87,613.719836233002,1.70988920033952
1.58,36,-84,638.635006474393,1.71438356690772
1.58,36,-81,663.642226977748,1.71885883425076
1.58,36,-78,688.521527316528,1.72306619913926
1.58,36,-75,713.028162987534,1.72678865008357
1.58,36,-72,736.899986854863,1.72984377166416
1.58,36,-69,759.867047315115,1.73208367502416
1.58,36,-66,781.66289009296,1.73339247890747
1.58,36,-63,802.03659889208,1.73368229907253
1.58,36,-60,820.764221536121,1.73288894970907
1.58,36,-57,837.65803640298,1.73096848193723
1.58,36,-54,852.572278436393,1.72789531812714
1.58,36,-51,865.404557933079,1.7236622047974
1.58,36,-48,876.093200245426,1.71828168571346
1.58,36,-45,884.611831202313,1.71178848999313
1.58,36,-42,890.963294642764,1.70424226894012
1.58,36,-39,895.174992814535,1.69573047872506
1.58,36,-36,897.296815524989,1.68637168520444
1.58,36,-33,897.401226572883,1.67631982585015
1.58,36,-30,895.583482268319,1.66576969282787
1.58,36,-27,891.959208633457,1.65496300486228
1.58,36,-24,886.657251261449,1.64419314793658
1.58,36,-21,879.80779531337,1.63380551621297
1.58,36,-18,871.528451383141,1.62419000007863
1.58,36,-15,861.913059568037,1.61576297015536
1.58,36,-12,851.028210930714,1.60893806100607
1.58,36,-9,838.920444610492,1.60408763492768
1.58,36,-6,825.633292782077,1.60149922013342
1.58,36,-3,811.229241150976,1.60133283745163
1.58,36,0,795.808990261308,1.60358575365975
1.58,36,3,779.52044432474,1.60807097055951
1.58,36,6,762.552880899816,1.6144147869935
1.58,36,9,745.116795017248,1.62207682974567
1.58,36,12,727.415076000527,1.63039261934529
1.58,36,15,709.614400963695,1.63863402324674
1.58,36,18,691.825683015495,1.6460779034055
1.58,36,21,674.099133925316,1.6520699180858
1.58,36,24,656.434392143448,1.65607075407773
1.58,36,27,638.801288826277,1.65767654334927
1.58,36,30,621.163924438216,1.65661228751515
1.58,36,33,603.500576616672,1.65270394827382
1.58,36,36,585.814260941982,1.64583899918644
1.58,36,39,568.132481816347,1.63592576869903
1.58,36,42,550.498496778266,1.62285955683172
1.58,36,45,532.959034296764,1.6064998415291
1.58,36,48,515.554078769953,1.58665941205433
1.58,36,51,498.313007120678,1.56310391272007
1.58,36,54,481.25868619192,1.53555933417573
1.58,36,57,464.418202132427,1.50372523731645
1.58,36,60,447.836736607851,1.46729244726833
1.58,36,63,431.590329015614,1.42596505545615
1.58,36,66,415.79386153727,1.37948734468156
1.58,36,69,400.602084679724,1.32767637834312
1.58,36,72,386.203193097922,1.27046026210663
1.58,36,75,372.805821822002,1.20792036743127
1.58,36,78,360.621131854813,1.1403331198968
1.58,36,81,349.841981746192,1.06820369784359
1.58,36,84,340.62130385129,0.992281238335297
1.58,36,87,333.051946167327,0.913544714188927
1.58,36,90,327.150411487027,0.833152392817487
1.58,36,93,322.846888103639,0.752356191112425
1.58,36,96,319.983407070425,0.672393047289355
1.58,36,99,318.32076712067,0.59437398628072
1.58,36,102,317.553294844146,0.519193408030875
1.58,36,105,317.32906969946,0.447475160206689
1.58,36,108,317.272408693913,0.379561209384869
1.58,36,111,317.005351544984,0.315538113135452
1.58,36,114,316.16549880545,0.255289611092436
1.58,36,117,314.41859221169,0.198561293051905
1.58,36,120,311.465465571259,0.1450242265521
1.58,36,123,307.044247676143,0.0943269654560035
1.58,36,126,300.929750219523,0.0461284647354056
1.58,36,129,292.932549572322,0.000107755259567966
1.58,36,132,282.900113604217,-0.0440503401142367
1.58,36,135,270.721354238196,-0.0866910872133127
1.58,36,138,256.334450196233,-0.128243207807024
1.58,36,141,239.736253504845,-0.169286647909963
1.58,36,144,220.990747150158,-0.210637362534567
1.58,36,147,200.234315406332,-0.253465356554513
1.58,36,150,177.677045611874,-0.299491679061116
1.58,36,153,153.601664769155,-0.351378474269198
1.58,36,156,128.365358193034,-0.413608472790516
1.58,36,159,102.418045282256,-0.494721179432415
1.58,36,162,76.3813353372413,-0.61391730733844
1.58,36,165,51.3885092162714,-0.824846969759361
1.58,36,168,30.9105728429904,-1.31159480172572
1.58,36,171,27.2207381723578,-2.29171726206428
1.58,36,174,43.4060861038552,-2.92081786503502
1.58,36,177,64.8826251046783,-3.1860101879852
1.58,36,180,86.6090126008817,-3.33470732364307
1.58,39,-180,86.6090126008817,3.00083786109634
1.58,39,-177,106.931594103941,2.89553704457333
1.58,39,-174,125.768944333409,2.80931286326041
1.58,39,-171,142.962989516784,2.73194007500804
1.58,39,-168,158.513894278798,2.65867743874221
1.58,39,-165,172.525329257812,2.58724170899314
1.58,39,-162,185.174438869149,2.51658600167939
1.58,39,-159,196.693767322246,2.44631643173501
1.58,39,-156,207.361649717656,2.37638829265745
1.58,39,-153,217.496487676217,2.30696235209864
1.58,39,-150,227.447812119576,2.23836674172805
1.58,39,-147,237.57746522138,2.1711148057907
1.58,39,-144,248.228908638031,2.10592248676336
1.58,39,-141,259.689805018289,2.04367663717211
1.58,39,-138,272.158815455708,1.98533607273084
1.58,39,-135,285.728371218794,1.93178792377036
1.58,39,-132,300.390014319408,1.88370873364397
1.58,39,-129,316.060394555864,1.84147679684783
1.58,39,-126,332.618751904239,1.80515544316306
1.58,39,-123,349.944090248178,1.77453703779525
1.58,39,-120,367.942561520037,1.74922087692567
1.58,39,-117,386.560659222648,1.72869749132308
1.58,39,-114,405.784932611326,1.71242033056517
1.58,39,-111,425.632248250763,1.6998558969231
1.58,39,-108,446.135636016918,1.69051121333791
1.58,39,-105,467.329951512285,1.68394227764647
1.58,39,-102,489.239890081996,1.67974942273529
1.58,39,-99,511.871173325289,1.67756595851318
1.58,39,-96,535.20454731703,1.67704565951074
1.58,39,-93,559.191749006865,1.6778530637447
1.58,39,-90,583.752687037957,1.67965864825474
1.58,39,-87,608.773480663877,1.68213918268381
1.58,39,-84,634.105443855349,1.6849822438749
1.58,39,-81,659.565417143927,1.68789313991669
1.58,39,-78,684.937969408934,1.6906023246932
1.58,39,-75,709.979924156445,1.69287166430902
1.58,39,-72,734.427448090762,1.69449847964023
1.58,39,-69,758.005608263068,1.69531696601461
1.58,39,-66,780.439884264626,1.69519723173092
1.58,39,-63,801.468656374759,1.694042680143
1.58,39,-60,820.855270132628,1.6917867001324
1.58,39,-57,838.398052175155,1.68838959229336
1.58,39,-54,853.936793326301,1.68383637638691
1.58,39,-51,867.354830522662,1.67813570892558
1.58,39,-48,878.576888773522,1.6713197552753
1.58,39,-45,887.564001263292,1.66344467924833
1.58,39,-42,894.30764885709,1.65459152853647
1.58,39,-39,898.825296873681,1.64486764993222
1.58,39,-36,901.158566999659,1.63440914129831
1.58,39,-33,901.373632327228,1.62338492500322
1.58,39,-30,899.561776825985,1.61200256265361
1.58,39,-27,895.837301969936,1.60051490493913
1.58,39,-24,890.330701467648,1.58922537277297
1.58,39,-21,883.177194821208,1.57848862676502
1.58,39,-18,874.503466562872,1.56870316326113
1.58,39,-15,864.4174760436,1.56029329829144
1.58,39,-12,853.006286037244,1.55367994746499
1.58,39,-9,840.344567343085,1.54924203605492
1.58,39,-6,826.512410422952,1.5472725798182
1.58,39,-3,811.61685746314,1.54793498596376
1.58,39,0,795.808990261308,1.55122587609992
1.58,39,3,779.288802399078,1.55695090910643
1.58,39,6,762.293658125044,1.5647196624394
1.58,39,9,745.071781846866,1.57396410526664
1.58,39,12,727.847823555789,1.58398182403279
1.58,39,15,710.790813997939,1.59399979235511
1.58,39,18,693.994306617138,1.60324837326308
1.58,39,21,677.474346037151,1.61103098416814
1.58,39,24,661.184839163266,1.61677497262074
1.58,39,27,645.044397603995,1.62005438808157
1.58,39,30,628.965764110627,1.62058351366254
1.58,39,33,612.879270090299,1.61818776052152
1.58,39,36,596.744841643839,1.61276292231122
1.58,39,39,580.551511215248,1.60423392770158
1.58,39,42,564.307607532138,1.59252115436304
1.58,39,45,548.02745428713,1.5775180323802
1.58,39,48,531.720798183454,1.55907985432175
1.58,39,51,515.389420036909,1.5370214510734
1.58,39,54,499.032312051541,1.51112087644591
1.58,39,57,482.657655442711,1.48112703676228
1.58,39,60,466.297691347803,1.44677058323026
1.58,39,63,450.02198764772,1.40777867216827
1.58,39,66,433.945447222603,1.36389495379121
1.58,39,69,418.229079144581,1.31490620486854
1.58,39,72,403.073321563391,1.26067634585807
1.58,39,75,388.705003145629,1.20118714232075
1.58,39,78,375.359655814803,1.13658260929536
1.58,39,81,363.260991398726,1.06721108311965
1.58,39,84,352.599271644615,0.993655662502014
1.58,39,87,343.510354773168,0.916741619116618
1.58,39,90,336.057489407023,0.837510436366422
1.58,39,93,330.218236824611,0.757155933876275
1.58,39,96,325.878819303961,0.676927992743211
1.58,39,99,322.837377170376,0.59802024827296
1.58,39,102,320.816099775285,0.521464618162626
1.58,39,105,319.480435143141,0.448054119241399
1.58,39,108,318.462215563925,0.378306722815308
1.58,39,111,317.383008618331,0.312471318958412
1.58,39,114,315.874385373682,0.250567085264594
1.58,39,117,313.592866519159,0.192442315252642
1.58,39,120,310.228739606467,0.137837925389434
1.58,39,123,305.509428619825,0.0864428673107378
1.58,39,126,299.199348891214,0.0379320260112533
1.58,39,129,291.098896422465,-0.00801894882169923
1.58,39,132,281.045146006206,-0.0517434810343428
1.58,39,135,268.915896491106,-0.0936167038631832
1.58,39,138,254.637155149991,-0.134107030345914
1.58,39,141,238.192569263054,-0.173843746218704
1.58,39,144,219.63237949509,-0.213703571108368
1.58,39,147,199.079664262649,-0.254933291017006
1.58,39,150,176.733028519498,-0.299356277540356
1.58,39,153,152.867288595166,-0.349781996099253
1.58,39,156,127.837565399633,-0.410926858978542
1.58,39,159,102.101283021272,-0.49174289587583
1.58,39,162,76.3057789388853,-0.61222571077438
1.58,39,165,51.6542123727321,-0.827353114432093
1.58,39,168,31.7735809388039,-1.31630162614532
1.58,39,171,28.4570472422414,-2.25485571398166
1.58,39,174,44.1942292490427,-2.86725598748012
1.58,39,177,65.2591813034515,-3.13315986481289
1.58,39,180,86.6090126008817,-3.28234744608324
1.58,42,-180,86.6090126008816,3.05319773865617
1.58,42,-177,106.462632953826,2.94857743302849
1.58,42,-174,124.758163783813,2.86342970232762
1.58,42,-171,141.312012436378,2.7872118454285
1.58,42,-168,156.110356221658,2.71491496173447
1.58,42,-165,169.254453169577,2.64402809304683
1.58,42,-162,180.931413310859,2.57330845674447
1.58,42,-159,191.396344599133,2.50220081053493
1.58,42,-156,200.961805933818,2.43054392234421
1.58,42,-153,209.989830682074,2.35844147381031
1.58,42,-150,218.87940700917,2.2862393915766
1.58,42,-147,228.042772237502,2.21455409750806
1.58,42,-144,237.868818411354,2.14428679798855
1.58,42,-141,248.679678221552,2.07656840932507
1.58,42,-138,260.692990340675,2.01261868845663
1.58,42,-135,274.003103559938,1.95355517504023
1.58,42,-132,288.588290335814,1.90021929220143
1.58,42,-129,304.341141928934,1.85307747457169
1.58,42,-126,321.111266095554,1.81221574989905
1.58,42,-123,338.746982715917,1.77740710300759
1.58,42,-120,357.125808718538,1.74821322059817
1.58,42,-117,376.169342278044,1.72408597181802
1.58,42,-114,395.843641869047,1.7044477792446
1.58,42,-111,416.149555078201,1.68874362023297
1.58,42,-108,437.108349494018,1.6764664507162
1.58,42,-105,458.747058195571,1.66716232933758
1.58,42,-102,481.086155206938,1.66042284438725
1.58,42,-99,504.130401800941,1.65587190731147
1.58,42,-96,527.862491970859,1.65315244363214
1.58,42,-93,552.238629702854,1.6519165658279
1.58,42,-90,577.185257552144,1.6518208805606
1.58,42,-87,602.596556311546,1.6525269704666
1.58,42,-84,628.332786605704,1.65370597157355
1.58,42,-81,654.219872312321,1.65504558428332
1.58,42,-78,680.050766129368,1.65625775123094
1.58,42,-75,705.589096650896,1.65708549290441
1.58,42,-72,730.575407390943,1.65730787432002
1.58,42,-69,754.735987683105,1.65674264922847
1.58,42,-66,777.793880873229,1.65524667277476
1.58,42,-63,799.481172844987,1.65271458954054
1.58,42,-60,819.551204098804,1.64907651993086
1.58,42,-57,837.789068802498,1.64429545645884
1.58,42,-54,854.01885137256,1.63836487721948
1.58,42,-51,868.106629972654,1.63130678906358
1.58,42,-48,879.95929758761,1.62317017513824
1.58,42,-45,889.520427071346,1.61402977625369
1.58,42,-42,896.765261870406,1.60398533085528
1.58,42,-39,901.696978138393,1.59316173708435
1.58,42,-36,904.34543706943,1.58171084763631
1.58,42,-33,904.768002081406,1.5698154850957
1.58,42,-30,903.050366195765,1.55769560075547
1.58,42,-27,899.304620896896,1.54561536273229
1.58,42,-24,893.662601717379,1.5338886932336
1.58,42,-21,886.264768773211,1.52287989598842
1.58,42,-18,877.247628401323,1.51299599902127
1.58,42,-15,866.734614705348,1.50466848552367
1.58,42,-12,854.835236059959,1.49832398647886
1.58,42,-9,841.654767269598,1.49434571896046
1.58,42,-6,827.312560424145,1.49302938782071
1.58,42,-3,811.962786336911,1.49453863265022
1.58,42,0,795.808990261308,1.49886599854008
1.58,42,3,779.10459104921,1.50580605471645
1.58,42,6,762.135534859846,1.5149475088953
1.58,42,9,745.187501122774,1.52569013137938
1.58,42,12,728.506049200063,1.537288894648
1.58,42,15,712.261378943188,1.54892161886381
1.58,42,18,696.52838400052,1.55976909180804
1.58,42,21,681.2876514518,1.5690913319657
1.58,42,24,666.446076133798,1.57628357304536
1.58,42,27,651.869678002303,1.58090146386177
1.58,42,30,637.418259403012,1.58265442200254
1.58,42,33,622.972388349677,1.58137481159218
1.58,42,36,608.447004536268,1.57697525861017
1.58,42,39,593.79102894059,1.56940610545069
1.58,42,42,578.976912150432,1.55862116887631
1.58,42,45,563.986699834796,1.54455498795831
1.58,42,48,548.801306664115,1.52711068252886
1.58,42,51,533.397546931653,1.50615545515716
1.58,42,54,517.754087914527,1.48152069791875
1.58,42,57,501.864198529864,1.45300493004402
1.58,42,60,485.751063528812,1.42037945874313
1.58,42,63,469.481009454173,1.38339795750295
1.58,42,66,453.17103582102,1.3418117257852
1.58,42,69,436.988882272956,1.29539222710161
1.58,42,72,421.145700903663,1.24396174861712
1.58,42,75,405.882672443913,1.18743177043059
1.58,42,78,391.453417760194,1.12584681585414
1.58,42,81,378.103983572626,1.0594290879747
1.58,42,84,366.051898556029,0.988616274257537
1.58,42,87,355.465673102055,0.914082353510123
1.58,42,90,346.446328485825,0.836730659239732
1.58,42,93,339.012963117601,0.757651647360134
1.58,42,96,333.094606706806,0.678045488326528
1.58,42,99,328.530239734965,0.599119978824807
1.58,42,102,325.077682407313,0.521983108374966
1.58,42,105,322.430345457771,0.447552428014604
1.58,42,108,320.239189229052,0.376498468378166
1.58,42,111,318.136265008443,0.309229211833777
1.58,42,114,315.756211609923,0.245911694726421
1.58,42,117,312.752967993644,0.186519089956862
1.58,42,120,308.810416621809,0.130888470530605
1.58,42,123,303.647298742306,0.078775126729146
1.58,42,126,297.018158332371,0.0298923121273267
1.58,42,129,288.712924738237,-0.0160706033824635
1.58,42,132,278.557769956638,-0.0594542281406022
1.58,42,135,266.419014623025,-0.100658321054009
1.58,42,138,252.210366055742,-0.140190693917703
1.58,42,141,235.902218969341,-0.178733446663291
1.58,42,144,217.530806836946,-0.21723022363735
1.58,42,147,197.205129547865,-0.257012941441142
1.58,42,150,175.110884667544,-0.300018555943426
1.58,42,153,151.512992334306,-0.349221053571057
1.58,42,156,126.762339797807,-0.409601434968549
1.58,42,159,101.322273739542,-0.490587795148736
1.58,42,162,75.8665373648786,-0.613113222311234
1.58,42,165,51.6754570827818,-0.833782133820839
1.58,42,168,32.5495248001906,-1.32685284004121
1.58,42,171,29.7717424146067,-2.22448748326558
1.58,42,174,45.0945344705284,-2.81594009161134
1.58,42,177,65.6956222975065,-3.08084480193654
1.58,42,180,86.6090126008816,-3.22998756852341
1.58,45,-180,86.6090126008818,3.105557616216
1.58,45,-177,105.941616708232,3.00187061714184
1.58,45,-174,123.652126843238,2.91799901778487
1.58,45,-171,139.530169285086,2.84315096193589
1.58,45,-168,153.54478642645,2.77206688566867
1.58,45,-165,165.79041211676,2.70200202931261
1.58,45,-162,176.459073841334,2.63149691087774
1.58,45,-159,185.823495735992,2.55980350358523
1.58,45,-156,194.226375350232,2.48660630925539
1.58,45,-153,202.070836614495,2.41191391300098
1.58,45,-150,209.804826719997,2.33605977508069
1.58,45,-147,217.892712686131,2.25974968288812
1.58,45,-144,226.772541779911,2.18407939195728
1.58,45,-141,236.805965701036,2.1104562164051
1.58,45,-138,248.235126312156,2.04040811387664
1.58,45,-135,261.161626211239,1.97533205299538
1.58,45,-132,275.555332070225,1.91627338539246
1.58,45,-129,291.289161440869,1.86381037075252
1.58,45,-126,308.187003503512,1.81806122714943
1.58,45,-123,326.06978629855,1.77877945927102
1.58,45,-120,344.788762578119,1.74548417449663
1.58,45,-117,364.241748375936,1.71758191341662
1.58,45,-114,384.37390796792,1.69445720232261
1.58,45,-111,405.168036491673,1.67552681611254
1.58,45,-108,426.630034114042,1.66026308566732
1.58,45,-105,448.774166230866,1.64819557940497
1.58,45,-102,471.610791078108,1.63890064063819
1.58,45,-99,495.137386123477,1.63198656492943
1.58,45,-96,519.33244328551,1.62707985690328
1.58,45,-93,544.151277070289,1.62381567521081
1.58,45,-90,569.522862577996,1.62183360908669
1.58,45,-87,595.347223627342,1.62077848953748
1.58,45,-84,621.49336350778,1.62030504961164
1.58,45,-81,647.798099063203,1.62008485212355
1.58,45,-78,674.066352846675,1.61981389511181
1.58,45,-75,700.073477761985,1.61921956679641
1.58,45,-72,725.570056185416,1.61806603923491
1.58,45,-69,750.289344615747,1.61615766180651
1.58,45,-66,773.957131892026,1.61334035352808
1.58,45,-63,796.303274355369,1.60950132253839
1.58,45,-60,817.073657906892,1.60456760959008
1.58,45,-57,836.040983215342,1.59850394623334
1.58,45,-54,853.012779978631,1.59131027852095
1.58,45,-51,867.83557065374,1.58301913040534
1.58,45,-48,880.395085036434,1.57369289220053
1.58,45,-45,890.613588421285,1.56342121253908
1.58,45,-42,898.446248121628,1.55231894278632
1.58,45,-39,903.878549954554,1.54052539139179
1.58,45,-36,906.925888489903,1.52820575072246
1.58,45,-33,907.634870795705,1.51555522667893
1.58,45,-30,906.08432659614,1.5028055471384
1.58,45,-27,902.383396089661,1.49023230926644
1.58,45,-24,896.664942887673,1.47816043877055
1.58,45,-21,889.074774823315,1.46696436149284
1.58,45,-18,879.75982494638,1.45705970017428
1.58,45,-15,868.860188035248,1.44888447290689
1.58,45,-12,856.509573203854,1.44286958339759
1.58,45,-9,842.84600692746,1.43940032873302
1.58,45,-6,828.030304219824,1.43877226031096
1.58,45,-3,812.265598890285,1.44114593112307
1.58,45,0,795.808990261308,1.44650612098026
1.58,45,3,778.967453012588,1.45463229892428
1.58,45,6,762.074691593318,1.46508801817202
1.58,45,9,745.452278276403,1.47723644786036
1.58,45,12,729.36473187093,1.49028579361134
1.58,45,15,713.981462973637,1.50336140649786
1.58,45,18,699.35703992767,1.51559270328609
1.58,45,21,685.435365537497,1.52619658659329
1.58,45,24,672.075503648427,1.53453878274276
1.58,45,27,659.090314462173,1.54016133954115
1.58,45,30,646.286171438333,1.54277537004404
1.58,45,33,633.493409799063,1.54222790444286
1.58,45,36,620.581656057254,1.53845657202218
1.58,45,39,607.459821743879,1.53144502163267
1.58,45,42,594.06534778764,1.52118738230122
1.58,45,45,580.349876648104,1.50766449262243
1.58,45,48,566.268395805641,1.49083036825225
1.58,45,51,551.776458533518,1.47060548426077
1.58,45,54,536.836484697022,1.44687377720501
1.58,45,57,521.430765309401,1.41948190575447
1.58,45,60,505.576737919769,1.38824114186217
1.58,45,63,489.339802474813,1.35293349018899
1.58,45,66,472.840137357128,1.31332396424401
1.58,45,69,456.251920195001,1.26918052181049
1.58,45,72,439.795244362905,1.22030227285455
1.58,45,75,423.722279994621,1.16655541584955
1.58,45,78,408.299681317567,1.10791492787925
1.58,45,81,393.789069605167,1.0445082029979
1.58,45,84,380.426999183376,0.976654589621809
1.58,45,87,368.405521236396,0.904892538271141
1.58,45,90,357.854512596224,0.829984894944878
1.58,45,93,348.827290967746,0.752894270803162
1.58,45,96,341.291396803749,0.674725508022491
1.58,45,99,335.126370051655,0.596640559812226
1.58,45,102,330.129596687902,0.519759877398336
1.58,45,105,326.029902778425,0.445069652729635
1.58,45,108,322.506969905581,0.373353152647409
1.58,45,111,319.213435029279,0.305157198871466
1.58,45,114,315.796165698124,0.240794842247995
1.58,45,117,311.913768265037,0.180376435346646
1.58,45,120,307.248671251333,0.123856143268863
1.58,45,123,301.513729354385,0.0710798493665452
1.58,45,126,294.45477103086,0.021822448695928
1.58,45,129,285.851457535449,-0.0241936310748151
1.58,45,132,275.518947711787,-0.0673023651377555
1.58,45,135,263.312115103106,-0.107920221927944
1.58,45,138,249.132704282851,-0.146591880032671
1.58,45,141,232.938388123978,-0.184054104291129
1.58,45,144,214.751826031525,-0.221322708202672
1.58,45,147,194.667956641022,-0.25982297153431
1.58,45,150,172.858976868971,-0.301617560989687
1.58,45,153,149.578745586063,-0.349864429508065
1.58,45,156,125.172529631375,-0.409844484644409
1.58,45,159,100.108808549668,-0.491533078870808
1.58,45,162,75.0894165225229,-0.616951245737282
1.58,45,165,51.4805461270232,-0.844576202374534
1.58,45,168,33.268817978018,-1.34310327690754
1.58,45,171,31.1677999319468,-2.19968024356428
1.58,45,174,46.1034616540569,-2.76679229887745
1.58,45,177,66.1906855662803,-3.02906603912639
1.58,45,180,86.6090126008818,-3.17762769096358
1.58,48,-180,86.6090126008817,-3.12526781340375
1.58,48,-177,105.370236225271,-3.22777308591623
1.58,48,-174,122.455413029154,-3.31017486123363
1.58,48,-171,137.626743190931,-3.38343964111075
1.58,48,-168,150.833300084183,-3.45305486387847
1.58,48,-165,162.158206102369,-3.52200033756278
1.58,48,-162,171.79280134138,-3.59197019067099
1.58,48,-159,180.021424684764,-3.66393751456897
1.58,48,-156,187.211391712102,-3.73841611848689
1.58,48,-153,193.802825627316,-3.81554303205437
1.58,48,-150,200.290853308732,-3.895044819117
1.58,48,-147,207.193086380058,-3.97615786375189
1.58,48,-144,215.000724699985,-4.05759472094118
1.58,48,-141,224.121074817315,-4.13764059353106
1.58,48,-138,234.82783414632,-4.21440154542388
1.58,48,-135,247.236694651835,-4.28613409279536
1.58,48,-132,261.315133322249,-4.35153077387974
1.58,48,-129,276.921502566697,-4.40986259128426
1.58,48,-126,293.85825924009,-4.46096011641017
1.58,48,-123,311.922366291324,-4.50508496893647
1.58,48,-120,330.941160374221,-4.54276469640802
1.58,48,-117,350.78965326307,-4.57464606208961
1.58,48,-114,371.391497110916,-4.60139192999585
1.58,48,-111,392.709150035085,-4.62362384770688
1.58,48,-108,414.729307995217,-4.64190062815803
1.58,48,-105,437.448369864355,-4.65671997804369
1.58,48,-102,460.860650662303,-4.66853155094875
1.58,48,-99,484.950118585151,-4.6777528878644
1.58,48,-96,509.685111455816,-4.68478298837728
1.58,48,-93,535.014925238694,-4.69001101151757
1.58,48,-90,560.867224909885,-4.69381959078029
1.58,48,-87,587.145641650671,-4.69658347699875
1.58,48,-84,613.727431018963,-4.69866483326638
1.58,48,-81,640.461499205256,-4.70040667077915
1.58,48,-78,667.167380329166,-4.70212579075438
1.58,48,-75,693.635853142167,-4.70410630896203
1.58,48,-72,719.631826339582,-4.70659447696835
1.58,48,-69,744.899896202199,-4.70979514659289
1.58,48,-66,769.172584737833,-4.71386990703928
1.58,48,-63,792.180729245046,-4.71893670310936
1.58,48,-60,813.664915112174,-4.72507064541064
1.58,48,-57,833.386404957523,-4.73230574400044
1.58,48,-54,851.13593850833,-4.74063738443246
1.58,48,-51,866.739213474882,-4.75002542851055
1.58,48,-48,880.058777108204,-4.76039776385256
1.58,48,-45,890.993178386331,-4.77165390069629
1.58,48,-42,899.475076265128,-4.78366788171597
1.58,48,-39,905.470102837908,-4.79628951024118
1.58,48,-36,908.977452841148,-4.80934295296555
1.58,48,-33,910.031694080439,-4.82262231252199
1.58,48,-30,908.703884369207,-4.83588478461269
1.58,48,-27,905.099588254584,-4.84884326561903
1.58,48,-24,899.352331946553,-4.86116133511115
1.58,48,-21,891.61323578768,-4.87245396650277
1.58,48,-18,882.040085405221,-4.88229686719604
1.58,48,-15,870.790619855515,-4.89024608980153
1.58,48,-12,858.024248898309,-4.89586787266723
1.58,48,-9,843.913529317451,-4.89877705475018
1.58,48,-6,828.662388150831,-4.89868115668108
1.58,48,-3,812.523970237503,-4.89542619585491
1.58,48,0,795.808990261308,-4.88903906375916
1.58,48,3,778.876884765601,-4.87975956673719
1.58,48,6,762.106978445027,-4.86805354328085
1.58,48,9,745.853917623043,-4.85459840091966
1.58,48,12,730.398192149948,-4.84023594190355
1.58,48,15,715.905780161732,-4.82589522084848
1.58,48,18,702.409006387495,-4.81249830588247
1.58,48,21,689.814049800881,-4.80086941615616
1.58,48,24,677.931900849007,-4.79166828614247
1.58,48,27,666.522579013124,-4.78536074143448
1.58,48,30,655.339663111607,-4.78222713503877
1.58,48,33,644.164089313719,-4.78239847247025
1.58,48,36,632.821287021256,-4.78590503238802
1.58,48,39,621.18179730981,-4.79272364096485
1.58,48,42,609.15048181354,-4.80281511368844
1.58,48,45,596.651942492669,-4.81614949110062
1.58,48,48,583.619440119505,-4.83272111088491
1.58,48,51,569.991960064392,-4.85255728042516
1.58,48,54,555.720343387986,-4.87572367162003
1.58,48,57,540.779991357947,-4.90232766454338
1.58,48,60,525.185639566283,-4.93251894583541
1.58,48,63,509.003479222957,-4.96648554069511
1.58,48,66,492.357166628133,-5.00444334027891
1.58,48,69,475.4262512094,-5.04661783555671
1.58,48,72,458.437450842277,-5.09321778980598
1.58,48,75,441.65045049751,-5.14440169554949
1.58,48,78,425.340330709625,-5.20023901122356
1.58,48,81,409.778524068987,-5.26066946742783
1.58,48,84,395.213710229964,-5.32546526847542
1.58,48,87,381.853651245888,-5.39420263306688
1.58,48,90,369.848858664103,-5.46625020287132
1.58,48,93,359.279180441385,-5.54078135495202
1.58,48,96,350.144699183079,-5.61681436162723
1.58,48,99,342.362418594637,-5.69327849281663
1.58,48,102,335.769795704536,-5.7690969819754
1.58,48,105,330.135187050627,-5.84327210046806
1.58,48,108,325.173962777699,-5.91495620418079
1.58,48,111,320.567868216782,-5.98349650717378
1.58,48,114,315.98463226657,-6.04844894967123
1.58,48,117,311.095061996764,-6.10956478302293
1.58,48,120,305.585843580434,-6.1667595896913
1.58,48,123,299.167669483392,-6.22007705601855
1.58,48,126,291.579693267548,-6.26965907498731
1.58,48,129,282.592248647921,-6.3157306838899
1.58,48,132,272.009960649063,-6.35860423136252
1.58,48,135,259.67676989726,-6.39870338411333
1.58,48,138,245.48323979875,-6.43660556430025
1.58,48,141,229.375323177828,-6.473102748631
1.58,48,144,211.363082464091,-6.50928736401573
1.58,48,147,191.528047045701,-6.54668621320638
1.58,48,150,170.029034568329,-6.58750077315883
1.58,48,153,147.108444347213,-6.63509496080767
1.58,48,156,123.1053395087,-6.69508993107819
1.58,48,159,98.4934356937363,-6.77808783534026
1.58,48,162,74.0055295387064,-6.90735381267955
1.58,48,165,51.1037908105963,-7.14340311197169
1.58,48,168,33.9661093145961,-7.6480276464739
1.58,48,171,32.6503971184532,-8.46273063110555
1.58,48,174,47.2175934020785,-9.0028891328184
1.58,48,177,66.7429435947528,-9.26100567783713
1.58,48,180,86.6090126008817,-9.40845312058334
1.58,51,-180,86.6090126008817,-3.07290793584392
1.58,51,-177,104.750281089641,-3.17398777964988
1.58,51,-174,121.172693627569,-3.25473269991732
1.58,51,-171,135.611042469373,-3.32620350209084
1.58,51,-168,147.992004684171,-3.39408628961533
1.58,51,-165,158.382948888829,-3.46159106300653
1.58,51,-162,166.968475316221,-3.53065989236567
1.58,51,-159,174.037524478585,-3.602522171384
1.58,51,-156,179.975001681085,-3.67793939692478
1.58,51,-153,185.252201267051,-3.75725864150539
1.58,51,-150,190.408153488245,-3.84033626173313
1.58,51,-147,196.014134225181,-3.92640815240854
1.58,51,-144,202.619001253448,-4.01401831982303
1.58,51,-141,210.683513013572,-4.1011185966499
1.58,51,-138,220.522214804817,-4.18537773212309
1.58,51,-135,232.273738518614,-4.26461164101039
1.58,51,-132,245.910393081106,-4.33716271797096
1.58,51,-129,261.281328372926,-4.40208860251323
1.58,51,-126,278.171352591182,-4.45913567274467
1.58,51,-123,296.355936000857,-4.50857120393797
1.58,51,-120,315.639712852312,-4.55097450406636
1.58,51,-117,335.874765705306,-4.58705821712379
1.58,51,-114,356.961720177625,-4.61754846809919
1.58,51,-111,378.839875517727,-4.6431222763395
1.58,51,-108,401.472827393302,-4.66438707932377
1.58,51,-105,424.834483421321,-4.6818850342948
1.58,51,-102,448.898160743889,-4.69610800632196
1.58,51,-99,473.629430918667,-4.70751391781607
1.58,51,-96,498.98201351424,-4.71653948434956
1.58,51,-93,524.895434085656,-4.72360756074112
1.58,51,-90,551.29321431087,-4.72912928901683
1.58,51,-87,578.08079251271,-4.73350220595819
1.58,51,-84,605.142928327446,-4.73710575671471
1.58,51,-81,632.340850369068,-4.74029556464261
1.58,51,-78,659.509772803981,-4.74339753490943
1.58,51,-75,686.457605388754,-4.74670254612641
1.58,51,-72,712.96569841621,-4.75046217723516
1.58,51,-69,738.792281420361,-4.75488566130153
1.58,51,-66,763.678860597483,-4.76013807559665
1.58,51,-63,787.359264964546,-4.76633968210996
1.58,51,-60,809.570385433462,-4.77356632318649
1.58,51,-57,830.063130532399,-4.78185082450403
1.58,51,-54,848.611959089564,-4.79118539953084
1.58,51,-51,865.021704894233,-4.80152500304904
1.58,51,-48,879.131252659063,-4.81279138198059
1.58,51,-45,890.814680593534,-4.82487722709012
1.58,51,-42,899.981290798497,-4.83764945601237
1.58,51,-39,906.576059999081,-4.8509504682271
1.58,51,-36,910.581291881132,-4.8645964296559
1.58,51,-33,912.018920381949,-4.87837237875787
1.58,51,-30,910.951684866664,-4.89202509360786
1.58,51,-27,907.481058627785,-4.90525589449796
1.58,51,-24,901.740812586648,-4.91771643859818
1.58,51,-21,893.887212661453,-4.92901072143668
1.58,51,-18,884.089159395492,-4.93870581244403
1.58,51,-15,872.522826337794,-4.94635252647723
1.58,51,-12,859.374561339552,-4.95151572157655
1.58,51,-9,844.852835796748,-4.95381265516567
1.58,51,-6,829.20574949308,-4.95295694586881
1.58,51,-3,812.736686170344,-4.94880482764385
1.58,51,0,795.808990261308,-4.94139894131899
1.58,51,3,778.832250454497,-4.93100260408496
1.58,51,6,762.227999326262,-4.91811505400839
1.58,51,9,746.379954449383,-4.90345755821602
1.58,51,12,731.580653753805,-4.88792392809246
1.58,51,15,717.989445990694,-4.8724978508257
1.58,51,18,705.614390010057,-4.85815106445121
1.58,51,21,694.32323850799,-4.84574512577336
1.58,51,24,683.879370818156,-4.83595988129198
1.58,51,27,673.991252363006,-4.82926272515935
1.58,51,30,664.361431815022,-4.82591887119905
1.58,51,33,654.723497069365,-4.82603106367525
1.58,51,36,644.861049098932,-4.8295920467563
1.58,51,39,634.609146985638,-4.83653502191153
1.58,51,42,623.843710998477,-4.84677338001378
1.58,51,45,612.466786677441,-4.86022758622645
1.58,51,48,600.39509596059,-4.87684165363514
1.58,51,51,587.556557100136,-4.89659324995254
1.58,51,54,573.895690236604,-4.91950063007542
1.58,51,57,559.385437845702,-4.94562752874041
1.58,51,60,544.040961140561,-4.97508518231996
1.58,51,63,527.930788106573,-5.00802959567516
1.58,51,66,511.181958691065,-5.04465219741884
1.58,51,69,493.977783665835,-5.08516282730963
1.58,51,72,476.548703437507,-5.12976511554717
1.58,51,75,459.157959458217,-5.17862540679582
1.58,51,78,442.084218176699,-5.23183733898936
1.58,51,81,425.603087277388,-5.28938507774322
1.58,51,84,409.968970206425,-5.35110914394219
1.58,51,87,395.398241543207,-5.41667973139222
1.58,51,90,382.054490842072,-5.48558308214485
1.58,51,93,370.036604953916,-5.55712624877532
1.58,51,96,359.370613081759,-5.63046372195163
1.58,51,99,350.0062859648,-5.70464564077977
1.58,51,102,341.819247255409,-5.77868226359266
1.58,51,105,334.618728971918,-5.85161471785588
1.58,51,108,328.160190993218,-5.92257980934643
1.58,51,111,322.161115677845,-5.99085812256779
1.58,51,114,316.317729674405,-6.05589944473103
1.58,51,117,310.320436658964,-6.11732588729054
1.58,51,120,303.866390147724,-6.17491869773543
1.58,51,123,296.668689667569,-6.22859801475938
1.58,51,126,288.46279044265,-6.27840521666299
1.58,51,129,279.011494053883,-6.32449554317511
1.58,51,132,268.110064911091,-6.36714544728607
1.58,51,135,255.592553495405,-6.40677605431305
1.58,51,138,241.339533533146,-6.44399267885739
1.58,51,141,225.286603388577,-6.4796422123844
1.58,51,144,207.432598497038,-6.51489753497408
1.58,51,147,187.84677035684,-6.55139514743394
1.58,51,150,166.675271442676,-6.59148954596678
1.58,51,153,144.149349001601,-6.63877548630896
1.58,51,156,120.602098257931,-6.69926029119905
1.58,51,159,96.5135686786889,-6.78426097733153
1.58,51,162,72.6517456736574,-6.91844320418267
1.58,51,165,50.586067604887,-7.16439938841849
1.58,51,168,34.6796159171601,-7.67492767628237
1.58,51,171,34.226080042124,-8.44642995797213
1.58,51,174,48.433630803519,-8.95772681321392
1.58,51,177,67.3508111210033,-9.21028580023091
1.58,51,180,86.6090126008817,-9.35609324302351
1.58,54,-180,86.6090126008816,-3.02054805828409
1.58,54,-177,104.083630449072,-3.11996380621517
1.58,54,-174,119.808691160198,-3.19887221293122
1.58,54,-171,133.492294896191,-3.26834275482585
1.58,54,-168,145.036797361538,-3.33422407702704
1.58,54,-165,154.489563168131,-3.39994417870426
1.58,54,-162,162.022120610008,-3.46769964935225
1.58,54,-159,167.920114604646,-3.53900371714305
1.58,54,-156,172.577514451401,-3.61491804086048
1.58,54,-153,176.489065954333,-3.69607827537253
1.58,54,-150,180.2326603824,-3.78256751196842
1.58,54,-147,184.432773636638,-3.87371471395147
1.58,54,-144,189.701097345402,-3.96795137300819
1.58,54,-141,196.561942515228,-4.06288311182848
1.58,54,-138,205.383139348366,-4.15565360933888
1.58,54,-135,216.337805146897,-4.24350401236234
1.58,54,-132,229.411549450315,-4.32429211144754
1.58,54,-129,244.449262385079,-4.39676309413462
1.58,54,-126,261.220217805807,-4.46052658879317
1.58,54,-123,279.478573432066,-4.51584171298527
1.58,54,-120,299.005103988014,-4.5633503172712
1.58,54,-117,319.626783546352,-4.60385424635775
1.58,54,-114,341.218241197445,-4.63817113647304
1.58,54,-111,363.692138279685,-4.66706258117031
1.58,54,-108,386.985324852104,-4.69121248332052
1.58,54,-105,411.045743475919,-4.7112327971401
1.58,54,-102,435.822666214616,-4.7276796157923
1.58,54,-99,461.260773943957,-4.74106937376508
1.58,54,-96,487.297224398496,-4.7518904794623
1.58,54,-93,513.860282316656,-4.76060933010099
1.58,54,-90,540.868147500543,-4.76767156840474
1.58,54,-87,568.227061679467,-4.77350011589675
1.58,54,-84,595.828362372641,-4.77849148227923
1.58,54,-81,623.544712852489,-4.78301150607012
1.58,54,-78,651.226179453693,-4.78739127526146
1.58,54,-75,678.697105520079,-4.79192362875233
1.58,54,-72,705.754813239809,-4.79686039202311
1.58,54,-69,732.171017817157,-4.80241035908899
1.58,54,-66,757.696445122155,-4.80873798829184
1.58,54,-63,782.068538453934,-4.81596281459962
1.58,54,-60,805.021442940268,-4.82415966395701
1.58,54,-57,826.2968740998,-4.83335983189111
1.58,54,-54,845.654246540888,-4.84355338554819
1.58,54,-51,862.878718894962,-4.85469259519115
1.58,54,-48,877.786571163558,-4.866696172423
1.58,54,-45,890.22830064433,-4.87945355186388
1.58,54,-42,900.090565679466,-4.89282806976979
1.58,54,-39,907.298214978294,-4.90665779949562
1.58,54,-36,911.816975414084,-4.92075319344382
1.58,54,-33,913.656211457131,-4.93489158824623
1.58,54,-30,912.870149531045,-4.94880985895522
1.58,54,-27,909.555782271135,-4.96219767121188
1.58,54,-24,903.846699828767,-4.97469444289313
1.58,54,-21,895.90407726378,-4.98589300069207
1.58,54,-18,885.908091512322,-4.99535201272955
1.58,54,-15,874.053993119153,-5.00261792615703
1.58,54,-12,860.55606120631,-5.00725583539109
1.58,54,-9,845.659663505353,-5.00888781878957
1.58,54,-6,829.657522370544,-5.00723675291248
1.58,54,-3,812.902649671608,-5.0021728898465
1.58,54,0,795.808990261308,-4.99375881887882
1.58,54,3,778.832796157395,-4.98228555596802
1.58,54,6,762.43319559597,-4.9682893437993
1.58,54,9,747.017901136013,-4.95253766760067
1.58,54,12,732.886782073293,-4.93597685475477
1.58,54,15,720.188968646405,-4.91964353024342
1.58,54,18,708.906295671473,-4.90455526686389
1.58,54,21,698.867879938334,-4.89160547282917
1.58,54,24,689.790778081785,-4.8814877338373
1.58,54,27,681.334220533515,-4.87466455540534
1.58,54,30,673.152607762018,-4.87138012864203
1.58,54,33,664.935339443399,-4.87170409427377
1.58,54,36,656.427597083127,-4.87558819166631
1.58,54,39,647.432783603526,-4.88292014591605
1.58,54,42,637.802336884072,-4.89356583119145
1.58,54,45,627.420937656042,-4.90739774780834
1.58,54,48,616.194565666443,-4.92431254658714
1.58,54,51,604.046102123385,-4.94424190148358
1.58,54,54,590.919467115524,-4.9671600781606
1.58,54,57,576.789968641822,-4.99308940700483
1.58,54,60,561.676619909358,-5.02210287686883
1.58,54,63,545.651992685751,-5.0543220371173
1.58,54,66,528.846393571455,-5.08990848096303
1.58,54,69,511.44504702278,-5.12904805065121
1.58,54,72,493.678771234769,-5.17192806635919
1.58,54,75,475.809821695563,-5.21870895608559
1.58,54,78,458.115005094231,-5.26949249136783
1.58,54,81,440.867994595976,-5.32428943713757
1.58,54,84,424.322312093281,-5.38298990119453
1.58,54,87,408.69596986518,-5.4453400587299
1.58,54,90,394.158450442922,-5.51092910765452
1.58,54,93,380.820577146836,-5.57918997949452
1.58,54,96,368.727810022627,-5.64941612320897
1.58,54,99,357.857464055332,-5.72079441414745
1.58,54,102,348.120170283068,-5.79245119272641
1.58,54,105,339.365531971563,-5.8635054366284
1.58,54,108,331.391412832342,-5.93312125245978
1.58,54,111,323.955774455851,-6.00055213393414
1.58,54,114,316.789644401266,-6.06517189889962
1.58,54,117,309.609797468584,-6.1264910993412
1.58,54,120,302.130109238514,-6.1841616587892
1.58,54,123,294.071183078511,-6.23797526495005
1.58,54,126,285.168530247336,-6.28786194871418
1.58,54,129,275.180036415389,-6.33389439689351
1.58,54,132,263.893499995933,-6.37630161480466
1.58,54,135,251.134680682469,-6.41549373069529
1.58,54,138,236.775751633485,-6.45209938128031
1.58,54,141,220.743620978562,-6.48701981696126
1.58,54,144,203.027554858971,-6.52151190695152
1.58,54,147,183.686021043527,-6.55733021851137
1.58,54,150,162.853718357995,-6.59699779993019
1.58,54,153,140.75170902693,-6.644368366124
1.58,54,156,117.708198542323,-6.70588734010701
1.58,54,159,94.2117672898271,-6.79368239897056
1.58,54,162,71.0713024768824,-6.93396570533292
1.58,54,165,49.9753470841965,-7.19125318520894
1.58,54,168,35.4500830887054,-7.7064996954374
1.58,54,171,35.9020119532801,-8.43318091082292
1.58,54,174,49.7483678441377,-8.91433950897682
1.58,54,177,68.012552060949,-9.16008053003032
1.58,54,180,86.6090126008816,-9.30373336546368
1.58,57,-180,86.6090126008816,-2.96818818072426
1.58,57,-177,103.372244163026,-3.06570648975719
1.58,57,-174,118.36814071901,-3.14260682806513
1.58,57,-171,131.279544736832,-3.20987714810512
1.58,57,-168,141.983161540885,-3.27348528674493
1.58,57,-165,150.502463854734,-3.33705658388224
1.58,57,-162,156.989525796169,-3.40303976069395
1.58,57,-159,161.718143346038,-3.47325221437465
1.58,57,-156,165.081446602175,-3.54910738935485
1.58,57,-153,167.587918265625,-3.63162019628205
1.58,57,-150,169.847149673498,-3.72122853007462
1.58,57,-147,172.535056240376,-3.8174971640169
1.58,57,-144,176.331945803343,-3.91885344263149
1.58,57,-141,181.838707229206,-4.02257234545389
1.58,57,-138,189.493179272793,-4.12516740720766
1.58,57,-135,199.518167457915,-4.22311154506591
1.58,57,-132,211.922397020604,-4.31357050195355
1.58,57,-129,226.550131855724,-4.39482139750014
1.58,57,-126,243.154081765012,-4.46625775510516
1.58,57,-123,261.463459044857,-4.52811605891193
1.58,57,-120,281.230464561509,-4.58112650552273
1.58,57,-117,302.252039876446,-4.62622464484026
1.58,57,-114,324.372198892968,-4.66436910661125
1.58,57,-111,347.473043125303,-4.69645325782942
1.58,57,-108,371.461771786751,-4.72327896147917
1.58,57,-105,396.258663882021,-4.74556233699988
1.58,57,-102,421.78844574775,-4.76395061069395
1.58,57,-99,447.975377824235,-4.77903852067024
1.58,57,-96,474.741095957602,-4.79137965461736
1.58,57,-93,502.003726809171,-4.80149219627485
1.58,57,-90,529.676884814174,-4.80986041472977
1.58,57,-87,557.667606139972,-4.81693366005771
1.58,57,-84,585.872864914682,-4.82312433806537
1.58,57,-81,614.174896566876,-4.82880581051679
1.58,57,-78,642.436032851091,-4.83431067106264
1.58,57,-75,670.494078143304,-4.83992949138232
1.58,57,-72,698.159380296905,-4.84590994030737
1.58,57,-69,725.21462759373,-4.85245613590869
1.58,57,-66,751.418014913646,-4.85972816557017
1.58,57,-63,776.509805798357,-4.86784185800555
1.58,57,-60,800.22160016842,-4.87686905282779
1.58,57,-57,822.287009461462,-4.88683870908055
1.58,57,-54,842.452172449868,-4.89773914218192
1.58,57,-51,860.484764036551,-4.90952142564179
1.58,57,-48,876.180819510474,-4.92210355697734
1.58,57,-45,889.369561027692,-4.93537448547784
1.58,57,-42,899.917071639636,-4.94919674478434
1.58,57,-39,907.729756843865,-4.96340646280264
1.58,57,-36,912.757960314485,-4.97781008397066
1.58,57,-33,914.999128469564,-4.9921781868497
1.58,57,-30,914.499118630215,-5.00623803567835
1.58,57,-27,911.350220714013,-5.0196675395794
1.58,57,-24,905.685493902588,-5.03209370164943
1.58,57,-21,897.670819417394,-5.04309823064929
1.58,57,-18,887.497809138028,-5.05223189930943
1.58,57,-15,875.381357372271,-5.05903789824379
1.58,57,-12,861.564459619038,-5.0630833681185
1.58,57,-9,846.329963902358,-5.06399777071769
1.58,57,-6,830.015043936934,-5.0615165527501
1.58,57,-3,813.0208872623,-5.05552792772687
1.58,57,0,795.808990261308,-5.04611869643865
1.58,57,3,778.877664226156,-5.03361160477405
1.58,57,6,762.717927504584,-5.01858294277494
1.58,57,9,747.755481675872,-5.00184765949375
1.58,57,12,734.292186298752,-4.98440343986156
1.58,57,15,722.463150777655,-4.96733614076166
1.58,57,18,712.222261849202,-4.95170336509325
1.58,57,21,703.360425543224,-4.93842339899174
1.58,57,24,695.55058740523,-4.92819652264821
1.58,57,27,688.406132831718,-4.92147416141742
1.58,57,30,681.53728166244,-4.91847471300429
1.58,57,33,674.593401698192,-4.9192316021797
1.58,57,36,667.285501824057,-4.92365415758825
1.58,57,39,659.3897999088,-4.93158490168274
1.58,57,42,650.738163259223,-4.94284405236554
1.58,57,45,641.203392878473,-4.95725935651725
1.58,57,48,630.686715942826,-4.974684204018
1.58,57,51,619.112168762492,-4.99500856892791
1.58,57,54,606.428982978034,-5.01816636935897
1.58,57,57,592.619905466933,-5.04414068781437
1.58,57,60,577.711522860389,-5.07296628063316
1.58,57,63,561.782445159186,-5.10472774611909
1.58,57,66,544.966327546296,-5.1395517782603
1.58,57,69,527.448487539625,-5.1775927857038
1.58,57,72,509.456575677003,-5.21901230997349
1.58,57,75,491.246889615757,-5.26395372528688
1.58,57,78,473.088342011603,-5.31251443860152
1.58,57,81,455.245949229472,-5.36471821076695
1.58,57,84,437.965278928888,-5.42049036079858
1.58,57,87,421.458831976857,-5.47963856194733
1.58,57,90,405.894976298036,-5.5418416834596
1.58,57,93,391.389815675443,-5.60664859194688
1.58,57,96,378.002211518391,-5.67348790751776
1.58,57,99,365.732014920528,-5.74168841588571
1.58,57,102,354.521375603722,-5.81050835310104
1.58,57,105,344.258783513152,-5.87917046399766
1.58,57,108,334.785311090713,-5.94689900529169
1.58,57,111,325.902413316439,-6.01295500902495
1.58,57,114,317.38064928365,-6.07666715204162
1.58,57,117,308.968822567541,-6.13745718996888
1.58,57,120,300.403263742754,-6.19486060385815
1.58,57,123,291.417219367878,-6.24854436784679
1.58,57,126,281.750466246097,-6.29832427655631
1.58,57,129,271.1592560251,-6.34418410588874
1.58,57,132,259.4265037971,-6.3862984077434
1.58,57,135,246.37185869756,-6.42506064026241
1.58,57,138,231.861106789743,-6.4611195545069
1.58,57,141,215.814426916925,-6.49543065249349
1.58,57,144,198.213426005178,-6.52933847296035
1.58,57,147,179.107591080846,-6.5647245446792
1.58,57,150,158.621828093988,-6.60429767735747
1.58,57,153,136.968624558764,-6.65220233438116
1.58,57,156,114.473255810125,-6.71538013233828
1.58,57,159,91.6362336694337,-6.80687039850678
1.58,57,162,69.3145904345067,-6.95454850332619
1.58,57,165,49.327068110945,-7.22441574700932
1.58,57,168,36.3193368170135,-7.74206388478997
1.58,57,171,37.6853191148202,-8.42226063878121
1.58,57,174,51.1586502912498,-8.87256410347959
1.58,57,177,68.7262860486795,-9.11037508056528
1.58,57,180,86.6090126008816,-9.25137348790385
1.58,60,-180,86.6090126008817,-2.91582830316443
1.58,60,-177,102.618154367943,-3.01122141276013
1.58,60,-174,116.855753811279,-3.08595096279903
1.58,60,-171,128.98155420576,-3.15082955611591
1.58,60,-168,138.845964994531,-3.21189356040824
1.58,60,-165,146.44522801359,-3.27293561780467
1.58,60,-162,151.905817951506,-3.33664294388365
1.58,60,-159,155.480810202355,-3.40514597172986
1.58,60,-156,157.551474737763,-3.48025463128009
1.58,60,-153,158.628306102985,-3.5634604419702
1.58,60,-150,159.342868042812,-3.65571630300728
1.58,60,-147,160.418694173841,-3.75702952055336
1.58,60,-144,162.610583312151,-3.86601345098623
1.58,60,-141,166.612410414582,-3.97968595088441
1.58,60,-138,172.954518589776,-4.09381347286365
1.58,60,-135,181.929765457625,-4.20381945740575
1.58,60,-132,193.581456606552,-4.30585249302048
1.58,60,-129,207.754385766109,-4.39747606938465
1.58,60,-126,224.178617075558,-4.4777521281338
1.58,60,-123,242.549255361686,-4.54688922785103
1.58,60,-120,262.580664621928,-4.6057644697174
1.58,60,-117,284.031889563875,-4.65552976643135
1.58,60,-114,306.710457072081,-4.69736767592889
1.58,60,-111,330.464230189878,-4.73237542052787
1.58,60,-108,355.169285827972,-4.76153024330843
1.58,60,-105,380.718814148215,-4.78569501886703
1.58,60,-102,407.01524855138,-4.80563743479066
1.58,60,-99,433.965791608424,-4.82204896986653
1.58,60,-96,461.480324182671,-4.83555856527371
1.58,60,-93,489.470265575023,-4.84674060135979
1.58,60,-90,517.847077695531,-4.85611872210588
1.58,60,-87,546.519544658871,-4.86416736520985
1.58,60,-84,575.389521047329,-4.87131243641212
1.58,60,-81,604.346398750816,-4.87793195267514
1.58,60,-78,633.261013756328,-4.88435694202788
1.58,60,-75,661.980043184359,-4.8908725314574
1.58,60,-72,690.322075444818,-4.8977189951591
1.58,60,-69,718.076423584223,-4.90509255265084
1.58,60,-66,745.00537324063,-4.9131458575922
1.58,60,-63,770.849954820294,-4.92198834030747
1.58,60,-60,795.338633330313,-4.93168677390419
1.58,60,-57,818.197720150909,-4.94226652630906
1.58,60,-54,839.162041238562,-4.95371385285068
1.58,60,-51,857.984573262591,-4.96597924416313
1.58,60,-48,874.444338777926,-4.97898133268169
1.58,60,-45,888.352596047478,-4.9926103450818
1.58,60,-42,899.557917006378,-5.00672980742779
1.58,60,-39,907.950818936002,-5.0211753879188
1.58,60,-36,913.468134134528,-5.03575048925637
1.58,60,-33,916.096520242486,-5.0502193496712
1.58,60,-30,915.873927313288,-5.06429963403939
1.58,60,-27,912.887942484031,-5.07765735043953
1.58,60,-24,907.2709246094,-5.08990705889099
1.58,60,-21,899.193417395237,-5.1006196617616
1.58,60,-18,888.858739174722,-5.10933883613462
1.58,60,-15,876.502003042434,-5.11560589579979
1.58,60,-12,862.395542282894,-5.11899205877256
1.58,60,-9,846.85988396242,-5.11913691584601
1.58,60,-6,830.275861199307,-5.11579195582304
1.58,60,-3,813.090555181728,-5.10886741665661
1.58,60,0,795.808990261308,-5.09847857399848
1.58,60,3,778.965907464431,-5.08498366949544
1.58,60,6,763.07755182589,-5.06900138049707
1.58,60,9,748.580849516219,-5.05139411497027
1.58,60,12,735.77387369501,-5.03320800919069
1.58,60,15,724.773881087481,-5.01557246262163
1.58,60,18,715.505476527545,-4.99957750277112
1.58,60,21,707.722526838001,-4.98615812901505
1.58,60,24,701.057059849139,-4.97601396422187
1.58,60,27,695.081080474155,-4.9695797777583
1.58,60,30,689.365629849187,-4.96704476966886
1.58,60,33,683.525087034695,-4.96840486217945
1.58,60,36,677.24119831632,-4.97352753809989
1.58,60,39,670.267866128498,-4.98221223501602
1.58,60,42,662.422432415384,-4.99423689719684
1.58,60,45,653.571215100453,-5.00938882547833
1.58,60,48,643.616449409629,-5.02748290806868
1.58,60,51,632.489251193831,-5.04837200360561
1.58,60,54,620.149866081286,-5.07195337892138
1.58,60,57,606.593470095027,-5.09817300665168
1.58,60,60,591.858008753189,-5.12702750160579
1.58,60,63,576.030306989268,-5.15856233973095
1.58,60,66,559.247682676179,-5.19286495775292
1.58,60,69,541.693921742237,-5.2300520947822
1.58,60,72,523.590044632307,-5.27025183207814
1.58,60,75,505.181348630688,-5.31358178942128
1.58,60,78,486.722608428481,-5.36012559991395
1.58,60,81,468.463188257875,-5.40991004394431
1.58,60,84,450.633414801976,-5.46288512523231
1.58,60,87,433.43310667054,-5.5189089992641
1.58,60,90,417.022771696671,-5.57773908569797
1.58,60,93,401.517678769144,-5.63902997048618
1.58,60,96,386.98474556083,-5.70233792150551
1.58,60,99,373.441929925141,-5.76713116137497
1.58,60,102,360.859594638439,-5.83280466399471
1.58,60,105,349.163200943359,-5.89869831409454
1.58,60,108,338.23674600398,-5.9641177647145
1.58,60,111,327.926611261007,-6.0283579976289
1.58,60,114,318.045867193828,-6.0907300575516
1.58,60,117,308.379445210534,-6.15059138578426
1.58,60,120,298.690776227543,-6.20737958252354
1.58,60,123,288.730393670269,-6.26064856070371
1.58,60,126,278.24660083225,-6.31010539250799
1.58,60,129,266.997731875143,-6.3556461346776
1.58,60,132,254.765009231295,-6.39738980501402
1.58,60,135,241.364749447016,-6.43571158921562
1.58,60,138,226.658845823153,-6.47127955948548
1.58,60,141,210.563060169851,-6.50510461523018
1.58,60,144,193.053536004262,-6.53862341470207
1.58,60,147,174.172903873267,-6.57385441275157
1.58,60,150,154.038392216846,-6.61371159890208
1.58,60,153,132.856187031398,-6.66266608046821
1.58,60,156,110.951530927381,-6.72821946678039
1.58,60,159,88.8415589860029,-6.82442338107262
1.58,60,162,67.4400856302384,-6.98087278459097
1.58,60,165,48.7041489720295,-7.26421667031251
1.58,60,168,37.3284728369941,-7.7807435348179
1.58,60,171,39.582545560301,-8.41301015953378
1.58,60,174,52.6613248201314,-8.83223087981624
1.58,60,177,69.4899945754887,-9.06115138566082
1.58,60,180,86.6090126008817,-9.19901361034402
1.58,63,-180,86.6090126008817,-2.8634684256046
1.58,63,-177,101.823457554286,-2.95651438238055
1.58,63,-174,115.276185339674,-3.02891996756096
1.58,63,-171,126.606711116071,-3.09122612211131
1.58,63,-168,135.63926195043,-3.14947995817954
1.58,63,-165,142.340251136348,-3.20760140637959
1.58,63,-162,146.804979365695,-3.26848918806584
1.58,63,-159,149.257059872462,-3.33457934708108
1.58,63,-156,150.054194695245,-3.40810765316344
1.58,63,-153,149.695290582337,-3.49113580287804
1.58,63,-150,148.821082261056,-3.58531883479316
1.58,63,-147,148.195605767501,-3.69139122449712
1.58,63,-144,148.652840591418,-3.80846729891699
1.58,63,-141,150.999483233613,-3.93349508996483
1.58,63,-138,155.888664654033,-4.06138753314798
1.58,63,-135,163.711382418879,-4.18610709094712
1.58,63,-132,174.559423816223,-4.30226284251093
1.58,63,-129,188.275143766483,-4.40631007605971
1.58,63,-126,204.552132673179,-4.49681644129155
1.58,63,-123,223.034643951298,-4.5739901112115
1.58,63,-120,243.384717420548,-4.63897967644458
1.58,63,-117,265.313219502805,-4.6933010108892
1.58,63,-114,288.585219341417,-4.73849255162291
1.58,63,-111,313.012120620443,-4.77595823237147
1.58,63,-108,338.439707734008,-4.80692368268489
1.58,63,-105,364.737247550976,-4.83244594755332
1.58,63,-102,391.789639966016,-4.85344068907896
1.58,63,-99,419.492602462144,-4.87070937456491
1.58,63,-96,447.749851484869,-4.88496023481256
1.58,63,-93,476.470951354391,-4.89682245208832
1.58,63,-90,505.568680897454,-4.9068552260219
1.58,63,-87,534.955198729056,-4.91555371248122
1.58,63,-84,564.536808815828,-4.92335339260893
1.58,63,-81,594.207634012443,-4.93063379344248
1.58,63,-78,623.842929561103,-4.9377219245096
1.58,63,-75,653.293058274567,-4.94489542062368
1.58,63,-72,682.379252821222,-4.95238521214656
1.58,63,-69,710.89216398667,-4.96037756423849
1.58,63,-66,738.593823886919,-4.96901549187302
1.58,63,-63,765.223087594595,-4.97839979236578
1.58,63,-60,790.503979677998,-4.98859013832839
1.58,63,-57,814.155846114919,-4.99960672965132
1.58,63,-54,835.903978775899,-5.01143283148853
1.58,63,-51,855.489537602587,-5.0240181192712
1.58,63,-48,872.678091643562,-5.03728221141325
1.58,63,-45,887.266721710254,-5.05111729777565
1.58,63,-42,899.090079336722,-5.06538861451936
1.58,63,-39,908.025843125374,-5.07993186347061
1.58,63,-36,913.999620884606,-5.09454754838843
1.58,63,-33,916.988743566047,-5.10899339677555
1.58,63,-30,917.023998476158,-5.12297716378523
1.58,63,-27,914.188544428365,-5.13615274203056
1.58,63,-24,908.614159450357,-5.14812234594724
1.58,63,-21,900.476292408206,-5.15844662428721
1.58,63,-18,889.990466355242,-5.16666323634305
1.58,63,-15,877.412676508689,-5.17231325958629
1.58,63,-12,863.045093497823,-5.17497424334387
1.58,63,-9,847.245751510101,-5.17429884127647
1.58,63,-6,830.437738832808,-5.1700582111498
1.58,63,-3,813.110945396049,-5.16218876653613
1.58,63,0,795.808990261308,-5.15083845155831
1.58,63,3,779.096502910563,-5.13640439827696
1.58,63,6,763.507494221386,-5.11954919121225
1.58,63,9,749.482784342141,-5.10118135858237
1.58,63,12,737.310646860631,-5.08239083942798
1.58,63,15,727.086801042,-5.06434303550058
1.58,63,18,718.705755415569,-5.04815125033541
1.58,63,21,711.886324429882,-5.03475817413482
1.58,63,24,706.223803348941,-5.02485544286866
1.58,63,27,701.254317966928,-5.0188564556562
1.58,63,30,696.515692983155,-5.01691928424105
1.58,63,33,691.593142642238,-5.01900283199021
1.58,63,36,686.144580143283,-5.02493505637072
1.58,63,39,679.906666632524,-5.03447592267413
1.58,63,42,672.68713960057,-5.04736556953539
1.58,63,45,664.350812979503,-5.06335579555276
1.58,63,48,654.80606386475,-5.08222799685685
1.58,63,51,643.996293583114,-5.10380250543606
1.58,63,54,631.897779953457,-5.12794356970576
1.58,63,57,618.522576009133,-5.15456223476217
1.58,63,60,603.923440101423,-5.18361735926123
1.58,63,63,588.197490471713,-5.21511376741752
1.58,63,66,571.486136222387,-5.24909632749286
1.58,63,69,553.9702840853,-5.28563935553191
1.58,63,72,535.861239226379,-5.32483172458143
1.58,63,75,517.388676532033,-5.36675898675441
1.58,63,78,498.787416041818,-5.41148440842874
1.58,63,81,480.284601765129,-5.45903097270141
1.58,63,84,462.088483734335,-5.50936614387358
1.58,63,87,444.37954547453,-5.56239061041356
1.58,63,90,427.30431183896,-5.61793144773031
1.58,63,93,410.97182616745,-5.67573931930096
1.58,63,96,395.452468843761,-5.73548866282026
1.58,63,99,380.778493575704,-5.79677953673904
1.58,63,102,366.945438263247,-5.85914016573711
1.58,63,105,353.913531319848,-5.92203029676864
1.58,63,108,341.608462355286,-5.98484702182473
1.58,63,111,329.921432810787,-6.04693613887919
1.58,63,114,318.709118513307,-6.10761261516954
1.58,63,117,307.794797311508,-6.16619269085707
1.58,63,120,296.972113784992,-6.22203765634823
1.58,63,123,286.012573677969,-6.27460621280169
1.58,63,126,274.676934780831,-6.32350995786276
1.58,63,129,262.729512674707,-6.3685661285761
1.58,63,132,249.953520336212,-6.40984370093604
1.58,63,135,236.165308982508,-6.44770290453958
1.58,63,138,221.225909974228,-6.48283362657557
1.58,63,141,205.049412222401,-6.51630539183167
1.58,63,144,187.609056042957,-6.5496529831995
1.58,63,147,168.943125496104,-6.58504357553656
1.58,63,150,149.163793287067,-6.62561865866204
1.58,63,153,128.473932192353,-6.67621628041991
1.58,63,156,107.202654320711,-6.74496588454111
1.58,63,159,85.8897385972186,-6.84702114127461
1.58,63,162,65.5153427854654,-7.01364447255573
1.58,63,165,48.1763385406058,-7.3107702747888
1.58,63,168,38.515827733155,-7.82148931403859
1.58,63,171,41.5992230619739,-8.40483790213818
1.58,63,174,54.2531836158101,-8.79316817007655
1.58,63,177,70.3015267504515,-9.01238845788867
1.58,63,180,86.6090126008817,-9.14665373278419
1.58,66,-180,86.6090126008816,-2.81110854804477
1.58,66,-177,100.990307239785,-2.90159139409191
1.58,66,-174,113.634004311142,-2.9715300399538
1.58,66,-171,124.16294455609,-3.03109632738612
1.58,66,-168,132.376102557514,-3.08628369024147
1.58,66,-165,138.208391587026,-3.14108919996302
1.58,66,-162,141.719295313718,-3.19858110979209
1.58,66,-159,143.094900575111,-3.26147243407249
1.58,66,-156,142.657576078944,-3.33242820283099
1.58,66,-153,140.879551896885,-3.41415313243607
1.58,66,-150,138.394419723156,-3.50920213961034
1.58,66,-147,135.994559806523,-3.61940568081053
1.58,66,-144,134.594167377109,-3.74487706410615
1.58,66,-141,135.135148148103,-3.8828988475461
1.58,66,-138,138.434282311587,-4.02749931409629
1.58,66,-135,145.021151050065,-4.17057594636417
1.58,66,-132,155.054172604107,-4.30432767387258
1.58,66,-129,168.363508621782,-4.42344720539433
1.58,66,-126,184.580414069652,-4.52578941822367
1.58,66,-123,203.271291983477,-4.61167849967984
1.58,66,-120,224.025991701025,-4.68278769663428
1.58,66,-117,246.496034411717,-4.74125004865389
1.58,66,-114,270.399992735882,-4.78915783244563
1.58,66,-111,295.513728151181,-4.8283568883639
1.58,66,-108,321.656783480339,-4.86040429496518
1.58,66,-105,348.680342470081,-4.88659632206723
1.58,66,-102,376.458416768675,-4.90801613896084
1.58,66,-99,404.881935224433,-4.9255789527999
1.58,66,-96,433.854586386144,-4.94006739702758
1.58,66,-93,463.289145375396,-4.95215688432285
1.58,66,-90,493.103288092568,-4.96243308849733
1.58,66,-87,523.214347395825,-4.97140406527796
1.58,66,-84,553.532960071515,-4.97950903899957
1.58,66,-81,583.956005502715,-4.98712519900081
1.58,66,-78,614.359592848881,-4.99457323993016
1.58,66,-75,644.59307067046,-5.00212194631763
1.58,66,-72,674.475072059083,-5.00999189090595
1.58,66,-69,703.79244102979,-5.01835827812571
1.58,66,-66,732.302514702712,-5.02735307491724
1.58,66,-63,759.738716043588,-5.03706674946586
1.58,66,-60,785.8188593595,-5.04755007333577
1.58,66,-57,810.255140259752,-5.05881642211415
1.58,66,-54,832.764615739966,-5.07084476628709
1.58,66,-51,853.079142399694,-5.08358309881398
1.58,66,-48,870.954169502374,-5.09695153015601
1.58,66,-45,886.176294480899,-5.11084391401778
1.58,66,-42,898.569844684684,-5.12512687935968
1.58,66,-39,908.002775368249,-5.13963567357334
1.58,66,-36,914.391863571097,-5.15416721610851
1.58,66,-33,917.706729911889,-5.16847195274962
1.58,66,-30,917.97196719533,-5.1822470767181
1.58,66,-27,915.266888767154,-5.19513404966868
1.58,66,-24,909.723189684257,-5.2067229199517
1.58,66,-21,901.521859312015,-5.21656482483004
1.58,66,-18,890.891442412985,-5.22419271171509
1.58,66,-15,878.109628779236,-5.22914928519717
1.58,66,-12,863.508833363716,-5.23102088123128
1.58,66,-9,847.484066054444,-5.22947632694628
1.58,66,-6,830.498668299024,-5.22431021341941
1.58,66,-3,813.081491425892,-5.2154893273843
1.58,66,0,795.808990261308,-5.20319832911814
1.58,66,3,779.268365010757,-5.18787616358665
1.58,66,6,764.003315057215,-5.17022993136795
1.58,66,9,750.450864198106,-5.15121158158336
1.58,66,12,738.883437186811,-5.13194855294012
1.58,66,15,729.371837766425,-5.11363307839533
1.58,66,18,721.780276086516,-5.09739136303306
1.58,66,21,715.795334773951,-5.08416424252409
1.58,66,24,710.980709128025,-5.07462832178262
1.58,66,27,706.843099857519,-5.06917190582901
1.58,66,30,702.893935682256,-5.06792145491664
1.58,66,33,698.695761489061,-5.07080094022205
1.58,66,36,693.888486474349,-5.07760259346434
1.58,66,39,688.196662927746,-5.08805166746403
1.58,66,42,681.423026250447,-5.10185567070917
1.58,66,45,673.435185467882,-5.11873611463004
1.58,66,48,664.151824459651,-5.13844585411766
1.58,66,51,653.532698692089,-5.1607770724836
1.58,66,54,641.573977460723,-5.18556447303662
1.58,66,57,628.308004502069,-5.21268642882877
1.58,66,60,613.805018729765,-5.24206486104613
1.58,66,63,598.174057839167,-5.27366327006796
1.58,66,66,581.560976749172,-5.30748193594114
1.58,66,69,564.142764238168,-5.34354969925515
1.58,66,72,546.118586302411,-5.38191254500505
1.58,66,75,527.698827709795,-5.4226200253657
1.58,66,78,509.093703062264,-5.46571107078447
1.58,66,81,490.502851931428,-5.51120081561093
1.58,66,84,472.106920456611,-5.55906971224293
1.58,66,87,454.061656046212,-5.6092555294381
1.58,66,90,436.494609864152,-5.6616479839571
1.58,66,93,419.504171599109,-5.7160849401961
1.58,66,96,403.160330069926,-5.77234857802595
1.58,66,99,387.506263256806,-5.83015995955758
1.58,66,102,372.5596798927,-5.88917127095933
1.58,66,105,358.312887200161,-5.94895674114693
1.58,66,108,344.73096667992,-6.00900554079848
1.58,66,111,331.74822217715,-6.06872206490805
1.58,66,114,319.264056764415,-6.12743978716106
1.58,66,117,307.14027825434,-6.18445337744227
1.58,66,120,295.202090919691,-6.23906986660769
1.58,66,123,283.244416310565,-6.29067450003974
1.58,66,126,271.043783834287,-6.33880273172815
1.58,66,129,258.374348587765,-6.383208673996
1.58,66,132,245.025348759609,-6.42392305222066
1.58,66,135,230.817071473865,-6.46129957031756
1.58,66,138,215.613270152914,-6.49605622605887
1.58,66,141,199.329602263967,-6.52932720764611
1.58,66,144,181.939418146572,-6.56275384620839
1.58,66,147,163.479641717006,-6.59866656548253
1.58,66,150,144.060599839825,-6.64046030268805
1.58,66,153,123.885628803249,-6.69338454072452
1.58,66,156,103.292676117643,-6.76626451394268
1.58,66,159,82.8514353497166,-6.87541625652573
1.58,66,162,63.6178546894567,-7.05353905538955
1.58,66,165,47.8185530406444,-7.36386559996224
1.58,66,168,39.9149724523604,-7.86313495998334
1.58,66,171,43.7395565964586,-8.39722212790245
1.58,66,174,55.9309088660418,-8.75520623210145
1.58,66,177,71.1586047385213,-8.96406276918932
1.58,66,180,86.6090126008816,-9.09429385522436
1.58,69,-180,86.6090126008815,-2.75874867048494
1.58,69,-177,100.120907310517,-2.84645859289912
1.58,69,-174,111.933668824428,-2.91379810741115
1.58,69,-171,121.657650482478,-2.97047297049535
1.58,69,-168,129.068353794804,-3.02235269263441
1.58,69,-165,134.068608007504,-3.07345158438136
1.58,69,-162,136.678728645066,-3.12694963871297
1.58,69,-159,137.040507088208,-3.18578268523039
1.58,69,-156,135.42999592357,-3.2530106104401
1.58,69,-153,132.276932801192,-3.33200911284675
1.58,69,-150,128.187834426297,-3.42640738828121
1.58,69,-147,123.964108552079,-3.5395691832889
1.58,69,-144,120.593355844038,-3.67335466206858
1.58,69,-141,119.174774044997,-3.82618741550717
1.58,69,-138,120.743935468005,-3.99142496808721
1.58,69,-135,126.030509093364,-4.15801965820295
1.58,69,-132,135.285881142928,-4.31423334844249
1.58,69,-129,148.306414597783,-4.45186098481878
1.58,69,-126,164.615528386847,-4.56778525117145
1.58,69,-123,183.660926078458,-4.66278623672273
1.58,69,-120,204.936009917232,-4.73956036230236
1.58,69,-117,228.023978041254,-4.8012729866775
1.58,69,-114,252.597790558705,-4.85084530379253
1.58,69,-111,278.40375647704,-4.89072284954882
1.58,69,-108,305.243188857891,-4.92287264276561
1.58,69,-105,332.957479131393,-4.94886052517218
1.58,69,-102,361.417420829977,-4.96994055948737
1.58,69,-99,390.515780575258,-4.98713148925289
1.58,69,-96,420.161621968057,-5.00127468565957
1.58,69,-93,450.275034583426,-5.01307542216776
1.58,69,-90,480.78135214589,-5.02313135627515
1.58,69,-87,511.604468358618,-5.03195199488937
1.58,69,-84,542.659362816145,-5.03997212968406
1.58,69,-81,573.844365285299,-5.04756135241776
1.58,69,-78,605.033972475844,-5.05503101694085
1.58,69,-75,636.073158590725,-5.06263947024289
1.58,69,-72,666.774070139785,-5.0705960392124
1.58,69,-69,696.915762984944,-5.07906411495039
1.58,69,-66,726.247250583431,-5.08816367439892
1.58,69,-63,754.49365306634,-5.0979736366023
1.58,69,-60,781.364773318461,-5.10853446153374
1.58,69,-57,806.565102684123,-5.11985126607602
1.58,69,-54,829.804175401232,-5.13189741242727
1.58,69,-51,850.806376575495,-5.14461807005151
1.58,69,-48,869.319693743876,-5.15793281534514
1.58,69,-45,885.1233306162,-5.17173612750217
1.58,69,-42,898.034389231629,-5.1858948570538
1.58,69,-39,907.913848011168,-5.2002424546237
1.58,69,-36,914.671827311835,-5.21457082612161
1.58,69,-33,918.271805884906,-5.22862181126197
1.58,69,-30,918.733288098417,-5.24208105830681
1.58,69,-27,916.132635824155,-5.25457715673221
1.58,69,-24,910.602390758138,-5.26568819536994
1.58,69,-21,902.330177617422,-5.27495665882908
1.58,69,-18,891.558752095553,-5.28191224337221
1.58,69,-15,878.588489122709,-5.28610130829678
1.58,69,-12,863.782371084692,-5.28712159431802
1.58,69,-9,847.571496333013,-5.28466136400528
1.58,69,-6,830.456878531697,-5.27854251406263
1.58,69,-3,813.001773977526,-5.26876639610078
1.58,69,0,795.808990261308,-5.25555820667797
1.58,69,3,779.48035798861,-5.23940105993567
1.58,69,6,764.560767594091,-5.2210462081689
1.58,69,9,751.47561017454,-5.20148498945069
1.58,69,12,740.475570096261,-5.18187454574652
1.58,69,15,731.603599530523,-5.16342342771312
1.58,69,18,724.694071793591,-5.14725949128474
1.58,69,21,719.404957221716,-5.13431195976024
1.58,69,24,715.274331159295,-5.12523583153214
1.58,69,27,711.786742998642,-5.12039160111997
1.58,69,30,708.434768073718,-5.11987494672953
1.58,69,33,704.765326516474,-5.12357835682624
1.58,69,36,700.406443592597,-5.13126332291819
1.58,69,39,695.075644079423,-5.14262598837372
1.58,69,42,688.574811071124,-5.15734682779002
1.58,69,45,680.777783399677,-5.17512230040238
1.58,69,48,671.61649379162,-5.19568140885812
1.58,69,51,661.069654268329,-5.2187922111939
1.58,69,54,649.155635182905,-5.24426310439477
1.58,69,57,635.929030936931,-5.27194211750843
1.58,69,60,621.479044118447,-5.30171555770133
1.58,69,63,605.927488820941,-5.33350591629128
1.58,69,66,589.424772280919,-5.36726831660054
1.58,69,69,572.143255952713,-5.40298492042403
1.58,69,72,554.268450462293,-5.44065729538202
1.58,69,75,535.989209979788,-5.48029740024118
1.58,69,78,517.48832196143,-5.52191826421503
1.58,69,81,498.934700916789,-5.5655254611306
1.58,69,84,480.477963475779,-5.61111010088221
1.58,69,87,462.245663234378,-5.65864338157562
1.58,69,90,444.343006351432,-5.70807193945569
1.58,69,93,426.854482391618,-5.75931251957336
1.58,69,96,409.846519715343,-5.81224412715708
1.58,69,99,393.370020569089,-5.86669609245249
1.58,69,102,377.46151939446,-5.92243163977987
1.58,69,105,362.141868602333,-5.97912867005319
1.58,69,108,347.411916521373,-6.03636224406112
1.58,69,111,333.245621706299,-6.09359584871248
1.58,69,114,319.58225318994,-6.15018962301405
1.58,69,117,306.320327208085,-6.20543202261169
1.58,69,120,293.316190562386,-6.25859653420218
1.58,69,123,280.389321640002,-6.30901831588015
1.58,69,126,267.334601547181,-6.35617985252694
1.58,69,129,253.939678726454,-6.39979281120976
1.58,69,132,240.004043428095,-6.4398665525814
1.58,69,135,225.356236940844,-6.4767612309978
1.58,69,138,209.866819895356,-6.51123306029879
1.58,69,141,193.456771548187,-6.54449021689008
1.58,69,144,176.103082727653,-6.57829221789751
1.58,69,147,157.844868537989,-6.61515087964526
1.58,69,150,138.794498531204,-6.65874462466551
1.58,69,153,119.160413042675,-6.7147816946941
1.58,69,156,99.2954391831416,-6.79284328177945
1.58,69,159,79.8073961810885,-6.91040817030059
1.58,69,162,61.8354255035274,-7.10111091110772
1.58,69,165,47.7078878164418,-7.42286014351018
1.58,69,168,41.5530154607563,-7.90447721785749
1.58,69,171,46.0062193597684,-8.38971173006457
1.58,69,174,57.6910206146614,-8.71818036134525
1.58,69,177,72.0588289576718,-8.91614864239865
1.58,69,180,86.6090126008815,-9.04193397766453
1.58,72,-180,86.6090126008815,-2.70638879292511
1.58,72,-177,99.2175060871487,-2.79112223250269
1.58,72,-174,110.179505828008,-2.85574167622686
1.58,72,-171,119.097629132213,-2.90939204234923
1.58,72,-168,125.726536715147,-2.95774399513338
1.58,72,-165,129.937598126779,-3.00476042059487
1.58,72,-162,131.71022668663,-3.05365974867517
1.58,72,-159,131.137084442949,-3.10751824670367
1.58,72,-156,128.438739224024,-3.16970705656291
1.58,72,-153,123.987163292148,-3.24422571726956
1.58,72,-150,118.338912901566,-3.33587074992892
1.58,72,-147,112.276015900616,-3.44998176031297
1.58,72,-144,106.838465807639,-3.59120735294376
1.58,72,-141,103.297511766937,-3.76063299596689
1.58,72,-138,102.980954634981,-3.9518340910902
1.58,72,-135,106.918039132156,-4.14958627456732
1.58,72,-132,115.496188314674,-4.33534741915307
1.58,72,-129,128.433287817233,-4.49592879033146
1.58,72,-126,145.065259224824,-4.62706392401322
1.58,72,-123,164.662268758242,-4.73088120266169
1.58,72,-120,186.596622208009,-4.81205201330899
1.58,72,-117,210.382043895865,-4.87541007480314
1.58,72,-114,235.655618477543,-4.92504223425338
1.58,72,-111,262.146916292232,-4.96414027054409
1.58,72,-108,289.651186333793,-4.99512624608088
1.58,72,-105,318.010121624979,-5.01983261639742
1.58,72,-102,347.099012800987,-5.03966163847467
1.58,72,-99,376.817992699851,-5.05570715850121
1.58,72,-96,407.085221980602,-5.06884164741541
1.58,72,-93,437.830426360366,-5.07977618247352
1.58,72,-90,468.987865883745,-5.08910086881638
1.58,72,-87,500.488463926157,-5.09731167451392
1.58,72,-84,532.251373177721,-5.10482807329764
1.58,72,-81,564.175658990652,-5.11200459665
1.58,72,-78,596.133007482004,-5.11913842897919
1.58,72,-75,627.962403343033,-5.12647449356133
1.58,72,-72,659.467573915267,-5.13420902268018
1.58,72,-69,690.417685943543,-5.14249233393007
1.58,72,-66,720.551359797193,-5.15143138517724
1.58,72,-63,749.583611011897,-5.16109257268165
1.58,72,-60,777.214938568863,-5.17150508122264
1.58,72,-57,803.141549432929,-5.18266482485076
1.58,72,-54,827.065702635472,-5.19453862598099
1.58,72,-51,848.70537436697,-5.20706784945268
1.58,72,-48,867.802814067638,-5.22017039685782
1.58,72,-45,884.131947840042,-5.23373996393822
1.58,72,-42,897.504845016725,-5.2476419042036
1.58,72,-39,907.777502814838,-5.26170591788606
1.58,72,-36,914.855033917335,-5.27571690461374
1.58,72,-33,918.696091127683,-5.28940633784101
1.58,72,-30,919.316227364689,-5.30244706159591
1.58,72,-27,916.790024820266,-5.31445422201508
1.58,72,-24,911.252239440894,-5.32499413112076
1.58,72,-21,902.898700273726,-5.33360151862804
1.58,72,-18,891.987939162973,-5.33980436336372
1.58,72,-15,878.844173883931,-5.34315480317147
1.58,72,-12,863.861176812114,-5.34326471680497
1.58,72,-9,847.504885589061,-5.3398451804026
1.58,72,-6,830.310848393921,-5.33274933623057
1.58,72,-3,812.871526355029,-5.32201722439447
1.58,72,0,795.808990261308,-5.3079180842378
1.58,72,3,779.731307241002,-5.29098090404148
1.58,72,6,765.175847688618,-5.27199971781051
1.58,72,9,752.548601735356,-5.25199996757359
1.58,72,12,742.072959889714,-5.23215943148132
1.58,72,15,733.761634886908,-5.21369145837085
1.58,72,18,727.420296818323,-5.19771378796318
1.58,72,21,722.68263630513,-5.18513433226706
1.58,72,24,719.067783375306,-5.1765804803219
1.58,72,27,716.046048708415,-5.17238312951367
1.58,72,30,713.099245174948,-5.17260910272778
1.58,72,33,709.766117275133,-5.1771239355126
1.58,72,36,705.6691077675,-5.18566426601922
1.58,72,39,700.523660430673,-5.19790332921642
1.58,72,42,694.13442556226,-5.21350039261353
1.58,72,45,686.383946132044,-5.23213197924211
1.58,72,48,677.218987252132,-5.25350756727786
1.58,72,51,666.638167402274,-5.27737468856536
1.58,72,54,654.682585612075,-5.3035183961024
1.58,72,57,641.429336272397,-5.33175876749896
1.58,72,60,626.98663756222,-5.36194835753369
1.58,72,63,611.488973580233,-5.3939700241317
1.58,72,66,595.091061759678,-5.42773471325575
1.58,72,69,577.96028166588,-5.46317863401664
1.58,72,72,560.268048633414,-5.5002595659306
1.58,72,75,542.181182505231,-5.53895249311953
1.58,72,78,523.85447754855,-5.57924506909816
1.58,72,81,505.425464868956,-5.62113341366878
1.58,72,84,487.011916077435,-5.66461840276448
1.58,72,87,468.712123149619,-5.70970202087124
1.58,72,90,450.607511121198,-5.75638266904144
1.58,72,93,432.766739282564,-5.80464777245077
1.58,72,96,415.250129415614,-5.85446185791649
1.58,72,99,398.113048326507,-5.90574874397599
1.58,72,102,381.406843021274,-5.95836784672356
1.58,72,105,365.176209553095,-6.01208694169624
1.58,72,108,349.452592917196,-6.0665567574654
1.58,72,111,334.244370205317,-6.12129565309137
1.58,72,114,319.525935527308,-6.17569391593664
1.58,72,117,305.228893086443,-6.22904539059649
1.58,72,120,291.238768237861,-6.28060863081012
1.58,72,123,277.399574906435,-6.32969190520348
1.58,72,126,263.526405124585,-6.37574943792674
1.58,72,129,249.423747025773,-6.41847379697511
1.58,72,132,234.905586834263,-6.45787304560192
1.58,72,135,219.81327382439,-6.49433004517758
1.58,72,138,204.028630074664,-6.52865259687591
1.58,72,141,187.482166266878,-6.56213558089521
1.58,72,144,170.15857839772,-6.59667209504496
1.58,72,147,152.103352782141,-6.63497767715961
1.58,72,150,133.435546120326,-6.68104805091589
1.58,72,153,114.374255992762,-6.74109671916942
1.58,72,156,95.2942167151192,-6.82549878915206
1.58,72,159,76.8497954164471,-6.95278951438888
1.58,72,162,60.2655089680819,-7.15666103761334
1.58,72,165,47.9192220138205,-7.48661167319854
1.58,72,168,43.4494696000657,-7.94436533031693
1.58,72,171,48.4002458217229,-8.38192514094354
1.58,72,174,59.5298304885018,-8.68193328120378
1.58,72,177,72.9996831342304,-8.86861864329024
1.58,72,180,86.6090126008815,-8.9895741001047
1.58,75,-180,86.6090126008815,-2.65402891536528
1.58,75,-177,98.2823911578648,-2.73558863292012
1.58,75,-174,108.375696067554,-2.79737864550414
1.58,75,-171,116.489036110936,-2.84789248422114
1.58,75,-168,122.359685638679,-2.89252382917486
1.58,75,-165,125.829451434535,-2.93510834760625
1.58,75,-162,126.836978492385,-2.97881582552311
1.58,75,-159,125.423493357362,-3.02675236216761
1.58,75,-156,121.747874688296,-3.08245960446467
1.58,75,-153,116.111448138918,-3.15040698774885
1.58,75,-150,108.996980924172,-3.23648597024049
1.58,75,-147,101.12914832324,-3.34831154590761
1.58,75,-144,93.5569261513562,-3.49458565792332
1.58,75,-141,87.7157988136583,-3.68174667528142
1.58,75,-138,85.3183008471223,-3.90622525342069
1.58,75,-135,87.8648539048204,-4.14716011543641
1.58,75,-132,95.9580620008244,-4.37331236481846
1.58,75,-129,109.141293280204,-4.56240951199617
1.58,75,-126,126.420734335461,-4.7095167519747
1.58,75,-123,146.811440338734,-4.82035660900761
1.58,75,-120,169.551344912067,-4.90329343907798
1.58,75,-117,194.100949338142,-4.96568040155906
1.58,75,-114,220.08431898826,-5.01307904601004
1.58,75,-111,247.234595881163,-5.04948609331945
1.58,75,-108,275.356383170599,-5.07774346491608
1.58,75,-105,304.302325414861,-5.0998899453043
1.58,75,-102,333.958920617885,-5.1174168150314
1.58,75,-99,364.237382082631,-5.13144301023774
1.58,75,-96,395.06656784822,-5.14283228021313
1.58,75,-93,426.386091832611,-5.15227060711508
1.58,75,-90,458.138670261693,-5.16031684335194
1.58,75,-87,490.261537243666,-5.16743536758567
1.58,75,-84,522.677366443011,-5.17401669849976
1.58,75,-81,555.285536585886,-5.18039012171352
1.58,75,-78,587.954759982296,-5.18683115690021
1.58,75,-75,620.518056115703,-5.19356588296876
1.58,75,-72,652.770819825529,-5.20077359480303
1.58,75,-69,684.472353082488,-5.20858888334638
1.58,75,-66,715.350771186933,-5.21710393227249
1.58,75,-63,745.110745712394,-5.22637153714382
1.58,75,-60,773.443199118262,-5.23640901768646
1.58,75,-57,800.035895855079,-5.24720278619659
1.58,75,-54,824.58392096546,-5.25871289070285
1.58,75,-51,846.799284394162,-5.27087647591206
1.58,75,-48,866.419264220604,-5.28360895272515
1.58,75,-45,883.213488986184,-5.29680188575486
1.58,75,-42,896.990034916205,-5.3103172618576
1.58,75,-39,907.60089482689,-5.32397880730903
1.58,75,-36,914.947060914215,-5.33756213076388
1.58,75,-33,918.983247253361,-5.35078633454348
1.58,75,-30,919.72211081193,-5.3633100298593
1.58,75,-27,917.237838085667,-5.37473424744984
1.58,75,-24,911.669161031218,-5.38461365001021
1.58,75,-21,903.222113253657,-5.3924760827304
1.58,75,-18,892.172893387418,-5.39784933881282
1.58,75,-15,878.870833221594,-5.40029349027577
1.58,75,-12,863.740573984003,-5.3994373539433
1.58,75,-9,847.281265392699,-5.39501827311194
1.58,75,-6,830.059321041682,-5.38692459358763
1.58,75,-3,812.690639622987,-5.37523902786146
1.58,75,0,795.808990261308,-5.36027796179763
1.58,75,3,780.020009616991,-5.34261723730017
1.58,75,6,765.844834373087,-5.32309129194862
1.58,75,9,753.662561599764,-5.30275325918297
1.58,75,12,743.664234079705,-5.28279148596607
1.58,75,15,735.830560384868,-5.26441195888529
1.58,75,18,729.940281137903,-5.24871037120137
1.58,75,21,725.607721984189,-5.23656391097237
1.58,75,24,722.340238587642,-5.22856696339294
1.58,75,27,719.602230281223,-5.2250198229129
1.58,75,30,716.873175168449,-5.22596321180261
1.58,75,33,713.691323664895,-5.23124101798401
1.58,75,36,709.679899392408,-5.24057154588008
1.58,75,39,704.557010270306,-5.25361172952283
1.58,75,42,698.133138626129,-5.27000557917436
1.58,75,45,690.301045356879,-5.28941463747121
1.58,75,48,681.02255745574,-5.31153282083563
1.58,75,51,670.315491011624,-5.33609031754354
1.58,75,54,658.242395824736,-5.36285152966019
1.58,75,57,644.901367507053,-5.39161104956777
1.58,75,60,630.418220243451,-5.4221901007452
1.58,75,63,614.939008951108,-5.45443438217764
1.58,75,66,598.622163032289,-5.48821323032319
1.58,75,69,581.63010012309,-5.52341956301053
1.58,75,72,564.120822590762,-5.55997007508981
1.58,75,75,546.240416179896,-5.59780537427532
1.58,75,78,528.117453739637,-5.6368899331778
1.58,75,81,509.860077751803,-5.67721172710511
1.58,75,84,491.55610172397,-5.71878117815758
1.58,75,87,473.275961135319,-5.761628591371
1.58,75,90,455.077856724572,-5.80579878278164
1.58,75,93,437.014016904675,-5.85134124963294
1.58,75,96,419.136687341595,-5.89829424683339
1.58,75,99,401.502275306258,-5.94666176638215
1.58,75,102,384.17212273603,-5.99638390542894
1.58,75,105,367.20878492879,-6.0473035512918
1.58,75,108,350.667560913882,-6.09913544708749
1.58,75,111,334.584333629019,-6.15144667062418
1.58,75,114,318.962261875875,-6.20365887067543
1.58,75,117,303.760978334007,-6.25508062203097
1.58,75,120,288.89204233169,-6.30497229621668
1.58,75,123,274.223089607818,-6.35263729676499
1.58,75,126,259.590665892197,-6.39752590393078
1.58,75,129,244.819068006924,-6.4393352665151
1.58,75,132,229.740844925027,-6.47809318559166
1.58,75,135,214.214706196435,-6.5142230677348
1.58,75,138,198.138355560583,-6.54859994568499
1.58,75,141,181.45637754016,-6.58262119351302
1.58,75,144,164.165734455261,-6.6183327305941
1.58,75,147,146.323116318105,-6.65868018034204
1.58,75,150,128.059708084115,-6.70801225419797
1.58,75,153,109.611707954873,-6.77308575795934
1.58,75,156,91.3834523785067,-6.86506121125523
1.58,75,159,74.083069828111,-7.00325215734385
1.58,75,162,59.012798462433,-7.22006894314373
1.58,75,165,48.5197788131724,-7.55348873426557
1.58,75,168,45.6158243213373,-7.98178229198936
1.58,75,171,50.9210072512082,-8.37354735089149
1.58,75,174,61.4434029282664,-8.64631687811809
1.58,75,177,73.9785393254946,-8.8214439640778
1.58,75,180,86.6090126008815,-8.93721422254487
1.58,78,-180,86.6090126008816,-2.60166903780545
1.58,78,-177,97.3178850025164,-2.67986413720699
1.58,78,-174,106.526264554735,-2.7387270852766
1.58,78,-171,113.837348895539,-2.78601581780707
1.58,78,-168,118.975235431519,-2.82676742786382
1.58,78,-165,121.755332093909,-2.86460967369475
1.58,78,-162,122.077654924014,-2.90256614684161
1.58,78,-159,119.93267419356,-2.94363766770696
1.58,78,-156,115.415463468994,-2.99133771043166
1.58,78,-153,108.748556771385,-3.05032114075155
1.58,78,-150,100.32004868761,-3.12723755976813
1.58,78,-147,90.752972865115,-3.23186534364696
1.58,78,-144,81.0323791632337,-3.37805833806886
1.58,78,-141,72.6981761497948,-3.58186954804692
1.58,78,-138,67.9431031677016,-3.84959746749216
1.58,78,-135,69.0538541376281,-4.15434202352641
1.58,78,-132,77.0110824633539,-4.43848981503016
1.58,78,-129,90.9559673169804,-4.66207043145189
1.58,78,-126,109.30852370475,-4.82305699102614
1.58,78,-123,130.752507720911,-4.93616880631594
1.58,78,-120,154.418163123365,-5.0161524855542
1.58,78,-117,179.759432618346,-5.07366825862824
1.58,78,-114,206.425334990101,-5.11579326115206
1.58,78,-111,234.178253004628,-5.1471685762915
1.58,78,-108,262.848099719667,-5.17088126323073
1.58,78,-105,292.307640370007,-5.18903598822692
1.58,78,-102,322.459143724987,-5.20311064493051
1.58,78,-99,353.226388610939,-5.21417720539442
1.58,78,-96,384.548446897924,-5.22304027581446
1.58,78,-93,416.373227690106,-5.23032491829779
1.58,78,-90,448.649895921866,-5.23653249316072
1.58,78,-87,481.320133247262,-5.24207582500888
1.58,78,-84,514.308830092033,-5.24730073377196
1.58,78,-81,547.515181979301,-5.25249854181764
1.58,78,-78,580.805305411436,-5.25791276531595
1.58,78,-75,614.007399818463,-5.26374235113322
1.58,78,-72,646.910196999877,-5.27014325570035
1.58,78,-69,679.26501671866,-5.27722971969159
1.58,78,-66,710.791264969022,-5.28507617684922
1.58,78,-63,741.184758991006,-5.29372029178242
1.58,78,-60,770.12792675698,-5.30316713041367
1.58,78,-57,797.300775776851,-5.31339395200643
1.58,78,-54,822.39158861902,-5.32435464958615
1.58,78,-51,845.106564882749,-5.33598257820105
1.58,78,-48,865.178024903929,-5.34819053450514
1.58,78,-45,882.371211940208,-5.36086708219839
1.58,78,-42,896.490056029198,-5.37386924797678
1.58,78,-39,907.382400910498,-5.3870126906458
1.58,78,-36,914.94512164899,-5.40006149058659
1.58,78,-33,919.129338886001,-5.41272038378513
1.58,78,-30,919.945691245377,-5.42463230974697
1.58,78,-27,917.469478966235,-5.43538348047568
1.58,78,-24,911.845476936976,-5.44451698218122
1.58,78,-21,903.292257034399,-5.45155457832593
1.58,78,-18,892.105798303439,-5.4560253526237
1.58,78,-15,878.661837684243,-5.45749944909435
1.58,78,-12,863.415753634211,-5.45562544791916
1.58,78,-9,846.897878581812,-5.45017044642202
1.58,78,-6,829.70132025121,-5.44106191280874
1.58,78,-3,812.459167480889,-5.42842899618558
1.58,78,0,795.808990261308,-5.41263783935746
1.58,78,3,780.345242464909,-5.39431133040995
1.58,78,6,766.564320913362,-5.37432095093734
1.58,78,9,754.811409892429,-5.35374015001343
1.58,78,12,745.240788896974,-5.33375707922268
1.58,78,15,737.800064792545,-5.31555793772004
1.58,78,18,732.243396013821,-5.30020461380191
1.58,78,21,728.171074083912,-5.28853463095541
1.58,78,24,725.08611472222,-5.28110456953774
1.58,78,27,722.45548986828,-5.27818370177231
1.58,78,30,719.764863021133,-5.2797899318276
1.58,78,33,716.559705245343,-5.28575126462644
1.58,78,36,712.470313789126,-5.29577456569641
1.58,78,39,707.221950267855,-5.30950732494805
1.58,78,42,700.63346468354,-5.3265843176834
1.58,78,45,692.608485800894,-5.34665693476718
1.58,78,48,683.122929565129,-5.36940720698092
1.58,78,51,672.211628253399,-5.39455083130112
1.58,78,54,659.955698939244,-5.4218340513489
1.58,78,57,646.471186028748,-5.45102855755001
1.58,78,60,631.898779592791,-5.4819272444333
1.58,78,63,616.394142549635,-5.51434222813644
1.58,78,66,600.118529538391,-5.54810536472985
1.58,78,69,583.229777174417,-5.58307078981695
1.58,78,72,565.874170096681,-5.61911869964797
1.58,78,75,548.17995642595,-5.65615956678803
1.58,78,78,530.253306162347,-5.69413804559196
1.58,78,81,512.177280589326,-5.73303582713874
1.58,78,84,494.013981442738,-5.77287257908138
1.58,78,87,475.809568770099,-5.81370386680361
1.58,78,90,457.601354792888,-5.85561468654227
1.58,78,93,439.425751218232,-5.89870709880146
1.58,78,96,421.325514065434,-5.94308063516888
1.58,78,99,403.354559180605,-5.98880490730108
1.58,78,102,385.578720778953,-6.03588540835253
1.58,78,105,368.071328802182,-6.08422596498383
1.58,78,108,350.903482325547,-6.13359441615822
1.58,78,111,334.130336383329,-6.18360100350258
1.58,78,114,317.77627787696,-6.23370015247798
1.58,78,117,301.822954586723,-6.28322414707009
1.58,78,120,286.204079592245,-6.33145096759602
1.58,78,123,270.809418326788,-6.37769973179588
1.58,78,126,255.497718584125,-6.42143940619995
1.58,78,129,240.115603594536,-6.46239381900122
1.58,78,132,224.517858158283,-6.50063047482047
1.58,78,135,208.584828896266,-6.53663100763096
1.58,78,138,192.234637719625,-6.57135439136307
1.58,78,141,175.430643940491,-6.6063186521517
1.58,78,144,158.187046105595,-6.64374503712681
1.58,78,147,140.577196542842,-6.68683821224373
1.58,78,150,122.750619681276,-6.74033273075587
1.58,78,153,104.967779933906,-6.81154431297418
1.58,78,156,87.6702630349328,-6.91232653365626
1.58,78,159,71.6235315907839,-7.06224259627103
1.58,78,162,58.1843829438222,-7.29061757121216
1.58,78,165,49.5635502718051,-7.62148724894739
1.58,78,168,48.0558127906123,-8.01590307923703
1.58,78,171,53.5662520393712,-8.36432528414535
1.58,78,174,63.4275247940318,-8.61119336071251
1.58,78,177,74.9926630216413,-8.77459479080419
1.58,78,180,86.6090126008816,-8.88485434498504
1.58,81,-180,86.6090126008816,-2.54930916024562
1.58,81,-177,96.3263414146464,-2.62395506805885
1.58,81,-174,104.635076787828,-2.67980497885231
1.58,81,-171,111.147350280466,-2.72380563920162
1.58,81,-168,115.578943194097,-2.76055847827022
1.58,81,-165,117.72321169776,-2.79340048856729
1.58,81,-162,117.445678838256,-2.82510587109084
1.58,81,-159,114.689951526341,-2.85841862791964
1.58,81,-156,109.490150723989,-2.89657762352676
1.58,81,-153,101.989098551597,-2.94400662026137
1.58,81,-150,92.4680957931421,-3.00743400263731
1.58,81,-147,81.4078232163488,-3.09790699220609
1.58,81,-144,69.6300644942491,-3.23432460717025
1.58,81,-141,58.6221656389559,-3.44747463565113
1.58,81,-138,51.0774398563271,-3.77078469129409
1.58,81,-135,50.6786076202929,-4.17941242329126
1.58,81,-132,59.1631063462795,-4.55178720358244
1.58,81,-129,74.6546184522627,-4.81179912221321
1.58,81,-126,94.5613079000547,-4.97706185814118
1.58,81,-123,117.257405485268,-5.08263742832315
1.58,81,-120,141.881888137265,-5.15228379354595
1.58,81,-117,167.965457358142,-5.19975144656705
1.58,81,-114,195.228383488594,-5.23298321418602
1.58,81,-111,223.486030751561,-5.2567372774201
1.58,81,-108,252.60513691927,-5.27399159089026
1.58,81,-105,282.483511670992,-5.28669167273023
1.58,81,-102,313.04042666965,-5.29616138729286
1.58,81,-99,344.211292061333,-5.30333771065977
1.58,81,-96,375.943179766102,-5.30891008135451
1.58,81,-93,408.189419669531,-5.31340565655948
1.58,81,-90,440.902612228401,-5.31724235415439
1.58,81,-87,474.026213594709,-5.32076173668538
1.58,81,-84,507.485418285539,-5.32424875868676
1.58,81,-81,541.178397110295,-5.32794280762552
1.58,81,-78,574.969047716747,-5.33204312344783
1.58,81,-75,608.682298473356,-5.33671094000109
1.58,81,-72,642.102709045033,-5.3420701989756
1.58,81,-69,674.976687567783,-5.34820825044763
1.58,81,-66,707.018165576314,-5.35517747890932
1.58,81,-63,737.917118688863,-5.36299825147759
1.58,81,-60,767.349974894208,-5.37166299937444
1.58,81,-57,794.990781953083,-5.38114068426585
1.58,81,-54,820.522051765122,-5.39138047531591
1.58,81,-51,843.644460067516,-5.40231329719123
1.58,81,-48,864.084998501419,-5.41385011185217
1.58,81,-45,881.603646325047,-5.42587640808103
1.58,81,-42,895.999017501875,-5.4382433196175
1.58,81,-39,907.113629618453,-5.45075687439736
1.58,81,-36,914.839384680158,-5.46316779964425
1.58,81,-33,919.123591491786,-5.47516477092927
1.58,81,-30,919.975511282388,-5.48637380590537
1.58,81,-27,917.47310030028,-5.49636567254285
1.58,81,-24,911.769425620227,-5.50467193791261
1.58,81,-21,903.098121602977,-5.51080901519958
1.58,81,-18,891.777139037881,-5.51430867702245
1.58,81,-15,878.209805914735,-5.51475323334124
1.58,81,-12,862.881811664838,-5.51181384931177
1.58,81,-9,846.352211645335,-5.50529085574283
1.58,81,-6,829.236168683844,-5.49515465965972
1.58,81,-3,812.177330801667,-5.48158430442481
1.58,81,0,795.808990261308,-5.46499771691729
1.58,81,3,780.705771362683,-5.44606418996851
1.58,81,6,767.331236174508,-5.42568796238567
1.58,81,9,755.99028802007,-5.40495465475507
1.58,81,12,746.796779187511,-5.38504108417973
1.58,81,15,739.664799945351,-5.36710134422459
1.58,81,18,734.326754010487,-5.352152240975
1.58,81,21,730.374456910175,-5.34098331643323
1.58,81,24,727.314029016476,-5.33410909406888
1.58,81,27,724.623376198368,-5.33176777726196
1.58,81,30,721.802693009519,-5.33395795130842
1.58,81,33,718.412198819457,-5.34049764023743
1.58,81,36,714.095342779567,-5.35108928265412
1.58,81,39,708.588729998328,-5.36537788259479
1.58,81,42,701.721654049608,-5.3829950495802
1.58,81,45,693.408581895448,-5.40358680207978
1.58,81,48,683.637628975649,-5.42682681622733
1.58,81,51,672.457350818084,-5.45241897760206
1.58,81,54,659.963342084072,-5.4800937971404
1.58,81,57,646.285384244796,-5.50960284725497
1.58,81,60,631.575365304084,-5.54071429896706
1.58,81,63,615.995973961117,-5.57321131911846
1.58,81,66,599.710217203705,-5.60689385737559
1.58,81,69,582.872018392499,-5.64158342203426
1.58,81,72,565.618383877965,-5.67712987512591
1.58,81,75,548.06375987483,-5.71341902028188
1.58,81,78,530.297170007729,-5.75037969796962
1.58,81,81,512.38251940988,-5.78798912032916
1.58,81,84,494.36210876716,-5.82627518296031
1.58,81,87,476.262974987678,-5.86531445170295
1.58,81,90,458.105217782725,-5.90522447487883
1.58,81,93,439.911034208338,-5.94614912390072
1.58,81,96,421.712827967189,-5.98823599642894
1.58,81,99,403.558579304702,-6.03160575915938
1.58,81,102,385.51278429762,-6.07631489215706
1.58,81,105,367.651839713428,-6.12231571960949
1.58,81,108,350.053839397527,-6.16942061394562
1.58,81,111,332.784265487684,-6.21727999007916
1.58,81,114,315.880639711408,-6.26538469369465
1.58,81,117,299.340231611136,-6.31310104154587
1.58,81,120,283.114753232348,-6.35974048618031
1.58,81,123,267.114316604329,-6.40465715599969
1.58,81,126,251.220209452794,-6.44735898187131
1.58,81,129,235.303344649491,-6.48761574853802
1.58,81,132,219.243790073097,-6.52555209609743
1.58,81,135,202.947247726276,-6.56172403206938
1.58,81,138,186.356447410406,-6.59719109684962
1.58,81,141,169.458182949452,-6.63361144830272
1.58,81,144,152.28913892388,-6.67340590190767
1.58,81,147,134.94532465391,-6.72006618938774
1.58,81,150,117.601441990381,-6.77873359550221
1.58,81,153,100.549674852024,-6.85725296006697
1.58,81,156,84.2750948879275,-6.96794323809184
1.58,81,159,69.5967752951256,-7.12976808925674
1.58,81,162,57.8822243852277,-7.36687003072182
1.58,81,165,51.0868558555527,-7.68844465272915
1.58,81,168,50.7662288761209,-8.04612259786268
1.58,81,171,56.3321929993505,-8.35406193685103
1.58,81,174,65.4776836030045,-8.57643592761803
1.58,81,177,76.0392184357885,-8.72804064857917
1.58,81,180,86.6090126008816,-8.83249446742521
1.58,84,-180,86.6090126008816,-2.49694928268579
1.58,84,-177,95.3101427095394,-2.56786768521464
1.58,84,-174,102.705840840631,-2.62062993029971
1.58,84,-171,108.42312999116,-2.66130697185098
1.58,84,-168,112.174850426407,-2.69398819855021
1.58,84,-165,113.737673377333,-2.72163785825327
1.58,84,-162,112.948585489005,-2.74667793016284
1.58,84,-159,109.71135191789,-2.77143991433421
1.58,84,-156,104.007332977068,-2.79861728467023
1.58,84,-153,95.9078988033394,-2.83189000172284
1.58,84,-150,85.5908532966228,-2.8770508931347
1.58,84,-147,73.3753929715461,-2.94443536174389
1.58,84,-144,59.8254445667331,-3.05483835174566
1.58,84,-141,46.0942428162558,-3.25456591128815
1.58,84,-138,35.0590716799026,-3.63995893824491
1.58,84,-135,32.9882711854432,-4.24709632082366
1.58,84,-132,43.3871353470086,-4.75836482262258
1.58,84,-129,61.4670618801552,-5.0342114406005
1.58,84,-126,83.251844290018,-5.17864658070281
1.58,84,-123,107.181430557016,-5.26057696547674
1.58,84,-120,132.628850237129,-5.3103724939492
1.58,84,-117,159.291494802291,-5.34205519667247
1.58,84,-114,186.992447878273,-5.36276179975577
1.58,84,-111,215.609299914545,-5.37646251229269
1.58,84,-108,245.046602053361,-5.38553603013295
1.58,84,-105,275.225253973184,-5.39149791441508
1.58,84,-102,306.078581770545,-5.39536521243621
1.58,84,-99,337.550339356546,-5.39785201940187
1.58,84,-96,369.592169474485,-5.39948080182439
1.58,84,-93,402.159354676886,-5.40064888305495
1.58,84,-90,435.204585077056,-5.40166936464052
1.58,84,-87,468.670125324589,-5.40279639312965
1.58,84,-84,502.479208937126,-5.40424023450385
1.58,84,-81,536.527730163328,-5.40617552467546
1.58,84,-78,570.677351962654,-5.40874509573801
1.58,84,-75,604.751022223587,-5.4120612963772
1.58,84,-72,638.531616631412,-5.41620638739505
1.58,84,-69,671.764043353427,-5.4212332234626
1.58,84,-66,704.160702301433,-5.42716696192575
1.58,84,-63,735.409754665687,-5.4340079767471
1.58,84,-60,765.185302387485,-5.44173556415223
1.58,84,-57,793.158378755328,-5.45031150901331
1.58,84,-54,819.00766880851,-5.45968226010614
1.58,84,-51,842.429127802718,-5.46977845346461
1.58,84,-48,863.144100863041,-5.48051089738977
1.58,84,-45,880.906054558237,-5.49176287759425
1.58,84,-42,895.506459163862,-5.5033796328125
1.58,84,-39,906.780569838795,-5.51515686099768
1.58,84,-36,914.613778736392,-5.5268308608485
1.58,84,-33,918.948884274975,-5.5380731450508
1.58,84,-30,919.794168924815,-5.54849196460827
1.58,84,-27,917.231736871049,-5.55764223575967
1.58,84,-24,911.425237493453,-5.56504412554565
1.58,84,-21,902.625909224486,-5.57020939388462
1.58,84,-18,891.17576983531,-5.57267383810673
1.58,84,-15,877.506674306873,-5.57203398618535
1.58,84,-12,862.133809598436,-5.5679863927526
1.58,84,-9,845.642036603889,-5.56036805642577
1.58,84,-6,828.663507973672,-5.54919596853309
1.58,84,-3,811.845521778167,-5.53470212533664
1.58,84,0,795.808990261308,-5.51735759447712
1.58,84,3,781.100356476811,-5.49787656685179
1.58,84,6,768.142856345688,-5.47719090364067
1.58,84,9,757.195553405394,-5.45638970102906
1.58,84,12,748.32904717282,-5.43662725382506
1.58,84,15,741.424169778466,-5.41901369316729
1.58,84,18,736.194767265272,-5.40451022709802
1.58,84,21,732.22976681176,-5.39385085022889
1.58,84,24,729.045590627961,-5.38750427289599
1.58,84,27,726.139033112642,-5.38567774686112
1.58,84,30,723.032715744214,-5.38835395076424
1.58,84,33,719.308716387011,-5.39534664449944
1.58,84,36,714.629350402474,-5.40636069880627
1.58,84,39,708.746420848252,-5.42104552735492
1.58,84,42,701.501383745677,-5.43903565635022
1.58,84,45,692.819085138856,-5.45997655187886
1.58,84,48,682.697420323822,-5.48353709956952
1.58,84,51,671.194753135652,-5.50941209463353
1.58,84,54,658.416400788706,-5.53731886530302
1.58,84,57,644.501038535851,-5.56699196948718
1.58,84,60,629.607562009825,-5.59817907721966
1.58,84,63,613.902781422403,-5.63063999205616
1.58,84,66,597.550291452393,-5.66414955389361
1.58,84,69,580.700911769455,-5.69850411799885
1.58,84,72,563.485158324355,-5.73353054477979
1.58,84,75,546.008223428024,-5.76909619352921
1.58,84,78,528.347872987725,-5.80511824678386
1.58,84,81,510.55549634993,-5.84157071118056
1.58,84,84,492.660271413007,-5.87848754915051
1.58,84,87,474.676050550662,-5.9159605250462
1.58,84,90,456.610157461036,-5.95413048898989
1.58,84,93,438.47285460974,-5.99317103968025
1.58,84,96,420.285868660396,-6.03326395510181
1.58,84,99,402.08816046224,-6.07456667384451
1.58,84,102,383.937244364447,-6.11717366742619
1.58,84,105,365.904943651034,-6.16107585073025
1.58,84,108,348.067579582519,-6.2061249742246
1.58,84,111,330.492111341034,-6.25201241091942
1.58,84,114,313.221289433816,-6.29827251435874
1.58,84,117,296.261843346865,-6.34431832850311
1.58,84,120,279.579482099523,-6.38951137790293
1.58,84,123,263.102810434848,-6.43325902845931
1.58,84,126,246.735607753777,-6.47512588928513
1.58,84,129,230.374355955219,-6.51494363593452
1.58,84,132,213.926604253261,-6.55290825300495
1.58,84,135,197.326313825304,-6.58966396028426
1.58,84,138,180.544423960776,-6.62638648587765
1.58,84,141,163.59557987778,-6.66489348822713
1.58,84,144,146.544315211742,-6.70782840979249
1.58,84,147,129.515644618427,-6.75899045734412
1.58,84,150,112.716568013111,-6.82392109425516
1.58,84,153,96.4778480281567,-6.9108852752083
1.58,84,156,81.3305919013691,-7.03224537841583
1.58,84,159,68.1318484723217,-7.20518175721707
1.58,84,162,58.1936912148882,-7.44667485506379
1.58,84,165,53.106170286145,-7.75229969479582
1.58,84,168,53.7380756210607,-8.07205452776267
1.58,84,171,59.2136252733116,-8.34260975035543
1.58,84,174,67.5890541944699,-8.54192902849365
1.58,84,177,77.1152740829876,-8.68175072013746
1.58,84,180,86.6090126008816,-8.78013458986538
1.58,87,-180,86.6090126008817,-2.44458940512596
1.58,87,-177,94.2716976876966,-2.51160814472096
1.58,87,-174,100.742115311764,-2.56121883891256
1.58,87,-171,105.668105283505,-2.59856547697166
1.58,87,-168,108.765290952272,-2.62715402827606
1.58,87,-165,109.799808749783,-2.64949801761182
1.58,87,-162,108.587541293562,-2.66757132357858
1.58,87,-159,105.002114175858,-2.68314842016698
1.58,87,-156,98.9852784529745,-2.69811792739396
1.58,87,-153,90.5549134756856,-2.71488847273884
1.58,87,-150,79.8088200182111,-2.73713381216342
1.58,87,-147,66.9285242600969,-2.77156978229609
1.58,87,-144,52.2046210515249,-2.83323765466408
1.58,87,-141,36.1877637237713,-2.96594925389526
1.58,87,-138,20.7459492765391,-3.35243468037552
1.58,87,-135,16.5948172902588,-4.47472541781064
1.58,87,-132,31.9317369394479,-5.14342362127553
1.58,87,-129,53.1746673569856,-5.34232533970889
1.58,87,-126,76.5243114391138,-5.42336093134321
1.58,87,-123,101.276029784608,-5.4632135930172
1.58,87,-120,127.193194660663,-5.48438879143072
1.58,87,-117,154.152549165428,-5.49566323701439
1.58,87,-114,182.066089586256,-5.50116779085059
1.58,87,-111,210.857970651598,-5.50312665899181
1.58,87,-108,240.457857405378,-5.50286731616956
1.58,87,-105,270.800282641278,-5.50124871087545
1.58,87,-102,301.825738720071,-5.49886268942385
1.58,87,-99,333.481208201448,-5.49613720034917
1.58,87,-96,365.718879942031,-5.49339342477965
1.58,87,-93,398.492574128948,-5.49087964610453
1.58,87,-90,431.752018008585,-5.48879231687379
1.58,87,-87,465.435568744227,-5.48728931300644
1.58,87,-84,499.462264564284,-5.48649796547548
1.58,87,-81,533.724211424496,-5.48651949061844
1.58,87,-78,568.080300957984,-5.48743110634759
1.58,87,-75,602.35212679614,-5.489286996901
1.58,87,-72,636.322735629256,-5.49211914278038
1.58,87,-69,669.738531423164,-5.49593875959835
1.58,87,-66,702.314271008252,-5.50073867424664
1.58,87,-63,733.740692728738,-5.50649645961711
1.58,87,-60,763.693977299786,-5.51317764519908
1.58,87,-57,791.846036091769,-5.52073793850255
1.58,87,-54,817.87463018011,-5.52912324889289
1.58,87,-51,841.472571249223,-5.53826648948159
1.58,87,-48,862.35569600431,-5.54808067191272
1.58,87,-45,880.269814744078,-5.55844864245197
1.58,87,-42,894.997244228627,-5.56921077650768
1.58,87,-39,906.363696877787,-5.58015281764567
1.58,87,-36,914.246148300836,-5.59099656600584
1.58,87,-33,918.581890874928,-5.60139610781661
1.58,87,-30,919.378437007961,-5.61094169351247
1.58,87,-27,916.723418810282,-5.61917235103821
1.58,87,-24,910.793255357479,-5.62559713630733
1.58,87,-21,901.859163229356,-5.62972389382405
1.58,87,-18,890.289041637882,-5.63109377088892
1.58,87,-15,876.543809063309,-5.62931955375427
1.58,87,-12,861.166858844524,-5.6241259756398
1.58,87,-9,844.765462164164,-5.61539005716329
1.58,87,-6,827.983320432252,-5.60317877531014
1.58,87,-3,811.464307612964,-5.58777964268586
1.58,87,0,795.808990261308,-5.56971747203695
1.58,87,3,781.527757525653,-5.54974896617073
1.58,87,6,768.99680728442,-5.52882772689487
1.58,87,9,758.424746800909,-5.5080373073631
1.58,87,12,749.836995534289,-5.48849856102228
1.58,87,15,743.082029916108,-5.47126658703379
1.58,87,18,737.858586939349,-5.4572374897417
1.58,87,21,733.758130131603,-5.44708301414809
1.58,87,24,730.314088333697,-5.44122275449676
1.58,87,27,727.049421278911,-5.43983311063619
1.58,87,30,723.516356894441,-5.44288390167688
1.58,87,33,719.325297687871,-5.45018983884708
1.58,87,36,714.162628291707,-5.46146464307229
1.58,87,39,707.798839767528,-5.47636877020833
1.58,87,42,700.089032564079,-5.49454568716424
1.58,87,45,690.967826484385,-5.51564523535755
1.58,87,48,680.44038253992,-5.5393352887368
1.58,87,51,668.570885897216,-5.56530455550518
1.58,87,54,655.469557899943,-5.59326008328461
1.58,87,57,641.279069028659,-5.62292297953058
1.58,87,60,626.161089415692,-5.65402525078534
1.58,87,63,610.283614959365,-5.68630970532565
1.58,87,66,593.809629815532,-5.71953376437669
1.58,87,69,576.887600038744,-5.75347698027088
1.58,87,72,559.644228983583,-5.78795121643521
1.58,87,75,542.179831476253,-5.82281189037935
1.58,87,78,524.566586234285,-5.85796842971907
1.58,87,81,506.849786224492,-5.89339209091874
1.58,87,84,489.052004366241,-5.92911945207133
1.58,87,87,471.179811741037,-5.96525012846583
1.58,87,90,453.232328348587,-6.00193753057555
1.58,87,93,435.210484554895,-6.03937182163399
1.58,87,96,417.12550018972,-6.07775475695594
1.58,87,99,399.004870034525,-6.11726698967495
1.58,87,102,380.894233533133,-6.15802990252629
1.58,87,105,362.854046449127,-6.20006614365453
1.58,87,108,344.951019798212,-6.24326556176218
1.58,87,111,327.245722622182,-6.2873654107614
1.58,87,114,309.779189882969,-6.33195430074639
1.58,87,117,292.56226229276,-6.37650714196236
1.58,87,120,275.571151921129,-6.42045284756185
1.58,87,123,258.751174935541,-6.46326914188559
1.58,87,126,242.028148011897,-6.50459247196375
1.58,87,129,225.324594553687,-6.544329060041
1.58,87,132,208.576720707981,-6.58275726438165
1.58,87,135,191.74864657331,-6.62062087936423
1.58,87,138,174.842345516716,-6.65922568110718
1.58,87,141,157.904299105744,-6.70056599288985
1.58,87,144,141.03214990483,-6.74752477149255
1.58,87,147,124.386289388323,-6.8042103677768
1.58,87,150,108.212743899597,-6.87650706814314
1.58,87,153,92.8855686635611,-6.97286900559167
1.58,87,156,78.9774812708371,-7.10504103919483
1.58,87,159,67.3516770642079,-7.28701426716188
1.58,87,162,59.1821289993652,-7.52735432026219
1.58,87,165,55.6186838227827,-7.81132326033945
1.58,87,168,56.9578241344958,-8.0935082670141
1.58,87,171,62.2040609874656,-8.32986368089778
1.58,87,174,69.7564932947169,-8.50756829872357
1.58,87,177,78.2178087370815,-8.63569413460991
1.58,87,180,86.6090126008817,-8.72777471230555
1.58,90,-180,86.6090126008817,-2.39222952756613
1.58,90,-177,93.2134403045007,-2.45518246124924
1.58,90,-174,98.7473229947146,-2.50158754343521
1.58,90,-171,102.885060852746,-2.53562652327166
1.58,90,-168,105.350948539989,-2.56015793841216
1.58,90,-165,105.907226798647,-2.57717355019423
1.58,90,-162,104.357089495666,-2.58811654208162
1.58,90,-159,100.555600916983,-2.59408705850987
1.58,90,-156,94.4217614188524,-2.59596303783927
1.58,90,-153,85.945925971836,-2.59445618401214
1.58,90,-150,75.1887495689364,-2.59010978480056
1.58,90,-147,62.2705594536108,-2.58321425286932
1.58,90,-144,47.3529071453034,-2.57349539413365
1.58,90,-141,30.6164587622023,-2.55865824766718
1.58,90,-138,12.2441370700188,-2.51901411211608
1.58,90,-135,7.66973185644617,0.494241660208915
1.58,90,-132,28.8794394904121,0.564841211741402
1.58,90,-129,51.3683306511717,0.583654324055969
1.58,90,-126,75.048158695981,0.596887651374819
1.58,90,-123,99.8592079807329,0.608510609514594
1.58,90,-120,125.748112223461,0.619509619173175
1.58,90,-117,152.65995160804,0.630202003222974
1.58,90,-114,180.534654850468,0.640666576151895
1.58,90,-111,209.307161532988,0.650870901204291
1.58,90,-108,238.91017484705,0.66072462886269
1.58,90,-105,269.277866125936,0.670109027893012
1.58,90,-102,300.348918951995,0.678895992686224
1.58,90,-99,332.067713591397,0.686960596836723
1.58,90,-96,364.38305111599,0.694188935469431
1.58,90,-93,397.244412690594,0.700482519747951
1.58,90,-90,430.596218766465,0.705760382641196
1.58,90,-87,464.370846537992,0.709959885828075
1.58,90,-84,498.48129271205,0.713036908492216
1.58,90,-81,532.814373092303,0.714965715709625
1.58,90,-78,567.22527224712,0.71573845736221
1.58,90,-75,601.534119610971,0.715364038929407
1.58,90,-72,635.525076207541,0.713866093162215
1.58,90,-69,668.948163025703,0.711279971307151
1.58,90,-66,701.523752599419,0.707649014390791
1.58,90,-63,732.949312803984,0.703020766803284
1.58,90,-60,762.907704050105,0.697444140261379
1.58,90,-57,791.076176047942,0.690968709006048
1.58,90,-54,817.135262626737,0.683647221731982
1.58,90,-51,840.777051717522,0.675542003926689
1.58,90,-48,861.712747599569,0.666735217743125
1.58,90,-45,879.6799013292,0.657342051430627
1.58,90,-42,894.449990409123,0.647525010742217
1.58,90,-39,905.837049233769,0.637506805348883
1.58,90,-36,913.707757261134,0.627579064936554
1.58,90,-33,917.992865330178,0.618104387767237
1.58,90,-30,918.699237937509,0.609509981665761
1.58,90,-27,915.921269919355,0.602272224980403
1.58,90,-24,909.850104513438,0.596892588415709
1.58,90,-21,900.778965648836,0.593866259086631
1.58,90,-18,889.102990958994,0.593645342250037
1.58,90,-15,875.312160732732,0.59659871158807
1.58,90,-12,859.976228015911,0.602970668181407
1.58,90,-9,843.720993636609,0.61284092956189
1.58,90,-6,827.19595207322,0.626089453758309
1.58,90,-3,811.034433679189,0.642371241711114
1.58,90,0,795.808990261308,0.661107957582807
1.58,90,3,781.986737352137,0.681503648583229
1.58,90,6,769.891057931471,0.702589481450728
1.58,90,9,759.676534410272,0.723296554770945
1.58,90,12,751.322411028541,0.742547809629095
1.58,90,15,744.646310521793,0.759353172280446
1.58,90,18,739.335445106099,0.772889921502284
1.58,90,21,734.988902515274,0.782554294541608
1.58,90,24,731.163114491454,0.787978679312035
1.58,90,27,727.413565003614,0.789017579882803
1.58,90,30,723.328311594535,0.7857115877527
1.58,90,33,718.551695697832,0.778240621465157
1.58,90,36,712.798726155479,0.766876435459668
1.58,90,39,705.861681797329,0.751941408060232
1.58,90,42,697.610670313236,0.733777299095619
1.58,90,45,687.989610224317,0.712724846061921
1.58,90,48,677.008744154765,0.689113047943255
1.58,90,51,664.734552367983,0.663255767706706
1.58,90,54,651.277854495804,0.635452750775398
1.58,90,57,636.780901885214,0.605992171504584
1.58,90,60,621.404286159194,0.575152256340095
1.58,90,63,605.314461892448,0.543200267082573
1.58,90,66,588.672587230983,0.510388026885241
1.58,90,69,571.625245196147,0.476944091163679
1.58,90,72,554.297453896958,0.443063466937759
1.58,90,75,536.788233327688,0.408896360905926
1.58,90,78,519.168877494523,0.374537738729106
1.58,90,81,501.483967343507,0.34001952011828
1.58,90,84,483.755019207978,0.30530708119906
1.58,90,87,465.986459901762,0.270301468469258
1.58,90,90,448.173335183477,0.234848402578564
1.58,90,93,430.30981125553,0.198754757411535
1.58,90,96,412.397185690448,0.161812652388773
1.58,90,99,394.449899662082,0.123830438477994
1.58,90,102,376.498083475685,0.0846685266077738
1.58,90,105,358.585607371713,0.0442761399521915
1.58,90,108,340.763506397895,0.00272287334998298
1.58,90,111,323.079899374509,-0.0397829667516943
1.58,90,114,305.568810674286,-0.082897866505359
1.58,90,117,288.241134085569,-0.126175290694151
1.58,90,120,271.080855705611,-0.169128817710589
1.58,90,123,254.048375142487,-0.211322142753137
1.58,90,126,237.090660688562,-0.252476201484823
1.58,90,129,220.155873823372,-0.292581549724074
1.58,90,132,203.2089501729,-0.332007269650093
1.58,90,135,186.244974372919,-0.371605741069506
1.58,90,138,169.298883190341,-0.412823898523449
1.58,90,141,152.452368640434,-0.457844336590967
1.58,90,144,135.841037192693,-0.509792243139962
1.58,90,147,119.666481016082,-0.573051353216157
1.58,90,150,104.218913781279,-0.653709948181319
1.58,90,153,89.9158673215028,-0.760017464628942
1.58,90,156,77.3564177407308,-0.902213238070027
1.58,90,159,67.3605853217364,-1.08976462472008
1.58,90,162,60.8801885647679,-1.32287212692935
1.58,90,165,58.605181012514,-1.58107487253264
1.58,90,168,60.4086099337923,-1.82726813560479
1.58,90,171,65.2958697994734,-2.03256905284491
1.58,90,174,71.9745412548859,-2.19007493446334
1.58,90,177,79.3437178399231,-2.30665491750954
1.58,90,180,86.6090126008817,-2.39222952756613
1.58,93,-180,86.6090126008817,-2.3398696500063
1.58,93,-177,92.1378289787003,-2.39859647478199
1.58,93,-174,96.7247699936297,-2.44175043978232
1.58,93,-171,100.076207807363,-2.47253412071068
1.58,93,-168,101.930966285267,-2.49310438564835
1.58,93,-165,102.054188860135,-2.50486963507083
1.58,93,-162,100.245181855515,-2.50867819274494
1.58,93,-159,96.3528180440127,-2.50487961153779
1.58,93,-156,90.2918804777696,-2.49322814225245
1.58,93,-153,82.05510142166,-2.47253405369152
1.58,93,-150,71.719393537416,-2.43977782411475
1.58,93,-147,59.4531121907916,-2.38776338955376
1.58,93,-144,45.556611614455,-2.29776834349766
1.58,93,-141,30.7000816122982,-2.10965324458082
1.58,93,-138,17.6435730982188,-1.56780690656042
1.58,93,-135,18.7631456947892,-0.437206947006766
1.58,93,-132,35.0741206409632,0.0779515840895056
1.58,93,-129,55.756000130635,0.260894888801072
1.58,93,-126,78.4257829633271,0.351723527680038
1.58,93,-123,102.563133159476,0.407647667356008
1.58,93,-120,127.971111125356,0.447080492213301
1.58,93,-117,154.532287662248,0.477529017626962
1.58,93,-114,182.15098154649,0.502534962161845
1.58,93,-111,210.737863146064,0.523918632430044
1.58,93,-108,240.207742986824,0.542656547005069
1.58,93,-105,270.481408721572,0.559277842156408
1.58,93,-102,301.487523992203,0.57406430444471
1.58,93,-99,333.162697097954,0.587159970324564
1.58,93,-96,365.449077417982,0.598634657031736
1.58,93,-93,398.289665193022,0.608522062815432
1.58,93,-90,431.622007238013,0.61684296541254
1.58,93,-87,465.371154178392,0.623619270037878
1.58,93,-84,499.442756682783,0.628882143833757
1.58,93,-81,533.717068830866,0.632676035670069
1.58,93,-78,568.044474348745,0.635059553970965
1.58,93,-75,602.242986332529,0.636103772941467
1.58,93,-72,636.097989653119,0.635888460374719
1.58,93,-69,669.364280518204,0.634496878530204
1.58,93,-66,701.770207040227,0.632010095575633
1.58,93,-63,733.02346115808,0.62850203371712
1.58,93,-60,762.817886521399,0.624036644463354
1.58,93,-57,790.840633436315,0.61866853382492
1.58,93,-54,816.779165570626,0.612447994759386
1.58,93,-51,840.327985832152,0.605430738024424
1.58,93,-48,861.195393047845,0.597691721511891
1.58,93,-45,879.11093743247,0.589341516780093
1.58,93,-42,893.83434770974,0.580542828510089
1.58,93,-39,905.166473849681,0.571524307680038
1.58,93,-36,912.962267594718,0.562588815764362
1.58,93,-33,917.145154833972,0.55411382751422
1.58,93,-30,917.721525004638,0.546542589637201
1.58,93,-27,914.793621351924,0.540365765500954
1.58,93,-24,908.568928718013,0.536094345453291
1.58,93,-21,899.364210734558,0.53422539720756
1.58,93,-18,887.602591964792,0.535202706590173
1.58,93,-15,873.802460842954,0.539374616153877
1.58,93,-12,858.557472301895,0.546951657363621
1.58,93,-9,842.507600814542,0.557967197153332
1.58,93,-6,826.302136569808,0.572245454199062
1.58,93,-3,810.556826073262,0.589382664203857
1.58,93,0,795.808990261308,0.608748080022977
1.58,93,3,782.47606413905,0.629510614339369
1.58,93,6,770.823905417923,0.650693205149568
1.58,93,9,760.950627461365,0.671250573782798
1.58,93,12,752.789245375054,0.690158976100801
1.58,93,15,746.128575109679,0.706502036398281
1.58,93,18,740.647918301415,0.719537287908787
1.58,93,21,735.95859386379,0.72873360952166
1.58,93,24,731.64515104808,0.733777780355273
1.58,93,27,727.300846169601,0.734555483184509
1.58,93,30,722.554636355744,0.731116037401192
1.58,93,33,717.089389334005,0.723630622916847
1.58,93,36,710.652525786335,0.712351840386087
1.58,93,39,703.060794715112,0.697579575533052
1.58,93,42,694.200649264945,0.679635380488574
1.58,93,45,684.025191393761,0.658845483496054
1.58,93,48,672.548245262529,0.635531191129671
1.58,93,51,659.835962698028,0.610004737182209
1.58,93,54,645.996439942508,0.582568389015909
1.58,93,57,631.168010774577,0.553514705711532
1.58,93,60,615.507040908344,0.523126163230972
1.58,93,63,599.176094761929,0.49167286238447
1.58,93,66,582.333260282249,0.459407660544103
1.58,93,69,565.123238536665,0.426558744841837
1.58,93,72,547.670594602117,0.393320301799616
1.58,93,75,530.075379498257,0.359842444867168
1.58,93,78,512.411195275217,0.326221872718715
1.58,93,81,494.725678033538,0.292494829066726
1.58,93,84,477.043281477163,0.258633848139124
1.58,93,87,459.37011296938,0.224549555079475
1.58,93,90,441.700374378868,0.190098496692302
1.58,93,93,424.023692915196,0.155097612076877
1.58,93,96,406.332338626196,0.119345457004392
1.58,93,99,388.627106599711,0.0826495522172828
1.58,93,102,370.920616162915,0.044858098024595
1.58,93,105,353.237068458131,0.00589272039535003
1.58,93,108,335.608174937025,-0.0342229777777761
1.58,93,111,318.065968143334,-0.0753460318732772
1.58,93,114,300.634304203534,-0.117215666448737
1.58,93,117,283.321673059891,-0.159480494605652
1.58,93,120,266.11801842052,-0.201754692595093
1.58,93,123,248.997394175366,-0.243701331386424
1.58,93,126,231.926617047393,-0.285135950274371
1.58,93,129,214.878233641637,-0.326140818098512
1.58,93,132,197.844919757489,-0.367181920951929
1.58,93,135,180.852458072636,-0.409226722580967
1.58,93,138,163.969731133259,-0.453869741017279
1.58,93,141,147.316208662373,-0.503482402219292
1.58,93,144,131.069457623316,-0.56140876189891
1.58,93,147,115.476612318846,-0.632216670746374
1.58,93,150,100.873844208353,-0.721945996979554
1.58,93,153,87.7147331757351,-0.838070009221504
1.58,93,156,76.595669353839,-0.9883288420445
1.58,93,159,68.2316167863439,-1.17684122733603
1.58,93,162,63.2880670783015,-1.39698678203222
1.58,93,165,62.034218030858,-1.62717773230487
1.58,93,168,64.0712616349784,-1.83979527167734
1.58,93,171,68.4804175110746,-2.01705633821199
1.58,93,174,74.23743013488,-2.15573641678274
1.58,93,177,80.4898204214288,-2.26097344431796
1.58,93,180,86.6090126008817,-2.3398696500063
1.58,96,-180,86.6090126008816,-2.28750977244647
1.58,96,-177,91.0473464550658,-2.34185582309503
1.58,96,-174,94.677669875436,-2.38172007693648
1.58,96,-171,97.2432608498174,-2.40932972508863
1.58,96,-168,98.5031075270021,-2.42609795179543
1.58,96,-165,98.2318766584311,-2.4327995337448
1.58,96,-162,96.2335357879315,-2.42964531153903
1.58,96,-159,92.3627044997134,-2.41620757026039
1.58,96,-156,86.5476808932908,-2.39112147428202
1.58,96,-153,78.8118024187081,-2.35138733356178
1.58,96,-150,69.2973562753596,-2.29081973132332
1.58,96,-147,58.3152247754412,-2.19640021734815
1.58,96,-144,46.5008104154879,-2.03906825354592
1.58,96,-141,35.3544943926584,-1.75214412828963
1.58,96,-138,28.7588602014212,-1.23254233355863
1.58,96,-135,32.4921899404611,-0.608605032743146
1.58,96,-132,45.7996511785856,-0.200512180204242
1.58,96,-129,64.1591578671671,0.01943734743808
1.58,96,-126,85.3191520149744,0.147735369613878
1.58,96,-123,108.426575176784,0.231243802754761
1.58,96,-120,133.102629648844,0.290732374222008
1.58,96,-117,159.131066198269,0.336157995648214
1.58,96,-114,186.355960926125,0.372701579869377
1.58,96,-111,214.647410391012,0.403227919893376
1.58,96,-108,243.891366693579,0.429384624885869
1.58,96,-105,273.987737152517,0.452140390225126
1.58,96,-102,304.850010143061,0.472070733504624
1.58,96,-99,336.403503967821,0.489520107922569
1.58,96,-96,368.581355751639,0.504698836378873
1.58,96,-93,401.318509856378,0.517743341559787
1.58,96,-90,434.544531078523,0.528754399107714
1.58,96,-87,468.176228123261,0.537821369581785
1.58,96,-84,502.110981441833,0.545036828987386
1.58,96,-81,536.2214608796,0.55050412012638
1.58,96,-78,570.352184108256,0.554339370775354
1.58,96,-75,604.318144567704,0.556669122086377
1.58,96,-72,637.905524431249,0.557624682129825
1.58,96,-69,670.874288953191,0.557334514227127
1.58,96,-66,702.962239789746,0.555916244682886
1.58,96,-63,733.889933609,0.553470086678997
1.58,96,-60,763.36582832009,0.55007549382627
1.58,96,-57,791.09117692207,0.545792576596452
1.58,96,-54,816.764563765054,0.540669192442336
1.58,96,-51,840.086487105097,0.53475369169634
1.58,96,-48,860.764859277315,0.528112196426044
1.58,96,-45,878.522513410502,0.52084822032282
1.58,96,-42,893.10762713608,0.513121650701637
1.58,96,-39,904.307393124593,0.505163814230705
1.58,96,-36,911.964431819445,0.497285626500037
1.58,96,-33,915.994593698879,0.489876620220226
1.58,96,-30,916.40416435745,0.4833937642926
1.58,96,-27,913.304193216248,0.478340170833084
1.58,96,-24,906.919717710538,0.475234810712426
1.58,96,-21,897.59196436343,0.47457509346079
1.58,96,-18,885.772073828094,0.476794631862626
1.58,96,-15,872.00545961018,0.482218866590067
1.58,96,-12,856.906583337813,0.491021722740149
1.58,96,-9,841.124792720463,0.503187322541886
1.58,96,-6,825.303019672486,0.518481964304678
1.58,96,-3,810.032593474861,0.536442626566944
1.58,96,0,795.808990261308,0.556388202463147
1.58,96,3,782.994512326168,0.577457398101645
1.58,96,6,771.793952632777,0.598672274812122
1.58,96,9,762.247682203724,0.61901979463722
1.58,96,12,754.243360512851,0.637537986482665
1.58,96,15,747.543527815096,0.65339132923547
1.58,96,18,741.823129949684,0.665922928381643
1.58,96,21,736.709737191785,0.674677788669619
1.58,96,24,731.820129838502,0.679398971611271
1.58,96,27,726.789341176277,0.680003833488403
1.58,96,30,721.291004722533,0.676549588548334
1.58,96,33,715.049944268698,0.669196546161742
1.58,96,36,707.848916836489,0.658174842671339
1.58,96,39,699.531373989889,0.643757651937821
1.58,96,42,690.001481229857,0.626241560049534
1.58,96,45,679.221917193888,0.605933336307011
1.58,96,48,667.209506945803,0.583141653957852
1.58,96,51,654.028647088916,0.558172168906677
1.58,96,54,639.782682801136,0.531324499547682
1.58,96,57,624.603724767774,0.502889887470814
1.58,96,60,608.641671877067,0.473148575018251
1.58,96,63,592.053324477919,0.442366203126701
1.58,96,66,574.992412354789,0.410788834042172
1.58,96,69,557.601170593329,0.378636551355386
1.58,96,72,540.003855352695,0.346095965880116
1.58,96,75,522.302372858348,0.313312311687712
1.58,96,78,504.574039351591,0.280382093464494
1.58,96,81,486.871399332865,0.247347400910779
1.58,96,84,469.22397549451,0.214193026934263
1.58,96,87,451.641763001204,0.180847433666707
1.58,96,90,434.120174295633,0.14718843470699
1.58,96,93,416.645970891814,0.113054214972284
1.58,96,96,399.203502172035,0.0782599560829114
1.58,96,99,381.780364100254,0.0426197849054787
1.58,96,102,364.371484339965,0.00597289266838862
1.58,96,105,346.980742648803,-0.0317886106993245
1.58,96,108,329.619634592894,-0.0706941976013613
1.58,96,111,312.303195854157,-0.110677608723417
1.58,96,114,295.044305298413,-0.151574778474298
1.58,96,117,277.84830414715,-0.193143966666834
1.58,96,120,260.71023547273,-0.235113022831576
1.58,96,123,243.616616218785,-0.277254769571852
1.58,96,126,226.552472527196,-0.319486766674981
1.58,96,129,209.512770362564,-0.361988161507866
1.58,96,132,192.516033934537,-0.405325815634095
1.58,96,135,175.617519821828,-0.450585066526423
1.58,96,138,158.920071182282,-0.499505983170823
1.58,96,141,142.582423963114,-0.554629860027929
1.58,96,144,126.826543840405,-0.619454312480024
1.58,96,147,111.946551901872,-0.698558633768218
1.58,96,150,98.3205189938976,-0.797549756952851
1.58,96,153,86.4200480282961,-0.922424495180111
1.58,96,156,76.7964025507711,-1.07757808905368
1.58,96,159,69.9975880972418,-1.26186309227147
1.58,96,162,66.3770062867229,-1.46447067149769
1.58,96,165,65.8664877279119,-1.66615348377127
1.58,96,168,67.9251193643528,-1.848078700805
1.58,96,171,71.7481976501835,-2.00012345434893
1.58,96,174,76.5390972834828,-2.12129403395505
1.58,96,177,81.6528665722601,-2.21543479023736
1.58,96,180,86.6090126008816,-2.28750977244647
1.58,99,-180,86.6090126008817,-2.23514989488664
1.58,99,-177,89.9445001205845,-2.28496592155477
1.58,99,-174,92.6091723199693,-2.32150673665152
1.58,99,-171,94.3875321823056,-2.34605092106142
1.58,99,-168,95.0639655145074,-2.35924071990284
1.58,99,-165,94.4287914227958,-2.36117957333022
1.58,99,-162,92.2983280656051,-2.35142025813874
1.58,99,-159,88.5432688679454,-2.32878175066704
1.58,99,-156,83.1199490834618,-2.29090427987445
1.58,99,-153,76.1033865713555,-2.2333603895403
1.58,99,-150,67.7317716664118,-2.14793980482266
1.58,99,-147,58.4954683880444,-2.01942773921617
1.58,99,-144,49.3507000073552,-1.8206745571891
1.58,99,-141,42.1672347030471,-1.51361733382604
1.58,99,-138,40.0203348094717,-1.09425725662183
1.58,99,-135,45.3930721221841,-0.670764708709938
1.58,99,-132,57.5612272982595,-0.35581037800572
1.58,99,-129,74.3288102898513,-0.149068567586069
1.58,99,-126,94.162551787203,-0.0120211465896549
1.58,99,-123,116.252743605694,0.0837407718806546
1.58,99,-120,140.15864258997,0.15455371996034
1.58,99,-117,165.603165802581,0.209590843936729
1.58,99,-114,192.382438329044,0.254135362705559
1.58,99,-111,220.329657596233,0.291325021023695
1.58,99,-108,249.302424962971,0.323069597239603
1.58,99,-105,279.178960177811,0.350550838738401
1.58,99,-102,309.856177011385,0.374507904217494
1.58,99,-99,341.246487418044,0.395408213499716
1.58,99,-96,373.272428890658,0.413554276719671
1.58,99,-93,405.859479846365,0.429152977395313
1.58,99,-90,438.928032641902,0.442361527858073
1.58,99,-87,472.385630714587,0.45331784613176
1.58,99,-84,506.120425088747,0.462159632954994
1.58,99,-81,539.99651897425,0.469034614833838
1.58,99,-78,573.851550122501,0.474103577354392
1.58,99,-75,607.49655457943,0.477537562400034
1.58,99,-72,640.717868379731,0.479510707675053
1.58,99,-69,673.280556180851,0.480190494378719
1.58,99,-66,704.932637386731,0.479727488012869
1.58,99,-63,735.409283146123,0.478246862347984
1.58,99,-60,764.436275461993,0.475843949839231
1.58,99,-57,791.732413643343,0.472585653791976
1.58,99,-54,817.011188264136,0.468518741221096
1.58,99,-51,839.982753348334,0.463684864364959
1.58,99,-48,860.35774966627,0.458140809795532
1.58,99,-45,877.854603856539,0.451981226395734
1.58,99,-42,892.211418168966,0.445360245156893
1.58,99,-39,903.202557733732,0.438508203299345
1.58,99,-36,910.658818771088,0.431740179965603
1.58,99,-33,914.488985229863,0.425454102389818
1.58,99,-30,914.699941418465,0.420117514221978
1.58,99,-27,911.412411034157,0.416243408007854
1.58,99,-24,904.869757445962,0.414356588709896
1.58,99,-21,895.437920335975,0.414952779303305
1.58,99,-18,883.595304795923,0.418453188718918
1.58,99,-15,869.912202832728,0.425157745415763
1.58,99,-12,855.020157399939,0.435200894308239
1.58,99,-9,839.572697837228,0.448514868229189
1.58,99,-6,824.200183534526,0.464806451486276
1.58,99,-3,809.463028225471,0.48355375080384
1.58,99,0,795.808990261308,0.504028324903317
1.58,99,3,783.540862312165,0.525344354072328
1.58,99,6,772.800079140888,0.546530574135232
1.58,99,9,763.569183545773,0.566614256427777
1.58,99,12,755.692245529978,0.584702413927496
1.58,99,15,748.908481337566,0.600045878552332
1.58,99,18,742.891907200688,0.612076986304937
1.58,99,21,737.2897149854,0.620419080407205
1.58,99,24,731.753969152851,0.62487277921437
1.58,99,27,725.964177004383,0.625387746970613
1.58,99,30,719.641058477076,0.622029092667208
1.58,99,33,712.553587460682,0.614945448767273
1.58,99,36,704.521850075261,0.604342703077417
1.58,99,39,695.417741293634,0.590464504275776
1.58,99,42,685.164534304639,0.573578718908915
1.58,99,45,673.735432740083,0.55396813500363
1.58,99,48,661.150689359029,0.531923672229755
1.58,99,51,647.472829659194,0.507738800608738
1.58,99,54,632.799833160224,0.481704431193154
1.58,99,57,617.25657743978,0.454103981314384
1.58,99,60,600.98523086532,0.425208541056857
1.58,99,63,584.135464563536,0.395272107803073
1.58,99,66,566.855321343809,0.364526810937762
1.58,99,69,549.283386689506,0.333178024292939
1.58,99,72,531.542646555795,0.301399325362545
1.58,99,75,513.736173811425,0.269327415411006
1.58,99,78,495.944613272165,0.237057322711148
1.58,99,81,478.2253491054,0.204638412053679
1.58,99,84,460.613219465325,0.172071869398327
1.58,99,87,443.122651954046,0.139310403879418
1.58,99,90,425.751083380665,0.106260919501321
1.58,99,93,408.483459401143,0.072790865670559
1.58,99,96,391.297466860113,0.0387388555371544
1.58,99,99,374.168951299045,0.00392986213573988
1.58,99,102,357.076773562632,-0.031805272160747
1.58,99,105,340.006261371173,-0.0686072948272788
1.58,99,108,322.950530603051,-0.106565782609968
1.58,99,111,305.909375316805,-0.145700883267906
1.58,99,114,288.886149741781,-0.18595613036057
1.58,99,117,271.883929317997,-0.227209927984751
1.58,99,120,254.902919679931,-0.269312642817023
1.58,99,123,237.941197598661,-0.312153404275968
1.58,99,126,221.000173802119,-0.355756119347222
1.58,99,129,204.094779687563,-0.400399341157244
1.58,99,132,187.266828824729,-0.446751402731938
1.58,99,135,170.599019511769,-0.496011612653508
1.58,99,138,154.227142088567,-0.550048749555674
1.58,99,141,138.349171918285,-0.611523885513146
1.58,99,144,123.231311666937,-0.683963443091052
1.58,99,147,109.211324013001,-0.771688009657852
1.58,99,150,96.696712240857,-0.879374717741802
1.58,99,153,86.1472750252705,-1.01085696618033
1.58,99,156,78.0194041632782,-1.16680746069556
1.58,99,159,72.6490627699445,-1.34189871031183
1.58,99,162,70.0964433594021,-1.52400806050514
1.58,99,165,70.058575249607,-1.69806248318758
1.58,99,168,71.9486448810124,-1.8523450719342
1.58,99,171,75.0889531878195,-1.981771832544
1.58,99,174,78.8732035966834,-2.08668339317891
1.58,99,177,82.8295454942872,-2.17001012073086
1.58,99,180,86.6090126008817,-2.23514989488664
1.58,102,-180,86.6090126008818,-2.18279001732681
1.58,102,-177,88.8318226591767,-2.22793195181874
1.58,102,-174,90.522395611337,-2.26111800354197
1.58,102,-171,91.5100400619543,-2.28272999039392
1.58,102,-168,91.6092164523953,-2.29262944195634
1.58,102,-165,90.6312725017929,-2.29022394082758
1.58,102,-162,88.4112032764103,-2.2744074079199
1.58,102,-159,84.843536736691,-2.24331295795047
1.58,102,-156,79.9221382182243,-2.19380683810779
1.58,102,-153,73.7840387704726,-2.1206191560021
1.58,102,-150,66.768406604835,-2.01501343654152
1.58,102,-147,59.5176696791703,-1.8632955091522
1.58,102,-144,53.1497586121144,-1.64763696837438
1.58,102,-141,49.4143706348055,-1.35784774471805
1.58,102,-138,50.3438070508621,-1.02045396590378
1.58,102,-135,57.0128809349854,-0.702165769980094
1.58,102,-132,68.8867462844071,-0.450743340539871
1.58,102,-129,84.7646433998533,-0.267685655112591
1.58,102,-126,103.656874776715,-0.135380197580621
1.58,102,-123,124.922121349852,-0.0372310813954395
1.58,102,-120,148.148493997095,0.0382222300535286
1.58,102,-117,173.046503747307,0.0982957199205586
1.58,102,-114,199.390010006299,0.147601271151359
1.58,102,-111,226.989589093021,0.18906683467379
1.58,102,-108,255.682586713222,0.224571600912016
1.58,102,-105,285.329834771285,0.255332981891426
1.58,102,-102,315.81342266147,0.28214556992729
1.58,102,-99,347.032886157657,0.305532911655937
1.58,102,-96,378.899135412206,0.325847316771337
1.58,102,-93,411.326633563724,0.343337747245272
1.58,102,-90,444.224917441461,0.358197011530137
1.58,102,-87,477.490674645425,0.370594410353478
1.58,102,-84,511.001415463036,0.380697155178885
1.58,102,-81,544.611444497626,0.388682444996544
1.58,102,-78,578.150444307803,0.394741516581858
1.58,102,-75,611.42458308365,0.399076941653574
1.58,102,-72,644.219672512805,0.401894707198954
1.58,102,-69,676.305556889195,0.403393020713318
1.58,102,-66,707.440671255843,0.403750193386689
1.58,102,-63,737.375666705502,0.403114233821207
1.58,102,-60,765.855274449523,0.401596786689274
1.58,102,-57,792.618216452215,0.399273638686281
1.58,102,-54,817.395885320871,0.396193108755673
1.58,102,-51,839.911461053769,0.392392280785488
1.58,102,-48,859.881747265207,0.387919428531709
1.58,102,-45,877.023963611607,0.38285947486955
1.58,102,-42,891.068891336881,0.37735831776443
1.58,102,-39,901.780301923246,0.37164163542359
1.58,102,-36,908.97893112794,0.366024413422092
1.58,102,-33,912.567902165015,0.360908721662555
1.58,102,-30,912.555827474723,0.356768849876526
1.58,102,-27,909.073928121019,0.354124419700521
1.58,102,-24,902.384234244393,0.353503289812129
1.58,102,-21,892.876963159768,0.35539691200994
1.58,102,-18,881.056242870091,0.360211415033362
1.58,102,-15,867.514344943386,0.368218328679449
1.58,102,-12,852.895579105867,0.379509723069159
1.58,102,-9,837.852148163699,0.393963616337672
1.58,102,-6,822.995670322522,0.411226371797927
1.58,102,-3,808.849606534704,0.430718569294456
1.58,102,0,795.808990261308,0.451668447343487
1.58,102,3,784.113899045113,0.473172016141757
1.58,102,6,773.841406436137,0.494272283993155
1.58,102,9,764.917315707675,0.514044178629356
1.58,102,12,757.144712652987,0.531669523121193
1.58,102,15,750.242797484576,0.546489256072154
1.58,102,18,743.88790657941,0.558026879828848
1.58,102,21,737.749553835284,0.565984933759671
1.58,102,24,731.517082569909,0.570222123527983
1.58,102,27,724.915871064727,0.5707210424705
1.58,102,30,717.714766128278,0.567555402009886
1.58,102,33,709.72782880288,0.560862642738849
1.58,102,36,700.813496175102,0.550824245929671
1.58,102,39,690.873304385338,0.537653165568543
1.58,102,42,679.850999775094,0.521586138825621
1.58,102,45,667.731752218328,0.502878253833554
1.58,102,48,654.540610680766,0.481797724331491
1.58,102,51,640.339355189413,0.45861983794317
1.58,102,54,625.221327341694,0.43362003267129
1.58,102,57,609.304391781887,0.407066699860289
1.58,102,60,592.722651704549,0.37921450492882
1.58,102,63,575.617776667893,0.350298831969097
1.58,102,66,558.130784140694,0.320531571592985
1.58,102,69,540.394915864299,0.29009807916907
1.58,102,72,522.529969902638,0.259154879202589
1.58,102,75,504.638185397547,0.227827641746932
1.58,102,78,486.801594205535,0.196209085614147
1.58,102,81,469.080677563814,0.164356697883376
1.58,102,84,451.514186704846,0.132290423037583
1.58,102,87,434.120065802927,0.0999907232646
1.58,102,90,416.897497708983,0.0673976387503795
1.58,102,93,399.830116631745,0.0344116919793777
1.58,102,96,382.890348471607,0.00089766040297717
1.58,102,99,366.044632532165,-0.0333077085008477
1.58,102,102,349.258982883655,-0.0683832268307817
1.58,102,105,332.504060056685,-0.104506025717257
1.58,102,108,315.758791381148,-0.141831044735429
1.58,102,111,299.011758715814,-0.180470977104937
1.58,102,114,282.260158590377,-0.22048298748726
1.58,102,117,265.50706855152,-0.261870697604787
1.58,102,120,248.758743792029,-0.304610590875722
1.58,102,123,232.02426245769,-0.348710095462023
1.58,102,126,215.319594070464,-0.39429989090951
1.58,102,129,198.67694680143,-0.441756405755898
1.58,102,132,182.158430208406,-0.491843857937989
1.58,102,135,165.87143799772,-0.545859663965633
1.58,102,138,149.982465565249,-0.605760693670489
1.58,102,141,134.726490103745,-0.674233540206537
1.58,102,144,120.409789254393,-0.754636655703136
1.58,102,147,107.403564261878,-0.850672645270176
1.58,102,150,96.1222934223542,-0.965562261937345
1.58,102,153,86.9749935911686,-1.10052096628195
1.58,102,156,80.2777617389089,-1.25280983384983
1.58,102,159,76.1397084863039,-1.41468127391012
1.58,102,162,74.3823161279842,-1.57498875233966
1.58,102,165,74.5657465693445,-1.72320692483908
1.58,102,168,76.1198505438272,-1.85284862057107
1.58,102,171,78.4917872923786,-1.96201668614163
1.58,102,174,81.2331557035814,-2.05184835302187
1.58,102,177,84.016494137966,-2.12467151678722
1.58,102,180,86.6090126008818,-2.18279001732681
1.58,105,-180,86.6090126008818,-2.13043013976698
1.58,105,-177,87.7118729175172,-2.17075886106623
1.58,105,-174,88.4204622101401,-2.20055833313145
1.58,105,-171,88.6116294084696,-2.2193923695838
1.58,105,-168,88.1339081552902,-2.22635254604614
1.58,105,-165,86.8241147322514,-2.22013962715566
1.58,105,-162,84.5405431582605,-2.19900302389815
1.58,105,-159,81.206159367118,-2.1604866341029
1.58,105,-156,76.8559512537479,-2.1009587357648
1.58,105,-153,71.6878207597562,-2.01495989256636
1.58,105,-150,66.1243033264341,-1.89462075832853
1.58,105,-147,60.8940737608024,-1.73015917896695
1.58,105,-144,57.1073533224253,-1.51418326659538
1.58,105,-141,56.178777556561,-1.25279308127386
1.58,105,-138,59.3664144703225,-0.97548001795177
1.58,105,-135,67.1366831863775,-0.721946725928051
1.58,105,-132,79.1068147899985,-0.51488445294966
1.58,105,-129,94.5625688830357,-0.354756018489444
1.58,105,-126,112.860622306965,-0.232107266387348
1.58,105,-123,133.524029849577,-0.1368252149038
1.58,105,-120,156.204434622518,-0.0610538395272859
1.58,105,-117,180.631138650562,0.000714708810522397
1.58,105,-114,206.578491596344,0.0522137174891079
1.58,105,-111,233.850437011833,0.0959538429026895
1.58,105,-108,262.275013965494,0.133626020709321
1.58,105,-105,291.702675116809,0.166373552802259
1.58,105,-102,322.004515224856,0.194972844618299
1.58,105,-99,353.068524576319,0.219954976867145
1.58,105,-96,384.793508156767,0.241689840229026
1.58,105,-93,417.081307128703,0.260446281909891
1.58,105,-90,449.828468753844,0.276436036211842
1.58,105,-87,482.918625369914,0.289845620270466
1.58,105,-84,516.216675052517,0.300858306843662
1.58,105,-81,549.565512998011,0.309667276258717
1.58,105,-78,582.785624697838,0.316480742262385
1.58,105,-75,615.677372417325,0.321519978227269
1.58,105,-72,648.025325668332,0.325011556925621
1.58,105,-69,679.60355952618,0.327175629911492
1.58,105,-66,710.180564709711,0.328212602977128
1.58,105,-63,739.522409330608,0.328290988720006
1.58,105,-60,767.393188942498,0.327539377603284
1.58,105,-57,793.552643554181,0.326045185929429
1.58,105,-54,817.751989809179,0.323861972320146
1.58,105,-51,839.730198330218,0.321025653723951
1.58,105,-48,859.213691205235,0.317578097934595
1.58,105,-45,875.922330538691,0.313594734023426
1.58,105,-42,889.583453305847,0.309211511771952
1.58,105,-39,899.953801784861,0.304646156131201
1.58,105,-36,906.847062115698,0.300209316419142
1.58,105,-33,910.163026939952,0.296302683052502
1.58,105,-30,909.913633543395,0.293403001178229
1.58,105,-27,906.241417516404,0.292032702049038
1.58,105,-24,899.427018309616,0.292719314032201
1.58,105,-21,889.883842925334,0.295946857870378
1.58,105,-18,878.139450524664,0.302103232085341
1.58,105,-15,864.804493813339,0.311428402903715
1.58,105,-12,850.531217127071,0.323969194182906
1.58,105,-9,835.964765174155,0.339547491380142
1.58,105,-6,821.692004429312,0.357749119670111
1.58,105,-3,808.193987723454,0.377939507323464
1.58,105,0,795.808990261308,0.399308569783657
1.58,105,3,784.71240962314,0.420941082860992
1.58,105,6,774.917258582841,0.441901821824853
1.58,105,9,766.294823347712,0.461319852576095
1.58,105,12,758.610579660939,0.478456160650628
1.58,105,15,751.567312003118,0.492743769391264
1.58,105,18,744.846722362346,0.503797544680399
1.58,105,21,738.142697378251,0.511398664862594
1.58,105,24,731.182854865717,0.515463569800639
1.58,105,27,723.738617290925,0.516008178957831
1.58,105,30,715.626696349553,0.513115991588236
1.58,105,33,706.705956543736,0.506914858807191
1.58,105,36,696.873228382539,0.497563276422419
1.58,105,39,686.060283977143,0.48524409940304
1.58,105,42,674.232565770078,0.470162158586149
1.58,105,45,661.388981412942,0.452542342720359
1.58,105,48,647.56148180089,0.432625847745976
1.58,105,51,632.813237790498,0.410663847080691
1.58,105,54,617.234789787247,0.386909202274029
1.58,105,57,600.938234665733,0.361607630326801
1.58,105,60,584.050060834244,0.334989866748318
1.58,105,63,566.703503339572,0.307265940588269
1.58,105,66,549.031263217075,0.27862197030805
1.58,105,69,531.159206520518,0.249219178087002
1.58,105,72,513.201348838036,0.219194315400564
1.58,105,75,495.256148648831,0.188660488153069
1.58,105,78,477.403950273356,0.157707445361573
1.58,105,81,459.705365313813,0.126400661643699
1.58,105,84,442.200451764597,0.0947789026451988
1.58,105,87,424.908699945204,0.0628503571902895
1.58,105,90,407.829996039759,0.0305878465938413
1.58,105,93,390.946826820871,-0.00207590308822951
1.58,105,96,374.227940314202,-0.0352514411551054
1.58,105,99,357.633448006313,-0.0690923429280418
1.58,105,102,341.120966898567,-0.103789598528886
1.58,105,105,324.65195478329,-0.139559321866717
1.58,105,108,308.197064101503,-0.17662402541874
1.58,105,111,291.739339006239,-0.215190307902007
1.58,105,114,275.274573822568,-0.255429152172906
1.58,105,117,258.80915113508,-0.297468308268425
1.58,105,120,242.35693926482,-0.341408088911539
1.58,105,123,225.937838490307,-0.387370788183754
1.58,105,126,209.580707795545,-0.435588854624391
1.58,105,129,193.332304909833,-0.486528235728284
1.58,105,132,177.271737005811,-0.541032544994929
1.58,105,135,161.527561734995,-0.600462081369193
1.58,105,138,146.293068037471,-0.666787289807218
1.58,105,141,131.834797152306,-0.742572211422364
1.58,105,144,118.489379843479,-0.830742377123838
1.58,105,147,106.642942499288,-0.933984922674192
1.58,105,150,96.6855276338448,-1.05365375749577
1.58,105,153,88.9347064381335,-1.1883299050501
1.58,105,156,83.5381461840057,-1.33281810832683
1.58,105,159,80.3965605390275,-1.47879114562915
1.58,105,162,79.1644256521266,-1.61737117583676
1.58,105,165,79.343760816367,-1.74203224191483
1.58,105,168,80.4165841161877,-1.84985297637278
1.58,105,171,81.9452632633865,-1.94088330445497
1.58,105,174,83.6121314161122,-2.01674025058915
1.58,105,177,85.2103064207183,-2.07939208005606
1.58,105,180,86.6090126008818,-2.13043013976698
1.58,108,-180,86.6090126008817,-2.07807026220715
1.58,108,-177,86.5872368444309,-2.11345137338881
1.58,108,-174,86.3065365613254,-2.1398286265154
1.58,108,-171,85.6931014582996,-2.15605499623341
1.58,108,-168,84.6327745803714,-2.16048701177435
1.58,108,-165,82.9912562715522,-2.15112184440674
1.58,108,-162,80.6529173718287,-2.1255876904292
1.58,108,-159,77.5704487746313,-2.08094612086631
1.58,108,-156,73.8178113066025,-2.01334847310797
1.58,108,-153,69.6430698718828,-1.91773243334509
1.58,108,-150,65.5209408643073,-1.78806761178385
1.58,108,-147,62.1949994879591,-1.61926873501012
1.58,108,-144,60.6582193966152,-1.4121361179421
1.58,108,-141,61.9687767703415,-1.1797295587199
1.58,108,-138,66.8865896760399,-0.946801917214209
1.58,108,-135,75.6046011215604,-0.737288458637513
1.58,108,-132,87.8461928511217,-0.562633345466519
1.58,108,-129,103.15918017638,-0.422332032131426
1.58,108,-126,121.115096618118,-0.31048287059317
1.58,108,-123,141.364660150222,-0.220505239345673
1.58,108,-120,163.625820074447,-0.146933978860737
1.58,108,-117,187.660356791142,-0.085690373018125
1.58,108,-114,213.257915058604,-0.0338564982673934
1.58,108,-111,240.228854144421,0.0106242293406323
1.58,108,-108,268.402371531543,0.0491966436523607
1.58,108,-105,297.626188769668,0.0828767709142446
1.58,108,-102,327.765273775554,0.112380736437181
1.58,108,-99,358.698420119744,0.138215886003345
1.58,108,-96,390.312615982229,0.160746979398892
1.58,108,-93,422.495898434587,0.18024595935843
1.58,108,-90,455.12979867788,0.196930227414705
1.58,108,-87,488.082586599472,0.210991903111892
1.58,108,-84,521.204382903849,0.222619095689775
1.58,108,-81,554.324888201737,0.232009546152674
1.58,108,-78,587.254035455941,0.239376867196777
1.58,108,-75,619.785352482753,0.2449498292802
1.58,108,-72,651.701278214769,0.24896558396186
1.58,108,-69,682.779188773133,0.251658297676514
1.58,108,-66,712.796574687168,0.253245318105895
1.58,108,-63,741.533818086108,0.253913605148265
1.58,108,-60,768.773486949788,0.253809557557033
1.58,108,-57,794.296042392767,0.25303532492081
1.58,108,-54,817.873216566672,0.25165399189029
1.58,108,-51,839.261710963212,0.249704565395707
1.58,108,-48,858.200769190842,0.247225645131545
1.58,108,-45,874.417095731352,0.244284460601594
1.58,108,-42,887.639297275102,0.24100623545229
1.58,108,-39,897.621746881815,0.237598138503559
1.58,108,-36,904.175175097006,0.234362623890519
1.58,108,-33,907.199208998812,0.231696554094257
1.58,108,-30,906.711149149406,0.230074644149729
1.58,108,-27,902.865678264338,0.230017919364563
1.58,108,-24,895.961640742594,0.232049678291474
1.58,108,-21,886.433961539889,0.236642810552746
1.58,108,-18,874.83066759631,0.244163381017884
1.58,108,-15,861.776581329446,0.2548163882416
1.58,108,-12,847.926627745815,0.268600637782553
1.58,108,-9,833.913045526254,0.285280478604079
1.58,108,-6,820.292212560455,0.304381975154007
1.58,108,-3,807.498012415137,0.32521886529332
1.58,108,0,795.808990261308,0.346948692223828
1.58,108,3,785.3351800412,0.368652402261287
1.58,108,6,776.027119339874,0.38942378389226
1.58,108,9,767.704866627737,0.40845154461524
1.58,108,12,760.100345969116,0.425078671260766
1.58,108,15,752.903755192886,0.438830498062452
1.58,108,18,745.804991730128,0.449411746291566
1.58,108,21,738.523768866701,0.456680236333859
1.58,108,24,730.826083356209,0.460608774443189
1.58,108,27,722.528487984388,0.461246535231926
1.58,108,30,713.494125925856,0.458688151932667
1.58,108,33,703.625251613252,0.453054291696573
1.58,108,36,692.856174876974,0.444483243972952
1.58,108,39,681.148832455636,0.433130076762738
1.58,108,42,668.49128745137,0.419168738007898
1.58,108,45,654.8980439112,0.402793015611605
1.58,108,48,640.410484928555,0.384213951542572
1.58,108,51,625.095967323517,0.363653336355505
1.58,108,54,609.044825802311,0.34133456670056
1.58,108,57,592.365357582875,0.317472998337464
1.58,108,60,575.177463209723,0.292267897047212
1.58,108,63,557.605870850107,0.265897393524891
1.58,108,66,539.773792518514,0.238516845701808
1.58,108,69,521.797571806289,0.210260061562295
1.58,108,72,503.782529635303,0.181242186444708
1.58,108,75,485.819918542967,0.151562803609715
1.58,108,78,467.98473149078,0.121307888555734
1.58,108,81,450.334103281887,0.0905495742893172
1.58,108,84,432.906173256608,0.0593431100590294
1.58,108,87,415.719493556116,0.0277208772885692
1.58,108,90,398.773287954061,-0.00431611729797656
1.58,108,93,382.048998846359,-0.0368081779258254
1.58,108,96,365.513519349357,-0.0698464197823544
1.58,108,99,349.124245680197,-0.103579250808235
1.58,108,102,332.835621715707,-0.138212904979395
1.58,108,105,316.606290359089,-0.174003529020523
1.58,108,108,300.405508364475,-0.211239919582229
1.58,108,111,284.217365832093,-0.25021893983399
1.58,108,114,268.041793788321,-0.291219673120403
1.58,108,117,251.892410401777,-0.334486636874699
1.58,108,120,235.792737104503,-0.380235300625117
1.58,108,123,219.773660632429,-0.428692658651324
1.58,108,126,203.875467776421,-0.480179920525172
1.58,108,129,188.156741404248,-0.535233069459514
1.58,108,132,172.709902566406,-0.594741351817109
1.58,108,135,157.680022474801,-0.660065191796232
1.58,108,138,143.28087856026,-0.733072757972103
1.58,108,141,129.800789804606,-0.816005803365565
1.58,108,144,117.590303454032,-0.911057326380579
1.58,108,147,107.024029003116,-1.01956168427699
1.58,108,150,98.4320316106208,-1.14087265699614
1.58,108,153,92.0085000107215,-1.27142222743292
1.58,108,156,87.7297626955147,-1.40483986591196
1.58,108,159,85.3314756169341,-1.53361842583145
1.58,108,162,84.3718054770037,-1.65150535916885
1.58,108,165,84.3498834750824,-1.75505131679733
1.58,108,168,84.8167066240248,-1.8436185768036
1.58,108,171,85.4374945991919,-1.91840401380742
1.58,108,174,86.003107872628,-1.98131713996102
1.58,108,177,86.4075430066266,-2.03414601303756
1.58,108,180,86.6090126008817,-2.07807026220715
1.58,111,-180,86.6090126008816,-2.02571038464733
1.58,111,-177,85.4605283587745,-2.05601401492865
1.58,111,-174,84.1838642291077,-2.07892582154075
1.58,111,-171,82.7553491976156,-2.09272453662229
1.58,111,-168,81.1005651658368,-2.09509510970223
1.58,111,-165,79.116503575523,-2.08335018883976
1.58,111,-162,76.7146215131618,-2.05452256663628
1.58,111,-159,73.8755670764326,-2.00528818293065
1.58,111,-156,70.7053861425408,-1.93182031726784
1.58,111,-153,67.4854952227511,-1.82988032176004
1.58,111,-150,64.7081831608746,-1.6957342823914
1.58,111,-147,63.0761035413854,-1.52863261158899
1.58,111,-144,63.4195568533041,-1.33462672411914
1.58,111,-141,66.4976171373316,-1.12850373114341
1.58,111,-138,72.7646622128086,-0.929338072705787
1.58,111,-135,82.286875602394,-0.751846155809442
1.58,111,-132,94.8601354134812,-0.601861182637358
1.58,111,-129,110.182848711347,-0.478258902788525
1.58,111,-126,127.959970854272,-0.376871836422478
1.58,111,-123,147.933206285005,-0.293120035064833
1.58,111,-120,169.877008030117,-0.223087530693635
1.58,111,-117,193.58811995886,-0.163741788356052
1.58,111,-114,218.878737217322,-0.112830645949093
1.58,111,-111,245.574157272867,-0.0687075272967654
1.58,111,-108,273.512821352627,-0.0301733233517605
1.58,111,-105,302.546472016517,0.0036453523034759
1.58,111,-102,332.538919408844,0.0333852663790785
1.58,111,-99,363.362821622532,0.0595120084505003
1.58,111,-96,394.894646031614,0.0823697203314539
1.58,111,-93,427.008503352855,0.102220478158175
1.58,111,-90,459.56983369068,0.119276288158662
1.58,111,-87,492.429999126195,0.13372493379923
1.58,111,-84,525.422728049817,0.145749896111977
1.58,111,-81,558.363086456773,0.155544119761071
1.58,111,-78,591.049245193182,0.163317349249062
1.58,111,-75,623.266803463155,0.169296985644081
1.58,111,-72,654.794873315796,0.17372284336186
1.58,111,-69,685.412617127552,0.176836787716977
1.58,111,-66,714.904590831323,0.178868975188823
1.58,111,-63,743.063240702984,0.18002321479137
1.58,111,-60,769.687382104683,0.1804646408473
1.58,111,-57,794.576521081543,0.180313158099236
1.58,111,-54,817.522351711781,0.179645682604887
1.58,111,-51,838.300318804033,0.178508859805394
1.58,111,-48,856.665216750911,0.176941774413242
1.58,111,-45,872.354818363682,0.175005620308993
1.58,111,-42,885.104173599256,0.172815091804393
1.58,111,-39,894.670675516541,0.170565106808704
1.58,111,-36,900.866977360758,0.168546763990931
1.58,111,-33,903.596341181348,0.167148054225931
1.58,111,-30,902.883815959757,0.166837268427627
1.58,111,-27,898.897072381911,0.168129626369082
1.58,111,-24,891.952462340043,0.171539920420586
1.58,111,-21,882.504261438805,0.177525757131709
1.58,111,-18,871.117432632876,0.186427382088945
1.58,111,-15,858.426252100808,0.198411266835422
1.58,111,-12,845.08276144418,0.213425636201199
1.58,111,-9,831.70044416328,0.231176537482014
1.58,111,-6,818.799840934753,0.251132048813272
1.58,111,-3,806.763699590885,0.272558800755949
1.58,111,0,795.808990261308,0.294588814663998
1.58,111,3,785.980991230878,0.316306956693419
1.58,111,6,777.17058687737,0.336842890702726
1.58,111,9,769.150873620827,0.35544940996403
1.58,111,12,761.624869413388,0.371552834521029
1.58,111,15,754.2741796171,0.384769358702843
1.58,111,18,746.799511372825,0.394890429542499
1.58,111,21,738.947337673762,0.401847093626573
1.58,111,24,730.52139071868,0.405666041487548
1.58,111,27,721.381536225235,0.406428919557676
1.58,111,30,711.43492804087,0.40424263187758
1.58,111,33,700.624807027512,0.399223437566244
1.58,111,36,688.921146827246,0.391493158098396
1.58,111,39,676.31525336481,0.381182845988778
1.58,111,42,662.818254926292,0.368438364620508
1.58,111,45,648.46190180161,0.353423346324594
1.58,111,48,633.299582520338,0.336317219158228
1.58,111,51,617.405870075828,0.317308449367917
1.58,111,54,600.873834315721,0.296584987100609
1.58,111,57,583.810314875162,0.274324671549956
1.58,111,60,566.32999118762,0.250688048143807
1.58,111,63,548.549283124264,0.225815015232411
1.58,111,66,530.58093443627,0.199825434102265
1.58,111,69,512.529743142246,0.172822738212866
1.58,111,72,494.489491605646,0.14489892461948
1.58,111,75,476.540829119053,0.11613915045843
1.58,111,78,458.749737286676,0.086624373868787
1.58,111,81,441.166267365008,0.056430891209207
1.58,111,84,423.82343840068,0.025626091038767
1.58,111,87,406.736455893889,-0.00573976495924892
1.58,111,90,389.902664962069,-0.0376453481915547
1.58,111,93,373.302794426928,-0.0701125166636331
1.58,111,96,356.903994599469,-0.103220933409064
1.58,111,99,340.664875767386,-0.137120000536032
1.58,111,102,324.542239138549,-0.17203443238921
1.58,111,105,308.498569734971,-0.208260000742586
1.58,111,108,292.50883319732,-0.24614751427789
1.58,111,111,276.564944440789,-0.286076219247409
1.58,111,114,260.676698452245,-0.328422365266634
1.58,111,117,244.869078942701,-0.373533799857557
1.58,111,120,229.177509095287,-0.421725335446717
1.58,111,123,213.644209630274,-0.473309639159612
1.58,111,126,198.319506336186,-0.528671862176914
1.58,111,129,183.270881712025,-0.588381863057658
1.58,111,132,168.599629418924,-0.653316735491178
1.58,111,135,154.460934259869,-0.724741020014843
1.58,111,138,141.079462761451,-0.804265164251464
1.58,111,141,128.750295424705,-0.893581038936545
1.58,111,144,117.81491651802,-0.993883451728276
1.58,111,147,108.605331968369,-1.10499671291448
1.58,111,150,101.359914685341,-1.22450760380304
1.58,111,153,96.1351085778213,-1.34754400646109
1.58,111,156,92.7572085103044,-1.46775282597541
1.58,111,159,90.850831836931,-1.57918875501588
1.58,111,162,89.9359936478491,-1.67796970012807
1.58,111,165,89.5433303101703,-1.76279208882253
1.58,111,168,89.2981958318303,-1.83439452592763
1.58,111,171,88.9562266242274,-1.89461573470856
1.58,111,174,88.3988918968548,-1.94554305937037
1.58,111,177,87.6047416153371,-1.98890867686106
1.58,111,180,86.6090126008816,-2.02571038464733
1.58,114,-180,86.6090126008816,-1.9733505070875
1.58,114,-177,84.3343899959608,-1.99845115425851
1.58,114,-174,82.0558114100936,-2.01784251191148
1.58,114,-171,79.7994952180901,-2.02939547786431
1.58,114,-168,77.5323773224951,-2.03022095194835
1.58,114,-165,75.1842582161942,-2.01698574538579
1.58,114,-162,72.693206143003,-1.9861505774825
1.58,114,-159,70.0636139393414,-1.93407339619126
1.58,114,-156,67.4234928894163,-1.85710952979028
1.58,114,-153,65.0684192785586,-1.75206871850561
1.58,114,-150,63.4776958986687,-1.61753009267039
1.58,114,-147,63.2793284864306,-1.45617451057941
1.58,114,-144,65.1387276844014,-1.27688290066106
1.58,114,-141,69.5893659069922,-1.09376615090011
1.58,114,-138,76.9019944357654,-0.92110454317163
1.58,114,-135,87.0842531353247,-0.768083814853543
1.58,114,-132,99.981976950124,-0.637524846210909
1.58,114,-129,115.383790041812,-0.527958076656137
1.58,114,-126,133.077623896452,-0.436169485553679
1.58,114,-123,152.866960688008,-0.358779337671152
1.58,114,-120,174.569666767202,-0.292887841516457
1.58,114,-117,198.01384661118,-0.236208974677502
1.58,114,-114,223.035666305031,-0.18700336066765
1.58,114,-111,249.479210910588,-0.14396324859789
1.58,114,-108,277.196942179081,-0.106107187202456
1.58,114,-105,306.04941576498,-0.0726982077601905
1.58,114,-102,335.90352303033,-0.0431831576605512
1.58,114,-99,366.629146908725,-0.0171469376174187
1.58,114,-96,398.09459254771,0.00572385642106238
1.58,114,-93,430.161449953057,0.0256714159848519
1.58,114,-90,462.679694922229,0.0428930245295108
1.58,114,-87,495.483861277789,0.0575635963352027
1.58,114,-84,528.391028501576,0.0698541299070234
1.58,114,-81,561.201157820065,0.0799454428822755
1.58,114,-78,593.699971649881,0.0880365277005558
1.58,114,-75,625.664119120523,0.0943470448594067
1.58,114,-72,656.867849268699,0.0991138357334034
1.58,114,-69,687.089910429515,0.102581909359003
1.58,114,-66,716.119040877074,0.104991147359462
1.58,114,-63,743.756377057921,0.106560920534124
1.58,114,-60,769.813545114147,0.107475742636135
1.58,114,-57,794.106210684799,0.107875691097502
1.58,114,-54,816.444364935254,0.107855215810922
1.58,114,-51,836.622294076939,0.107472825653495
1.58,114,-48,854.412442794666,0.106771957715175
1.58,114,-45,869.567583822884,0.105810493875817
1.58,114,-42,881.834414149435,0.104693677380119
1.58,114,-39,890.979010173302,0.103603485646388
1.58,114,-36,896.82121067074,0.102817425571794
1.58,114,-33,899.272059439418,0.102711257695069
1.58,114,-30,898.366925832693,0.103742819048037
1.58,114,-27,894.287274041957,0.106417168104393
1.58,114,-24,887.366013884256,0.111236111547298
1.58,114,-21,878.074198789058,0.118637502357008
1.58,114,-18,866.989738922678,0.128931517612475
1.58,114,-15,854.751261013794,0.142242514342136
1.58,114,-12,842.00216713575,0.158465925918662
1.58,114,-9,829.331452302107,0.177249509833702
1.58,114,-6,817.218968826092,0.198006224423229
1.58,114,-3,805.993242431664,0.219961310406664
1.58,114,0,795.808990261308,0.242228937104168
1.58,114,3,786.648614547504,0.263905847847661
1.58,114,6,778.347327186484,0.284163935803136
1.58,114,9,770.636393335977,0.302323416159059
1.58,114,12,763.195050453055,0.317893816463451
1.58,114,15,755.700406002055,0.33057918441027
1.58,114,18,747.866381110377,0.34025307464324
1.58,114,21,739.466708165689,0.346914999844568
1.58,114,24,730.341626048172,0.350641892332734
1.58,114,27,720.39180534314,0.351546167026949
1.58,114,30,709.565224409389,0.349747550542695
1.58,114,33,697.84289755177,0.345360535081173
1.58,114,36,685.227834007642,0.338494622978274
1.58,114,39,671.739148737417,0.329261610023789
1.58,114,42,657.410815143515,0.31778357850815
1.58,114,45,642.292955211099,0.304196823087198
1.58,114,48,626.453170359452,0.288649722413483
1.58,114,51,609.976067829915,0.27129541769902
1.58,114,54,592.960313412828,0.25228208405221
1.58,114,57,575.513656978659,0.231744123890119
1.58,114,60,557.747035207141,0.209796891326934
1.58,114,63,539.76894755996,0.186536088313641
1.58,114,66,521.680958819329,0.162041398461124
1.58,114,69,503.574650378006,0.136382759329873
1.58,114,72,485.529857781828,0.109627163103469
1.58,114,75,467.613741542426,0.0818439755155345
1.58,114,78,449.880185656858,0.0531072384929401
1.58,114,81,432.369168039439,0.0234939989800322
1.58,114,84,415.106022649865,-0.00692179033291184
1.58,114,87,398.100825869471,-0.0380798318627109
1.58,114,90,381.348401299316,-0.0699480686232328
1.58,114,93,364.829563457649,-0.102540167799402
1.58,114,96,348.514140717821,-0.135933797118708
1.58,114,99,332.365994329452,-0.170286462454591
1.58,114,102,316.349709497143,-0.205844788605303
1.58,114,105,300.437988033145,-0.242943044961365
1.58,114,108,284.618220711433,-0.28198803739181
1.58,114,111,268.896523940689,-0.32343061974063
1.58,114,114,253.297948385477,-0.367728988214554
1.58,114,117,237.862742952874,-0.41531477211368
1.58,114,120,222.64033406858,-0.466577702794181
1.58,114,123,207.684471821789,-0.521885065650502
1.58,114,126,193.053819380804,-0.581644560891027
1.58,114,129,178.821126002119,-0.646401490723389
1.58,114,132,165.090684018954,-0.716934693612283
1.58,114,135,152.018823842472,-0.79428559437969
1.58,114,138,139.827487231982,-0.87963040777356
1.58,114,141,128.798386433309,-0.973905937369576
1.58,114,144,119.236826047041,-1.07716590625255
1.58,114,147,111.402569053826,-1.18783125126108
1.58,114,150,105.422551253445,-1.30227089912274
1.58,114,153,101.221629569287,-1.41523422083363
1.58,114,156,98.5130583751873,-1.5212006270988
1.58,114,159,96.8621870978081,-1.61594905516268
1.58,114,162,95.7926219101226,-1.69744580290783
1.58,114,165,94.8853499031833,-1.76576468745178
1.58,114,168,93.8392015621102,-1.82241377948262
1.58,114,171,92.4889113160522,-1.86955805607913
1.58,114,174,90.7921521765826,-1.90938733931618
1.58,114,177,88.7984278170661,-1.9436566292534
1.58,114,180,86.6090126008816,-1.9733505070875
1.58,117,-180,86.6090126008816,-1.92099062952766
1.58,117,-177,83.2114931815248,-1.94076705934204
1.58,117,-174,79.9259038583763,-1.95656660751082
1.58,117,-171,76.827028740538,-1.96604805695821
1.58,117,-168,73.9239806682295,-1.96588673369735
1.58,117,-165,71.1802113327817,-1.95216924123743
1.58,117,-162,68.5589106876825,-1.92080366284467
1.58,117,-159,66.0824158546962,-1.86785371102582
1.58,117,-156,63.8889994350071,-1.78991430275933
1.58,117,-153,62.2698608560926,-1.68486658339951
1.58,117,-150,61.6685045691967,-1.55331768889512
1.58,117,-147,62.6241955487804,-1.40036223074015
1.58,117,-144,65.6574063583785,-1.23606750485175
1.58,117,-141,71.1417845753051,-1.07299167640391
1.58,117,-138,79.2401661020359,-0.921761123584817
1.58,117,-135,89.9355756745759,-0.788152162298343
1.58,117,-132,103.109276106323,-0.673294995099961
1.58,117,-129,118.6055354878,-0.575564347236411
1.58,117,-126,136.263627155401,-0.492343238349382
1.58,117,-123,155.927185888948,-0.421025012944828
1.58,117,-120,177.444784497089,-0.359399174200356
1.58,117,-117,200.669298360923,-0.305713817216888
1.58,117,-114,225.45813396099,-0.258615384869569
1.58,117,-111,251.67385307837,-0.217063633943544
1.58,117,-108,279.184184888551,-0.180257768577799
1.58,117,-105,307.860759727125,-0.147580821754513
1.58,117,-102,337.576433901724,-0.118558860168695
1.58,117,-99,368.201498494169,-0.0928295666282341
1.58,117,-96,399.599304960536,-0.0701159221174126
1.58,117,-93,431.621934891429,-0.0502025697464705
1.58,117,-90,464.106551914776,-0.0329139994414869
1.58,117,-87,496.87303746475,-0.0180946974817007
1.58,117,-84,529.723429230134,-0.00559193415689777
1.58,117,-81,562.443525790551,0.00475792239427334
1.58,117,-78,594.806763241535,0.0131386503995711
1.58,117,-75,626.580098136435,0.0197581719395519
1.58,117,-72,657.531171475602,0.0248467744770677
1.58,117,-69,687.435554542192,0.0286495329261143
1.58,117,-66,716.082513463647,0.0314136970019532
1.58,117,-63,743.277640438311,0.0333728552544994
1.58,117,-60,768.841060362023,0.0347308318621121
1.58,117,-57,792.600853447824,0.0356491897080847
1.58,117,-54,814.38280826167,0.0362424571231587
1.58,117,-51,833.999355690778,0.0365843464725519
1.58,117,-48,851.241973177877,0.036726130095215
1.58,117,-45,865.881780135573,0.0367252919004909
1.58,117,-42,877.681917869837,0.0366793850065187
1.58,117,-39,886.422591001662,0.036757735699713
1.58,117,-36,891.936016062971,0.0372230591491913
1.58,117,-33,894.145162859429,0.0384364084719962
1.58,117,-30,893.098267696177,0.040841727314061
1.58,117,-27,888.991275771609,0.0449298163120051
1.58,117,-24,882.172468563108,0.0511850014822586
1.58,117,-21,873.126774165704,0.060020757385323
1.58,117,-18,862.44070756247,0.0717128369369495
1.58,117,-15,850.751868885198,0.0863400313069179
1.58,117,-12,838.689188179275,0.10374329207522
1.58,117,-9,826.811667698298,0.123513022007933
1.58,117,-6,815.554217679804,0.145011099671012
1.58,117,-3,805.18900288007,0.167428212193097
1.58,117,0,795.808990261308,0.189869059544338
1.58,117,3,787.3368068628,0.211450282102271
1.58,117,6,779.557027250123,0.231391738084317
1.58,117,9,772.164952445216,0.249083274948222
1.58,117,12,764.821530091036,0.264116131105526
1.58,117,15,757.203498063881,0.276277804985054
1.58,117,18,749.040190938232,0.285518029667831
1.58,117,21,740.132753875127,0.291898811332249
1.58,117,24,730.356283112237,0.295542545935936
1.58,117,27,719.649277357511,0.296589658692941
1.58,117,30,707.996829733542,0.295172339457117
1.58,117,33,695.413915717294,0.291405309212749
1.58,117,36,681.933262491479,0.285389674184383
1.58,117,39,667.599460777927,0.277223068490618
1.58,117,42,652.468284407585,0.267009078378166
1.58,117,45,636.608529202392,0.254861090102867
1.58,117,48,620.103456516985,0.240899106352227
1.58,117,51,603.049885675491,0.22524131243141
1.58,117,54,585.554462945746,0.207994113054429
1.58,117,57,567.727931805413,0.189244555601246
1.58,117,60,549.678886770743,0.16905777648482
1.58,117,63,531.508430214437,0.147480093099378
1.58,117,66,513.306586769698,0.124546455819127
1.58,117,69,495.150608541404,0.100289789645491
1.58,117,72,477.104729369297,0.0747495082462401
1.58,117,75,459.220658447907,0.0479769975888988
1.58,117,78,441.53814956524,0.0200367383258115
1.58,117,81,424.085247632343,-0.00899744004759958
1.58,117,84,406.878173269495,-0.0390509308536266
1.58,117,87,389.921149618199,-0.0700614088518064
1.58,117,90,373.206722727344,-0.101995777424886
1.58,117,93,356.717217017978,-0.134869912320599
1.58,117,96,340.427852680961,-0.168769223086206
1.58,117,99,324.311708630802,-0.203866858579867
1.58,117,102,308.346169702356,-0.240435259621539
1.58,117,105,292.519854721508,-0.278846329221877
1.58,117,108,276.838475352702,-0.319556462803144
1.58,117,111,261.327885341372,-0.363075648036688
1.58,117,114,246.033015826861,-0.40992495983205
1.58,117,117,231.012616030834,-0.460593284174507
1.58,117,120,216.331601074444,-0.515509760128042
1.58,117,123,202.054746365832,-0.575049263298429
1.58,117,126,188.24637388401,-0.639579549789801
1.58,117,129,174.979370689191,-0.709537677229127
1.58,117,132,162.352875319343,-0.78549258675228
1.58,117,135,150.512161260854,-0.868120094765787
1.58,117,138,139.658904934054,-0.958003896451009
1.58,117,141,130.038095300312,-1.0552102892492
1.58,117,144,121.892381792176,-1.15870203574726
1.58,117,147,115.388092285716,-1.26585878233978
1.58,117,150,110.537523674106,-1.37252119634259
1.58,117,153,107.15669002509,-1.47380452432149
1.58,117,156,104.887525548048,-1.56538842694816
1.58,117,159,103.277978073759,-1.64457774594848
1.58,117,162,101.881872365838,-1.7106343949587
1.58,117,165,100.339103466615,-1.76444301893177
1.58,117,168,98.4180728238097,-1.80789070353115
1.58,117,171,96.0227770039905,-1.84327174722872
1.58,117,174,93.1754529367819,-1.87282395947255
1.58,117,177,89.9851262609983,-1.89836764527953
1.58,117,180,86.6090126008816,-1.92099062952766
1.58,120,-180,86.6090126008817,-1.86863075196783
1.58,120,-177,82.0945379815156,-1.88296597218556
1.58,120,-174,77.7978642601192,-1.89508105161711
1.58,120,-171,73.8399388471423,-1.90264598622441
1.58,120,-168,70.2721226587109,-1.90208845390892
1.58,120,-165,67.0919753144224,-1.8890202720535
1.58,120,-162,64.2859357579446,-1.85881756402918
1.58,120,-159,61.8879085908542,-1.80722082621663
1.58,120,-156,60.0346578086909,-1.73100601698235
1.58,120,-153,58.9970594274066,-1.62896726929577
1.58,120,-150,59.168346171334,-1.50328109958805
1.58,120,-147,60.9988027220659,-1.36054370603764
1.58,120,-144,64.8920349990758,-1.21101868269675
1.58,120,-141,71.1141147448434,-1.06555921035205
1.58,120,-138,79.7675083453581,-0.932121246952442
1.58,120,-135,90.8288108509853,-0.814342398458052
1.58,120,-132,104.205650753301,-0.712396909686937
1.58,120,-129,119.777546835518,-0.624639884922025
1.58,120,-126,137.41512544165,-0.548887203402676
1.58,120,-123,156.986665712315,-0.483076108847344
1.58,120,-120,178.360379487133,-0.425489653978716
1.58,120,-117,201.406160390415,-0.374768379813007
1.58,120,-114,225.997267366308,-0.329849960843341
1.58,120,-111,252.011200760614,-0.289901875488668
1.58,120,-108,279.329078163819,-0.254268323888073
1.58,120,-105,307.833329483623,-0.222432866635987
1.58,120,-102,337.40402920671,-0.193991849633285
1.58,120,-99,367.914474675155,-0.168633341797939
1.58,120,-96,399.226695117,-0.146118048717075
1.58,120,-93,431.187517313714,-0.126260581745257
1.58,120,-90,463.625709251634,-0.108910857943093
1.58,120,-87,496.35062529879,-0.0939361956821776
1.58,120,-84,529.152688414477,-0.0812050215056067
1.58,120,-81,561.805931688634,-0.0705732216809573
1.58,120,-78,594.072634593721,-0.0618741909124703
1.58,120,-75,625.70979441316,-0.0549135803592079
1.58,120,-72,656.476774171849,-0.0494695681656802
1.58,120,-69,686.143022071838,-0.0452990629336424
1.58,120,-66,714.494378411104,-0.0421495103648437
1.58,120,-63,741.33633741773,-0.0397748907558348
1.58,120,-60,766.492897841409,-0.0379532014166404
1.58,120,-57,789.800466108532,-0.0365015344554538
1.58,120,-54,811.097687719927,-0.0352842732987944
1.58,120,-51,830.213852236407,-0.0342104564774015
1.58,120,-48,846.960116071195,-0.0332182910558574
1.58,120,-45,861.128471629032,-0.032247951798533
1.58,120,-42,872.502497631083,-0.0312073980463002
1.58,120,-39,880.881279301555,-0.0299388231899816
1.58,120,-36,886.114074231805,-0.0281944764098995
1.58,120,-33,888.139550064174,-0.025629516438344
1.58,120,-30,887.0210870652,-0.021816591192845
1.58,120,-27,882.969562855251,-0.0162828201073056
1.58,120,-24,876.347190080407,-0.00856569024616485
1.58,120,-21,867.64958581072,0.0017192926378009
1.58,120,-18,857.467256674616,0.0148091784377522
1.58,120,-15,846.431224297698,0.0307340695877981
1.58,120,-12,835.150143985752,0.0492794529560501
1.58,120,-9,824.147854542362,0.069980380532131
1.58,120,-6,813.810755063199,0.0921529250953807
1.58,120,-3,804.353504866807,0.114961127700914
1.58,120,0,795.808990261308,0.137509181984508
1.58,120,3,788.044305421761,0.158941556335151
1.58,120,6,780.799348988902,0.178531097681756
1.58,120,9,773.739918553218,0.195738381522132
1.58,120,12,766.514407278362,0.210233607386941
1.58,120,15,758.803276435108,0.221882116389681
1.58,120,18,750.353268390056,0.230702794089914
1.58,120,21,740.992823925036,0.236813141359037
1.58,120,24,730.629976655685,0.240375208634014
1.58,120,27,719.237818232114,0.241553585066302
1.58,120,30,706.834564248111,0.240491431393411
1.58,120,33,693.464966054665,0.237304611030094
1.58,120,36,679.187618806,0.232088900393075
1.58,120,39,664.069521831181,0.224932457825185
1.58,120,42,648.18627492853,0.215925912186481
1.58,120,45,631.624584000749,0.205165226382362
1.58,120,48,614.483717822731,0.192746559829937
1.58,120,51,596.873873113145,0.178756005605607
1.58,120,54,578.911246935444,0.163259011880565
1.58,120,57,560.711125101533,0.146294069904209
1.58,120,60,542.380949098936,0.127873301779362
1.58,120,63,524.015069671513,0.107989908596256
1.58,120,66,505.69205373504,0.0866301271951591
1.58,120,69,487.474451861258,0.0637861390717357
1.58,120,72,469.410245932662,0.0394664631273631
1.58,120,75,451.534957884773,0.0137014063004791
1.58,120,78,433.873569319135,-0.0134574710784591
1.58,120,81,416.44180743188,-0.0419437656904325
1.58,120,84,399.246807312662,-0.0716877789432563
1.58,120,87,382.28753120819,-0.10263230667158
1.58,120,90,365.555544792244,-0.134751781644076
1.58,120,93,349.036790565838,-0.168073662388854
1.58,120,96,332.714842216391,-0.202700254065056
1.58,120,99,316.57576331846,-0.23882795433394
1.58,120,102,300.614155133167,-0.27675958595557
1.58,120,105,284.839354553578,-0.316904664081486
1.58,120,108,269.280214804231,-0.359762989846251
1.58,120,111,253.986726208029,-0.405889668030848
1.58,120,114,239.027193620362,-0.455844917813924
1.58,120,117,224.480966518806,-0.510139260153543
1.58,120,120,210.428706667274,-0.569191348358465
1.58,120,123,196.944244163685,-0.633317095384291
1.58,120,126,184.093011923293,-0.702759024065152
1.58,120,129,171.940505290874,-0.777740915572431
1.58,120,132,160.56961757562,-0.858499838902483
1.58,120,135,150.099202461638,-0.945221412268132
1.58,120,138,140.690791459549,-1.03781004752282
1.58,120,141,132.529959246499,-1.13549253549626
1.58,120,144,125.776752756439,-1.2363912597955
1.58,120,147,120.496219060275,-1.3373527378092
1.58,120,150,116.598373903489,-1.43431254945599
1.58,120,153,113.821671978912,-1.52318558161327
1.58,120,156,111.774474059659,-1.60086843170125
1.58,120,159,110.016999672145,-1.66584506201381
1.58,120,162,108.148279835613,-1.71820516706042
1.58,120,165,105.86945071695,-1.75925618370019
1.58,120,168,103.013371321346,-1.79102025438526
1.58,120,171,99.5448945190918,-1.81579763302354
1.58,120,174,95.5412888377181,-1.83583095878566
1.58,120,177,91.1613722760582,-1.85302072335444
1.58,120,180,86.6090126008817,-1.86863075196783
1.58,123,-180,86.6090126008817,-1.816270874408
1.58,123,-177,80.9862521841632,-1.82505220198513
1.58,123,-174,75.6756471164396,-1.83336361371776
1.58,123,-171,70.8408414480412,-1.83913392050267
1.58,123,-168,66.5748071023425,-1.83879077772417
1.58,123,-165,62.9096281337934,-1.82763755875431
1.58,123,-162,59.8535136944727,-1.80055666054483
1.58,123,-159,57.4461067524193,-1.75288311188703
1.58,123,-156,55.8120990846159,-1.68139025540605
1.58,123,-153,55.1895459000545,-1.58546225462577
1.58,123,-150,55.9139806683759,-1.46828965666078
1.58,123,-147,58.3545099423838,-1.33721931860534
1.58,123,-144,62.8263430927109,-1.20216636800743
1.58,123,-141,69.5273741053527,-1.07243542679934
1.58,123,-138,78.5301286536913,-0.954087624180594
1.58,123,-135,89.8151709530379,-0.849431769118732
1.58,123,-132,103.310918577666,-0.758141032310881
1.58,123,-129,118.919901703374,-0.678664541378657
1.58,123,-126,136.531443026026,-0.609187013232691
1.58,123,-123,156.02757817392,-0.548072782286322
1.58,123,-120,177.287091408318,-0.493986742785351
1.58,123,-117,200.189173424995,-0.445873002977628
1.58,123,-114,224.616280984711,-0.402895487293995
1.58,123,-111,250.455335374697,-0.364384296584214
1.58,123,-108,277.596770709758,-0.329798677368552
1.58,123,-105,305.931545670576,-0.29870376203106
1.58,123,-102,335.346711412553,-0.270754868431917
1.58,123,-99,365.720351889891,-0.24568419508077
1.58,123,-96,396.916703766592,-0.223287003313795
1.58,123,-93,428.782119648108,-0.203406366285591
1.58,123,-90,461.142363727962,-0.18591682275607
1.58,123,-87,493.801587166028,-0.170707860254296
1.58,123,-84,526.543231423545,-0.157668323292931
1.58,123,-81,559.133015140178,-0.146672849981028
1.58,123,-78,591.324015248147,-0.137571432278577
1.58,123,-75,622.863605318418,-0.130183190732283
1.58,123,-72,653.501650142626,-0.124295369707943
1.58,123,-69,682.998918614923,-0.119668255055753
1.58,123,-66,711.134273582651,-0.116046060112251
1.58,123,-63,737.708988808757,-0.113172761262952
1.58,123,-60,762.546720167866,-0.11081048455492
1.58,123,-57,785.488389049332,-0.108756651842479
1.58,123,-54,806.382578087047,-0.106855195620212
1.58,123,-51,825.07382189944,-0.104997339634883
1.58,123,-48,841.392911004277,-0.103109144491
1.58,123,-45,855.154259114697,-0.101126182254859
1.58,123,-42,866.164756893072,-0.0989596184095527
1.58,123,-39,874.246029441822,-0.0964614126454303
1.58,123,-36,879.268101667017,-0.0933980459943128
1.58,123,-33,881.188389599999,-0.0894414434275102
1.58,123,-30,880.087175142782,-0.0841827435379595
1.58,123,-27,876.190341478626,-0.0771701015763381
1.58,123,-24,869.872287251195,-0.0679668408115633
1.58,123,-21,861.635864868559,-0.0562218538229581
1.58,123,-18,852.070743625489,-0.0417408004750133
1.58,123,-15,841.795718958538,-0.0245448525439867
1.58,123,-12,831.3934908774,-0.00490406853700657
1.58,123,-9,821.347990373344,0.0166644606678154
1.58,123,-6,811.994292757552,0.039437541562442
1.58,123,-3,803.489426161685,0.0625614649863315
1.58,123,0,795.808990261308,0.0851493044246782
1.58,123,3,788.769822619791,0.106381044319929
1.58,123,6,782.073884924146,0.125586755520928
1.58,123,9,775.364372554534,0.142297760099079
1.58,123,12,768.282980921737,0.156259357875022
1.58,123,15,760.51788100892,0.167408130418619
1.58,123,18,751.835002913683,0.175824233232206
1.58,123,21,742.089751312079,0.181672868658481
1.58,123,24,731.221027250212,0.185149084503228
1.58,123,27,719.233200695675,0.186436782918874
1.58,123,30,706.173554109939,0.185687395089466
1.58,123,33,692.112282252288,0.183017472645079
1.58,123,36,677.129652224688,0.178519154407512
1.58,123,39,661.311370067425,0.172274683424372
1.58,123,42,644.74993642207,0.164366702936777
1.58,123,45,627.547992281758,0.154879512624081
1.58,123,48,609.81982086735,0.14389123998358
1.58,123,51,591.688867521561,0.131460995673785
1.58,123,54,573.28137781993,0.11761704129637
1.58,123,57,554.718011658466,0.102351343129348
1.58,123,60,536.105956477318,0.0856232150924133
1.58,123,63,517.533602887502,0.0673713379503657
1.58,123,66,499.068690388362,0.0475306392026128
1.58,123,69,480.759590126783,0.026049242689665
1.58,123,72,462.638561930619,0.00290112263312584
1.58,123,75,444.725607601969,-0.0219082853614454
1.58,123,78,427.031848362239,-0.0483443014383871
1.58,123,81,409.561922250369,-0.0763522836135498
1.58,123,84,392.315465313173,-0.105872451132253
1.58,123,87,375.288145755204,-0.136858674377633
1.58,123,90,358.472909517009,-0.169299914256379
1.58,123,93,341.86207722316,-0.203243058869708
1.58,123,96,325.450724530558,-0.238815401080885
1.58,123,99,309.241392306266,-0.276243845844323
1.58,123,102,293.249636415042,-0.315866431803643
1.58,123,105,277.509320899514,-0.358130578907295
1.58,123,108,262.076051199192,-0.403572603298798
1.58,123,111,247.026991764826,-0.452775528251665
1.58,123,114,232.455811015253,-0.506307782433614
1.58,123,117,218.46285777192,-0.564653578787902
1.58,123,120,205.142798960295,-0.628153858521369
1.58,123,123,192.574157586278,-0.696978927302848
1.58,123,126,180.816137632937,-0.771143274399662
1.58,123,129,169.91628255294,-0.850546719758302
1.58,123,132,159.927328391296,-0.934992458141907
1.58,123,135,150.924654426719,-1.02411389841869
1.58,123,138,143.010772860165,-1.1171666875005
1.58,123,141,136.294799397421,-1.21272668002321
1.58,123,144,130.845361259765,-1.30845581454565
1.58,123,147,126.632299981955,-1.40116598097063
1.58,123,150,123.485800116252,-1.48730658146669
1.58,123,153,121.098462366504,-1.563729000931
1.58,123,156,119.074324542466,-1.62836531748423
1.58,123,159,117.004500193689,-1.68052346590968
1.58,123,162,114.540221631616,-1.72077084500047
1.58,123,165,111.442710541462,-1.75058612362086
1.58,123,168,107.603881603036,-1.77197821588247
1.58,123,171,103.042241204459,-1.78717576512983
1.58,123,174,97.8821208696394,-1.7983899004564
1.58,123,177,92.3237237759671,-1.80759607889154
1.58,123,180,86.6090126008817,-1.816270874408
1.58,126,-180,86.6090126008817,-1.76391099684818
1.58,126,-177,79.889389575272,-1.7670302371737
1.58,126,-174,73.5634702268891,-1.77138678041887
1.58,126,-171,67.8330981687777,-1.77543459679243
1.58,126,-168,62.8315395887676,-1.77592052442302
1.58,126,-165,58.626152747332,-1.76810015779255
1.58,126,-162,55.2467680081596,-1.74645364714469
1.58,126,-159,52.7347730203908,-1.70578788530736
1.58,126,-156,51.194516722785,-1.64255299298977
1.58,126,-153,50.8222338984552,-1.556225874186
1.58,126,-150,51.8931891057786,-1.45036672472946
1.58,126,-147,54.7064192487515,-1.33244164006406
1.58,126,-144,59.513785685652,-1.21173477722012
1.58,126,-141,66.4736887360049,-1.09627908279433
1.58,126,-138,75.6482338391786,-0.990865904751075
1.58,126,-135,87.0278684789894,-0.897054249407142
1.58,126,-132,100.558107806479,-0.814352538504745
1.58,126,-129,116.156933507115,-0.741424835970436
1.58,126,-126,133.724364699293,-0.676825548536182
1.58,126,-123,153.148787644792,-0.619299304379366
1.58,126,-120,174.312624712267,-0.567835807950785
1.58,126,-117,197.097607588534,-0.521630697288925
1.58,126,-114,221.388802363543,-0.480031661110425
1.58,126,-111,247.07647279694,-0.442498624666919
1.58,126,-108,274.055364598128,-0.408581323155026
1.58,126,-105,302.22161608275,-0.377908315239142
1.58,126,-102,331.467976260028,-0.350180437872066
1.58,126,-99,361.678233168152,-0.325163827562865
1.58,126,-96,392.721745714633,-0.302680270383024
1.58,126,-93,424.448822899037,-0.282594646514014
1.58,126,-90,456.687505587581,-0.264800337570925
1.58,126,-87,489.242145983617,-0.249203845345326
1.58,126,-84,521.894065738913,-0.235709858605771
1.58,126,-81,554.404474342672,-0.224207892567672
1.58,126,-78,586.519686008997,-0.214561576097729
1.58,126,-75,617.978429515335,-0.206601689752647
1.58,126,-72,648.520679885078,-0.200124060951946
1.58,126,-69,677.896989904689,-0.194893233755056
1.58,126,-66,705.87686521627,-0.190652281028818
1.58,126,-63,732.254467981746,-0.187138118013339
1.58,126,-60,756.850042068667,-0.184100260779082
1.58,126,-57,779.506104921563,-0.18131942442207
1.58,126,-54,800.078731472916,-0.178621186188201
1.58,126,-51,818.426037575328,-0.175879800732852
1.58,126,-48,834.397812008212,-0.173008691711533
1.58,126,-45,847.831397141459,-0.169937243994249
1.58,126,-42,858.558556222391,-0.166577660393623
1.58,126,-39,866.425739540459,-0.162789557900193
1.58,126,-36,871.326218196578,-0.158352223533184
1.58,126,-33,873.238199165536,-0.152954081001885
1.58,126,-30,872.259878838932,-0.146205900155933
1.58,126,-27,868.631692350918,-0.137679404964754
1.58,126,-24,862.738099244436,-0.126967369023578
1.58,126,-21,855.085449191411,-0.113756130271765
1.58,126,-18,846.257556101766,-0.097897598603818
1.58,126,-15,836.855303686547,-0.0794660545502589
1.58,126,-12,827.429955901702,-0.0587860896917951
1.58,126,-9,818.421297502574,-0.0364224125990049
1.58,126,-6,810.111078368173,-0.0131296833562279
1.58,126,-3,802.599588826085,0.0102304020329817
1.58,126,0,795.808990261307,0.0327894268648484
1.58,126,3,789.512040850427,0.0537701838143549
1.58,126,6,783.380116411307,0.0725633565309379
1.58,126,9,777.040992286385,0.0887700150472281
1.58,126,12,770.135520851148,0.102205746559938
1.58,126,15,762.363389824258,0.11287099851556
1.58,126,18,753.511262832842,0.120898710493615
1.58,126,21,743.460993194424,0.126493461089009
1.58,126,24,732.180210763811,0.129876038994018
1.58,126,27,719.701301688664,0.131244001999789
1.58,126,30,706.096674164716,0.130753235927968
1.58,126,33,691.457693530979,0.128519080703375
1.58,126,36,675.881961558912,0.124630052366759
1.58,126,39,659.469717458416,0.119164365739474
1.58,126,42,642.326572127157,0.112200327986934
1.58,126,45,624.567903935387,0.103815748742506
1.58,126,48,606.320576900559,0.0940769954262616
1.58,126,51,587.719707748674,0.0830229451135212
1.58,126,54,568.900857491597,0.0706511420215615
1.58,126,57,549.99006147446,0.0569124539551933
1.58,126,60,531.094823115355,0.0417171569790316
1.58,126,63,512.298548368974,0.0249511878917986
1.58,126,66,493.659419120293,0.00649793514888362
1.58,126,69,475.213151979379,-0.0137404967146588
1.58,126,72,456.97808321873,-0.0358279199296905
1.58,126,75,438.960806998183,-0.059787801860323
1.58,126,78,421.161034758909,-0.0856067675333873
1.58,126,81,403.575088021568,-0.113246542605676
1.58,126,84,386.198139433477,-0.142662059015588
1.58,126,87,369.025775137467,-0.173823423351124
1.58,126,90,352.055619059798,-0.206739875670324
1.58,126,93,335.28967903064,-0.241484143628937
1.58,126,96,318.737801589118,-0.278215253366579
1.58,126,99,302.422192759645,-0.317196736487245
1.58,126,102,286.382409053882,-0.358805529701782
1.58,126,105,270.679621923442,-0.40352540888488
1.58,126,108,255.398470170406,-0.451918652595591
1.58,126,111,240.644697053972,-0.504572150627641
1.58,126,114,226.53733848911,-0.562020466363832
1.58,126,117,213.195727415175,-0.624658188785583
1.58,126,120,200.723911645255,-0.692664044135515
1.58,126,123,189.197483717151,-0.765962515150316
1.58,126,126,178.658756453483,-0.844236558704611
1.58,126,129,169.123991484142,-0.926975226348939
1.58,126,132,160.60057140415,-1.01350561286578
1.58,126,135,153.104765782923,-1.10294720349479
1.58,126,138,146.666559701153,-1.19406416746805
1.58,126,141,141.311305672612,-1.28507645310203
1.58,126,144,137.01969797466,-1.37357710416108
1.58,126,147,133.682694742653,-1.45670809035249
1.58,126,150,131.076258583386,-1.53161742583109
1.58,126,153,128.873778800454,-1.59602720163915
1.58,126,156,126.694841068476,-1.64865541295645
1.58,126,159,124.171558039819,-1.68933730811343
1.58,126,162,121.009309437268,-1.7188769188236
1.58,126,165,117.026436703611,-1.73876894179858
1.58,126,168,112.168624809802,-1.75092208764136
1.58,126,171,106.50176397857,-1.75744483080778
1.58,126,174,100.190413042326,-1.76048539147995
1.58,126,177,93.4687733945369,-1.76207512778597
1.58,126,180,86.6090126008817,-1.76391099684818
1.58,129,-180,86.6090126008817,-1.71155111928835
1.58,129,-177,78.8067272812166,-1.70890487627521
1.58,129,-174,71.4658419047147,-1.70911777159928
1.58,129,-171,64.8209261609123,-1.71144556299402
1.58,129,-168,59.0435370795036,-1.71335800042755
1.58,129,-165,54.2377613180726,-1.71046955426635
1.58,129,-162,50.4573889600902,-1.69707356139677
1.58,129,-159,47.7450630690959,-1.66732496696526
1.58,129,-156,46.1800037959645,-1.61687031669137
1.58,129,-153,45.9107076560552,-1.54454022087725
1.58,129,-150,47.1518178158598,-1.45344691337408
1.58,129,-147,50.1427928728923,-1.3505510417645
1.58,129,-144,55.0915935489424,-1.24434813698236
1.58,129,-141,62.1367205495586,-1.14194362964715
1.58,129,-138,71.341621108569,-1.04744037170676
1.58,129,-135,82.7092635048656,-0.962165489814094
1.58,129,-132,96.1992686055142,-0.885791811408306
1.58,129,-129,111.740190249125,-0.817358694658767
1.58,129,-126,129.237873623657,-0.75584425875461
1.58,129,-123,148.582504861462,-0.700372610613203
1.58,129,-120,169.655560047794,-0.650233929346734
1.58,129,-117,192.336370502106,-0.604843934803584
1.58,129,-114,216.507327168593,-0.563703111002347
1.58,129,-111,242.056778518394,-0.526373591498437
1.58,129,-108,268.879136638289,-0.492471901771463
1.58,129,-105,296.872294563086,-0.461669842363687
1.58,129,-102,325.932949158943,-0.433696427007062
1.58,129,-99,355.950706309785,-0.408336610999575
1.58,129,-96,386.801914255811,-0.385425351409309
1.58,129,-93,418.344089277011,-0.364837456884367
1.58,129,-90,450.411647542827,-0.346474596930002
1.58,129,-87,482.81350166889,-0.330251013144285
1.58,129,-84,515.332944422361,-0.316079286194635
1.58,129,-81,547.73010581264,-0.303857281884586
1.58,129,-78,579.747085037959,-0.293457302249575
1.58,129,-75,611.115575796159,-0.2847185175383
1.58,129,-72,641.566403576049,-0.277443836972289
1.58,129,-69,670.83991304872,-0.271402299708124
1.58,129,-66,698.695681963794,-0.26633763126327
1.58,129,-63,724.919748458954,-0.261982677709664
1.58,129,-60,749.327605874224,-0.258078012307623
1.58,129,-57,771.761818882458,-0.254391349598169
1.58,129,-54,792.084344450692,-0.250733008299739
1.58,129,-51,810.165410028195,-0.24696223190741
1.58,129,-48,825.872712228654,-0.2429803453186
1.58,129,-45,839.066023652222,-0.23870971423269
1.58,129,-42,849.602170162563,-0.234061756291068
1.58,129,-39,857.353207406133,-0.228901552945713
1.58,129,-36,862.236706451246,-0.22301934420583
1.58,129,-33,864.252509358865,-0.216119173862292
1.58,129,-30,863.516823111433,-0.20783195417431
1.58,129,-27,860.283521843878,-0.197754967973047
1.58,129,-24,854.944536154047,-0.18551359818455
1.58,129,-21,848.005652820759,-0.170835214978453
1.58,129,-18,840.039628305509,-0.153620868941564
1.58,129,-15,831.623752445371,-0.133998826303023
1.58,129,-12,823.272637557631,-0.112345932458806
1.58,129,-9,815.378256623758,-0.0892685914405642
1.58,129,-6,808.1678799199,-0.0655439196539418
1.58,129,-3,801.686948263063,-0.0420311289829898
1.58,129,0,795.808990261308,-0.0195704506949814
1.58,129,3,790.269607565593,0.0011104644356942
1.58,129,6,784.717375195528,0.0194654165362127
1.58,129,9,778.771949314307,0.0351632869305385
1.58,129,12,772.079071240743,0.0480843540911646
1.58,129,15,764.353501064771,0.0582850068375501
1.58,129,18,755.403918268586,0.0659421320047789
1.58,129,21,745.137931197675,0.0712911012137497
1.58,129,24,733.549728576756,0.0745708792134043
1.58,129,27,720.696578030606,0.0759865072453563
1.58,129,30,706.672307449073,0.0756936475911246
1.58,129,33,691.585408152722,0.0738032349028783
1.58,129,36,675.546544071608,0.0703984772256102
1.58,129,39,658.666060981942,0.0655535143150286
1.58,129,42,641.058221478134,0.059344120008942
1.58,129,45,622.846865661451,0.0518454446336017
1.58,129,48,604.167638434067,0.0431179427491941
1.58,129,51,585.164310111215,0.0331877880075785
1.58,129,54,565.979759268958,0.0220303232029961
1.58,129,57,546.744526849192,0.00956384219458384
1.58,129,60,527.566655690912,-0.00434294827671829
1.58,129,63,508.525743374777,-0.0198513560695133
1.58,129,66,489.672362006438,-0.0371265622744744
1.58,129,69,471.032130394663,-0.0563121517324021
1.58,129,72,452.612511489298,-0.0775117200539731
1.58,129,75,434.410159573693,-0.100781360979066
1.58,129,78,416.417194399836,-0.126133759056424
1.58,129,81,398.625699483141,-0.153552195134789
1.58,129,84,381.030596258118,-0.183011567122346
1.58,129,87,363.631580354082,-0.214503432514754
1.58,129,90,346.434968722229,-0.248062549364223
1.58,129,93,329.45616533825,-0.283792754845816
1.58,129,96,312.723100764974,-0.321889739665209
1.58,129,99,296.280502171534,-0.362657142485275
1.58,129,102,280.194253675828,-0.40651063913863
1.58,129,105,264.554490918157,-0.453963102611938
1.58,129,108,249.475600137019,-0.50558378655219
1.58,129,111,235.091231659719,-0.56192758530048
1.58,129,114,221.543137839953,-0.62343829622255
1.58,129,117,208.964380356722,-0.690342256656169
1.58,129,120,197.460102941321,-0.762561447496202
1.58,129,123,187.091712773435,-0.839678619782945
1.58,129,126,177.87114642859,-0.920970676150474
1.58,129,129,169.769059135606,-1.00549009677823
1.58,129,132,162.734154327766,-1.09213730752202
1.58,129,135,156.713418757293,-1.17966214896255
1.58,129,138,151.659782858213,-1.26657923894452
1.58,129,141,147.518489991579,-1.35106132027778
1.58,129,144,144.195425080105,-1.43093088716587
1.58,129,147,141.523443263839,-1.50384446470152
1.58,129,150,139.247445169338,-1.5676502826669
1.58,129,153,137.040912903809,-1.62077804701844
1.58,129,156,134.550717682321,-1.6624935310526
1.58,129,159,131.454181891406,-1.69293923463644
1.58,129,162,127.509804291343,-1.71300065998908
1.58,129,165,122.589230057496,-1.72409819184056
1.58,129,168,116.686880528772,-1.72799234086496
1.58,129,171,109.910442405092,-1.72664174943422
1.58,129,174,102.458669681574,-1.72210465494852
1.58,129,177,94.5931607722262,-1.71644046174146
1.58,129,180,86.6090126008817,-1.71155111928835
1.58,132,-180,86.6090126008818,-1.65919124172852
1.58,132,-177,77.7410620682667,-1.6506813768692
1.58,132,-174,69.3875830913591,-1.64651871448751
1.58,132,-171,61.8094987831515,-1.64703540125365
1.58,132,-168,55.213902884657,-1.6509249888792
1.58,132,-165,49.7441009939693,-1.65479263086012
1.58,132,-162,45.4842025995527,-1.65322162913901
1.58,132,-159,42.4837185799474,-1.6396894639552
1.58,132,-156,40.7974422532994,-1.60835435186307
1.58,132,-153,40.5227704650202,-1.5562286595897
1.58,132,-150,41.812140092073,-1.48474262347067
1.58,132,-147,44.8508051806731,-1.39953664454504
1.58,132,-144,49.8140187271401,-1.30820434923795
1.58,132,-141,56.8311163703979,-1.21741108278352
1.58,132,-138,65.9722811023604,-1.13129404918703
1.58,132,-135,77.2530380712622,-1.05158560480484
1.58,132,-132,90.64454029498,-0.978548613681309
1.58,132,-129,106.083116775379,-0.911827631142488
1.58,132,-126,123.47830788498,-0.850920803418836
1.58,132,-123,142.720424971022,-0.795351742790023
1.58,132,-120,163.688206676779,-0.744693754864627
1.58,132,-117,186.25624777247,-0.698550404226783
1.58,132,-114,210.301299460547,-0.656539257547969
1.58,132,-111,235.706447728037,-0.618290444067573
1.58,132,-108,262.362487789855,-0.583456236411458
1.58,132,-105,290.166335127091,-0.551724018731889
1.58,132,-102,319.016842632864,-0.522826439707612
1.58,132,-99,348.808788781131,-0.496545524021961
1.58,132,-96,379.426011453692,-0.472710195806662
1.58,132,-93,410.73470341833,-0.451188364705587
1.58,132,-90,442.577810425007,-0.431875412060104
1.58,132,-87,474.771335103479,-0.414680889597927
1.58,132,-84,507.103180664338,-0.399514897314218
1.58,132,-81,539.334966562569,-0.386275269492329
1.58,132,-78,571.206986463323,-0.374836550324637
1.58,132,-75,602.446125616957,-0.365041800191245
1.58,132,-72,632.77610308846,-0.356698418393643
1.58,132,-69,661.928894345146,-0.34957918976718
1.58,132,-66,689.655716668614,-0.343429432447432
1.58,132,-63,715.735665936799,-0.337980270686661
1.58,132,-60,739.980148213757,-0.33296665593625
1.58,132,-57,762.231818548616,-0.328147024860137
1.58,132,-54,782.357924618468,-0.323319914238035
1.58,132,-51,800.239691507361,-0.318332174415125
1.58,132,-48,815.761322949068,-0.313074351906448
1.58,132,-45,828.80363722916,-0.307461673567892
1.58,132,-42,839.247421734683,-0.301403426202822
1.58,132,-39,846.989638661205,-0.294768119202393
1.58,132,-36,851.971758751386,-0.287354945878702
1.58,132,-33,854.214832731165,-0.278882339867304
1.58,132,-30,853.852163220425,-0.269001432410397
1.58,132,-27,851.149197271216,-0.257336616996052
1.58,132,-24,846.502207277928,-0.243548593257328
1.58,132,-21,840.411992057678,-0.227408785655486
1.58,132,-18,833.434860311156,-0.208869460603322
1.58,132,-15,826.118862694308,-0.188112599585707
1.58,132,-12,818.937067853821,-0.165563610887749
1.58,132,-9,812.230600545758,-0.141863240007507
1.58,132,-6,806.171963016605,-0.117800939264691
1.58,132,-3,800.754580882362,-0.0942224564307509
1.58,132,0,795.808990261308,-0.0719303282548115
1.58,132,3,791.041130679614,-0.0515965835951153
1.58,132,6,786.084808929303,-0.0337027071698575
1.58,132,9,780.5588202937,-0.0185147869183576
1.58,132,12,774.119289031449,-0.00609406017688667
1.58,132,15,766.499282867043,0.00366354276793429
1.58,132,18,757.530480108815,0.010969906271192
1.58,132,21,747.145354730565,0.0160826184947882
1.58,132,24,735.362448334832,0.019251250562092
1.58,132,27,722.260918368674,0.0206819880097372
1.58,132,30,707.95259581384,0.0205251057323835
1.58,132,33,692.55939525423,0.018883006081222
1.58,132,36,676.201020066987,0.0158304736070935
1.58,132,39,658.993494559419,0.011435682318928
1.58,132,42,641.054900655477,0.00577165865478449
1.58,132,45,622.512484982021,-0.00108708989794096
1.58,132,48,603.505768313036,-0.00908134926215594
1.58,132,51,584.182908934983,-0.018190266455135
1.58,132,54,564.690953293909,-0.0284510816868315
1.58,132,57,545.163249760445,-0.0399672256384488
1.58,132,60,525.708252336632,-0.0529008395109156
1.58,132,63,506.403094418652,-0.0674512936341295
1.58,132,66,487.293309882998,-0.0838258322558503
1.58,132,69,468.397921717737,-0.102210519877631
1.58,132,72,449.717681507079,-0.122748843048657
1.58,132,75,431.243915161152,-0.145532447024053
1.58,132,78,412.966050775651,-0.170604995571424
1.58,132,81,394.876977838791,-0.197977329834318
1.58,132,84,376.976397587713,-0.227650607199931
1.58,132,87,359.272956006277,-0.259643828706891
1.58,132,90,341.786129562152,-0.294022534430719
1.58,132,93,324.548640820542,-0.330925743081947
1.58,132,96,307.609739799153,-0.37058786642582
1.58,132,99,291.039095469771,-0.413351117687788
1.58,132,102,274.930373283943,-0.459662122785886
1.58,132,105,259.402924179877,-0.510044931337926
1.58,132,108,244.599556180813,-0.56504304678704
1.58,132,111,230.678401869976,-0.625127684980952
1.58,132,114,217.797825598708,-0.690580138383349
1.58,132,117,206.095430477737,-0.761372133007274
1.58,132,120,195.66531728502,-0.837082799580605
1.58,132,123,186.54060577864,-0.916891241235845
1.58,132,126,178.688665344126,-0.999657873882165
1.58,132,129,172.022615255492,-1.08406088371506
1.58,132,132,166.424996406637,-1.16871601370527
1.58,132,135,161.772056778863,-1.2522141638059
1.58,132,138,157.945121951435,-1.33306912354222
1.58,132,141,154.821682820922,-1.4096416659282
1.58,132,144,152.250616550772,-1.48014112218501
1.58,132,147,150.026589012179,-1.54276775416563
1.58,132,150,147.881117190763,-1.59596794776481
1.58,132,153,145.499868320501,-1.63869634543467
1.58,132,156,142.562628168748,-1.67057473074556
1.58,132,159,138.792390895497,-1.69190306428638
1.58,132,162,133.998114798953,-1.70355515084253
1.58,132,165,128.100597034029,-1.7068290593435
1.58,132,168,121.138219451679,-1.70331384983236
1.58,132,171,113.255352476583,-1.69480141513345
1.58,132,174,104.679473147306,-1.68323715231932
1.58,132,177,95.6935849109982,-1.67067581724924
1.58,132,180,86.6090126008818,-1.65919124172852
1.58,135,-180,86.6090126008818,-1.60683136416869
1.58,135,-177,76.6952055052563,-1.59236562125744
1.58,135,-174,67.3338435627314,-1.58354701464901
1.58,135,-171,58.8050381429873,-1.58203934704105
1.58,135,-168,51.3477732787854,-1.58836755292705
1.58,135,-165,45.1483440720061,-1.60110565910061
1.58,135,-162,40.3337976146914,-1.61613662052418
1.58,135,-159,36.9770563271778,-1.6265807422146
1.58,135,-156,35.1192083205447,-1.62412297779775
1.58,135,-153,34.8053821789902,-1.60183863678144
1.58,135,-150,36.1165721627128,-1.55722650236609
1.58,135,-147,39.1754839288249,-1.49330608170651
1.58,135,-144,44.1217812026408,-1.41680627457368
1.58,135,-141,51.0761859379523,-1.33492694437048
1.58,135,-138,60.1162101004974,-1.25305676045849
1.58,135,-135,71.2696678608077,-1.1743123109872
1.58,135,-132,84.5190177046184,-1.10014898408873
1.58,135,-129,99.8089959050238,-1.03110724014877
1.58,135,-126,117.054344807243,-0.967299768458969
1.58,135,-123,136.14734846261,-0.908642209783223
1.58,135,-120,156.96556084677,-0.854940152796202
1.58,135,-117,179.379649681274,-0.805921632820633
1.58,135,-114,203.260626812685,-0.76125929165613
1.58,135,-111,228.485393674517,-0.720595643547805
1.58,135,-108,254.9396342653,-0.68357049505152
1.58,135,-105,282.517533590714,-0.649845499740218
1.58,135,-102,311.118384279487,-0.6191216821166
1.58,135,-99,340.640684465677,-0.591148160713258
1.58,135,-96,370.97471493756,-0.565722509000749
1.58,135,-93,401.994776488121,-0.542684547897173
1.58,135,-90,433.552285326575,-0.521905815975131
1.58,135,-87,465.470805814542,-0.503276775762994
1.58,135,-84,497.543885311639,-0.486693349788374
1.58,135,-81,529.536267651908,-0.472043955294186
1.58,135,-78,561.188701970499,-0.459198007214817
1.58,135,-75,592.226127650155,-0.447996909375709
1.58,135,-72,622.368514291652,-0.438248733902935
1.58,135,-69,651.343112121748,-0.429727880979244
1.58,135,-66,678.896409393572,-0.422180766091114
1.58,135,-63,704.803822646568,-0.415337799833283
1.58,135,-60,728.87521083301,-0.408930551367419
1.58,135,-57,750.95485447155,-0.40271120897098
1.58,135,-54,770.915678954437,-0.396469760284141
1.58,135,-51,788.649188246691,-0.390043454453257
1.58,135,-48,804.054500726491,-0.383313849985408
1.58,135,-45,817.031383499039,-0.376189502775571
1.58,135,-42,827.482383707026,-0.368576748188738
1.58,135,-39,835.327359151629,-0.3603458240848
1.58,135,-36,840.529940311887,-0.351302986663706
1.58,135,-33,843.130741574226,-0.341179747278592
1.58,135,-30,843.278233051666,-0.329647326668841
1.58,135,-27,841.24677981707,-0.31635848817063
1.58,135,-24,837.43328337377,-0.301011542871596
1.58,135,-21,832.328735678608,-0.283424358171359
1.58,135,-18,826.467421607818,-0.263601528841141
1.58,135,-15,820.362581666439,-0.241777169197781
1.58,135,-12,814.441230777486,-0.218420044465545
1.58,135,-9,808.991286318206,-0.194196476920149
1.58,135,-6,804.131060273758,-0.169897179898073
1.58,135,-3,799.805670420095,-0.146343182773532
1.58,135,0,795.808990261308,-0.124290205814641
1.58,135,3,791.825174435479,-0.104349399771477
1.58,135,6,787.481351173461,-0.086936841565805
1.58,135,9,782.402513943563,-0.0722571074821624
1.58,135,12,776.260318908564,-0.0603195990332164
1.58,135,15,768.808993501388,-0.0509809641344254
1.58,135,18,759.903860880026,-0.0440031713935408
1.58,135,21,749.501142555094,-0.0391147499981669
1.58,135,24,737.641452263173,-0.0360628131256271
1.58,135,27,724.422950972616,-0.0346461798668809
1.58,135,30,709.97233331457,-0.034725171388932
1.58,135,33,694.421624357463,-0.0362104731357211
1.58,135,36,677.895935285112,-0.0390397585425891
1.58,135,39,660.512790998356,-0.0431541300368814
1.58,135,42,642.389239627748,-0.0484853165699564
1.58,135,45,623.650517577527,-0.0549593339831272
1.58,135,48,604.434437456495,-0.0625151604740969
1.58,135,51,584.888404163179,-0.0711308315831492
1.58,135,54,565.159599032197,-0.0808465078224647
1.58,135,57,545.381792227013,-0.0917753137726995
1.58,135,60,525.663385794858,-0.104097296285487
1.58,135,63,506.080476532768,-0.118037775130868
1.58,135,66,486.676596374184,-0.133836396228389
1.58,135,69,467.468405165817,-0.151715636363214
1.58,135,72,448.454954161683,-0.171856855380308
1.58,135,75,429.627687106859,-0.194389038244287
1.58,135,78,410.978972651067,-0.219391625240983
1.58,135,81,392.508141612638,-0.246909699414566
1.58,135,84,374.225152962757,-0.276978005160512
1.58,135,87,356.152751690568,-0.309649742714082
1.58,135,90,338.328198040863,-0.345026231908193
1.58,135,93,320.805418877281,-0.383283633186718
1.58,135,96,303.657903065231,-0.424692388253902
1.58,135,99,286.981965036107,-0.469623711270009
1.58,135,102,270.899241162455,-0.518535702789536
1.58,135,105,255.556590130428,-0.57193062307596
1.58,135,108,241.121157845029,-0.630276624886636
1.58,135,111,227.768592913985,-0.693894518913345
1.58,135,114,215.663703092702,-0.762824733251047
1.58,135,117,204.9354956515,-0.836709007592011
1.58,135,120,195.652102087646,-0.914734952832797
1.58,135,123,187.803874756887,-0.995682657704709
1.58,135,126,181.302401159414,-1.07807180630774
1.58,135,129,175.997745790528,-1.16035190426268
1.58,135,132,171.707628969026,-1.24104785175002
1.58,135,135,168.245477612257,-1.3187991683783
1.58,135,138,165.434207597663,-1.39230127310108
1.58,135,141,163.100139344019,-1.46022286743772
1.58,135,144,161.052699941095,-1.52118933273614
1.58,135,147,159.064120886431,-1.57387781687484
1.58,135,150,156.864078932771,-1.61719584834385
1.58,135,153,154.156683450623,-1.65046307184776
1.58,135,156,150.656147680822,-1.67351876397895
1.58,135,159,146.129405056851,-1.68672589381665
1.58,135,162,140.432402465401,-1.69089565394434
1.58,135,165,133.530857183679,-1.68718278693988
1.58,135,168,125.502548217034,-1.67699737314592
1.58,135,171,116.523731576832,-1.66195655127405
1.58,135,174,106.845521781497,-1.64387425221465
1.58,135,177,96.7668165114221,-1.62476603982406
1.58,135,180,86.6090126008818,-1.60683136416869
1.58,138,-180,86.6090126008818,-1.55447148660886
1.58,138,-177,75.6719779183128,-1.5339642966066
1.58,138,-174,65.310111425285,-1.52015596966299
1.58,138,-171,55.8149015874922,-1.51625421442887
1.58,138,-168,47.4524488054824,-1.52533072297589
1.58,138,-165,40.4571702901883,-1.54943978349736
1.58,138,-162,35.0215651757828,-1.58786512031378
1.58,138,-159,31.2797933274731,-1.63466617949434
1.58,138,-156,29.2914761466801,-1.67746366257669
1.58,138,-153,29.0491466288765,-1.70074294719236
1.58,138,-150,30.5273119986435,-1.69337083475292
1.58,138,-147,33.7427241994889,-1.65398834170201
1.58,138,-144,38.7716915835974,-1.58967591017452
1.58,138,-141,45.7178941147578,-1.5105911585135
1.58,138,-138,54.6692437161992,-1.42554356136258
1.58,138,-135,65.6730423916898,-1.34041614925019
1.58,138,-132,78.7308876375015,-1.25852288248133
1.58,138,-129,93.8033456738866,-1.18150855771058
1.58,138,-126,110.817125018137,-1.11007771175816
1.58,138,-123,129.672433914473,-1.0444246873417
1.58,138,-120,150.250592046892,-0.984454205277828
1.58,138,-117,172.422114711162,-0.92989518829187
1.58,138,-114,196.054767903364,-0.880370201714904
1.58,138,-111,221.020470110893,-0.835447661134655
1.58,138,-108,247.199787886863,-0.794684513695691
1.58,138,-105,274.483128207552,-0.757659447279952
1.58,138,-102,302.768367219257,-0.723995319522353
1.58,138,-99,331.955340252521,-0.693370600399292
1.58,138,-96,361.938178725355,-0.665521107664506
1.58,138,-93,392.596824018243,-0.640234292790883
1.58,138,-90,423.789155573145,-0.617338608504027
1.58,138,-87,455.345066966828,-0.596690216783422
1.58,138,-84,487.063557813035,-0.578158775957807
1.58,138,-81,518.713528872452,-0.561613566207507
1.58,138,-78,550.038508529002,-0.546910960970568
1.58,138,-75,580.765026984329,-0.533884267192627
1.58,138,-72,610.613819153415,-0.522337133944571
1.58,138,-69,639.312524471933,-0.512041851635842
1.58,138,-66,666.608133407194,-0.502743672330076
1.58,138,-63,692.277204750228,-0.494171554214095
1.58,138,-60,716.131965728848,-0.486054390580527
1.58,138,-57,738.02094013952,-0.478139993591609
1.58,138,-54,757.823831361851,-0.470212347802085
1.58,138,-51,775.442001341024,-0.462101682397403
1.58,138,-48,790.787761686481,-0.453682539696514
1.58,138,-45,803.777206678792,-0.444857697954098
1.58,138,-42,814.331598896129,-0.435530222989892
1.58,138,-39,822.390638318285,-0.425570824906381
1.58,138,-36,827.937267309444,-0.414791241907025
1.58,138,-33,831.028964888305,-0.402934911438055
1.58,138,-30,831.826519242729,-0.389693034277525
1.58,138,-27,830.609803947278,-0.374747867041261
1.58,138,-24,827.772057360116,-0.3578372669642
1.58,138,-21,823.789255508519,-0.338827243315576
1.58,138,-18,819.167923714687,-0.317774738977969
1.58,138,-15,814.381049911736,-0.294962974242494
1.58,138,-12,809.805533086293,-0.27089729962048
1.58,138,-9,805.674444422508,-0.246259524745185
1.58,138,-6,802.053332880547,-0.221829807577474
1.58,138,-3,798.843492976429,-0.198393196735273
1.58,138,0,795.808990261308,-0.176650083374471
1.58,138,3,792.620255837457,-0.157146402624558
1.58,138,6,788.90569628002,-0.140233019951448
1.58,138,9,784.303214260936,-0.126057144789985
1.58,138,12,778.504705379772,-0.114583270075873
1.58,138,15,771.28797221526,-0.105637121519722
1.58,138,18,762.532258475976,-0.0989630940093893
1.58,138,21,752.216147956529,-0.0942837340945645
1.58,138,24,740.399911761272,-0.0913496155785674
1.58,138,27,727.197856405851,-0.0899702022979218
1.58,138,30,712.748608459646,-0.0900212305821471
1.58,138,33,697.191361879905,-0.091430899333159
1.58,138,36,680.653475234031,-0.0941536436359182
1.58,138,39,663.250261604438,-0.0981439117934378
1.58,138,42,645.093221033405,-0.103341438816696
1.58,138,45,626.300278035107,-0.109674241493947
1.58,138,48,607.00180694486,-0.117078145258629
1.58,138,51,587.338950738846,-0.125525124689236
1.58,138,54,567.454513956266,-0.135049526951829
1.58,138,57,547.479859098371,-0.145762263301847
1.58,138,60,527.522600266936,-0.157847568976777
1.58,138,63,507.659204680626,-0.171543032550452
1.58,138,66,487.934473293624,-0.187108965431184
1.58,138,69,468.367356226079,-0.204795999853894
1.58,138,72,448.96071278414,-0.224819443181984
1.58,138,75,429.71201637307,-0.247346077599605
1.58,138,78,410.622567191853,-0.272495275896109
1.58,138,81,391.70399354633,-0.300352963732116
1.58,138,84,372.982073645469,-0.330994884011517
1.58,138,87,354.49875222854,-0.36451478890126
1.58,138,90,336.313499132765,-0.401053032629582
1.58,138,93,318.504916609874,-0.44082084723144
1.58,138,96,301.172901897909,-0.484114828395222
1.58,138,99,284.440871843759,-0.531314758357262
1.58,138,102,268.456706441299,-0.582856447434593
1.58,138,105,253.390348409,-0.639171320432584
1.58,138,108,239.425688709922,-0.700588560762879
1.58,138,111,226.744896789948,-0.767206599312694
1.58,138,114,215.505182028405,-0.838759215585244
1.58,138,117,205.811215293027,-0.914521510071336
1.58,138,120,197.690218774947,-0.993307329587537
1.58,138,123,191.078826452666,-1.07358522018597
1.58,138,126,185.828620572301,-1.15368495226269
1.58,138,129,181.730187660611,-1.23201259212438
1.58,138,132,178.546812520055,-1.30718277291363
1.58,138,135,176.043933232846,-1.37802585788693
1.58,138,138,174.002714943687,-1.44350177906047
1.58,138,141,172.214570493203,-1.50260145584082
1.58,138,144,170.463568205413,-1.55431360197979
1.58,138,147,168.510050377153,-1.59768740079389
1.58,138,150,166.088114582449,-1.63196226084078
1.58,138,153,162.92246671016,-1.65670080914928
1.58,138,156,158.760765428871,-1.67186787921179
1.58,138,159,153.410999589673,-1.67783478878738
1.58,138,162,146.772298054196,-1.67532674870105
1.58,138,165,138.851098579017,-1.66535097393913
1.58,138,168,129.760166844388,-1.64914100501225
1.58,138,171,119.703044854116,-1.6281376490189
1.58,138,174,108.949667880597,-1.60400894197489
1.58,138,177,97.8097102037091,-1.57869704490228
1.58,138,180,86.6090126008818,-1.55447148660886
1.58,141,-180,86.6090126008816,-1.50211160904902
1.58,141,-177,74.67420109138,-1.47548508642726
1.58,141,-174,63.3222150789105,-1.4562956779582
1.58,141,-171,52.8476653237036,-1.44943257319232
1.58,141,-168,43.5375333951404,-1.461320273222
1.58,141,-165,35.6806526070368,-1.49982917523148
1.58,141,-162,29.5740075165767,-1.5720553424074
1.58,141,-159,25.4971044647053,-1.6769180096119
1.58,141,-156,23.6112597277337,-1.79413274544621
1.58,141,-153,23.8386683644715,-1.88656835853945
1.58,141,-150,25.9219172647017,-1.92527146896483
1.58,141,-147,29.6525669877084,-1.90653705199059
1.58,141,-144,34.996390167458,-1.84422022229855
1.58,141,-141,42.0462295432099,-1.75615557758207
1.58,141,-138,50.926235771016,-1.65684114960175
1.58,141,-135,61.729984369107,-1.55572876486391
1.58,141,-132,74.4997964951665,-1.45811067339032
1.58,141,-129,89.2281267378328,-1.36658122913733
1.58,141,-126,105.865576889953,-1.28220081186934
1.58,141,-123,124.329419521541,-1.20520972318054
1.58,141,-120,144.511909488774,-1.13541248228174
1.58,141,-117,166.2889483948,-1.07237805973826
1.58,141,-114,189.529016606662,-1.01555206910732
1.58,141,-111,214.101374191385,-0.964329101835453
1.58,141,-108,239.882123991505,-0.918104483767806
1.58,141,-105,266.756948601282,-0.876311367626266
1.58,141,-102,294.61997880711,-0.838444622254828
1.58,141,-99,323.369043319756,-0.804072517262259
1.58,141,-96,352.89825418216,-0.772837956501813
1.58,141,-93,383.089354851987,-0.744451706706234
1.58,141,-90,413.803442785415,-0.718680278182045
1.58,141,-87,444.874588152174,-0.695330863181511
1.58,141,-84,476.106560226753,-0.67423523793588
1.58,141,-81,507.273414266263,-0.655234038636714
1.58,141,-78,538.124151873369,-0.638162518270825
1.58,141,-75,568.391102386715,-0.622838843641031
1.58,141,-72,597.801127629074,-0.609056120566768
1.58,141,-69,626.088272434983,-0.596579440554962
1.58,141,-66,653.006122426499,-0.585149063184612
1.58,141,-63,678.337958903523,-0.574490150980054
1.58,141,-60,701.90291240327,-0.564328160818111
1.58,141,-57,723.556827430541,-0.554407221581858
1.58,141,-54,743.187566988005,-0.544507068120563
1.58,141,-51,760.706011979778,-0.534453115211293
1.58,141,-48,776.035808304105,-0.524114860347794
1.58,141,-45,789.106392644812,-0.513390474292
1.58,141,-42,799.854130611711,-0.50217986649189
1.58,141,-39,808.234789745289,-0.490353436071656
1.58,141,-36,814.246975772285,-0.477727256673739
1.58,141,-33,817.961529166251,-0.464055885200437
1.58,141,-30,819.547959694829,-0.44905060203833
1.58,141,-27,819.287590759213,-0.432424279873874
1.58,141,-24,817.565187946453,-0.41395593671968
1.58,141,-21,814.836163143987,-0.393560673183469
1.58,141,-18,811.5734511011,-0.371346590289149
1.58,141,-15,808.20455543885,-0.347641449147389
1.58,141,-12,805.052724314409,-0.322978860636312
1.58,141,-9,802.295304164286,-0.298044865267807
1.58,141,-6,799.947324309995,-0.27359677701357
1.58,141,-3,797.871400858765,-0.250372683893617
1.58,141,0,795.808990261308,-0.229009960934301
1.58,141,3,793.424841738659,-0.209985998007372
1.58,141,6,790.356279432006,-0.193587500296436
1.58,141,9,786.260340207493,-0.179908964123108
1.58,141,12,780.853341521295,-0.168877028531905
1.58,141,15,773.938598757644,-0.160294667202042
1.58,141,18,765.419158535018,-0.153896858177626
1.58,141,21,755.294281742279,-0.149407494280991
1.58,141,24,743.641284976969,-0.14658670592386
1.58,141,27,730.587694444242,-0.145259493061688
1.58,141,30,716.281236697621,-0.145321075619885
1.58,141,33,700.865628513586,-0.146720948758327
1.58,141,36,684.467799146025,-0.149434222692365
1.58,141,39,667.197753347545,-0.153432770216423
1.58,141,42,649.157580537888,-0.158668094367493
1.58,141,45,630.453168937347,-0.165072721897091
1.58,141,48,611.202136341305,-0.172579442395644
1.58,141,51,591.534058147216,-0.181150917722538
1.58,141,54,571.582860616385,-0.190808611313714
1.58,141,57,551.474554857788,-0.201650652438687
1.58,141,60,531.315085933097,-0.213852521439798
1.58,141,63,511.182605918918,-0.227650478772734
1.58,141,66,491.126458141525,-0.243313179133564
1.58,141,69,471.17262301341,-0.261110049162017
1.58,141,72,451.333393523054,-0.281285018929661
1.58,141,75,431.618261988153,-0.304041642104999
1.58,141,78,412.043428318992,-0.329541922423825
1.58,141,81,392.638515226063,-0.357917732188023
1.58,141,84,373.450369782259,-0.389291401384235
1.58,141,87,354.544756763075,-0.423800921372784
1.58,141,90,336.007091725321,-0.461624734898698
1.58,141,93,317.943140525809,-0.503000611575864
1.58,141,96,300.479972927157,-0.548232198272176
1.58,141,99,283.766585080252,-0.597675585764774
1.58,141,102,267.972698073517,-0.651697564206866
1.58,141,105,253.283550197143,-0.71059910206785
1.58,141,108,239.888395513975,-0.774504747742679
1.58,141,111,227.961377806148,-0.843233237765159
1.58,141,114,217.63584995945,-0.91618457255111
1.58,141,117,208.976829235134,-0.992293896622948
1.58,141,120,201.959680365207,-1.07009535318903
1.58,141,123,196.463764435997,-1.14789872000547
1.58,141,126,192.285693549069,-1.22402286433087
1.58,141,129,189.168914231214,-1.29699323474774
1.58,141,132,186.838845640499,-1.36562821805049
1.58,141,135,185.030386743744,-1.42900168947703
1.58,141,138,183.498821489606,-1.4863330534263
1.58,141,141,182.013621537599,-1.53688339412916
1.58,141,144,180.342997735699,-1.57991878336776
1.58,141,147,178.241282822952,-1.61475658062994
1.58,141,150,175.449452255498,-1.640865187198
1.58,141,153,171.712449650419,-1.65796558077248
1.58,141,156,166.809086968373,-1.66609170173982
1.58,141,159,160.585034882343,-1.66559528679842
1.58,141,162,152.978722730006,-1.65710936729712
1.58,141,165,144.033177720445,-1.64149955726022
1.58,141,168,133.891838448525,-1.61983154849728
1.58,141,171,122.781053019774,-1.59337296759359
1.58,141,174,110.984955468701,-1.56363557805937
1.58,141,177,98.8192165829323,-1.53245577661557
1.58,141,180,86.6090126008816,-1.50211160904902
1.58,144,-180,86.6090126008816,-1.44975173148919
1.58,144,-177,73.704689694494,-1.41693686925856
1.58,144,-174,61.3763167721274,-1.39191430087262
1.58,144,-171,49.9132093265073,-1.38127620499143
1.58,144,-168,39.6151208754028,-1.39564348906595
1.58,144,-165,30.8320602251591,-1.45232471355261
1.58,144,-162,24.0347055587839,-1.57583978069129
1.58,144,-159,19.8460351595419,-1.78071700575467
1.58,144,-156,18.7205542277986,-2.0212411241146
1.58,144,-153,20.3129495165672,-2.19817827003693
1.58,144,-150,23.7506881938033,-2.26592294960075
1.58,144,-147,28.4701668133052,-2.24393439678586
1.58,144,-144,34.3736326216307,-2.16515334995891
1.58,144,-141,41.6102990986454,-2.05584910660977
1.58,144,-138,50.3893974854519,-1.9339595406845
1.58,144,-135,60.8852544298968,-1.81067993888747
1.58,144,-132,73.2062808705261,-1.69232014240665
1.58,144,-129,87.3956057111017,-1.58200228410897
1.58,144,-126,103.441704988545,-1.48096255171444
1.58,144,-123,121.289581197209,-1.38939712500004
1.58,144,-120,140.850778099103,-1.30695016576133
1.58,144,-117,162.013088430768,-1.23298051530443
1.58,144,-114,184.65043376352,-1.16671107381888
1.58,144,-111,208.632258624749,-1.10732020795932
1.58,144,-108,233.831068776558,-1.054002765994
1.58,144,-105,260.126765404141,-1.00601146796914
1.58,144,-102,287.407015282406,-0.962682582673709
1.58,144,-99,315.563733165454,-0.923447982550793
1.58,144,-96,344.486548510824,-0.887835765414593
1.58,144,-93,374.054693843149,-0.855462080204635
1.58,144,-90,404.129000055902,-0.826016975896683
1.58,144,-87,434.545613686553,-0.799246893835864
1.58,144,-84,465.112720391389,-0.774935969324471
1.58,144,-81,495.611055119016,-0.752887806637387
1.58,144,-78,525.798394529016,-0.732909027527956
1.58,144,-75,555.417639267205,-0.714795753452982
1.58,144,-72,584.20756110174,-0.698324217851143
1.58,144,-69,611.914854448527,-0.683246740849678
1.58,144,-66,638.305829236572,-0.669294083101042
1.58,144,-63,663.175957518263,-0.656184491575817
1.58,144,-60,686.355611445944,-0.643638454381886
1.58,144,-57,707.710810918976,-0.63139644284174
1.58,144,-54,727.138746240467,-0.619235212066178
1.58,144,-51,744.559276535542,-0.606977312911714
1.58,144,-48,759.905311291311,-0.594489147760664
1.58,144,-45,773.116390070833,-0.581665632701566
1.58,144,-42,784.140044987004,-0.568403971253056
1.58,144,-39,792.943934872789,-0.554573904030485
1.58,144,-36,799.53821298028,-0.539995170498287
1.58,144,-33,804.003070801785,-0.52443309196239
1.58,144,-30,806.512628682274,-0.507619460513124
1.58,144,-27,807.345119038486,-0.489298969876762
1.58,144,-24,806.871629769439,-0.469293094869691
1.58,144,-21,805.521227937477,-0.447566148671302
1.58,144,-18,803.727444028924,-0.424274884267844
1.58,144,-15,801.867393923901,-0.399785451987779
1.58,144,-12,800.207763976568,-0.374649929833877
1.58,144,-9,798.870094918826,-0.349546398789984
1.58,144,-6,797.8219063687,-0.325196888835729
1.58,144,-3,796.892805342054,-0.302282135512037
1.58,144,0,795.808990261308,-0.281369838494131
1.58,144,3,794.237346655696,-0.26286658630649
1.58,144,6,791.831261993819,-0.246996779876795
1.58,144,9,788.27252172434,-0.233807247399746
1.58,144,12,783.305453055513,-0.223193818199039
1.58,144,15,776.760317489218,-0.214944568179251
1.58,144,18,768.563446303669,-0.208792698461498
1.58,144,21,758.732776154437,-0.204470124917248
1.58,144,24,747.359810863608,-0.201751863083632
1.58,144,27,734.582210545965,-0.200482455193822
1.58,144,30,720.553948165047,-0.200579684338523
1.58,144,33,705.42080041364,-0.202017097166328
1.58,144,36,689.307026127415,-0.204793454933164
1.58,144,39,672.314912513173,-0.208901462577488
1.58,144,42,654.534154260158,-0.214307934225294
1.58,144,45,636.054839057093,-0.220952794781393
1.58,144,48,616.977421765993,-0.22876695510392
1.58,144,51,597.415352007814,-0.237702163866713
1.58,144,54,577.489686615726,-0.247762020785658
1.58,144,57,557.318400564948,-0.259023557722778
1.58,144,60,537.004936086385,-0.271642639878497
1.58,144,63,516.630350657129,-0.285842193743347
1.58,144,66,496.251637161721,-0.301887749861291
1.58,144,69,475.906347419086,-0.32005815745216
1.58,144,72,455.621600496827,-0.340619748615476
1.58,144,75,435.424593577825,-0.363810088024474
1.58,144,78,415.351969486578,-0.389833983668953
1.58,144,81,395.456445660622,-0.418871032392537
1.58,144,84,375.810378130502,-0.451091502574547
1.58,144,87,356.506911173602,-0.486675953661573
1.58,144,90,337.659781513153,-0.525833249853712
1.58,144,93,319.402677555158,-0.568810985061069
1.58,144,96,301.888425569488,-0.615891505745253
1.58,144,99,285.287387874718,-0.667366028240498
1.58,144,102,269.783567012376,-0.723480025686685
1.58,144,105,255.566347687036,-0.784347253142809
1.58,144,108,242.816010587251,-0.849839808199244
1.58,144,111,231.68257166611,-0.919477735799396
1.58,144,114,222.260284860996,-0.992358450398872
1.58,144,117,214.563599259175,-1.06717079216362
1.58,144,120,208.512634002856,-1.14231684731676
1.58,144,123,203.935056015467,-1.21611733589598
1.58,144,126,200.585849822911,-1.28702917776812
1.58,144,129,198.179088649207,-1.35379255376124
1.58,144,132,196.420645439518,-1.4154615315736
1.58,144,135,195.03088612622,-1.47133215983399
1.58,144,138,193.751608094778,-1.5208264346709
1.58,144,141,192.339016426132,-1.56339869271403
1.58,144,144,190.550818844045,-1.59850675448726
1.58,144,147,188.137851412589,-1.62565163709556
1.58,144,150,184.848129066056,-1.64445712066247
1.58,144,153,180.445209230724,-1.65474796241485
1.58,144,156,174.736255680701,-1.65659529763251
1.58,144,159,167.601152752175,-1.65032016103054
1.58,144,162,159.013803236965,-1.63646729106692
1.58,144,165,149.049759497121,-1.61577238678204
1.58,144,168,137.878870378579,-1.58914578394048
1.58,144,171,125.745881385802,-1.55768857853113
1.58,144,174,112.944657626395,-1.52274967142789
1.58,144,177,99.7923939580855,-1.48603016547366
1.58,144,180,86.6090126008816,-1.44975173148919
1.58,147,-180,86.6090126008816,-1.39739185392936
1.58,147,-177,72.7662414529444,-1.35832991939065
1.58,147,-174,59.4788967944045,-1.32695973897059
1.58,147,-171,47.0228083591383,-1.3114290285323
1.58,147,-168,35.700097724187,-1.32731478168721
1.58,147,-165,25.9275940846114,-1.40702055355237
1.58,147,-162,18.4819267957926,-1.61497344433129
1.58,147,-159,14.8409295597566,-2.00569319390969
1.58,147,-156,15.9328400661391,-2.40622425625723
1.58,147,-153,20.0544001387263,-2.60571228001075
1.58,147,-150,25.3777981797394,-2.64150253595457
1.58,147,-147,31.3111672684386,-2.58677748471714
1.58,147,-144,37.8937843376315,-2.48317684254148
1.58,147,-141,45.3800007733388,-2.35418271938874
1.58,147,-138,54.0610727134258,-2.21458034013882
1.58,147,-135,64.1860104249971,-2.07404236119021
1.58,147,-132,75.9324938228997,-1.9386234078431
1.58,147,-129,89.4047386475291,-1.8117513130161
1.58,147,-126,104.64235933301,-1.69505780471031
1.58,147,-123,121.631304099297,-1.58902797193463
1.58,147,-120,140.314205183333,-1.49345132135436
1.58,147,-117,160.600533557802,-1.40771309405247
1.58,147,-114,182.377112017096,-1.33098069850981
1.58,147,-111,205.518520128864,-1.26232741049059
1.58,147,-108,229.896078000754,-1.20081753323473
1.58,147,-105,255.383956872816,-1.14556471742113
1.58,147,-102,281.861465900396,-1.09576901724834
1.58,147,-99,309.211393359867,-1.05073617518276
1.58,147,-96,337.315118605179,-1.00988234500288
1.58,147,-93,366.045835915099,-0.972727641746795
1.58,147,-90,395.261533344191,-0.93888194851066
1.58,147,-87,424.799335232052,-0.908026152435557
1.58,147,-84,454.47250138328,-0.879891491889686
1.58,147,-81,484.070873366133,-0.85423913800783
1.58,147,-78,513.364973190817,-0.830841673920427
1.58,147,-75,542.113382819051,-0.809467868569484
1.58,147,-72,570.072529151964,-0.78987204166538
1.58,147,-69,597.007605970944,-0.771789227855581
1.58,147,-66,622.703103862002,-0.754937035493886
1.58,147,-63,646.971319433716,-0.739024331829803
1.58,147,-60,669.65733530475,-0.723765576530292
1.58,147,-57,690.639405398372,-0.70889792696543
1.58,147,-54,709.824563098346,-0.694196632326921
1.58,147,-51,727.140623578062,-0.67948346836592
1.58,147,-48,742.527365104678,-0.664623816589161
1.58,147,-45,755.930983776199,-0.649510852740561
1.58,147,-42,767.306099959991,-0.63403976700462
1.58,147,-39,776.627959516466,-0.618079641890423
1.58,147,-36,783.913992167149,-0.601453656101604
1.58,147,-33,789.249524136623,-0.583938012958372
1.58,147,-30,792.808919704985,-0.565285820097892
1.58,147,-27,794.862506606856,-0.545274886002064
1.58,147,-24,795.762269215642,-0.523770061530642
1.58,147,-21,795.905079296922,-0.500784056389137
1.58,147,-18,795.679430958608,-0.476518358106068
1.58,147,-15,795.407632608889,-0.451369774670813
1.58,147,-12,795.297635129318,-0.42589775513101
1.58,147,-9,795.415923438363,-0.40075960504901
1.58,147,-6,795.686217958488,-0.376629842602753
1.58,147,-3,795.911158481618,-0.354122355431445
1.58,147,0,795.808990261308,-0.333729716053961
1.58,147,3,795.0561313658,-0.315786568559701
1.58,147,6,793.328522208878,-0.300457606189134
1.58,147,9,790.337591587155,-0.287747309362679
1.58,147,12,785.858615631834,-0.277527608323963
1.58,147,15,779.749720178646,-0.269579118252475
1.58,147,18,771.95961456041,-0.263640320768851
1.58,147,21,762.522602892612,-0.259457149450285
1.58,147,24,751.541251797026,-0.256824054926204
1.58,147,27,739.160044596849,-0.255608215596204
1.58,147,30,725.536218229003,-0.255751976597376
1.58,147,33,710.815207409502,-0.257254457716673
1.58,147,36,695.116705311123,-0.260139758930557
1.58,147,39,678.533555811318,-0.264423665309781
1.58,147,42,661.141076237675,-0.270091051700365
1.58,147,45,643.01101260859,-0.27709194134406
1.58,147,48,624.223543048024,-0.285357121684476
1.58,147,51,604.872625696372,-0.294827280443228
1.58,147,54,585.063404563691,-0.305485398263486
1.58,147,57,564.903750411392,-0.317381845551106
1.58,147,60,544.494039947309,-0.330644907311423
1.58,147,63,523.919428524157,-0.345474751142707
1.58,147,66,503.247414490264,-0.362124133155975
1.58,147,69,482.531254935315,-0.380872641700467
1.58,147,72,461.817753941171,-0.402002111651663
1.58,147,75,441.156823621024,-0.425779203781237
1.58,147,78,420.610224034111,-0.452448069857377
1.58,147,81,400.257743005252,-0.482232771002378
1.58,147,84,380.200250587678,-0.515346568401548
1.58,147,87,360.560049039363,-0.552003611788061
1.58,147,90,341.479429722355,-0.592427656256664
1.58,147,93,323.118266479718,-0.636851847517027
1.58,147,96,305.6509211523,-0.685503220519386
1.58,147,99,289.261925865919,-0.738565888026203
1.58,147,102,274.13914159601,-0.79611928694753
1.58,147,105,260.462763789279,-0.858054117747171
1.58,147,108,248.389090930901,-0.923979782345177
1.58,147,111,238.029694850918,-0.993151000748733
1.58,147,114,229.429332616604,-1.06445020045336
1.58,147,117,222.548541962824,-1.13645486816486
1.58,147,120,217.257560006244,-1.20758938305121
1.58,147,123,213.345579386201,-1.27631972536673
1.58,147,126,210.543889398885,-1.34132315962939
1.58,147,129,208.555828378709,-1.4015747186088
1.58,147,132,207.083870238477,-1.456333388474
1.58,147,135,205.845986819754,-1.50505656966531
1.58,147,138,204.578606457747,-1.54729621507969
1.58,147,141,203.029514014697,-1.58262628085355
1.58,147,144,200.948317086818,-1.61062700873525
1.58,147,147,198.08291169358,-1.63092179138416
1.58,147,150,194.187458679073,-1.64324066752588
1.58,147,153,189.042116414359,-1.64747881459953
1.58,147,156,182.479587524677,-1.64372816540012
1.58,147,159,174.410620725609,-1.63227764157039
1.58,147,162,164.840868889885,-1.61359291863999
1.58,147,165,153.874392265888,-1.58829437022365
1.58,147,168,141.70320551044,-1.55715161967556
1.58,147,171,128.586089773455,-1.52110843995826
1.58,147,174,114.822313107882,-1.48134770419125
1.58,147,177,100.726419724858,-1.43940908582333
1.58,147,180,86.6090126008816,-1.39739185392936
1.58,150,-180,86.6090126008816,-1.34503197636953
1.58,150,-177,71.8616261042369,-1.29967610341562
1.58,150,-174,57.636727250073,-1.26138178180208
1.58,150,-171,44.1892339273172,-1.23946998288956
1.58,150,-168,31.8106867707461,-1.25490057673489
1.58,150,-165,20.9860713896482,-1.36411486270196
1.58,150,-162,13.091079969013,-1.73047698504088
1.58,150,-159,11.7563580685383,-2.44213163494658
1.58,150,-156,16.7942380656044,-2.86395889892136
1.58,150,-153,23.6276984633328,-2.96639131792774
1.58,150,-150,30.682876028827,-2.93913952256405
1.58,150,-147,37.7918112307494,-2.852629875654
1.58,150,-144,45.1487503851367,-2.73440393313026
1.58,150,-141,53.0521775953226,-2.59871476723644
1.58,150,-138,61.8117098057135,-2.45486355906539
1.58,150,-135,71.7020950162057,-2.30959502019088
1.58,150,-132,82.9415534914533,-2.16779808691205
1.58,150,-129,95.6855500457701,-2.03281220937277
1.58,150,-126,110.028618159337,-1.90670006900907
1.58,150,-123,126.009188586772,-1.7905265217679
1.58,150,-120,143.615638542509,-1.68461367224591
1.58,150,-117,162.793790391745,-1.58875512890881
1.58,150,-114,183.456190545844,-1.50239064934966
1.58,150,-111,205.492550043201,-1.42474756589904
1.58,150,-108,228.779847946679,-1.35495337773579
1.58,150,-105,253.190378551375,-1.29212152623422
1.58,150,-102,278.596473278145,-1.23541185464596
1.58,150,-99,304.871456379893,-1.18406804810481
1.58,150,-96,331.88726899187,-1.13743542204756
1.58,150,-93,359.509877838412,-1.09496315574923
1.58,150,-90,387.593950761241,-1.05619527142753
1.58,150,-87,415.978310070098,-1.02075440264992
1.58,150,-84,444.483417552021,-0.988321845475659
1.58,150,-81,472.911694532774,-0.958616736160049
1.58,150,-78,501.050941759952,-0.931376619721496
1.58,150,-75,528.680589530646,-0.90634125809226
1.58,150,-72,555.580042519572,-0.883241254723488
1.58,150,-69,581.538019645836,-0.861792805058234
1.58,150,-66,606.361542522859,-0.84169940349169
1.58,150,-63,629.883119383168,-0.822660445249556
1.58,150,-60,651.964764268019,-0.804385288684089
1.58,150,-57,672.497892456624,-0.786609674706263
1.58,150,-54,691.398964922423,-0.769109930860675
1.58,150,-51,708.602044476187,-0.751709851734621
1.58,150,-48,724.050950280232,-0.734276260817971
1.58,150,-45,737.694883795297,-0.716702308920443
1.58,150,-42,749.491446006073,-0.698882021864506
1.58,150,-39,759.419239272345,-0.680684052944013
1.58,150,-36,767.498797849707,-0.661935141176173
1.58,150,-33,773.816427402008,-0.64242290197583
1.58,150,-30,778.542364523285,-0.621922881673597
1.58,150,-27,781.934171891665,-0.600247302422688
1.58,150,-24,784.319295208496,-0.577304803862323
1.58,150,-21,786.05670204745,-0.553154596777718
1.58,150,-18,787.484611511396,-0.528037498415996
1.58,150,-15,788.866777596327,-0.502371735453732
1.58,150,-12,790.351104679642,-0.476711981015516
1.58,150,-9,791.950628017658,-0.45168170268176
1.58,150,-6,793.549597106425,-0.427896284428175
1.58,150,-3,794.929934136412,-0.405894464852648
1.58,150,0,795.808990261308,-0.386089593613791
1.58,150,3,795.87950232489,-0.368744351469116
1.58,150,6,794.845651171314,-0.353966984136925
1.58,150,9,792.452592309234,-0.341725108156178
1.58,150,12,788.508802535587,-0.331873424275899
1.58,150,15,782.900680216415,-0.324192027499902
1.58,150,18,775.598051024997,-0.318431117492003
1.58,150,21,766.649011001534,-0.31435596799637
1.58,150,24,756.163820040969,-0.311784287230316
1.58,150,27,744.290229701718,-0.310608141201657
1.58,150,30,731.185561561329,-0.310795405063743
1.58,150,33,716.992463669758,-0.312371042997708
1.58,150,36,701.824408704309,-0.315384771653545
1.58,150,39,685.763693437266,-0.319876305618952
1.58,150,42,668.870300562377,-0.325850201859046
1.58,150,45,651.196447323848,-0.333268716116292
1.58,150,48,632.800445885464,-0.34206451506182
1.58,150,51,613.754890070305,-0.352168276996662
1.58,150,54,594.147233602692,-0.363541729848586
1.58,150,57,574.074072064949,-0.376205838016458
1.58,150,60,553.632620351676,-0.390256452625852
1.58,150,63,532.913376184398,-0.405864432322137
1.58,150,66,511.996902637927,-0.423262188153856
1.58,150,69,490.955722588249,-0.442722157477491
1.58,150,72,469.860373966676,-0.464533937156919
1.58,150,75,448.787437923683,-0.488985726240352
1.58,150,78,427.82711525169,-0.516353144869303
1.58,150,81,407.088533269823,-0.546895508124911
1.58,150,84,386.701979141194,-0.580857116556065
1.58,150,87,366.818201817455,-0.618469455904022
1.58,150,90,347.605473928583,-0.659949317569714
1.58,150,93,329.245139278939,-0.70548756949782
1.58,150,96,311.925965093098,-0.755223681255737
1.58,150,99,295.836988946636,-0.809202709688836
1.58,150,102,281.15802235311,-0.867315329625404
1.58,150,105,268.046931311195,-0.929228539319499
1.58,150,108,256.623595597252,-0.994324217965684
1.58,150,111,246.952115364066,-1.06167088332496
1.58,150,114,239.024887931729,-1.13005368101376
1.58,150,117,232.753487160724,-1.19807258745871
1.58,150,120,227.970566755575,-1.26429111014893
1.58,150,123,224.443867885402,-1.32739149241585
1.58,150,126,221.899015416132,-1.38628562749427
1.58,150,129,220.044396204424,-1.44015020883347
1.58,150,132,218.590873417762,-1.48838863860961
1.58,150,135,217.261670376601,-1.53055105717726
1.58,150,138,215.792197927203,-1.56625423777491
1.58,150,141,213.923965131525,-1.59513417463686
1.58,150,144,211.399232738313,-1.61684386698874
1.58,150,147,207.96272900523,-1.63108762955308
1.58,150,150,203.373689206719,-1.63767007414305
1.58,150,153,197.427016478929,-1.6365368033805
1.58,150,156,189.978397314033,-1.62779293860116
1.58,150,159,180.966303536847,-1.61169873008152
1.58,150,162,170.424518202478,-1.58865225643494
1.58,150,165,158.481612941234,-1.55917419695262
1.58,150,168,145.347522094555,-1.52390912117957
1.58,150,171,131.290742763202,-1.48365449012485
1.58,150,174,116.611761957307,-1.43942697405476
1.58,150,177,101.61860127309,-1.39258231379953
1.58,150,180,86.6090126008816,-1.34503197636953
1.58,153,-180,86.6090126008817,-1.29267209880971
1.58,153,-177,70.9935732256354,-1.24098906541039
1.58,153,-174,55.8568342592101,-1.19513478070923
1.58,153,-171,41.4268706603622,-1.16490687977005
1.58,153,-168,27.9694696688458,-1.17625562080384
1.58,153,-165,16.0285798206462,-1.32407818756847
1.58,153,-162,8.41626053233175,-2.04862103315378
1.58,153,-159,12.432781872625,-2.99628009510353
1.58,153,-156,21.11855311829,-3.20506856586107
1.58,153,-153,29.949523900284,-3.20354990387319
1.58,153,-150,38.449639353543,-3.1336578075019
1.58,153,-147,46.7196839921716,-3.03127566259154
1.58,153,-144,54.9978811208717,-2.91015652879106
1.58,153,-141,63.5639042454744,-2.77780391970576
1.58,153,-138,72.6969856524375,-2.63950165923352
1.58,153,-135,82.6522497841278,-2.49945108279218
1.58,153,-132,93.6483371185254,-2.36106910089596
1.58,153,-129,105.862063125478,-2.22706050026891
1.58,153,-126,119.426029020795,-2.09945473011359
1.58,153,-123,134.426834949094,-1.97965143194377
1.58,153,-120,150.904001310963,-1.86847908836918
1.58,153,-117,168.851105590779,-1.76626797071449
1.58,153,-114,188.220329996945,-1.67293859486448
1.58,153,-111,208.930252525012,-1.58810212019797
1.58,153,-108,230.875396473022,-1.51116367147252
1.58,153,-105,253.935481549133,-1.44141774519884
1.58,153,-102,277.982578867993,-1.37812706346457
1.58,153,-99,302.885159018712,-1.32058040706064
1.58,153,-96,328.508949913351,-1.26812900580016
1.58,153,-93,354.715297925504,-1.22020391415199
1.58,153,-90,381.358201731373,-1.17631829322009
1.58,153,-87,408.281331155322,-1.13605894918388
1.58,153,-84,435.316199106091,-1.09907124817056
1.58,153,-81,462.282310473751,-1.06504099409182
1.58,153,-78,488.989665428959,-1.03367627162899
1.58,153,-75,515.243530744728,-1.00469174977671
1.58,153,-72,540.850969429617,-0.977797509389686
1.58,153,-69,565.628266435257,-0.952693982033392
1.58,153,-66,589.408123696504,-0.929073883492256
1.58,153,-63,612.045352233386,-0.906630936386379
1.58,153,-60,633.419835454957,-0.885073687764228
1.58,153,-57,653.435897783941,-0.864141072412602
1.58,153,-54,672.018010055758,-0.843615070207515
1.58,153,-51,689.104006798671,-0.823325564725085
1.58,153,-48,704.638424158787,-0.803143954672407
1.58,153,-45,718.569599799362,-0.782965338197468
1.58,153,-42,730.854034704515,-0.762683500306822
1.58,153,-39,741.46965667032,-0.742166986970771
1.58,153,-36,750.436208609429,-0.72124642962634
1.58,153,-33,757.837084682936,-0.699721670611189
1.58,153,-30,763.834229066808,-0.677391997338785
1.58,153,-27,768.667749335723,-0.65410517465366
1.58,153,-24,772.635337662969,-0.629813336937674
1.58,153,-21,776.05273654703,-0.604619055057416
1.58,153,-18,779.203293494146,-0.578795542057134
1.58,153,-15,782.289346212768,-0.552771849134525
1.58,153,-12,785.398432097329,-0.527085016623156
1.58,153,-9,788.492610920519,-0.502311803492536
1.58,153,-6,791.421507002563,-0.478997847991055
1.58,153,-3,793.952608381669,-0.45759990485575
1.58,153,0,795.808990261308,-0.438449471173621
1.58,153,3,796.705711928542,-0.421738351309998
1.58,153,6,796.379953897386,-0.407522179492553
1.58,153,9,794.613797040342,-0.395737249880586
1.58,153,12,791.250459567639,-0.386227370076239
1.58,153,15,786.204530129011,-0.378778498085296
1.58,153,18,779.465386949705,-0.373158351520262
1.58,153,21,771.092146294566,-0.369156229488949
1.58,153,24,761.199213536657,-0.366616284410462
1.58,153,27,749.933846746431,-0.365457018692989
1.58,153,30,737.45006520414,-0.36567193731144
1.58,153,33,723.885180903601,-0.367311016374645
1.58,153,36,709.344936119743,-0.370448546539731
1.58,153,39,693.900503469116,-0.375147624856935
1.58,153,42,677.596541797609,-0.381432891131798
1.58,153,45,660.465914770955,-0.389280227854587
1.58,153,48,642.545085399042,-0.398626199668657
1.58,153,51,623.885043374616,-0.409393460913989
1.58,153,54,604.55520766772,-0.421523690076621
1.58,153,57,584.640778282081,-0.435008221154813
1.58,153,60,564.236278423989,-0.449908412524572
1.58,153,63,543.438859923476,-0.466361798372829
1.58,153,66,522.344325249652,-0.484574584862074
1.58,153,69,501.047254007518,-0.504804571346022
1.58,153,72,479.644857523296,-0.527340157688665
1.58,153,75,458.242894173374,-0.552480599878226
1.58,153,78,436.961515705539,-0.580520663172509
1.58,153,81,415.939244914482,-0.611740213771922
1.58,153,84,395.33408371373,-0.64639693219044
1.58,153,87,375.321603786856,-0.684718725307082
1.58,153,90,356.090454631913,-0.726891711025869
1.58,153,93,337.835893472635,-0.773039859234864
1.58,153,96,320.751746863308,-0.823193624826541
1.58,153,99,305.020855834211,-0.877247571019642
1.58,153,102,290.803828545965,-0.934911439113887
1.58,153,105,278.226123744388,-0.995665094519341
1.58,153,108,267.36427274018,-1.05873338916168
1.58,153,111,258.233253930625,-1.12309841997372
1.58,153,114,250.778075893203,-1.18755979059044
1.58,153,117,244.872671149547,-1.25083760756493
1.58,153,120,240.327703195414,-1.3116940824877
1.58,153,123,236.906146966328,-1.36903865566595
1.58,153,126,234.342723980068,-1.421986575712
1.58,153,129,232.36189181907,-1.46986010208079
1.58,153,132,230.689870510545,-1.5121443592084
1.58,153,135,229.058837756179,-1.548424858352
1.58,153,138,227.204834716149,-1.57833533961555
1.58,153,141,224.863721913356,-1.60153461400081
1.58,153,144,221.770578763017,-1.61771565789316
1.58,153,147,217.666765917285,-1.62663647067791
1.58,153,150,212.315871502891,-1.62815547600868
1.58,153,153,205.52612146605,-1.62225610474654
1.58,153,156,197.173989740384,-1.60905320734046
1.58,153,159,187.222741608316,-1.58878348783202
1.58,153,162,175.730743680362,-1.56178915498638
1.58,153,165,162.847076970089,-1.52850666762948
1.58,153,168,148.795340300566,-1.48947142039978
1.58,153,171,133.849479615635,-1.44534675195052
1.58,153,174,118.307179815825,-1.3969854633663
1.58,153,177,102.466386341873,-1.34554048634818
1.58,153,180,86.6090126008817,-1.29267209880971
1.58,156,-180,86.6090126008816,-1.24031222124988
1.58,156,-177,70.1647590522584,-1.1822843926904
1.58,156,-174,54.1464473690711,-1.12818087341788
1.58,156,-171,38.7518468282145,-1.08717310157709
1.58,156,-168,24.2053676052968,-1.08805842543259
1.58,156,-165,11.0781447184229,-1.28826191875184
1.58,156,-162,6.50058751654181,-2.80236284583267
1.58,156,-159,16.5422122201196,-3.37280874005309
1.58,156,-156,27.434023546658,-3.40271299093055
1.58,156,-153,37.7929146847843,-3.34468332075984
1.58,156,-150,47.6248122110925,-3.25460117469659
1.58,156,-147,57.0996932321965,-3.14741092379497
1.58,156,-144,66.4402048168301,-3.02944134442497
1.58,156,-141,75.8845326220956,-2.90451452682956
1.58,156,-138,85.6650168473739,-2.7755562412087
1.58,156,-135,95.9961629999671,-2.64505836129932
1.58,156,-132,107.069811286113,-2.51520042248856
1.58,156,-129,119.053938888787,-2.38787581828859
1.58,156,-126,132.091223409126,-2.26469334841806
1.58,156,-123,146.295213205345,-2.14696644288955
1.58,156,-120,161.744631095764,-2.03569352190788
1.58,156,-117,178.478246209047,-1.93154064320579
1.58,156,-114,196.492901829283,-1.83484168418275
1.58,156,-111,215.745952261202,-1.74562569190006
1.58,156,-108,236.161576787278,-1.66367024163039
1.58,156,-105,257.639178958002,-1.58857082159183
1.58,156,-102,280.061750804397,-1.51981313999491
1.58,156,-99,303.302537913582,-1.45683723197518
1.58,156,-96,327.229182852267,-1.39908667375417
1.58,156,-93,351.705373196204,-1.34604068388309
1.58,156,-90,376.590645134207,-1.29723017313009
1.58,156,-87,401.739312696031,-1.25224067599795
1.58,156,-84,426.99952677303,-1.21070585822353
1.58,156,-81,452.213288911351,-1.17229537225905
1.58,156,-78,477.217936268779,-1.13670057539645
1.58,156,-75,501.849247951857,-1.10362123183743
1.58,156,-72,525.945948303607,-1.07275583563762
1.58,156,-69,549.355029376037,-1.04379754152585
1.58,156,-66,571.937010166966,-1.01643674778367
1.58,156,-63,593.570045249137,-0.990370054832144
1.58,156,-60,614.151787215646,-0.965313690827546
1.58,156,-57,633.598233696794,-0.941017854403955
1.58,156,-54,651.839568143835,-0.917277324370532
1.58,156,-51,668.814208148405,-0.893933795177057
1.58,156,-48,684.463601210101,-0.870867212490844
1.58,156,-45,698.731142971282,-0.847976853448717
1.58,156,-42,711.568212002472,-0.825157161266967
1.58,156,-39,722.948295493212,-0.8022768467083
1.58,156,-36,732.886823642039,-0.77917081952663
1.58,156,-33,741.46077802833,-0.755652072947179
1.58,156,-30,748.820004596765,-0.731544903682846
1.58,156,-27,755.182822165491,-0.706733323997113
1.58,156,-24,760.81240292258,-0.681211707838799
1.58,156,-21,765.976595411002,-0.655121432425296
1.58,156,-18,770.900189182946,-0.628759660333372
1.58,156,-15,775.722347964112,-0.602554564160793
1.58,156,-12,780.471029475512,-0.577012412100029
1.58,156,-9,785.060651082008,-0.552651057156238
1.58,156,-6,789.311456961912,-0.52993718766815
1.58,156,-3,792.982639508528,-0.50924043652122
1.58,156,0,795.808990261308,-0.49080934873345
1.58,156,3,797.532959621865,-0.47476699674627
1.58,156,6,797.92845523161,-0.461120718652833
1.58,156,9,796.816743197414,-0.44978098674842
1.58,156,12,794.076603526801,-0.440586641156037
1.58,156,15,789.650273978812,-0.433335282390855
1.58,156,18,783.544888419152,-0.427817301331863
1.58,156,21,775.827713747608,-0.423850114358249
1.58,156,24,766.613685053615,-0.421306975908881
1.58,156,27,756.045694770188,-0.420133845932955
1.58,156,30,744.27091995913,-0.420349322991384
1.58,156,33,731.41867680691,-0.422026718813512
1.58,156,36,717.585545808988,-0.425262779766254
1.58,156,39,702.831417209838,-0.430142227600242
1.58,156,42,687.186486992582,-0.436709056515709
1.58,156,45,670.665705985936,-0.444953405899153
1.58,156,48,653.285254016303,-0.454817621663652
1.58,156,51,635.075893174718,-0.466218967027083
1.58,156,54,616.090102021143,-0.479081685286555
1.58,156,57,596.402613429409,-0.493369215772987
1.58,156,60,576.106252248242,-0.509108491026455
1.58,156,63,555.3060901068,-0.526401515069291
1.58,156,66,534.114760498868,-0.545423445483375
1.58,156,69,512.650641008691,-0.566409815406577
1.58,156,72,491.039107318987,-0.589637413227593
1.58,156,75,469.41579699216,-0.615403411282346
1.58,156,78,447.93017754212,-0.644005944788741
1.58,156,81,426.747763754938,-0.675727218511259
1.58,156,84,406.049871390229,-0.710818150145113
1.58,156,87,386.030500242997,-0.749482142601004
1.58,156,90,366.890517834273,-0.791855143068811
1.58,156,93,348.829617655497,-0.837979842249514
1.58,156,96,332.03657486826,-0.887773765351767
1.58,156,99,316.678271970496,-0.940994080943732
1.58,156,102,302.888023747367,-0.997205820338487
1.58,156,105,290.754044422762,-1.0557637120815
1.58,156,108,280.30944456585,-1.1158189296184
1.58,156,111,271.525649778603,-1.17635844830287
1.58,156,114,264.31115159607,-1.23627569135064
1.58,156,117,258.516670556136,-1.29445935525015
1.58,156,120,253.94617911179,-1.34987849520186
1.58,156,123,250.371381921907,-1.40164167480657
1.58,156,126,247.546050114659,-1.44901740914213
1.58,156,129,245.216713000439,-1.49141780162206
1.58,156,132,243.127707204111,-1.52836006616329
1.58,156,135,241.020948116255,-1.55942610987998
1.58,156,138,238.633138712106,-1.5842372131837
1.58,156,141,235.694550315582,-1.60245158989185
1.58,156,144,231.933375373968,-1.61378182352482
1.58,156,147,227.087897438662,-1.61802144626369
1.58,156,150,220.925923089402,-1.61506798151178
1.58,156,153,213.268086049046,-1.60493346377004
1.58,156,156,204.009788760221,-1.58774022561176
1.58,156,159,193.136318110117,-1.56370630612934
1.58,156,162,180.727104186889,-1.53312884915032
1.58,156,165,166.947708096817,-1.49637466427234
1.58,156,168,152.031133388819,-1.45388551043721
1.58,156,171,136.252583073894,-1.40620344247528
1.58,156,174,119.903110595067,-1.354021729897
1.58,156,177,103.267372738151,-1.29827506177904
1.58,156,180,86.6090126008816,-1.24031222124988
1.58,159,-180,86.6090126008817,-1.18795234369005
1.58,159,-177,69.3777924432607,-1.12357975341492
1.58,159,-174,52.5129349890089,-1.06049375311518
1.58,159,-171,36.1821706042189,-1.00563038373318
1.58,159,-168,20.5576007727035,-0.984965430565197
1.58,159,-165,6.15964438922543,-1.26237376368031
1.58,159,-162,9.28936649325982,-3.46595197298915
1.58,159,-159,22.2913774693516,-3.56486472810299
1.58,159,-156,34.7047001995139,-3.51242443101771
1.58,159,-153,46.4287481744817,-3.42850181958424
1.58,159,-150,57.5718382514915,-3.33051612417525
1.58,159,-147,68.2981937008386,-3.22391199270847
1.58,159,-144,78.796983588026,-3.11137614502573
1.58,159,-141,89.2623386492625,-2.99478136335912
1.58,159,-138,99.8796800417035,-2.87571031010486
1.58,159,-135,110.81919478158,-2.75559522355488
1.58,159,-132,122.235492579558,-2.6357506220667
1.58,159,-129,134.270198951138,-2.51738527482136
1.58,159,-126,147.053499726132,-2.40161064403751
1.58,159,-123,160.701924906713,-2.2894382345233
1.58,159,-120,175.312155566653,-2.1817581009189
1.58,159,-117,190.95295293424,-2.07930192530428
1.58,159,-114,207.658308710402,-1.98260448368372
1.58,159,-111,225.424327263636,-1.89197965958563
1.58,159,-108,244.210757216147,-1.8075211369841
1.58,159,-105,263.946428421228,-1.72912825243819
1.58,159,-102,284.536829340055,-1.65654961203294
1.58,159,-99,305.871885066582,-1.58943375197127
1.58,159,-96,327.832460400421,-1.52737702261435
1.58,159,-93,350.294852127173,-1.46996208735411
1.58,159,-90,373.133241281384,-1.41678405673544
1.58,159,-87,396.220578991364,-1.36746422375951
1.58,159,-84,419.428632875513,-1.3216533064026
1.58,159,-81,442.627953805425,-1.27902716168678
1.58,159,-78,465.688391054516,-1.23927836526067
1.58,159,-75,488.480540520935,-1.20210705025919
1.58,159,-72,510.878195859173,-1.16721405134185
1.58,159,-69,532.761519078473,-1.13429868785552
1.58,159,-66,554.020300029783,-1.10306239622894
1.58,159,-63,574.556412057102,-1.07321790041625
1.58,159,-60,594.28451935999,-1.04450186247891
1.58,159,-57,613.130400791337,-1.01668737251846
1.58,159,-54,631.027023967843,-0.989591797206138
1.58,159,-51,647.909656076537,-0.963076014467165
1.58,159,-48,663.712473235185,-0.937033249828851
1.58,159,-45,678.369706164768,-0.911369321328074
1.58,159,-42,691.823690013863,-0.885980057200989
1.58,159,-39,704.040004506289,-0.860734406501477
1.58,159,-36,715.026654975398,-0.835471836499694
1.58,159,-33,724.851148285466,-0.810019322717342
1.58,159,-30,733.647869631229,-0.784227141067636
1.58,159,-27,741.609514021029,-0.758015524211466
1.58,159,-24,748.960626205004,-0.731418593944269
1.58,159,-21,755.917406539877,-0.704610436121741
1.58,159,-18,762.643577125673,-0.677902309790914
1.58,159,-15,769.214679391097,-0.651709049042309
1.58,159,-12,775.601077185951,-0.626493231879961
1.58,159,-9,781.673699705824,-0.602702781450089
1.58,159,-6,787.22891939323,-0.580718002524238
1.58,159,-3,792.023447824243,-0.560818138539795
1.58,159,0,795.808990261308,-0.543169226293281
1.58,159,3,798.359393849349,-0.527828730573915
1.58,159,6,799.487910243456,-0.51476038472445
1.58,159,9,799.056277399438,-0.503854208527616
1.58,159,12,796.978940580566,-0.49494952607989
1.58,159,15,793.224826461581,-0.487860721022111
1.58,159,18,787.816873224457,-0.482405364403028
1.58,159,21,780.82764788899,-0.478432527187936
1.58,159,24,772.369075893177,-0.475846793674722
1.58,159,27,762.575848848099,-0.474622249593231
1.58,159,30,751.584725344805,-0.474801668300587
1.58,159,33,739.514309104215,-0.476479490185966
1.58,159,36,726.450637657215,-0.479772054180375
1.58,159,39,712.44247235139,-0.484783029495693
1.58,159,42,697.507094460172,-0.491574099926506
1.58,159,45,681.644061854391,-0.500149573186169
1.58,159,48,664.852204937534,-0.51045918868228
1.58,159,51,647.144888248388,-0.522417765523463
1.58,159,54,628.560033355568,-0.53593560958323
1.58,159,57,609.163725379973,-0.550951269922227
1.58,159,60,589.048413308008,-0.567458656424277
1.58,159,63,568.328056093265,-0.585523066436041
1.58,159,66,547.132813476891,-0.605284156836361
1.58,159,69,525.605202201498,-0.626947137927921
1.58,159,72,503.898469890023,-0.650765573029809
1.58,159,75,482.176783223648,-0.677019767865113
1.58,159,78,460.616069361208,-0.705993980138239
1.58,159,81,439.404142926064,-0.737954114626441
1.58,159,84,418.739012931607,-0.773125892109026
1.58,159,87,398.824771620796,-0.811672326279124
1.58,159,90,379.864989599272,-0.853669150302552
1.58,159,93,362.053943174377,-0.899077804783531
1.58,159,96,345.566272822956,-0.947717665037368
1.58,159,99,330.545898059214,-0.999241918516501
1.58,159,102,317.095279051452,-1.05312397360753
1.58,159,105,305.266413171696,-1.10866207740229
1.58,159,108,295.055135552382,-1.16500751954831
1.58,159,111,286.400107393317,-1.22121596766611
1.58,159,114,279.187131434553,-1.27631366169974
1.58,159,117,273.258187718309,-1.32936383734655
1.58,159,120,268.423221154384,-1.37951747620537
1.58,159,123,264.471812340745,-1.42603765564173
1.58,159,126,261.181896845998,-1.46829633146996
1.58,159,129,258.323779884749,-1.50575199971675
1.58,159,132,255.659516048868,-1.53792223838581
1.58,159,135,252.939679376807,-1.56436470072692
1.58,159,138,249.900938019226,-1.58467449514385
1.58,159,141,246.268111658309,-1.59849784723136
1.58,159,144,241.763324725603,-1.60555501229049
1.58,159,147,236.122742295477,-1.60566230291758
1.58,159,150,229.118860042525,-1.59874457471993
1.58,159,153,220.584237652742,-1.58483424572621
1.58,159,156,210.431581687016,-1.56405846798926
1.58,159,159,198.665498269966,-1.53662023079583
1.58,159,162,185.382935084994,-1.50278087343546
1.58,159,165,170.761862850192,-1.46285079748195
1.58,159,168,155.040441266521,-1.41719293278881
1.58,159,171,138.49104616158,-1.36624108283881
1.58,159,174,121.394497181558,-1.31053481681094
1.58,159,177,104.01931733857,-1.25077828219995
1.58,159,180,86.6090126008817,-1.18795234369005
1.58,162,-180,86.6090126008818,-1.13559246613022
1.58,162,-177,68.6352001902824,-1.06489499696008
1.58,162,-174,50.9637248544305,-0.992062920020712
1.58,162,-171,33.7378484850804,-0.919582905713805
1.58,162,-168,17.0838952583568,-0.858044746272453
1.58,162,-165,1.30682679795478,-1.33671071206483
1.58,162,-162,14.2058354085183,-3.72764768602455
1.58,162,-159,28.6852385898046,-3.66162392306554
1.58,162,-156,42.4165209286868,-3.57415771859185
1.58,162,-153,55.4566501000461,-3.4790860796343
1.58,162,-150,67.9098089568268,-3.37916042911309
1.58,162,-147,79.9121904912754,-3.27554006535372
1.58,162,-144,91.6160827944719,-3.16906299880927
1.58,162,-141,103.17471998086,-3.06051904884547
1.58,162,-138,114.731544098714,-2.95069590953824
1.58,162,-135,126.415941366227,-2.84036687170616
1.58,162,-132,138.344918394149,-2.73027647565846
1.58,162,-129,150.627892343864,-2.62114117389105
1.58,162,-126,163.370822256639,-2.51366085361511
1.58,162,-123,176.676655804662,-2.40852748099933
1.58,162,-120,190.641045442575,-2.30641824903548
1.58,162,-117,205.344520158103,-2.20796906213049
1.58,162,-114,220.843793533976,-2.11373440067415
1.58,162,-111,237.165108351977,-2.02414623917965
1.58,162,-108,254.301573631595,-1.93948503645334
1.58,162,-105,272.214944710347,-1.85987073498853
1.58,162,-102,290.840939047162,-1.78527449334126
1.58,162,-99,310.096427987598,-1.7155459636292
1.58,162,-96,329.886778209675,-1.6504481316793
1.58,162,-93,350.112039303677,-1.58969197751784
1.58,162,-90,370.671300396952,-1.53296532701193
1.58,162,-87,391.465136735933,-1.47995298063555
1.58,162,-84,412.396508358153,-1.43034767330369
1.58,162,-81,433.37071683532,-1.3838532710303
1.58,162,-78,454.295080767154,-1.34018278110335
1.58,162,-75,475.078881755483,-1.29905428758104
1.58,162,-72,495.633889921351,-1.26018786392733
1.58,162,-69,515.875441106012,-1.22330587352024
1.58,162,-66,535.723672071004,-1.18813787771323
1.58,162,-63,555.104232837591,-1.15442975444155
1.58,162,-60,573.947735513809,-1.12195487679767
1.58,162,-57,592.187517082088,-1.09052378677224
1.58,162,-54,609.756052963725,-1.05998831524992
1.58,162,-51,626.581419067615,-1.03023705079743
1.58,162,-48,642.586151371678,-1.00118157067628
1.58,162,-45,657.691090168474,-0.972736400236205
1.58,162,-42,671.825795940946,-0.944799081608194
1.58,162,-39,684.944808191065,-0.917238519488973
1.58,162,-36,697.04600003335,-0.889898760331331
1.58,162,-33,708.184768309947,-0.862621294444105
1.58,162,-30,718.477141391803,-0.835282763013436
1.58,162,-27,728.086950602389,-0.807838539537743
1.58,162,-24,737.196847774386,-0.780358517713318
1.58,162,-21,745.968788576968,-0.753041803069271
1.58,162,-18,754.504336526755,-0.726202717569589
1.58,162,-15,762.816439943743,-0.700230003128882
1.58,162,-12,770.821100687364,-0.675530411091997
1.58,162,-9,778.350661959574,-0.652472572705981
1.58,162,-6,785.18324400745,-0.63134504994064
1.58,162,-3,791.078395479142,-0.612335402224692
1.58,162,0,795.808990261308,-0.59552910385311
1.58,162,3,799.183114821913,-0.580922010423586
1.58,162,6,801.054818703734,-0.568439209998824
1.58,162,9,801.326610161267,-0.557955427037792
1.58,162,12,799.948000806501,-0.549315396347004
1.58,162,15,796.913271180106,-0.542354759625283
1.58,162,18,792.259138789243,-0.536922120425901
1.58,162,21,786.060763097553,-0.532901209964501
1.58,162,24,778.423760076359,-0.530229812217056
1.58,162,27,769.471004541989,-0.52891059873179
1.58,162,30,759.325388966723,-0.529009448209632
1.58,162,33,748.092135393319,-0.530639502648298
1.58,162,36,735.845415779594,-0.533933435763469
1.58,162,39,722.623226036722,-0.539010591887918
1.58,162,42,708.431968273476,-0.545947965092257
1.58,162,45,693.259140375399,-0.554763275445678
1.58,162,48,677.090229947695,-0.565414835155763
1.58,162,51,659.925191812821,-0.577817897786257
1.58,162,54,641.790776209036,-0.591872641449463
1.58,162,57,622.746844299147,-0.607496310301671
1.58,162,60,602.88681683542,-0.624651840359106
1.58,162,63,582.333875935532,-0.643367128870256
1.58,162,66,561.235153534872,-0.663742040061784
1.58,162,69,539.755917648726,-0.685943236390549
1.58,162,72,518.074983408139,-0.710189159172983
1.58,162,75,496.381613540047,-0.736728521161195
1.58,162,78,474.873380898465,-0.765815516782073
1.58,162,81,453.754047773748,-0.797683969184872
1.58,162,84,433.230496903576,-0.832521394476994
1.58,162,87,413.50801723256,-0.870443076819193
1.58,162,90,394.783652651749,-0.911466178422944
1.58,162,93,377.237756368181,-0.955484849513856
1.58,162,96,361.024321682743,-1.00224906206262
1.58,162,99,346.261083126979,-1.05135179938755
1.58,162,102,333.02076552378,-1.1022301874641
1.58,162,105,321.325075866535,-1.15418495627587
1.58,162,108,311.142883268873,-1.20641869640543
1.58,162,111,302.393356082133,-1.25808755080443
1.58,162,114,294.953663690609,-1.3083556156001
1.58,162,117,288.66952883032,-1.35643929624354
1.58,162,120,283.365952117865,-1.40163180195537
1.58,162,123,278.855291704562,-1.44330500472653
1.58,162,126,274.940743876774,-1.48089403601225
1.58,162,129,271.41492318015,-1.51387573046689
1.58,162,132,268.055159991549,-1.54175306026756
1.58,162,135,264.618666836084,-1.56405386730084
1.58,162,138,260.841306087397,-1.58034535424319
1.58,162,141,256.443042898047,-1.59025896220083
1.58,162,144,251.141422500406,-1.59351627888086
1.58,162,147,244.672088708739,-1.58994683328443
1.58,162,150,236.813169612709,-1.5794923702008
1.58,162,153,227.408935368743,-1.56219738279829
1.58,162,156,216.387857564784,-1.53819009959446
1.58,162,159,203.771126361311,-1.50766043789807
1.58,162,162,189.669586933694,-1.47084142560209
1.58,162,165,174.26950467791,-1.42799876683475
1.58,162,168,157.809984048522,-1.3794303655047
1.58,162,171,140.556636016873,-1.32547460585194
1.58,162,174,122.776709831251,-1.26652417960798
1.58,162,177,104.720144299159,-1.20304313808967
1.58,162,180,86.6090126008818,-1.13559246613022
1.58,165,-180,86.6090126008818,-1.08323258857039
1.58,165,-177,67.9394118965656,-1.00625220799658
1.58,165,-174,49.506208967236,-0.922898278229757
1.58,165,-171,31.4409364325163,-0.828310478073942
1.58,165,-168,13.8779972916369,-0.691998206266067
1.58,165,-165,3.49176341267678,2.03535661729438
1.58,165,-162,19.6430818459057,2.45238037008171
1.58,165,-159,35.3115444963296,2.57178425657789
1.58,165,-156,50.2987410914439,2.67421845916063
1.58,165,-153,64.6329704247136,2.77340723630447
1.58,165,-150,78.3873192117819,2.87237603541327
1.58,165,-147,91.6635675748345,2.97200297587864
1.58,165,-144,104.577447373924,3.07244996319614
1.58,165,-141,117.244957002188,3.17357019950148
1.58,165,-138,129.77279909301,3.2750749756223
1.58,165,-135,142.254837191342,3.37661686142299
1.58,165,-132,154.774265648185,3.47782794011641
1.58,165,-129,167.409163425761,3.57832786759051
1.58,165,-126,180.238096245785,3.67771482280828
1.58,165,-123,193.342772733756,3.77555365770268
1.58,165,-120,206.806206410823,3.87137374646924
1.58,165,-117,220.706732284694,3.96468342867743
1.58,165,-114,235.109808346442,4.05500040913627
1.58,165,-111,250.060235242312,4.14189088327963
1.58,165,-108,265.577101652644,4.22500693291504
1.58,165,-105,281.652687764703,4.30411274849452
1.58,165,-102,298.255259934463,4.37909445135117
1.58,165,-99,315.334664392543,4.44995351644232
1.58,165,-96,332.829145356339,4.51678793109378
1.58,165,-93,350.671872384334,4.579767179766
1.58,165,-90,368.796086437683,4.63910696795268
1.58,165,-87,387.138341435068,4.69504801594291
1.58,165,-84,405.639849517117,4.74784111448771
1.58,165,-81,424.246327498033,4.79773858542151
1.58,165,-78,442.906943511344,4.8449907081691
1.58,165,-75,461.572970076869,4.88984473912552
1.58,165,-72,480.196582389312,4.93254393755541
1.58,165,-69,498.729945802314,4.97332452030717
1.58,165,-66,517.124399148899,5.01240961118656
1.58,165,-63,535.329289151205,5.05000080731853
1.58,165,-60,553.290001372411,5.08626956318748
1.58,165,-57,570.945092527355,5.12135165783159
1.58,165,-54,588.22316369462,5.15534800580465
1.58,165,-51,605.041015403159,5.18833364971974
1.58,165,-48,621.305253098438,5.2203740558223
1.58,165,-45,636.919326460923,5.25154457037984
1.58,165,-42,651.796633983596,5.28194632141902
1.58,165,-39,665.877938109,5.3117112521867
1.58,165,-36,679.14866069877,5.3409911036135
1.58,165,-33,691.649831474769,5.36992982746526
1.58,165,-30,703.476673134182,5.3986248866899
1.58,165,-27,714.761568625462,5.42708818148559
1.58,165,-24,725.64300488368,5.45521966562233
1.58,165,-21,736.227461229573,5.48280440476965
1.58,165,-18,746.554862304299,5.50953685498251
1.58,165,-15,756.578177938823,5.53506684771342
1.58,165,-12,766.163515359956,5.5590542279481
1.58,165,-9,775.110168516734,5.58121691621738
1.58,165,-6,783.183570627625,5.60136115942724
1.58,165,-3,790.150766555442,5.61939038331007
1.58,165,0,795.808990261308,5.63529632576665
1.58,165,3,800.002178066039,5.64913999871609
1.58,165,6,802.62544317578,5.66102984227682
1.58,165,9,803.621378725542,5.6711015536224
1.58,165,12,802.973285295525,5.67950062346188
1.58,165,15,800.699131550775,5.68636636265832
1.58,165,18,796.84739011711,5.69181594841013
1.58,165,21,791.493364931607,5.69592851327237
1.58,165,24,784.733465198638,5.69873152749796
1.58,165,27,776.675547062176,5.70019338703209
1.58,165,30,767.425509431171,5.70022614892087
1.58,165,33,757.072709417487,5.69870035138542
1.58,165,36,745.678225563788,5.69547031885612
1.58,165,39,733.269764763202,5.69040459231812
1.58,165,42,719.845141798129,5.68341375221555
1.58,165,45,705.383604107098,5.67446805601424
1.58,165,48,689.861979880342,5.6636000572569
1.58,165,51,673.271549822489,5.650891651784
1.58,165,54,655.631888193958,5.63644920445732
1.58,165,57,636.999297576811,5.62037317273724
1.58,165,60,617.46920902411,5.60272933763733
1.58,165,63,597.173425856006,5.58352755903847
1.58,165,66,576.273987532772,5.5627116001355
1.58,165,69,554.955625543954,5.54016088609233
1.58,165,72,533.418401042329,5.5157028205601
1.58,165,75,511.871408568645,5.4891329371035
1.58,165,78,490.527684802867,5.46023982085908
1.58,165,81,469.599896557231,5.4288321890203
1.58,165,84,449.296104604207,5.39476633180728
1.58,165,87,429.814906810968,5.35797277219245
1.58,165,90,411.339493371605,5.31848107529353
1.58,165,93,394.030531483375,5.27644106025659
1.58,165,96,378.018283758242,5.23213747729655
1.58,165,99,363.394888237079,5.18599420490992
1.58,165,102,350.208162366283,5.13856418602409
1.58,165,105,338.458440224882,5.09050347204963
1.58,165,108,328.099607670159,5.04253185371693
1.58,165,111,319.044593164576,4.99538731965592
1.58,165,114,311.174291280618,4.94978473684498
1.58,165,117,304.347687780924,4.90638866175374
1.58,165,120,298.410352395705,4.86580561674794
1.58,165,123,293.198829293763,4.82859412728274
1.58,165,126,288.539786600698,4.7952842567691
1.58,165,129,284.244702076303,4.76639510961801
1.58,165,132,280.102726204763,4.74244019640689
1.58,165,135,275.875505930425,4.72391605890643
1.58,165,138,271.297707615327,4.7112767497923
1.58,165,141,266.085678767212,4.70490251807146
1.58,165,144,259.954512298812,4.70507299565675
1.58,165,147,252.641401726135,4.71195289036401
1.58,165,150,243.931303489294,4.72559323301222
1.58,165,153,233.680037042399,4.74594604576769
1.58,165,156,221.830222065259,4.77288683896305
1.58,165,159,208.416766942451,4.806238343443
1.58,165,162,193.560683819617,4.84579005912321
1.58,165,165,177.452382609452,4.89131083878864
1.58,165,168,160.327773138865,4.94255518591899
1.58,165,171,142.441953754803,4.9992678477576
1.58,165,174,124.045571914344,5.06119567903995
1.58,165,177,105.367952403259,5.12812197199481
1.58,165,180,86.6090126008818,5.1999527186092
1.58,168,-180,86.6090126008818,-1.03087271101056
1.58,168,-177,67.2927446851486,-0.947675705697098
1.58,168,-174,48.1476332393161,-0.853034846321154
1.58,168,-171,29.3154348116584,-0.731131176824315
1.58,168,-168,11.1061703283814,-0.461536365364034
1.58,168,-165,8.16075057400564,2.0391547394032
1.58,168,-162,25.1733361398175,2.40899057989408
1.58,168,-159,41.9712003004834,2.54688682635301
1.58,168,-156,58.1842354255353,2.65530823510074
1.58,168,-153,73.7887806808333,2.75511247804763
1.58,168,-150,88.8199452447677,2.8516951203635
1.58,168,-147,103.343122019638,2.946960879262
1.58,168,-144,117.438233712469,3.04164963199712
1.58,168,-141,131.186765626701,3.13602202675972
1.58,168,-138,144.662822369786,3.23012118107842
1.58,168,-135,157.929669754902,3.32388792207517
1.58,168,-132,171.041613644589,3.4172099789512
1.58,168,-129,184.049366155874,3.5099354872539
1.58,168,-126,197.006072137739,3.6018680913635
1.58,168,-123,209.971248604028,3.6927571771734
1.58,168,-120,223.010916170853,3.78229396991876
1.58,168,-117,236.193731120955,3.8701201162652
1.58,168,-114,249.584377610348,3.95585011645124
1.58,168,-111,263.236351301321,4.03910385569375
1.58,168,-108,277.186317579441,4.11954203244705
1.58,168,-105,291.451548260265,4.19689651922005
1.58,168,-102,306.030876316969,4.27098960883232
1.58,168,-99,320.908584212902,4.3417396561952
1.58,168,-96,336.059978233125,4.4091543192221
1.58,168,-93,351.457216201811,4.47331519510401
1.58,168,-90,367.074179624373,4.53435860818766
1.58,168,-87,382.889642762148,4.59245679207044
1.58,168,-84,398.8885081012,4.64780227160508
1.58,168,-81,415.061310477178,4.70059651197132
1.58,168,-78,431.402459398583,4.75104236580655
1.58,168,-75,447.907762259566,4.79933884720211
1.58,168,-72,464.571665839726,4.84567646356585
1.58,168,-69,481.384426976962,4.89023176637297
1.58,168,-66,498.329174757119,4.93316080945931
1.58,168,-63,515.378689227458,4.9745925299607
1.58,168,-60,532.491830957325,5.0146242371887
1.58,168,-57,549.609984735914,5.05332187760898
1.58,168,-54,566.654556463796,5.09072710304629
1.58,168,-51,583.527211877751,5.12687129276268
1.58,168,-48,600.114737832064,5.16179396934802
1.58,168,-45,616.299726821328,5.19556041696241
1.58,168,-42,631.976595141023,5.22827191092742
1.58,168,-39,647.070089223145,5.26006272339208
1.58,168,-36,661.551243352666,5.29108123525889
1.58,168,-33,675.444784822036,5.32145743954237
1.58,168,-30,688.823094463631,5.35126444520209
1.58,168,-27,701.785217573468,5.38048535947899
1.58,168,-24,714.424318652441,5.40899725191778
1.58,168,-21,726.791690572469,5.4365797795163
1.58,168,-18,738.867870693699,5.46294829445823
1.58,168,-15,750.550077848868,5.48780276653064
1.58,168,-12,761.660147543701,5.51087847347627
1.58,168,-9,771.970341186207,5.53198469286459
1.58,168,-6,781.238742065571,5.55102314327462
1.58,168,-3,789.243747657709,5.56798561275125
1.58,168,0,795.808990261308,5.58293644820682
1.58,168,3,800.814598709039,5.59598819702654
1.58,168,6,804.195830215511,5.60727766363828
1.58,168,9,805.933716373249,5.61694643808424
1.58,168,12,806.043422391944,5.62512646238979
1.58,168,15,804.564648931512,5.63192890937803
1.58,168,18,801.55566060712,5.63743423121579
1.58,168,21,797.089813870922,5.64168249649912
1.58,168,24,791.251959068599,5.64466521273066
1.58,168,27,784.132328484485,5.64632157284409
1.58,168,30,775.817212640401,5.64654247267143
1.58,168,33,766.377957645032,5.64518427234276
1.58,168,36,755.861467168901,5.64209144312189
1.58,168,39,744.28565491723,5.63712399477257
1.58,168,42,731.642042978225,5.63018328495549
1.58,168,45,717.905523752148,5.62122954050057
1.58,168,48,703.049151024901,5.61028639998362
1.58,168,51,687.06052048183,5.59743128963355
1.58,168,54,669.956181265455,5.58277417381242
1.58,168,57,651.791411374424,5.56642994581618
1.58,168,60,632.664111316038,5.54849076643417
1.58,168,63,612.713007842849,5.52900401910137
1.58,168,66,592.111437661637,5.50795973380377
1.58,168,69,571.058519575323,5.48528904102575
1.58,168,72,549.769520305763,5.46087310235422
1.58,168,75,528.466803235407,5.43456047031991
1.58,168,78,507.372120861326,5.40619013422759
1.58,168,81,486.700377069854,5.37561752569516
1.58,168,84,466.654502365461,5.3427411942891
1.58,168,87,447.420840021859,5.30752832333177
1.58,168,90,429.164457005145,5.27003738514595
1.58,168,93,412.02405219893,5.23043589027741
1.58,168,96,396.106582973108,5.18901057026876
1.58,168,99,381.482264572557,5.14616702059265
1.58,168,102,368.181038871962,5.10241656719484
1.58,168,105,356.191732864609,5.05835039539172
1.58,168,108,345.464744605419,5.01460451280332
1.58,168,111,335.918187926282,4.97182264718924
1.58,168,114,327.446240807428,4.93062589324377
1.58,168,117,319.927437882632,4.89159644738913
1.58,168,120,313.230317614044,4.85527812148308
1.58,168,123,307.214462928092,4.82219012648642
1.58,168,126,301.726478483199,4.79284541198477
1.58,168,129,296.592380200073,4.76776294773161
1.58,168,132,291.609565010428,4.74746574943486
1.58,168,135,286.542328867863,4.73246233163214
1.58,168,138,281.124428437069,4.72321612256965
1.58,168,141,275.070504764834,4.72011216856543
1.58,168,144,268.095817169542,4.72343119038885
1.58,168,147,259.94141556924,4.73333782489969
1.58,168,150,250.400280107377,4.74988463246182
1.58,168,153,239.339457732543,4.7730286469987
1.58,168,156,226.713872599385,4.80265456596373
1.58,168,159,212.569077332098,4.83859851922409
1.58,168,162,197.032392436217,4.88066821647289
1.58,168,165,180.294209255962,4.92865842639721
1.58,168,168,162.583217282766,4.98236474246663
1.58,168,171,144.140489326232,5.04160360207994
1.58,168,174,125.197382678668,5.10625402508345
1.58,168,177,105.961021484971,5.17635204339514
1.58,168,180,86.6090126008818,5.25231259616903
1.58,171,-180,86.6090126008817,-0.978512833450726
1.58,171,-177,66.6973880184134,-0.889191980519613
1.58,171,-174,46.8949732497441,-0.782537243785755
1.58,171,-171,27.3868865928702,-0.627504619763471
1.58,171,-168,9.06586275054752,-0.134824667466261
1.58,171,-165,12.6969393252159,2.06348218857292
1.58,171,-162,30.6420242154003,2.39243725341684
1.58,171,-159,48.544806613621,2.53613450114256
1.58,171,-156,65.9537561190769,2.64621939247632
1.58,171,-153,82.7940866263163,2.74482295971221
1.58,171,-150,99.0611187550438,2.83832068492591
1.58,171,-147,114.782975198056,2.92916344416094
1.58,171,-144,130.004112898167,3.01844688746584
1.58,171,-141,144.773123741441,3.10670473272305
1.58,171,-138,159.134384210586,3.19421132922907
1.58,171,-135,173.124558016103,3.28111033915753
1.58,171,-132,186.773895249653,3.36746813505289
1.58,171,-129,200.110882927256,3.45329020240515
1.58,171,-126,213.167909772024,3.53852011281417
1.58,171,-123,225.985550767193,3.62303382546092
1.58,171,-120,238.613818547903,3.70663823432396
1.58,171,-117,251.109950622674,3.78907925013378
1.58,171,-114,263.533546170915,3.87006079038171
1.58,171,-111,275.940708183126,3.94927231670019
1.58,171,-108,288.37904229112,4.02641984010776
1.58,171,-105,300.884926070398,4.10125432153933
1.58,171,-102,313.483630100515,4.17359230762014
1.58,171,-99,326.191984927143,4.24332596445835
1.58,171,-96,339.022639981364,4.31042245501297
1.58,171,-93,351.988698454915,4.37491488585306
1.58,171,-90,365.10762084885,4.43688823583635
1.58,171,-87,378.4036440119,4.49646368479542
1.58,171,-84,391.908400803261,4.55378389011734
1.58,171,-81,405.659809737486,4.60900049684618
1.58,171,-78,419.699547994875,4.66226398592303
1.58,171,-75,434.069497408741,4.71371521666756
1.58,171,-72,448.807487696118,4.76347788438791
1.58,171,-69,463.94252638324,4.81165158519492
1.58,171,-66,479.489606589895,4.85830606084451
1.58,171,-63,495.444237999149,4.90347812110988
1.58,171,-60,511.777134215246,4.94717324485614
1.58,171,-57,528.429995493451,4.98937351760916
1.58,171,-54,545.313882457806,5.03005217905159
1.58,171,-51,562.311967223759,5.06919284324134
1.58,171,-48,579.288105946862,5.10680908522561
1.58,171,-45,596.10147143099,5.14295850730886
1.58,171,-42,612.625521253382,5.17774547492051
1.58,171,-39,628.767384054641,5.21130885726136
1.58,171,-36,644.482172505128,5.24379505865126
1.58,171,-33,659.776660966143,5.27532144540943
1.58,171,-30,674.698744251785,5.30593950408352
1.58,171,-27,689.312975841171,5.33560902440996
1.58,171,-24,703.667247326281,5.36419290351574
1.58,171,-21,717.759570045415,5.39147655653228
1.58,171,-18,731.515108302542,5.41720795567783
1.58,171,-15,744.781102663442,5.4411471841108
1.58,171,-12,757.341741225756,5.46311136207223
1.58,171,-9,768.94855728985,5.48300324991321
1.58,171,-6,779.357218603165,5.50081831434464
1.58,171,-3,788.360409245074,5.51663232064917
1.58,171,0,795.808990261308,5.53057657064699
1.58,171,3,801.618356445423,5.54280939507288
1.58,171,6,805.761834146148,5.55349086119813
1.58,171,9,808.256326545633,5.56276431959349
1.58,171,12,809.146329864073,5.57074499442543
1.58,171,15,808.491063678624,5.57751353444437
1.58,171,18,806.35672231226,5.58311185844996
1.58,171,21,802.813042763252,5.58753962510742
1.58,171,24,797.93161370551,5.59075153017024
1.58,171,27,791.783181327591,5.59265738601855
1.58,171,30,784.432492722371,5.59312765367669
1.58,171,33,775.931215864798,5.59200630021061
1.58,171,36,766.311199620745,5.58913071913892
1.58,171,39,755.580992301973,5.58435577600439
1.58,171,42,743.727862506869,5.5775769461184
1.58,171,45,730.725913971038,5.5687469490684
1.58,171,48,716.548997071314,5.55788158425366
1.58,171,51,701.185731783719,5.54505318390591
1.58,171,54,684.653485894911,5.53037323820052
1.58,171,57,667.008596801639,5.51396826882393
1.58,171,60,648.351185381331,5.49595426225173
1.58,171,63,628.824185048896,5.47641479279777
1.58,171,66,608.607348456291,5.45538668584122
1.58,171,69,587.907768713422,5.4328552316537
1.58,171,72,566.948763267886,5.40875910037197
1.58,171,75,545.958837005777,5.38300363154369
1.58,171,78,525.16198016422,5.35548028186654
1.58,171,81,504.769934010622,5.32608971331229
1.58,171,84,484.97644872702,5.29476612104001
1.58,171,87,465.953108224411,5.26150066573738
1.58,171,90,447.846097572947,5.22636202586911
1.58,171,93,430.773371629184,5.1895120004612
1.58,171,96,414.822012867945,5.15121390252744
1.58,171,99,400.046031101212,5.11183158035415
1.58,171,102,386.465272091682,5.0718177873819
1.58,171,105,374.066244921912,5.03169256930701
1.58,171,108,362.805381916379,4.99201505541319
1.58,171,111,352.61450771279,4.95335455426933
1.58,171,114,343.407343162316,4.91626784390478
1.58,171,117,335.085112694872,4.88128806071741
1.58,171,120,327.539181622606,4.84892670841686
1.58,171,123,320.649350809134,4.81968531251217
1.58,171,126,314.277878377518,4.79406916467627
1.58,171,129,308.261048992601,4.77259432740339
1.58,171,132,302.401543981757,4.75578144551179
1.58,171,135,296.46538830627,4.74413516701359
1.58,171,138,290.186551455815,4.73811388542786
1.58,171,141,283.280483887118,4.73809841611664
1.58,171,144,275.465513039066,4.74436845099121
1.58,171,147,266.488829086346,4.75709244809381
1.58,171,150,256.152389960132,4.77633185346651
1.58,171,153,244.33380408108,4.80205643943159
1.58,171,156,230.998117233554,4.83416550043818
1.58,171,159,216.198197997713,4.87250994709675
1.58,171,162,200.063692838289,4.91691249456498
1.58,171,165,182.780832881963,4.96718654824199
1.58,171,168,164.567221015905,5.02315884843786
1.58,171,171,145.646670345287,5.08470719531563
1.58,171,174,126.228936715391,5.15183576854374
1.58,171,177,106.497817873142,5.22483733666459
1.58,171,180,86.6090126008817,5.30467247372886
1.58,174,-180,86.6090126008816,-0.926152955890895
1.58,174,-177,66.1553889269928,-0.830829562603252
1.58,174,-174,45.7547991300034,-0.711503510899314
1.58,174,-171,25.6814889053466,-0.517182645538508
1.58,174,-168,8.17458811290225,0.286350811208403
1.58,174,-165,17.0731999514209,2.09051077534253
1.58,174,-162,35.9671611391493,2.38955519309617
1.58,174,-159,54.9474045973724,2.53385891715528
1.58,174,-156,73.513149265928,2.64340603578548
1.58,174,-153,91.5417813564144,2.73984714695671
1.58,174,-150,108.988284443476,2.82994304620106
1.58,174,-147,125.842857785809,2.91645139815205
1.58,174,-144,142.114403703049,3.00070012131141
1.58,174,-141,157.819383407939,3.08341432044696
1.58,174,-138,172.97428584103,3.16503466611661
1.58,174,-135,187.592257018529,3.24585094912893
1.58,174,-132,201.683838934767,3.32605668847952
1.58,174,-129,215.260672166385,3.40576711960242
1.58,174,-126,228.340257044652,3.48502142509192
1.58,174,-123,240.949778519437,3.56378141627786
1.58,174,-120,253.1275771982,3.64193415488182
1.58,174,-117,264.921840633384,3.71930238580202
1.58,174,-114,276.38711491122,3.79566339746604
1.58,174,-111,287.579939451611,3.87077413872463
1.58,174,-108,298.555082333713,3.94439852412403
1.58,174,-105,309.363508556477,4.01633223926198
1.58,174,-102,320.052543816166,4.08642108593632
1.58,174,-99,330.667979130474,4.15457062921071
1.58,174,-96,341.257336801521,4.22074696944517
1.58,174,-93,351.873306460836,4.28497018137172
1.58,174,-90,362.576448237872,4.34730289787136
1.58,174,-87,373.436542243383,4.40783658199789
1.58,174,-84,384.53230217029,4.46667744777255
1.58,174,-81,395.949450364445,4.52393314294654
1.58,174,-78,407.777309063986,4.57970058864553
1.58,174,-75,420.104095798317,4.63405506379263
1.58,174,-72,433.011073418189,4.68704082372132
1.58,174,-69,446.565688448235,4.73866413510514
1.58,174,-66,460.813937766092,4.78889028001616
1.58,174,-63,475.772505680911,4.8376464007697
1.58,174,-60,491.42170384399,4.88483162382476
1.58,174,-57,507.700794213858,4.93033453302069
1.58,174,-54,524.507622447057,4.97405595505178
1.58,174,-51,541.70431736249,5.01593277453882
1.58,174,-48,559.129881860634,5.05595695080375
1.58,174,-45,576.618811617081,5.09418381897338
1.58,174,-42,594.022768840788,5.13072548348858
1.58,174,-39,611.230457951944,5.16572846704823
1.58,174,-36,628.179987048604,5.19933907505265
1.58,174,-33,644.858815509861,5.23166411203114
1.58,174,-30,661.289118314379,5.26273733642534
1.58,174,-27,677.500592653379,5.29250204928776
1.58,174,-24,693.49717799662,5.3208166819234
1.58,174,-21,709.227142682575,5.34748363766584
1.58,174,-18,724.56598214205,5.37229407645438
1.58,174,-15,739.318107866349,5.39507594566948
1.58,174,-12,753.23746101032,5.41573183078038
1.58,174,-9,766.061217775326,5.43425735871654
1.58,174,-6,777.546995654652,5.45073778916113
1.58,174,-3,787.503687940925,5.46532696829954
1.58,174,0,795.808990261308,5.47821669308716
1.58,174,3,802.411401122037,5.48960508804346
1.58,174,6,807.31914285765,5.4996705497198
1.58,174,9,810.581560127938,5.50855449502567
1.58,174,12,812.269380017906,5.51635287078105
1.58,174,15,812.458895793576,5.5231141170183
1.58,174,18,811.222485298011,5.52884052072182
1.58,174,21,808.625037495458,5.53349060547109
1.58,174,24,804.723877206673,5.53698183401748
1.58,174,27,799.569235345111,5.53919461123573
1.58,174,30,793.203179617499,5.53997953527561
1.58,174,33,785.656624506424,5.53916956448535
1.58,174,36,776.945735469566,5.53659729473406
1.58,174,39,767.069981976297,5.53211545638019
1.58,174,42,756.013927664082,5.5256169268258
1.58,174,45,743.75373064098,5.51704982423347
1.58,174,48,730.267794299187,5.50642397312302
1.58,174,51,715.549678844687,5.49380698543683
1.58,174,54,699.620691606054,5.47931068469889
1.58,174,57,682.539646072239,5.46307079063951
1.58,174,60,664.407973793978,5.44522406893166
1.58,174,63,645.369409250702,5.42588732493391
1.58,174,66,625.604548214257,5.40514184274189
1.58,174,69,605.321462779455,5.38302551908052
1.58,174,72,584.744084199262,5.35953343482895
1.58,174,75,564.100177342636,5.3346262825273
1.58,174,78,543.6104632407,5.30824512459111
1.58,174,81,523.479913928773,5.2803304461841
1.58,174,84,503.891608400086,5.25084331577494
1.58,174,87,485.002966323579,5.21978652142335
1.58,174,90,466.943799915628,5.18722364547272
1.58,174,93,449.815515857938,5.15329408220104
1.58,174,96,433.690953513354,5.11822204907916
1.58,174,99,418.614675775834,5.08231791301267
1.58,174,102,404.603876897323,5.04597093785428
1.58,174,105,391.650249812459,5.0096340156239
1.58,174,108,379.723019830805,4.97380287476551
1.58,174,111,368.772887001548,4.93899403355563
1.58,174,114,358.735988802047,4.9057265117989
1.58,174,117,349.536504662041,4.87451134956816
1.58,174,120,341.086500916374,4.8458502818974
1.58,174,123,333.282243634636,4.82024130438776
1.58,174,126,325.997410324127,4.79818577474924
1.58,174,129,319.075057088083,4.78019058797741
1.58,174,132,312.32132321854,4.76676058897634
1.58,174,135,305.504181650193,4.75838027033828
1.58,174,138,298.359806782565,4.75548829464603
1.58,174,141,290.607437561492,4.75845142309325
1.58,174,144,281.971426111811,4.76754469165125
1.58,174,147,272.207127644398,4.78294228177381
1.58,174,150,261.125997482106,4.80471988472777
1.58,174,153,248.615067135216,4.83286620387011
1.58,174,156,234.646919316783,4.86729975977176
1.58,174,159,219.278146634289,4.90788765723101
1.58,174,162,202.636641491628,4.95446513328868
1.58,174,165,184.900398245462,5.00685814475456
1.58,174,168,166.272272966928,5.06491605779748
1.58,174,171,146.95590388746,5.12856906119947
1.58,174,174,127.137539833785,5.197940256107
1.58,174,177,106.976998809674,5.27358217463824
1.58,174,180,86.6090126008816,5.35703235128869
1.58,177,-180,86.6090126008815,-0.873793078331065
1.58,177,-177,65.6686379517576,-0.772618817970565
1.58,177,-174,44.7331345372942,-0.640067739220751
1.58,177,-171,24.2245197093178,-0.400399301261203
1.58,177,-168,8.63771787991138,0.708927558671221
1.58,177,-165,21.2647282484246,2.11748134295153
1.58,177,-162,41.092473760376,2.39419194571011
1.58,177,-159,61.1116020520964,2.53683703005475
1.58,177,-156,80.7834539833874,2.64469099438761
1.58,177,-153,99.9401364707604,2.73846652726285
1.58,177,-150,118.496109233891,2.82505237243422
1.58,177,-147,136.403123830835,2.90738999839
1.58,177,-144,153.634236949108,2.98696778209052
1.58,177,-141,170.174054301747,3.06464964160211
1.58,177,-138,186.012352382526,3.14099786803601
1.58,177,-135,201.14114732627,3.21640807930967
1.58,177,-132,215.555062779997,3.29116428677735
1.58,177,-129,229.254036228526,3.36545829619812
1.58,177,-126,242.246823534325,3.43939495275008
1.58,177,-123,254.553728109851,3.51299500905747
1.58,177,-120,266.207490897843,3.58620205146224
1.58,177,-117,277.252102853835,3.65889618191736
1.58,177,-114,287.740112902746,3.73091421858983
1.58,177,-111,297.729508742842,3.80207399265361
1.58,177,-108,307.281301428877,3.87219907663784
1.58,177,-105,316.458591461321,3.94114012941897
1.58,177,-102,325.327322294583,4.00878989653771
1.58,177,-99,333.958370590696,4.07509039526571
1.58,177,-96,342.430260613109,4.1400324141499
1.58,177,-93,350.831691369442,4.20364868196236
1.58,177,-90,359.263188609354,4.26600264215546
1.58,177,-87,367.837432706258,4.32717471579836
1.58,177,-84,376.67805086265,4.38724748577583
1.58,177,-81,385.916816107355,4.44629073321689
1.58,177,-78,395.689243810554,4.50434702132714
1.58,177,-75,406.128559653178,4.56141872282171
1.58,177,-72,417.358020721936,4.6174579687341
1.58,177,-69,429.481711543285,4.67236165800641
1.58,177,-66,442.574290192684,4.72597393844448
1.58,177,-63,456.670726256901,4.77809798798125
1.58,177,-60,471.757728860752,4.82851728064989
1.58,177,-57,487.769059078697,4.8770240583349
1.58,177,-54,504.586942632905,4.92345016273515
1.58,177,-51,522.051091762671,4.96769365744326
1.58,177,-48,539.975355924099,5.00973455609283
1.58,177,-45,558.169984665316,5.04963472346972
1.58,177,-42,576.465414554306,5.08752030446795
1.58,177,-39,594.732061485759,5.12354913879643
1.58,177,-36,612.890469759339,5.15786965694363
1.58,177,-33,630.907766240722,5.19058078367676
1.58,177,-30,648.779654421888,5.22170340294141
1.58,177,-27,666.501475793733,5.25117208553567
1.58,177,-24,684.035840423548,5.27885081849328
1.58,177,-21,701.286380027688,5.30456946029939
1.58,177,-18,718.086134462751,5.32817100499729
1.58,177,-15,734.204946598154,5.34955628165906
1.58,177,-12,749.37440305003,5.36871400768111
1.58,177,-9,763.323524265615,5.38572944304907
1.58,177,-6,775.815526186955,5.40077174675788
1.58,177,-3,786.676370046718,5.4140657690482
1.58,177,0,795.808990261307,5.42585681552733
1.58,177,3,803.191658874166,5.43637676663292
1.58,177,6,808.863305077138,5.4458176824481
1.58,177,9,812.90149428358,5.45431582247393
1.58,177,12,815.399564956398,5.46194590065795
1.58,177,15,816.448222489127,5.46872315107072
1.58,177,18,816.124387796362,5.47460984266624
1.58,177,21,814.487295874311,5.47952329284178
1.58,177,24,811.579696890012,5.48334380222485
1.58,177,27,807.431131377615,5.48592257123808
1.58,177,30,802.060706024403,5.48709081698025
1.58,177,33,795.478167706044,5.4866714862458
1.58,177,36,787.683660676312,5.48449409624216
1.58,177,39,778.66767418772,5.48041172055224
1.58,177,42,768.41294663535,5.47431764695907
1.58,177,45,756.899490973245,5.46615843208359
1.58,177,48,744.112786489776,5.45594034173105
1.58,177,51,730.054027561244,5.4437274334319
1.58,177,54,714.750539249117,5.4296313650439
1.58,177,57,698.264264401425,5.41379479561897
1.58,177,60,680.696580665058,5.39637147385844
1.58,177,63,662.18845326371,5.37750653942232
1.58,177,66,642.915844348924,5.35732022975885
1.58,177,69,623.081160866526,5.3358973183883
1.58,177,72,602.902153299852,5.31328350305612
1.58,177,75,582.599969223302,5.28948887169859
1.58,177,78,562.387993309496,5.26449767292877
1.58,177,81,542.462727333345,5.23828298419914
1.58,177,84,522.997401825698,5.21082450424223
1.58,177,87,504.138416524045,5.18212754147079
1.58,177,90,486.004220154106,5.15224124895273
1.58,177,93,468.685957638984,5.12127421008064
1.58,177,96,452.249165850362,5.08940560786678
1.58,177,99,436.735947647912,5.05689049542103
1.58,177,102,422.167297194098,5.02405825606736
1.58,177,105,408.545454227273,4.9913042889586
1.58,177,108,395.856214279593,4.95907620972824
1.58,177,111,384.070972415664,4.92785710916661
1.58,177,114,373.148000599059,4.89814917451005
1.58,177,117,363.032231138106,4.87046077490085
1.58,177,120,353.652858199763,4.8452987712096
1.58,177,123,344.918524650184,4.82316565720631
1.58,177,126,336.710713050801,4.80455897558926
1.58,177,129,328.876983475789,4.78996925603697
1.58,177,132,321.226522005846,4.77987316911826
1.58,177,135,313.530689256209,4.77472062803435
1.58,177,138,305.530641324508,4.77491732855414
1.58,177,141,296.952662749667,4.78080640003444
1.58,177,144,287.529929743886,4.79265343954844
1.58,177,147,277.027545877625,4.81063807018262
1.58,177,150,265.26642520413,4.83485304663629
1.58,177,153,252.141350735236,4.86530996368006
1.58,177,156,237.629446733538,4.90194972701755
1.58,177,159,221.787200470257,4.94465651421652
1.58,177,162,204.736616936799,4.99327594288083
1.58,177,165,186.643490945357,5.04764146342175
1.58,177,168,167.692521558834,5.10761800773201
1.58,177,171,148.064610318738,5.17318074880981
1.58,177,174,127.921021082298,5.24456658943118
1.58,177,177,107.397415805486,5.32259027301413
1.58,177,180,86.6090126008815,5.40939222884852
