"Freq [GHz]","Phi [deg]","Theta [deg]","mag(rERHCP) [mV]","cang_rad(rERHCP) [rad]"
1.58,0,-180,88.7358880704513,-0.879581318468645
1.58,0,-177,66.6810632212107,-0.791997153447194
1.58,0,-174,44.3366762754606,-0.674436880612417
1.58,0,-171,22.2202612271948,-0.443219881105102
1.58,0,-168,7.36991087646515,1.09248743574051
1.58,0,-165,25.1515125777396,2.21527152316144
1.58,0,-162,46.6804541939959,2.42071863598485
1.58,0,-159,67.9577110171033,2.54111628454456
1.58,0,-156,88.6557881389312,2.63888199555669
1.58,0,-153,108.671110949404,2.72767140589774
1.58,0,-150,127.969551511718,2.81199162200764
1.58,0,-147,146.550037002561,2.89363719622587
1.58,0,-144,164.423824076055,2.97339481390719
1.58,0,-141,181.599616887143,3.05163500191658
1.58,0,-138,198.074288687503,3.12855173369118
1.58,0,-135,213.829541428238,3.2042643533465
1.58,0,-132,228.833880799196,3.2788576757872
1.58,0,-129,243.048363554553,3.35239363294952
1.58,0,-126,256.434170529933,3.4249119772767
1.58,0,-123,268.960225478375,3.49642969899396
1.58,0,-120,280.60963081269,3.56694368516635
1.58,0,-117,291.38434589035,3.63643746364508
1.58,0,-114,301.308048562249,3.70489050080055
1.58,0,-111,310.427380116101,3.77228749120294
1.58,0,-108,318.811806360862,3.83862525590412
1.58,0,-105,326.552256958324,3.90391589147855
1.58,0,-102,333.758665155358,3.96818616839115
1.58,0,-99,340.556593734453,4.03147433289625
1.58,0,-96,347.083284895,4.09382601949673
1.58,0,-93,353.483627866812,4.15529076507067
1.58,0,-90,359.906593330229,4.21591974236376
1.58,0,-87,366.502562935256,4.27576415425954
1.58,0,-84,373.421674786513,4.33487274347514
1.58,0,-81,380.812875763537,4.39328654724974
1.58,0,-78,388.822943067746,4.45102964418384
1.58,0,-75,397.59446229099,4.50809615849421
1.58,0,-72,407.261766930287,4.56443579326794
1.58,0,-69,417.944239721914,4.61994194353318
1.58,0,-66,429.737139538343,4.67444716913522
1.58,0,-63,442.701110207155,4.72772986768631
1.58,0,-60,456.852475098849,4.77953331334077
1.58,0,-57,472.156963698197,4.82959451059785
1.58,0,-54,488.529327919569,4.87767685991174
1.58,0,-51,505.840249160946,4.92359882404245
1.58,0,-48,523.930171006799,4.96725140553258
1.58,0,-45,542.627665254864,5.00860011551917
1.58,0,-42,561.768261144815,5.04767125072462
1.58,0,-39,581.208926976566,5.08452643681157
1.58,0,-36,600.833979286753,5.11923246830911
1.58,0,-33,620.55016465395,5.15183476752373
1.58,0,-30,640.271652453532,5.18234193211106
1.58,0,-27,659.898912101017,5.21072586636932
1.58,0,-24,679.297873829316,5.23693749255806
1.58,0,-21,698.286409239409,5.26093329034669
1.58,0,-18,716.633554330013,5.28270455845484
1.58,0,-15,734.073392576087,5.30230060755644
1.58,0,-12,750.33123618781,5.31983927051222
1.58,0,-9,765.156117099374,5.33550214661684
1.58,0,-6,778.351774699798,5.34951626453714
1.58,0,-3,789.79876849037,5.36212697416842
1.58,0,0,799.462760855347,5.37356822901828
1.58,0,3,807.387574674135,5.38403609171833
1.58,0,6,813.675281228027,5.39366977409098
1.58,0,9,818.458356670418,5.40254238404189
1.58,0,12,821.870228442523,5.41066132181867
1.58,0,15,824.020145893776,5.41797641358474
1.58,0,18,824.976553020387,5.42439276797708
1.58,0,21,824.760664236251,5.4297851856142
1.58,0,24,823.349514444835,5.43401165365138
1.58,0,27,820.686006628121,5.43692464751232
1.58,0,30,816.692732453466,5.43838013446497
1.58,0,33,811.286550380486,5.43824490712418
1.58,0,36,804.391752412411,5.43640299814785
1.58,0,39,795.950705205393,5.43276155021043
1.58,0,42,785.931739621307,5.42725592985247
1.58,0,45,774.334575157157,5.41985339866743
1.58,0,48,761.193682582411,5.41055450366598
1.58,0,51,746.579835059866,5.39939156768679
1.58,0,54,730.599862259635,5.38642414859249
1.58,0,57,713.394470216512,5.3717319113498
1.58,0,60,695.134014133213,5.35540584173246
1.58,0,63,676.012313547857,5.33753901041594
1.58,0,66,656.238906608531,5.31821814411374
1.58,0,69,636.030441988406,5.29751712039789
1.58,0,72,615.60209619488,5.27549325594138
1.58,0,75,595.159911494944,5.2521869845859
1.58,0,78,574.894762156977,5.2276252743253
1.58,0,81,554.978315944584,5.20182892127732
1.58,0,84,535.560944354278,5.17482365004886
1.58,0,87,516.771145387681,5.14665467481041
1.58,0,90,498.715767765545,5.11740395368594
1.58,0,93,481.480235801928,5.08720875020971
1.58,0,96,465.128107928303,5.05627933522465
1.58,0,99,449.699652805856,5.02491289653085
1.58,0,102,435.209629431218,4.99350030099991
1.58,0,105,421.644978016909,4.96252268083865
1.58,0,108,408.963481204577,4.93253618708103
1.58,0,111,397.0944595115,4.90414560850002
1.58,0,114,385.942134239697,4.87797032651921
1.58,0,117,375.391512407094,4.85460830667688
1.58,0,120,365.315789939653,4.83460456759497
1.58,0,123,355.583684890869,4.81842938189208
1.58,0,126,346.065076168084,4.80646868953328
1.58,0,129,336.633888749295,4.79902581479065
1.58,0,132,327.16813074292,4.79633073246422
1.58,0,135,317.54797902981,4.79855170891959
1.58,0,138,307.653447729053,4.80580448308447
1.58,0,141,297.363222053776,4.81815600308567
1.58,0,144,286.555698530564,4.83562240320668
1.58,0,147,275.112370835806,4.8581635090586
1.58,0,150,262.922806067464,4.88567792183984
1.58,0,153,249.889925145602,4.918003242034
1.58,0,156,235.934330408269,4.95492529616577
1.58,0,159,220.996970532013,4.99619876866932
1.58,0,162,205.040239417693,5.04158012392482
1.58,0,165,188.048316678856,5.09087308508908
1.58,0,168,170.027875341693,5.14398866559666
1.58,0,171,151.010086205617,5.20102866213348
1.58,0,174,131.054238478308,5.26242077851906
1.58,0,177,110.252590985603,5.32918751948098
1.58,0,180,88.7358880704513,5.40360398871094
1.58,3,-180,88.7358880704512,-0.827221440908816
1.58,3,-177,66.3229632340715,-0.734682392112797
1.58,3,-174,43.5961773119689,-0.604975948876546
1.58,3,-171,21.26697016919,-0.324701235608925
1.58,3,-168,9.42058535738192,1.31914432137584
1.58,3,-165,28.37924302483,2.22448129068375
1.58,3,-162,50.60893658314,2.42869737611192
1.58,3,-159,72.7125942233865,2.54924596893319
1.58,3,-156,94.3159472088951,2.6456897487566
1.58,3,-153,115.283984829292,2.73206982208804
1.58,3,-150,135.55104602853,2.81321696348117
1.58,3,-147,155.080577725087,2.89114264567984
1.58,3,-144,173.84468559035,2.96679149409975
1.58,3,-141,191.811243546211,3.04065813227973
1.58,3,-138,208.937293919321,3.11303721204359
1.58,3,-135,225.168404108856,3.18412992206592
1.58,3,-132,240.442900111405,3.25408752527368
1.58,3,-129,254.699185506419,3.32302708325564
1.58,3,-126,267.884147689847,3.39103693312974
1.58,3,-123,279.960969419833,3.45818080619501
1.58,3,-120,290.915292151035,3.52450419903912
1.58,3,-117,300.759334195146,3.59004317889
1.58,3,-114,309.534028176113,3.65483384517636
1.58,3,-111,317.3094268938,3.71892003031693
1.58,3,-108,324.183598265403,3.78235727414825
1.58,3,-105,330.280134262413,3.84521226417626
1.58,3,-102,335.744374452088,3.90755830815454
1.58,3,-99,340.738555299954,3.96946850627591
1.58,3,-96,345.436308966668,4.03100874523922
1.58,3,-93,350.017145803421,4.09223228770327
1.58,3,-90,354.661638690565,4.15317668796466
1.58,3,-87,359.547894224411,4.21386239745336
1.58,3,-84,364.84952881315,4.2742912734592
1.58,3,-81,370.734839649463,4.33444281769472
1.58,3,-78,377.366321080742,4.39426668677545
1.58,3,-75,384.899316391317,4.45367178129393
1.58,3,-72,393.47859140999,4.51251451161298
1.58,3,-69,403.232075169636,4.57059075512649
1.58,3,-66,414.261908731202,4.62763656039645
1.58,3,-63,426.634080311723,4.68334115307305
1.58,3,-60,440.368946858371,4.73737237245197
1.58,3,-57,455.435424855049,4.789410393766
1.58,3,-54,471.751251358193,4.83918217436469
1.58,3,-51,489.190416580822,4.88648802752585
1.58,3,-48,507.5969449811,4.93121361102783
1.58,3,-45,526.802215629458,4.97332471061202
1.58,3,-42,546.641608674598,5.01284700549534
1.58,3,-39,566.965963576726,5.04983700176524
1.58,3,-36,587.644380435795,5.08435248348998
1.58,3,-33,608.557164215141,5.11643072893767
1.58,3,-30,629.580679194911,5.14608042923728
1.58,3,-27,650.568689489506,5.17328925041681
1.58,3,-24,671.336437949292,5.19804433199481
1.58,3,-21,691.653533550239,5.22035914016035
1.58,3,-18,711.249552646624,5.24029832080706
1.58,3,-15,729.83272374345,5.2579931135809
1.58,3,-12,747.118292413127,5.27364299578925
1.58,3,-9,762.860349263215,5.2875032202997
1.58,3,-6,776.879858580518,5.29986138513388
1.58,3,-3,789.08254177845,5.31100823368404
1.58,3,0,799.462760855347,5.32120835145845
1.58,3,3,808.09284755585,5.33067561818998
1.58,3,6,815.100543035496,5.33955669004669
1.58,3,9,820.63956662415,5.34792388924572
1.58,3,12,824.859325447745,5.35577705003913
1.58,3,15,827.879307650123,5.36305243434581
1.58,3,18,829.772062307144,5.3696360388778
1.58,3,21,830.556427151476,5.37537857474505
1.58,3,24,830.200467830162,5.38011000104639
1.58,3,27,828.631959286639,5.38365242821444
1.58,3,30,825.753429274775,5.38583109311386
1.58,3,33,821.458772006557,5.38648365538803
1.58,3,36,815.648998735239,5.38546818141479
1.58,3,39,808.245514554516,5.38266997260756
1.58,3,42,799.20012299263,5.3780070673378
1.58,3,45,788.501587291578,5.37143399942933
1.58,3,48,776.178957648504,5.36294334276193
1.58,3,51,762.302035127963,5.35256471775909
1.58,3,54,746.979364274557,5.34036121305325
1.58,3,57,730.354118189331,5.32642349037266
1.58,3,60,712.598233377955,5.31086211538923
1.58,3,63,693.905200737016,5.29379885221659
1.58,3,66,674.482015197156,5.27535777056411
1.58,3,69,654.540888899711,5.25565705825866
1.58,3,72,634.291387968327,5.23480242576188
1.58,3,75,613.933617683226,5.21288294163375
1.58,3,78,593.652938459463,5.18997004498074
1.58,3,81,573.616460127985,5.16612033055168
1.58,3,84,553.971274432049,5.14138247627123
1.58,3,87,534.844098690553,5.11580835725828
1.58,3,90,516.341773410934,5.08946793432842
1.58,3,93,498.551935588022,5.06246689321681
1.58,3,96,481.543220705972,5.03496525401636
1.58,3,99,465.364554320823,5.00719436418798
1.58,3,102,450.043465699017,4.97946905568062
1.58,3,105,435.583819928942,4.95219162762403
1.58,3,108,421.963783249701,4.92584506235484
1.58,3,111,409.135031970523,4.90097465286119
1.58,3,114,397.024044238463,4.8781597654322
1.58,3,117,385.535758324258,4.85798006377033
1.58,3,120,374.55910659512,4.84098220838438
1.58,3,123,363.973252785362,4.82765304038872
1.58,3,126,353.653092535914,4.81840340583451
1.58,3,129,343.472883608776,4.81356366631488
1.58,3,132,333.307651626957,4.8133886562953
1.58,3,135,323.032940825998,4.81806749830836
1.58,3,138,312.524141071397,4.82773300038278
1.58,3,141,301.656727021539,4.84246647033445
1.58,3,144,290.308244548128,4.86229624604339
1.58,3,147,278.361999240058,4.88719123084943
1.58,3,150,265.711548702413,4.91705332215887
1.58,3,153,252.264682304932,4.95171412490862
1.58,3,156,237.945805180063,4.99094144768237
1.58,3,159,222.696436863619,5.03445993647859
1.58,3,162,206.474521129025,5.0819884054289
1.58,3,165,189.253949936615,5.13329511518536
1.58,3,168,171.02578611534,5.18827347002841
1.58,3,171,151.802078525675,5.24704834921813
1.58,3,174,131.622178842942,5.31014709590408
1.58,3,177,110.560629596746,5.37883808123777
1.58,3,180,88.7358880704512,5.45596386627077
1.58,6,-180,88.7358880704513,-0.774861563348987
1.58,6,-177,66.0253752296366,-0.677550223962075
1.58,6,-174,42.9849739144076,-0.535529206798043
1.58,6,-171,20.584418576434,-0.203402825907197
1.58,6,-168,11.5857951153733,1.46037901766757
1.58,6,-165,31.386710455704,2.23548771834415
1.58,6,-162,54.2573356034169,2.43806660486743
1.58,6,-159,77.1142390917289,2.55823402009663
1.58,6,-156,99.5367793004904,2.65314176477554
1.58,6,-153,121.357524417753,2.73710730511186
1.58,6,-150,142.479167226873,2.81523117308305
1.58,6,-147,162.830803506366,2.8897116121632
1.58,6,-144,182.347727386789,2.96162709216105
1.58,6,-141,200.960327997453,3.03157195890633
1.58,6,-138,218.589868328477,3.09991575486336
1.58,6,-135,235.150210269364,3.16691557356672
1.58,6,-132,250.554010533103,3.23276517719
1.58,6,-129,264.72139445572,3.29761688725189
1.58,6,-126,277.589079840593,3.36159331826346
1.58,6,-123,289.118356261157,3.42479683064277
1.58,6,-120,299.300997719568,3.48731938599843
1.58,6,-117,308.162824542542,3.54925248638095
1.58,6,-114,315.765043813937,3.6106954422761
1.58,6,-111,322.203642664617,3.67176000557902
1.58,6,-108,327.607071911247,3.73257008855714
1.58,6,-105,332.132384095656,3.79325646832894
1.58,6,-102,335.960000900045,3.85394761484446
1.58,6,-99,339.287422450762,3.91475868048075
1.58,6,-96,342.32240912266,3.97578096495456
1.58,6,-93,345.276358991495,4.03707371294283
1.58,6,-90,348.358652560078,4.09865903172584
1.58,6,-87,351.772559209967,4.16051938246744
1.58,6,-84,355.712889768525,4.22259601810485
1.58,6,-81,360.365019749938,4.28478643915174
1.58,6,-78,365.904360196617,4.34693972771032
1.58,6,-75,372.495019020272,4.40885038916683
1.58,6,-72,380.286455085721,4.47025346475071
1.58,6,-69,389.407467147487,4.53082518697656
1.58,6,-66,399.957811848136,4.59019334132063
1.58,6,-63,411.998858901829,4.64795929640026
1.58,6,-60,425.545578138992,4.70372984469655
1.58,6,-57,440.562412723645,4.75715298591849
1.58,6,-54,456.964991614269,4.80794937856717
1.58,6,-51,474.628237812016,4.85593159618741
1.58,6,-48,493.399610578304,4.90100651166803
1.58,6,-45,513.114536336495,4.94316087174731
1.58,6,-42,533.610090083398,4.98243472225198
1.58,6,-39,554.733080118459,5.01889042021457
1.58,6,-36,576.339985397067,5.05258581727064
1.58,6,-33,598.288479154761,5.083558747411
1.58,6,-30,620.422973089607,5.1118266098988
1.58,6,-27,642.55890303284,5.13740044269124
1.58,6,-24,664.471509069429,5.16030865108602
1.58,6,-21,685.894134183147,5.1806228140061
1.58,6,-18,706.528671646297,5.19847763861595
1.58,6,-15,726.06744305011,5.21407918420843
1.58,6,-12,744.222534883886,5.22769902149204
1.58,6,-9,760.756438047667,5.23965569027193
1.58,6,-6,775.50729776434,5.25028754171022
1.58,6,-3,788.403246499227,5.25992229280592
1.58,6,0,799.462760855347,5.26884847389862
1.58,6,3,808.781067344255,5.27729283462841
1.58,6,6,816.505539503729,5.28540615856423
1.58,6,9,822.805095225867,5.29325820690608
1.58,6,12,827.839395156297,5.30084096732555
1.58,6,15,831.733098539481,5.30807826946191
1.58,6,18,834.558845692345,5.3148393140814
1.58,6,21,836.330537185086,5.32095377952886
1.58,6,24,837.006446421651,5.32622676479417
1.58,6,27,836.500176297372,5.33045261015399
1.58,6,30,834.696655142449,5.33342729480281
1.58,6,33,831.470231729927,5.33495945560998
1.58,6,36,826.702293556803,5.33488009170254
1.58,6,39,820.296472356631,5.33305084701348
1.58,6,42,812.190223644684,5.32937057105342
1.58,6,45,802.36224293238,5.32377977175822
1.58,6,48,790.835737045533,5.31626262949103
1.58,6,51,777.677972319021,5.30684640150227
1.58,6,54,762.996768562293,5.29559824675181
1.58,6,57,746.934717637319,5.28261969106061
1.58,6,60,729.661913713368,5.26803911397926
1.58,6,63,711.367929350667,5.2520027806233
1.58,6,66,692.253690014148,5.23466508033414
1.58,6,69,672.523805631539,5.21617877296852
1.58,6,72,652.379812427735,5.19668616492357
1.58,6,75,632.014655722034,5.17631220674454
1.58,6,78,611.608601231639,5.15516048759354
1.58,6,81,591.326602110145,5.1333129778533
1.58,6,84,571.316981087005,5.11083413623316
1.58,6,87,551.71112532867,5.08777965675403
1.58,6,90,532.623754149516,5.06420968120104
1.58,6,93,514.153232533241,5.04020572673489
1.58,6,96,496.381402637434,5.01588986192829
1.58,6,99,479.372530535449,4.99144384343663
1.58,6,102,463.171239253461,4.96712514714044
1.58,6,105,447.799697569717,4.9432763832596
1.58,6,108,433.254760908652,4.92032485799837
1.58,6,111,419.506052927093,4.89877034068954
1.58,6,114,406.495959250053,4.87916140031455
1.58,6,117,394.142088880834,4.86206347855711
1.58,6,120,382.342029901654,4.848024233225
1.58,6,123,370.979456540881,4.83754262876423
1.58,6,126,359.930187067338,4.83104723406349
1.58,6,129,349.066895141693,4.82888644752855
1.58,6,132,338.26183258312,4.83132983732789
1.58,6,135,327.387841055109,4.83857668178389
1.58,6,138,316.318678535427,4.85076614764385
1.58,6,141,304.929895966212,4.86798384938277
1.58,6,144,293.101057230911,4.89026165042831
1.58,6,147,280.71921180368,4.91757081640919
1.58,6,150,267.682653587156,4.94981203486296
1.58,6,153,253.903613087771,4.98680841072621
1.58,6,156,239.308900700659,5.02830864386616
1.58,6,159,223.838534342174,5.07400695678208
1.58,6,162,207.443571264569,5.12358434187077
1.58,6,165,190.085109175714,5.17677360214253
1.58,6,168,171.736300580466,5.23345114350432
1.58,6,171,152.388244649845,5.2937668530059
1.58,6,174,132.059252381119,5.35835181695537
1.58,6,177,110.806017721488,5.42872818604282
1.58,6,180,88.7358880704513,5.5083237438306
1.58,9,-180,88.7358880704513,-0.722501685789156
1.58,9,-177,65.7893656164961,-0.620630281500921
1.58,9,-174,42.5058442752242,-0.466312012288148
1.58,9,-171,20.1754114828439,-0.081847918982424
1.58,9,-168,13.7227182186829,1.55521259372833
1.58,9,-165,34.1612768202114,2.24707860456681
1.58,9,-162,57.6059255245844,2.44809256886714
1.58,9,-159,81.137442353866,2.56760376501154
1.58,9,-156,104.287660270415,2.66087529569023
1.58,9,-153,126.855666413953,2.74246855115118
1.58,9,-150,148.712609693261,2.81772696525666
1.58,9,-147,169.754760006097,2.8890172802822
1.58,9,-144,189.883505893785,2.95753515578253
1.58,9,-141,208.995802004745,3.0239568524886
1.58,9,-138,226.981950716728,3.08870771791926
1.58,9,-135,243.729252735318,3.15208157175895
1.58,9,-132,259.129742295685,3.21429703836654
1.58,9,-129,273.08989303249,3.27552713206799
1.58,9,-126,285.54028796622,3.33591834086787
1.58,9,-123,296.443748352545,3.39560591959753
1.58,9,-120,305.801080723944,3.45472712941024
1.58,9,-117,313.654187881745,3.51343168769259
1.58,9,-114,320.08665726043,3.57188785141556
1.58,9,-111,325.222083381902,3.63028281673356
1.58,9,-108,329.220393023472,3.68881702854974
1.58,9,-105,332.272441886328,3.74769313675822
1.58,9,-102,334.593221019122,3.80710134339896
1.58,9,-99,336.414160350146,3.86720347774416
1.58,9,-96,337.975189635308,3.9281181559761
1.58,9,-93,339.517321866864,3.98990881848097
1.58,9,-90,341.27647237459,4.05257545038578
1.58,9,-87,343.478972128191,4.11604970593949
1.58,9,-84,346.338798972661,4.18019240523767
1.58,9,-81,350.05603581934,4.24479234281525
1.58,9,-78,354.81563014818,4.30956618968293
1.58,9,-75,360.785350516295,4.37416071860213
1.58,9,-72,368.112042139642,4.43815994232595
1.58,9,-69,376.915892071308,4.50110012763988
1.58,9,-66,387.283289030212,4.56249437644396
1.58,9,-63,399.259726887575,4.62186560743182
1.58,9,-60,412.844719283786,4.67878329569535
1.58,9,-57,427.990605036105,4.73289677112137
1.58,9,-54,444.606364136971,4.78395756570031
1.58,9,-51,462.56630290343,4.83182559744007
1.58,9,-48,481.722053174182,4.87645809357917
1.58,9,-45,501.915177907688,4.9178846213919
1.58,9,-42,522.987155055738,4.95617500787899
1.58,9,-39,544.783872631974,4.99140844026236
1.58,9,-36,567.153066786506,5.0236514172732
1.58,9,-33,589.935160105293,5.05294970088179
1.58,9,-30,612.950198769766,5.07933558879768
1.58,9,-27,635.985325374571,5.10284761875832
1.58,9,-24,658.78777290876,5.12355639512056
1.58,9,-21,681.06737757899,5.14158866413459
1.58,9,-18,702.510272473537,5.15714254342419
1.58,9,-15,722.802419082724,5.17048955578754
1.58,9,-12,741.658860104204,5.18196275397707
1.58,9,-9,758.852825445647,5.19193351786686
1.58,9,-6,774.238540947154,5.20078170332585
1.58,9,-3,787.762804332206,5.2088644745635
1.58,9,0,799.462760855347,5.21648859633879
1.58,9,3,809.450226028456,5.22388964559815
1.58,9,6,817.88564664108,5.23121995640158
1.58,9,9,824.946711807494,5.23854547634912
1.58,9,12,830.79731196287,5.24585035099059
1.58,9,15,835.561940503501,5.25304717491389
1.58,9,18,839.30903999863,5.25999057693519
1.58,9,21,842.044741298626,5.2664921110502
1.58,9,24,843.716488122552,5.27233509586604
1.58,9,27,844.224588619882,5.27728876754543
1.58,9,30,843.43895458755,5.2811216034569
1.58,9,33,841.218126506182,5.2836138129551
1.58,9,36,837.427965895036,5.28456884418727
1.58,9,39,831.957937194938,5.28382350445341
1.58,9,42,824.733556069486,5.28125611962297
1.58,9,45,815.724258372006,5.27679216150351
1.58,9,48,804.946581355291,5.27040694027672
1.58,9,51,792.463090438878,5.26212521368227
1.58,9,54,778.377880822563,5.25201781878572
1.58,9,57,762.829702157903,5.240195635063
1.58,9,60,745.983796555898,5.22680133589966
1.58,9,63,728.023436814924,5.21199950683064
1.58,9,66,709.141952632094,5.1959658316979
1.58,9,69,689.535789392456,5.17887617877882
1.58,9,72,669.398899326752,5.16089653516012
1.58,9,75,648.918547798241,5.14217479903394
1.58,9,78,628.272445075687,5.12283540999105
1.58,9,81,607.626991305249,5.10297766245801
1.58,9,84,587.136343723776,5.08267831756325
1.58,9,87,566.941967162767,5.06199882400097
1.58,9,90,547.172298935808,5.04099708441823
1.58,9,93,527.942146635298,5.01974323540757
1.58,9,96,509.351462078914,4.99833830150587
1.58,9,99,491.483234907844,4.97693381912662
1.58,9,102,474.400463310312,4.95574968733056
1.58,9,105,458.14249207727,4.93508683085614
1.58,9,108,442.721397468683,4.91533114689004
1.58,9,111,428.119403992266,4.89694605313995
1.58,9,114,414.288360209246,4.88045292763818
1.58,9,117,401.151950591504,4.86640151820061
1.58,9,120,388.610607678618,4.85533516558883
1.58,9,123,376.548248401622,4.84775735111991
1.58,9,126,364.839358003073,4.84410584234048
1.58,9,129,353.354901396983,4.84473848266439
1.58,9,132,341.966128100669,4.84993116541111
1.58,9,135,330.546306069339,4.85988494895321
1.58,9,138,318.971307578114,4.87473680853826
1.58,9,141,307.120327765957,4.8945679824764
1.58,9,144,294.877648706981,4.9194054515507
1.58,9,147,282.135449017836,4.94921536461091
1.58,9,150,268.796693872256,4.98389127905429
1.58,9,153,254.776698230865,5.02324377643698
1.58,9,156,240.002389608219,5.06700025883604
1.58,9,159,224.409502696171,5.11482381709724
1.58,9,162,207.93934567586,5.16635800946225
1.58,9,165,190.537614025081,5.22130148877618
1.58,9,168,172.157451036003,5.27951599006797
1.58,9,171,152.767606340208,5.3411800034326
1.58,9,174,132.364792389574,5.40703347819894
1.58,9,177,110.988267288129,5.47885956174551
1.58,9,180,88.7358880704513,5.56068362139043
1.58,12,-180,88.7358880704515,-0.670141808229325
1.58,12,-177,65.6158066036127,-0.563952429107038
1.58,12,-174,42.1607132760451,-0.397557481514313
1.58,12,-171,20.0333963203461,0.0371176603391102
1.58,12,-168,15.7692430178273,1.62254468181589
1.58,12,-165,36.6932945565133,2.25847068039241
1.58,12,-162,60.6392671765552,2.45824516627215
1.58,12,-159,84.7627717685474,2.57699620096423
1.58,12,-156,108.545878732807,2.66861086799869
1.58,12,-153,131.753111032319,2.74790583327721
1.58,12,-150,154.224410993975,2.82045809396304
1.58,12,-147,175.825141407298,2.88879307618555
1.58,12,-144,196.426225084034,2.95421285174694
1.58,12,-141,215.895870153498,3.01746337138122
1.58,12,-138,234.098904149462,3.07901260465285
1.58,12,-135,250.901803009631,3.13917798745903
1.58,12,-132,266.181431149692,3.19819111639566
1.58,12,-129,279.835365920351,3.25623600523483
1.58,12,-126,291.791892679299,3.31347617279763
1.58,12,-123,302.018264355555,3.37007605627769
1.58,12,-120,310.526413236012,3.42621755521169
1.58,12,-117,317.375800025358,3.48211060650403
1.58,12,-114,322.673409220623,3.53799646492385
1.58,12,-111,326.571078183121,3.5941430945885
1.58,12,-108,329.260459498845,3.6508332034621
1.58,12,-105,330.96603287427,3.70834653855124
1.58,12,-102,331.936728234854,3.76693880521705
1.58,12,-99,332.436868590133,3.82681982598164
1.58,12,-96,332.737229029788,3.888133299453
1.58,12,-93,333.106972295605,3.95093987691993
1.58,12,-90,333.807023293597,4.01520447669206
1.58,12,-87,335.085096383923,4.08078811224216
1.58,12,-84,337.172162648928,4.14744430797967
1.58,12,-81,340.279762371393,4.21482053930636
1.58,12,-78,344.597369901548,4.28246587794513
1.58,12,-75,350.289107572517,4.34984662765057
1.58,12,-72,357.489497137392,4.41637151570783
1.58,12,-69,366.298528546038,4.48142649363484
1.58,12,-66,376.776915643235,4.54441654320998
1.58,12,-63,388.9427689692,4.60480897507703
1.58,12,-60,402.770889229986,4.6621708502142
1.58,12,-57,418.195450045337,4.71619337990325
1.58,12,-54,435.116109261334,4.76669863247708
1.58,12,-51,453.406751302922,4.81362781010285
1.58,12,-48,472.925309526065,4.85701447398834
1.58,12,-45,493.522614948279,4.89694923294963
1.58,12,-42,515.048121375956,4.93354390920718
1.58,12,-39,537.350806644319,4.96690290587359
1.58,12,-36,560.274607753616,4.9971075985139
1.58,12,-33,583.649293777593,5.0242164316769
1.58,12,-30,607.279344968594,5.0482796055159
1.58,12,-27,630.934632977505,5.06936362754015
1.58,12,-24,654.346949569884,5.08757855620116
1.58,12,-21,677.215450474456,5.10310024475979
1.58,12,-18,699.222035746433,5.11618147317454
1.58,12,-15,720.055126550913,5.12714895325189
1.58,12,-12,739.437939534204,5.13638673265082
1.58,12,-9,757.155851538785,5.14430943273928
1.58,12,-6,773.07719551145,5.15133038471219
1.58,12,-3,787.162921883595,5.15782997951078
1.58,12,0,799.462760855347,5.16412871877896
1.58,12,3,810.098310232206,5.17046798925399
1.58,12,6,819.236161296263,5.17699988831801
1.58,12,9,827.056085583364,5.18378582379967
1.58,12,12,833.719984435142,5.19080235382917
1.58,12,15,839.346668068442,5.19795202578823
1.58,12,18,843.995884402871,5.205076914621
1.58,12,21,847.662914224856,5.21197306866797
1.58,12,24,850.283074729694,5.21840487478152
1.58,12,27,851.74404624915,5.22411909160083
1.58,12,30,851.903211791516,5.22885868251867
1.58,12,33,850.607098061077,5.23237652363814
1.58,12,36,847.710331326696,5.23444869948733
1.58,12,39,843.092070635696,5.23488668038366
1.58,12,42,836.668517091885,5.23354742766035
1.58,12,45,828.400749855523,5.23034050396545
1.58,12,48,818.297766182519,5.2252315463459
1.58,12,51,806.415160147226,5.21824187388009
1.58,12,54,792.850308312828,5.20944441926486
1.58,12,57,777.73519232762,5.19895650623181
1.58,12,60,761.22805757859,5.18693021327905
1.58,12,63,743.504999685237,5.17354118666733
1.58,12,66,724.752332608719,5.15897682652593
1.58,12,69,705.160283499378,5.14342479386411
1.58,12,72,684.918239557416,5.12706277621656
1.58,12,75,664.21149055014,5.11005039274299
1.58,12,78,643.219201297345,5.09252400385523
1.58,12,81,622.113226729051,5.07459501941003
1.58,12,84,601.057343272705,5.05635209383446
1.58,12,87,580.20649286318,5.03786737869264
1.58,12,90,559.70569155491,5.0192067723254
1.58,12,93,539.688323195648,5.00044381945203
1.58,12,96,520.273620502399,4.98167649270271
1.58,12,99,501.563255902779,4.96304546361969
1.58,12,102,483.637158192269,4.94475165997912
1.58,12,105,466.54895461457,4.92707009237123
1.58,12,108,450.321771882421,4.91035648655954
1.58,12,111,434.94539836205,4.89504363891634
1.58,12,114,420.375844563081,4.88162593380301
1.58,12,117,406.537997905764,4.87063300981955
1.58,12,120,393.331344726271,4.86259645698328
1.58,12,123,380.637830862615,4.85801560566643
1.58,12,126,368.33022312342,4.85732896101361
1.58,12,129,356.279185731508,4.86089627454742
1.58,12,132,344.357844580035,4.86899306790266
1.58,12,135,332.443674050756,4.88181568356469
1.58,12,138,320.418615822534,4.89949186862523
1.58,12,141,308.168888176968,4.92209051500882
1.58,12,144,295.585671738684,4.94962502163311
1.58,12,147,282.56689507048,4.98204774218226
1.58,12,150,269.019224465108,5.01923744028202
1.58,12,153,254.858774857248,5.06098638316112
1.58,12,156,240.009474781701,5.10699721410693
1.58,12,159,224.399376627894,5.15690078142909
1.58,12,162,207.956848418562,5.21030419455399
1.58,12,165,190.60956440816,5.26687472479897
1.58,12,168,172.288837150753,5.32646372106772
1.58,12,171,152.940151625873,5.38928379608861
1.58,12,174,132.538641485378,5.45619009789713
1.58,12,177,111.10708920379,5.52923339331252
1.58,12,180,88.7358880704515,5.61304349895026
1.58,15,-180,88.7358880704514,-0.617781930669496
1.58,15,-177,65.5053711564956,-0.507546314133576
1.58,15,-174,41.9506278654298,-0.329508099885126
1.58,15,-171,20.1429742412076,0.15074043057925
1.58,15,-168,17.6962615632325,1.67194216880652
1.58,15,-165,38.9759275077627,2.26911487116757
1.58,15,-162,63.3459445103287,2.46812324115191
1.58,15,-159,87.9763265923042,2.5861306888113
1.58,15,-156,112.296379538901,2.67612567409435
1.58,15,-153,136.035011969719,2.75321783333721
1.58,15,-150,159.001538710443,2.82322034371229
1.58,15,-147,181.032686605119,2.888813826077
1.58,15,-144,201.972791362672,2.95140079382391
1.58,15,-141,221.666496014415,3.01178949640564
1.58,15,-138,239.959131841945,3.07048260406185
1.58,15,-135,256.702504463315,3.12781358194322
1.58,15,-132,271.764025725029,3.18402045489337
1.58,15,-129,285.037175638757,3.23929319360326
1.58,15,-126,296.451555882706,3.29380899850281
1.58,15,-123,305.981243650591,3.34775980045991
1.58,15,-120,313.650613490164,3.40137192007736
1.58,15,-117,319.537166931876,3.45491648469181
1.58,15,-114,323.771191606303,3.50870955909495
1.58,15,-111,326.532314325953,3.56310210384323
1.58,15,-108,328.043261994418,3.61846117980517
1.58,15,-105,328.561403314308,3.67514483298603
1.58,15,-102,328.368871743063,3.73347359614945
1.58,15,-99,327.762201980779,3.79370150269053
1.58,15,-96,327.042390482234,3.85598905418796
1.58,15,-93,326.506089113437,3.92037996924246
1.58,15,-90,326.438285811737,3.98678308318505
1.58,15,-87,327.106402478091,4.05496073507286
1.58,15,-84,328.755381475665,4.12452543085174
1.58,15,-81,331.603179122741,4.19494721041601
1.58,15,-78,335.836224548519,4.26557430587665
1.58,15,-75,341.6048086344,4.33566859410858
1.58,15,-72,349.018881463587,4.40445466695005
1.58,15,-69,358.145119139191,4.4711775941254
1.58,15,-66,369.006169207201,4.53516103738072
1.58,15,-63,381.582647007798,4.59585590638666
1.58,15,-60,395.817867612006,4.65287111313312
1.58,15,-57,411.624698707938,4.70598179537069
1.58,15,-54,428.893509959326,4.75511525804262
1.58,15,-51,447.50003633606,4.80031926465714
1.58,15,-48,467.311999636147,4.84172017621076
1.58,15,-45,488.193447640812,4.87947949603595
1.58,15,-42,510.005956059345,4.91375683922704
1.58,15,-39,532.606184960904,4.94468555975179
1.58,15,-36,555.839911414759,4.9723645629974
1.58,15,-33,579.533592183743,4.99686653776614
1.58,15,-30,603.485558269108,5.01825943148306
1.58,15,-27,627.459736138946,5.0366351423972
1.58,15,-24,651.184925701242,5.0521378630626
1.58,15,-21,674.361908644538,5.06498479403547
1.58,15,-18,696.679076842526,5.07547402754884
1.58,15,-15,717.835211290681,5.08397763862511
1.58,15,-12,737.566028388284,5.09092141589428
1.58,15,-9,755.669682742969,5.09675528243288
1.58,15,-6,772.026005931673,5.10191977267096
1.58,15,-3,786.605085475512,5.10681391507315
1.58,15,0,799.462760855347,5.11176884121913
1.58,15,3,810.723309439924,5.11702984050768
1.58,15,6,820.552329164407,5.12274780773188
1.58,15,9,829.124850334704,5.12897941005865
1.58,15,12,836.594479032272,5.13569409592254
1.58,15,15,843.068743222057,5.14278548854193
1.58,15,18,848.594076458102,5.15008483463271
1.58,15,21,853.151632867971,5.15737489194527
1.58,15,24,856.663035806714,5.1644036057138
1.58,15,27,859.003696606426,5.17089772471546
1.58,15,30,860.020675012996,5.17657682700775
1.58,15,33,859.552089489618,5.18116799458489
1.58,15,36,857.445572042524,5.18442078058091
1.58,15,39,853.573937487651,5.18612147337048
1.58,15,42,847.84692255168,5.18610527292363
1.58,15,45,840.218466989043,5.18426500543106
1.58,15,48,830.689540765516,5.18055538908079
1.58,15,51,819.306966104478,5.17499247962543
1.58,15,54,806.159025915022,5.1676485807948
1.58,15,57,791.368865703253,5.15864344580947
1.58,15,60,775.086766431678,5.1481329376982
1.58,15,63,757.482293427771,5.13629644641841
1.58,15,66,738.737135866886,5.12332431838139
1.58,15,69,719.039181931197,5.10940639616266
1.58,15,72,698.578072238986,5.09472254512649
1.58,15,75,677.542184585834,5.07943579731542
1.58,15,78,656.116767574012,5.06368849876198
1.58,15,81,634.482789082231,5.04760162978647
1.58,15,84,612.816009303142,5.03127730424201
1.58,15,87,591.285817722696,5.01480435805005
1.58,15,90,570.053463459188,4.99826689417627
1.58,15,93,549.269430582037,4.98175559645724
1.58,15,96,529.06984907442,4.96538144828898
1.58,15,99,509.571994559497,4.94929107611958
1.58,15,102,490.869137872427,4.9336822329621
1.58,15,105,473.025272247737,4.91881705618404
1.58,15,108,456.070541019052,4.90503000335548
1.58,15,111,439.998413762502,4.8927272730196
1.58,15,114,424.765659258513,4.88237548574582
1.58,15,117,410.295796326876,4.8744795174173
1.58,15,120,396.485944043799,4.86955216364844
1.58,15,123,383.216022569754,4.86808080926733
1.58,15,126,370.35844840089,4.87049743817246
1.58,15,129,357.786235235694,4.87715754431194
1.58,15,132,345.377968716268,4.88833093292509
1.58,15,135,333.019312066854,4.90420383359165
1.58,15,138,320.602005763264,4.92488831430857
1.58,15,141,308.022111126877,4.95043280608355
1.58,15,144,295.17909683091,4.98082747159258
1.58,15,147,281.976340913858,5.01600054859413
1.58,15,150,268.322287842914,5.0558063449751
1.58,15,153,254.130679440791,5.10001113582734
1.58,15,156,239.318595015229,5.14828804994348
1.58,15,159,223.802503886802,5.20023423858321
1.58,15,162,207.494426915405,5.25542208461627
1.58,15,165,190.301481805466,5.31349191439431
1.58,15,168,172.131676303421,5.37429116849557
1.58,15,171,152.906843174669,5.43807423373146
1.58,15,174,132.581148761472,5.50581913891095
1.58,15,177,111.162392147245,5.57985033591309
1.58,15,180,88.7358880704514,5.66540337651009
1.58,18,-180,88.7358880704513,-0.565422053109667
1.58,18,-177,65.4585295553384,-0.451440897093887
1.58,18,-174,41.8757665881136,-0.262406170580693
1.58,18,-171,20.482060974336,0.256747771508218
1.58,18,-168,19.4903798084813,1.70857822613829
1.58,18,-165,41.005096140805,2.27859401475189
1.58,18,-162,65.7183624266354,2.47740799379761
1.58,18,-159,90.7694536041116,2.59477895332752
1.58,18,-156,115.531350652051,2.68323570368925
1.58,18,-153,139.696373625626,2.75823556577537
1.58,18,-150,163.044016754955,2.82583920298867
1.58,18,-147,185.384915283885,2.88888390801669
1.58,18,-144,206.540985129571,2.94887068198848
1.58,18,-141,226.338770472937,3.00666686122593
1.58,18,-138,244.610342737744,3.06280652734486
1.58,18,-135,261.199194005708,3.11763653002508
1.58,18,-132,275.969115011669,3.1713996644474
1.58,18,-129,288.814276686201,3.22429119117448
1.58,18,-126,299.669035089626,3.27650206369564
1.58,18,-123,308.516304758212,3.32825212410439
1.58,18,-120,315.393613496902,3.37981246667143
1.58,18,-117,320.396168570976,3.4315153553763
1.58,18,-114,323.676502590492,3.48375095313508
1.58,18,-111,325.440589487647,3.53695162095609
1.58,18,-108,325.940722364633,3.59156596017481
1.58,18,-105,325.465851141298,3.64802569628048
1.58,18,-102,324.330381591737,3.70670881089315
1.58,18,-99,322.862544644858,3.76790211533771
1.58,18,-96,321.393309810824,3.83176598905433
1.58,18,-93,320.24646152992,3.89830364432102
1.58,18,-90,319.729980689222,3.9673373758974
1.58,18,-87,320.128440375977,4.0384949436588
1.58,18,-84,321.695924115358,4.11121019208745
1.58,18,-81,324.649139490551,4.18474234642653
1.58,18,-78,329.160913384858,4.25821698921568
1.58,18,-75,335.354901636728,4.3306878570768
1.58,18,-72,343.302772948854,4.40121298396499
1.58,18,-69,353.0250239639,4.46893350117935
1.58,18,-66,364.495884301552,4.5331411645907
1.58,18,-63,377.651732753717,4.5933227718363
1.58,18,-60,392.401515495689,4.64917525513783
1.58,18,-57,408.637218120041,4.70059202158695
1.58,18,-54,426.242616675503,4.74762666964217
1.58,18,-51,445.099151380002,4.79044330691219
1.58,18,-48,465.088508601543,4.82926338285149
1.58,18,-45,486.092074932396,4.86431794104927
1.58,18,-42,507.987726319064,4.8958121952342
1.58,18,-39,530.644518592812,4.92390675954753
1.58,18,-36,553.915951016833,4.94871692124131
1.58,18,-33,577.632747667932,4.9703282342268
1.58,18,-30,601.596551759312,4.98882379764538
1.58,18,-27,625.576376489745,5.00431640841618
1.58,18,-24,649.30981690232,5.01697791672657
1.58,18,-21,672.510650166929,5.02705891716105
1.58,18,-18,694.883443587921,5.03489426299064
1.58,18,-15,716.144266599494,5.04089317828575
1.58,18,-12,736.044877468171,5.04551604503416
1.58,18,-9,754.396282347162,5.04924240537158
1.58,18,-6,771.086845333654,5.05253585787679
1.58,18,-3,786.090558195284,5.05581132565409
1.58,18,0,799.462760855347,5.0594089636593
1.58,18,3,811.323224517657,5.06357721419453
1.58,18,6,821.829372387344,5.068465637566
1.58,18,9,831.144664567761,5.07412647917173
1.58,18,12,839.40812909595,5.08052276014645
1.58,18,15,846.710435676881,5.08754020442209
1.58,18,18,853.080060022746,5.09500060979956
1.58,18,21,858.480633692262,5.10267517638797
1.58,18,24,862.818275044436,5.11029743767097
1.58,18,27,865.956126295814,5.11757632413441
1.58,18,30,867.732709610853,5.12421017773101
1.58,18,33,867.980949380364,5.12990215950313
1.58,18,36,866.54546393223,5.13437667529297
1.58,18,39,863.296645002434,5.13739557118594
1.58,18,42,858.140851295743,5.13877228881964
1.58,18,45,851.026626357739,5.13838213033178
1.58,18,48,841.947216859017,5.13616726404729
1.58,18,51,830.939880123743,5.13213593369081
1.58,18,54,818.082594883972,5.12635626176097
1.58,18,57,803.488865178822,5.1189458212055
1.58,18,60,787.301344862464,5.1100586311658
1.58,18,63,769.685003901274,5.09987136364788
1.58,18,66,750.820496566075,5.08857037409706
1.58,18,69,730.89826718881,5.07634079101636
1.58,18,72,710.113742702189,5.06335843215857
1.58,18,75,688.663730644957,5.04978485525013
1.58,18,78,666.743902352837,5.03576547002624
1.58,18,81,644.547038870255,5.02143038084515
1.58,18,84,622.261591080218,5.00689752028023
1.58,18,87,600.070074677699,4.99227767586252
1.58,18,90,578.146878789651,4.97768117091941
1.58,18,93,556.655191488058,4.96322615174589
1.58,18,96,535.742913630655,4.94904852010044
1.58,18,99,515.537636436243,4.93531337276452
1.58,18,102,496.141004605346,4.92222725845406
1.58,18,105,477.623077576617,4.9100496752572
1.58,18,108,460.017601876391,4.89910127497324
1.58,18,111,443.319320654244,4.88976569098158
1.58,18,114,427.484421624223,4.88248228116546
1.58,18,117,412.434817839603,4.87772864069085
1.58,18,120,398.06613431832,4.87599423557268
1.58,18,123,384.258211194888,4.87774913797256
1.58,18,126,370.886015937873,4.88341357718076
1.58,18,129,357.828540800191,4.89333408492807
1.58,18,132,344.973830148262,4.90777025491463
1.58,18,135,332.219624725013,4.92689303974027
1.58,18,138,319.470687933621,4.95079198012753
1.58,18,141,306.63494850037,4.97948589001557
1.58,18,144,293.620593064696,5.01293039905182
1.58,18,147,280.335142358567,5.05101723156487
1.58,18,150,266.685943491761,5.09356437893862
1.58,18,153,252.580374680105,5.14030254198822
1.58,18,156,237.924197691048,5.19086939480135
1.58,18,159,222.618027419226,5.2448267870352
1.58,18,162,206.55403553502,5.30171507698905
1.58,18,165,189.616426303479,5.36115400683215
1.58,18,168,171.688837686066,5.42299600460181
1.58,18,171,152.669617524108,5.48754716282854
1.58,18,174,132.493163031807,5.55591746756611
1.58,18,177,111.154280375955,5.63071052764282
1.58,18,180,88.7358880704513,5.71776325406992
1.58,21,-180,88.7358880704513,-0.513062175549836
1.58,21,-177,65.4755475679521,-0.395663975237536
1.58,21,-174,41.9354833352958,-0.196483876850215
1.58,21,-171,21.0250413114793,0.353586485734996
1.58,21,-168,21.1471079654359,1.7354139458246
1.58,21,-165,42.7794763132299,2.28656504142401
1.58,21,-162,67.7525581521254,2.48583261848702
1.58,21,-159,93.1383936330972,2.60274732257009
1.58,21,-156,118.249638891273,2.68978348822995
1.58,21,-153,142.741147069155,2.76281296699496
1.58,21,-150,166.363588559284,2.82816202160308
1.58,21,-147,188.904212324186,2.88883018952733
1.58,21,-144,210.16677825462,2.94641840811868
1.58,21,-141,229.965226769916,3.00185345141426
1.58,21,-138,248.12458297112,3.05570147792251
1.58,21,-135,264.48633324972,3.10832431818832
1.58,21,-132,278.91642537111,3.15997211884608
1.58,21,-129,291.314453539501,3.21084862753586
1.58,21,-126,301.622879481966,3.26116172241343
1.58,21,-123,309.835296473619,3.31116155422938
1.58,21,-120,316.002781321829,3.36116491639147
1.58,21,-117,320.237420067056,3.41156412705985
1.58,21,-114,322.712280953583,3.46282000969598
1.58,21,-111,323.65750494318,3.51544030010694
1.58,21,-108,323.352726355945,3.56994625051862
1.58,21,-105,322.116572476828,3.62683101461836
1.58,21,-102,320.294356321258,3.68651358408575
1.58,21,-99,318.245158802101,3.74929184640514
1.58,21,-96,316.329271744079,3.81529813088274
1.58,21,-93,314.896519312047,3.88446082205722
1.58,21,-90,314.275465703932,3.95647649722992
1.58,21,-87,314.763185537491,4.03079836746367
1.58,21,-84,316.615333272353,4.1066476236743
1.58,21,-81,320.036766732704,4.18305308921392
1.58,21,-78,325.173771740834,4.25892011686645
1.58,21,-75,332.109573640223,4.33312228521574
1.58,21,-72,340.864835835349,4.40460174783914
1.58,21,-69,351.404020122896,4.47245986506838
1.58,21,-66,363.647049451884,4.53602151696968
1.58,21,-63,377.484253444958,4.59486360529224
1.58,21,-60,392.791698561522,4.6488073596479
1.58,21,-57,409.44402479631,4.69788150248216
1.58,21,-54,427.322746205136,4.74226720191479
1.58,21,-51,446.319248070991,4.78223627749834
1.58,21,-48,466.332963977356,4.81809263610147
1.58,21,-45,487.266070590615,4.85012462682725
1.58,21,-42,509.016334262368,4.87857351774307
1.58,21,-39,531.469555543749,4.90362070961949
1.58,21,-36,554.492634489266,4.92539356676631
1.58,21,-33,577.927917413965,4.94398695698541
1.58,21,-30,601.589385576555,4.95949507821359
1.58,21,-27,625.261422378426,4.97204640018993
1.58,21,-24,648.701173500933,4.98183405804812
1.58,21,-21,671.645609277095,4.9891350839337
1.58,21,-18,693.824035477059,4.99431433921611
1.58,21,-15,714.975835168709,4.9978123472472
1.58,21,-12,734.871752598395,5.00011955519906
1.58,21,-9,753.335424557122,5.0017420172354
1.58,21,-6,770.260720426848,5.00316456959195
1.58,21,-3,785.620379217484,5.00481722314861
1.58,21,0,799.462760855347,5.00704908609947
1.58,21,3,811.896076463067,5.01011216816931
1.58,21,6,823.062516456731,5.01415539106269
1.58,21,9,833.107266421819,5.01922740740535
1.58,21,12,842.148627592925,5.02528568902441
1.58,21,15,850.254965202032,5.03220897707409
1.58,21,18,857.432237329136,5.03981063493249
1.58,21,21,863.623135006797,5.04785151847654
1.58,21,24,868.716279760673,5.05605225237968
1.58,21,27,872.562188068746,5.06410576326171
1.58,21,30,874.992137791736,5.07169119533024
1.58,21,33,875.836546059737,5.07848984872462
1.58,21,36,874.940580482011,5.08420277945761
1.58,21,39,872.175977222008,5.08856861631312
1.58,21,42,867.449036771372,5.09137941863503
1.58,21,45,860.705327458659,5.09249229397773
1.58,21,48,851.93177148002,5.09183505182831
1.58,21,51,841.156670424398,5.08940520221299
1.58,21,54,828.448027831162,5.0852627966998
1.58,21,57,813.91038238918,5.07951862458967
1.58,21,60,797.680339801845,5.0723198851548
1.58,21,63,779.92107569494,5.0638355737087
1.58,21,66,760.816217727001,5.05424350392067
1.58,21,69,740.563623115553,5.04372029147105
1.58,21,72,719.369580366016,5.03243492214425
1.58,21,75,697.44385158175,5.02054587459934
1.58,21,78,674.99575450038,5.00820127117077
1.58,21,81,652.231221302162,4.99554124834884
1.58,21,84,629.350537556963,4.98270169256392
1.58,21,87,606.54631682773,4.96981866319121
1.58,21,90,584.001229088076,4.95703317069467
1.58,21,93,561.885068763481,4.94449639018193
1.58,21,96,540.350902520824,4.93237571167466
1.58,21,99,519.530264649449,4.92086206944642
1.58,21,102,499.527664623521,4.91017859832626
1.58,21,105,480.415024723397,4.90058981149584
1.58,21,108,462.227024394164,4.89240938463047
1.58,21,111,444.958579638783,4.88600371103984
1.58,21,114,428.565666446805,4.88178822233182
1.58,21,117,412.970254587822,4.88021445199139
1.58,21,120,398.06921607563,4.88174790848378
1.58,21,123,383.745891098801,4.8868394189946
1.58,21,126,369.881943871073,4.89589476169993
1.58,21,129,356.366732070703,4.90924826904531
1.58,21,132,343.101998660776,4.92714525665086
1.58,21,135,330.001209757116,4.94973575842512
1.58,21,138,316.984743519563,4.97707870640523
1.58,21,141,303.973523260515,5.00915229516499
1.58,21,144,290.883861242463,5.04586403271165
1.58,21,147,277.625097770386,5.08705423662234
1.58,21,150,264.099702893678,5.1324903557251
1.58,21,153,250.20398341048,5.18185609105918
1.58,21,156,235.827430221381,5.23474676772454
1.58,21,159,220.850302782401,5.29068750619516
1.58,21,162,205.141451582057,5.34919067161925
1.58,21,165,188.560081499314,5.40986401178649
1.58,21,168,170.964856919535,5.4725764610538
1.58,21,171,152.231374234514,5.53769810464064
1.58,21,174,132.276022063086,5.60648130956888
1.58,21,177,111.083050570073,5.68181360215902
1.58,21,180,88.7358880704513,5.77012313162975
1.58,24,-180,88.7358880704514,-0.460702297990006
1.58,24,-177,65.5564861990929,-0.340241714522445
1.58,24,-174,42.1283818570062,-0.131953806401281
1.58,24,-171,21.7459907947454,0.440470597025186
1.58,24,-168,22.6679459177,1.75421859418307
1.58,24,-165,44.300526365125,2.29272406896817
1.58,24,-162,69.4480085736572,2.4931615931845
1.58,24,-159,95.0838565044079,2.60986414850043
1.58,24,-156,120.456005724637,2.69562947584287
1.58,24,-153,145.181051015203,2.7668205560219
1.58,24,-150,168.9819639759,2.83005316368789
1.58,24,-147,191.625337726892,2.8884982166852
1.58,24,-144,212.900919880126,2.94386095908546
1.58,24,-141,232.615290315298,2.99713093283985
1.58,24,-138,250.592312368592,3.04891027241
1.58,24,-135,266.67744792549,3.0995807977098
1.58,24,-132,280.744333127977,3.14940595633385
1.58,24,-129,292.702596746626,3.19860421185987
1.58,24,-126,302.506156325942,3.24740591794521
1.58,24,-123,310.161187336843,3.29609534775037
1.58,24,-120,315.732751388892,3.34503608121642
1.58,24,-117,319.348924073911,3.39467804978556
1.58,24,-114,321.201387201699,3.44554618853468
1.58,24,-111,321.541896852704,3.49821253666498
1.58,24,-108,320.674686982207,3.55325503140694
1.58,24,-105,318.945501054978,3.61120694467627
1.58,24,-102,316.728354982521,3.67250108899418
1.58,24,-99,314.411206888269,3.73741297292925
1.58,24,-96,312.381451273475,3.80600749233633
1.58,24,-93,311.011702629752,3.87809484385798
1.58,24,-90,310.645923455741,3.95320303823224
1.58,24,-87,311.585852064417,4.0305757794781
1.58,24,-84,314.078067098775,4.10920384093289
1.58,24,-81,318.30281047712,4.18789361560691
1.58,24,-78,324.36648855685,4.2653679543312
1.58,24,-75,332.30002345651,4.34038427334687
1.58,24,-72,342.064539711992,4.41184797590991
1.58,24,-69,353.564325437338,4.47889951733579
1.58,24,-66,366.665164931514,4.54096115881899
1.58,24,-63,381.214730236108,4.59774073538934
1.58,24,-60,397.061247426894,4.64919952653678
1.58,24,-57,414.067212534238,4.69549651416373
1.58,24,-54,432.116263535384,4.73692195801045
1.58,24,-51,451.112978307642,4.77383118478466
1.58,24,-48,470.976894315803,4.80658671947705
1.58,24,-45,491.633048416007,4.83551440707602
1.58,24,-42,513.001603718146,4.86087706895286
1.58,24,-39,534.988691084677,4.88286717101295
1.58,24,-36,557.479704688028,4.901617683542
1.58,24,-33,580.33535412793,4.91722783481813
1.58,24,-30,603.390174254991,4.92979815481999
1.58,24,-27,626.453138311155,4.9394675840737
1.58,24,-24,649.310452889513,4.94644498492485
1.58,24,-21,671.731218823198,4.95102844852601
1.58,24,-18,693.476960065563,4.95360829153022
1.58,24,-15,714.315640478901,4.9546530768555
1.58,24,-12,734.039562158177,4.95468149866633
1.58,24,-9,752.484751920517,4.95422559997131
1.58,24,-6,769.547789706569,4.95379191069358
1.58,24,-3,785.19536537296,4.95382661750349
1.58,24,0,799.462760855347,4.95468920853964
1.58,24,3,812.439915321491,4.95663680626127
1.58,24,6,824.247016179684,4.95981919234833
1.58,24,9,835.004522816491,4.96428275184031
1.58,24,12,844.804102748566,4.96998048054477
1.58,24,15,853.686604456734,4.97678495722046
1.58,24,18,861.631101414691,4.98450177742271
1.58,24,21,868.556013822177,4.99288215282286
1.58,24,24,874.33038701213,5.00163475104033
1.58,24,27,878.791452456215,5.01043786109843
1.58,24,30,881.764042274872,5.01895323514566
1.58,24,33,883.078167550931,5.02684240163264
1.58,24,36,882.582599051653,5.03378511871533
1.58,24,39,880.153947454198,5.0394983974457
1.58,24,42,875.701977480604,5.04375365421361
1.58,24,45,869.172433757751,5.04638938317246
1.58,24,48,860.548542399683,5.04731734737943
1.58,24,51,849.85183492405,5.04652147960325
1.58,24,54,837.14234290953,5.04405008568551
1.58,24,57,822.517794655089,5.04000314493977
1.58,24,60,806.111339239791,5.03451720170995
1.58,24,63,788.087518188274,5.02775042912396
1.58,24,66,768.636583287349,5.01986999796056
1.58,24,69,747.967655005967,5.01104309927802
1.58,24,72,726.301477943228,5.00143208137148
1.58,24,75,703.863571483833,4.99119336730414
1.58,24,78,680.878396096543,4.98047925011234
1.58,24,81,657.564832687525,4.96944138375554
1.58,24,84,634.132912457668,4.95823481081208
1.58,24,87,610.78143608862,4.94702166238677
1.58,24,90,587.695943961309,4.93597415967022
1.58,24,93,565.046463050458,4.92527711986754
1.58,24,96,542.984556922105,4.91513065158158
1.58,24,99,521.63943403823,4.90575391586281
1.58,24,102,501.113217083279,4.89739055420422
1.58,24,105,481.475915208634,4.89031558443219
1.58,24,108,462.761097400621,4.88484238991147
1.58,24,111,444.963597467211,4.88132727280284
1.58,24,114,428.040599364706,4.88016846052647
1.58,24,117,411.916986486918,4.881796922002
1.58,24,120,396.494851713186,4.8866579827029
1.58,24,123,381.665751213674,4.89518512975748
1.58,24,126,367.323090653109,4.90776978588489
1.58,24,129,353.371526219715,4.92473237217237
1.58,24,132,339.730866697991,4.94630011661935
1.58,24,135,326.333658791355,4.97259561964614
1.58,24,138,313.117838762457,5.00363732287201
1.58,24,141,300.017561843409,5.03934931239879
1.58,24,144,286.955682037849,5.0795745070266
1.58,24,147,273.840079977256,5.12408401931536
1.58,24,150,260.563759590538,5.17257801716856
1.58,24,153,247.006658455102,5.22468006403609
1.58,24,156,233.036706119105,5.2799356409429
1.58,24,159,218.509224613098,5.33783235774327
1.58,24,162,203.266429173352,5.39786040973637
1.58,24,165,187.140800099779,5.4596267188845
1.58,24,168,169.965928306307,5.52303104028265
1.58,24,171,151.595954196893,5.58852208032869
1.58,24,174,131.931537750294,5.65750620405888
1.58,24,177,110.949187747039,5.73315870151228
1.58,24,180,88.7358880704514,5.82248300918958
1.58,27,-180,88.7358880704514,-0.408342420430176
1.58,27,-177,65.7012029292727,-0.285198204899741
1.58,27,-174,42.4524144176162,-0.0690007301185187
1.58,27,-171,22.6212335333073,0.517280944568085
1.58,27,-168,24.0590626046376,1.76608244791491
1.58,27,-165,45.5725376309677,2.29678402687022
1.58,27,-162,70.8074335640816,2.49917582141942
1.58,27,-159,96.6105385533535,2.61597048882051
1.58,27,-156,122.160254884917,2.70064572409656
1.58,27,-153,147.034173583881,2.77014106282041
1.58,27,-150,170.928739055376,2.83139108036517
1.58,27,-147,193.592497288394,2.88775049498624
1.58,27,-144,214.804988495399,2.94103579482226
1.58,27,-141,234.370145771543,2.99230507372507
1.58,27,-138,252.115921956157,3.04220285237435
1.58,27,-135,267.897122950349,3.09113845612544
1.58,27,-132,281.600139278758,3.13939690634447
1.58,27,-129,293.149017480836,3.18721951789134
1.58,27,-126,302.512515823209,3.23486591546159
1.58,27,-123,309.711549087548,3.28265864954719
1.58,27,-120,314.825975501012,3.33100836970927
1.58,27,-117,317.999348120535,3.38041797772642
1.58,27,-114,319.440296451659,3.43146611189634
1.58,27,-111,319.419661695235,3.48477229708424
1.58,27,-108,318.263213532906,3.5409474475157
1.58,27,-105,316.340465952234,3.60053407042763
1.58,27,-102,314.050557912616,3.66394086055721
1.58,27,-99,311.806266157092,3.73137695949656
1.58,27,-96,310.017017807517,3.80279245406205
1.58,27,-93,309.071453769084,3.87783374181113
1.58,27,-90,309.319927016536,3.95582440469844
1.58,27,-87,311.05753631158,4.03578240278542
1.58,27,-84,314.508935069527,4.11648050583433
1.58,27,-81,319.816941796059,4.19654790804352
1.58,27,-78,327.037384885168,4.27459897074752
1.58,27,-75,336.142155811425,4.34936521472228
1.58,27,-72,347.031037791257,4.41980449738119
1.58,27,-69,359.550957707537,4.48516839727464
1.58,27,-66,373.519583050451,4.54502155326307
1.58,27,-63,388.749228659879,4.59921888170094
1.58,27,-60,405.067068355953,4.64785371631256
1.58,27,-57,422.328561104747,4.69119123338484
1.58,27,-54,440.422523690597,4.72959909192735
1.58,27,-51,459.268060408229,4.76348369008731
1.58,27,-48,478.805201505631,4.79323752461447
1.58,27,-45,498.982213358351,4.81920125655962
1.58,27,-42,519.742832736786,4.8416427970701
1.58,27,-39,541.01607868114,4.8607543807036
1.58,27,-36,562.710037874628,4.87666679289092
1.58,27,-33,584.709580406431,4.8894776921288
1.58,27,-30,606.876899386403,4.89928869984942
1.58,27,-27,629.053490171228,4.90624418534223
1.58,27,-24,651.062767459958,4.91056402248946
1.58,27,-21,672.713632706239,4.91256345871273
1.58,27,-18,693.806316106712,4.91265569022458
1.58,27,-15,714.142040492365,4.91133634853719
1.58,27,-12,733.537089018941,4.90915294535964
1.58,27,-9,751.839874664538,4.90666528250429
1.58,27,-6,768.947394502457,4.90440409039309
1.58,27,-3,784.816114900994,4.90283454696363
1.58,27,0,799.462760855347,4.90232933097981
1.58,27,3,812.952829208825,4.90315328101825
1.58,27,6,825.378180519909,4.90545929652914
1.58,27,9,836.828472542774,4.90929329792109
1.58,27,12,847.363176375953,4.9146050807039
1.58,27,15,856.990742571159,4.92126181770597
1.58,27,18,865.659289496986,4.92906170486868
1.58,27,21,873.259836129063,4.93774654484488
1.58,27,24,879.639796727161,4.94701347044256
1.58,27,27,884.622251119454,4.95652702145551
1.58,27,30,888.025951008103,4.96593303878399
1.58,27,33,889.682034627768,4.97487525527613
1.58,27,36,889.445396019349,4.9830142836987
1.58,27,39,887.200758829442,4.99004738323094
1.58,27,42,882.865011063256,4.99572642875823
1.58,27,45,876.387891192186,4.9998712858412
1.58,27,48,867.752724411856,5.00237642231773
1.58,27,51,856.977955597073,5.00320987816829
1.58,27,54,844.11919362834,5.00240525675719
1.58,27,57,829.270771466712,5.00004872148538
1.58,27,60,812.565640779997,4.99626372917008
1.58,27,63,794.172741474234,4.99119627784641
1.58,27,66,774.291628928607,4.98500289060992
1.58,27,69,753.144842989342,4.97784263911644
1.58,27,72,730.969023966727,4.96987350460932
1.58,27,75,708.005980825859,4.96125250693349
1.58,27,78,684.494780515151,4.95213844568901
1.58,27,81,660.665545179775,4.9426958538866
1.58,27,84,636.735157675838,4.93309886091832
1.58,27,87,612.904621227276,4.92353404806869
1.58,27,90,589.357489960455,4.9142019643857
1.58,27,93,566.258629242991,4.90531762028493
1.58,27,96,543.752592256251,4.89711081928491
1.58,27,99,521.9611125227,4.88982743411461
1.58,27,102,500.979600696187,4.88373251812295
1.58,27,105,480.873057640726,4.8791154021495
1.58,27,108,461.672376160202,4.87629577560005
1.58,27,111,443.372429272541,4.87562852169507
1.58,27,114,425.933414593173,4.87750426425985
1.58,27,117,409.286453365103,4.88234266081301
1.58,27,120,393.343386439408,4.890576657401
1.58,27,123,378.009277473401,4.90262800055219
1.58,27,126,363.194807637848,4.91887671333436
1.58,27,129,348.825151166947,4.93962928992811
1.58,27,132,334.842546070162,4.96509144392947
1.58,27,135,321.201649074576,4.99535090181495
1.58,27,138,307.859283047287,5.03037364085731
1.58,27,141,294.762257331385,5.07001317427922
1.58,27,144,281.837491653135,5.11402793980638
1.58,27,147,268.987289118711,5.16209872639515
1.58,27,150,256.089924361157,5.21383904190232
1.58,27,153,243.003230178158,5.26879768007378
1.58,27,156,229.568109306583,5.32646268494807
1.58,27,159,215.610440323993,5.38628465538857
1.58,27,162,200.942778777835,5.44773981660939
1.58,27,165,185.369604185195,5.51044839931164
1.58,27,168,168.699872368947,5.57435821134254
1.58,27,171,150.768106544693,5.64001342967237
1.58,27,174,131.461977261991,5.70898695695062
1.58,27,177,110.753360291314,5.78474448946621
1.58,27,180,88.7358880704514,5.87484288674941
1.58,30,-180,88.7358880704514,-0.355982542870346
1.58,30,-177,65.9093543132678,-0.230555052952157
1.58,30,-174,42.9049957355117,-0.00777525555156199
1.58,30,-171,23.6309273694859,0.584394199286094
1.58,30,-168,25.3306817468028,1.77169443051287
1.58,30,-165,46.6027135466208,2.29845955142051
1.58,30,-162,71.8366064523432,2.50366134275291
1.58,30,-159,97.7266086420244,2.62091279363596
1.58,30,-156,123.376279624934,2.70471099946558
1.58,30,-153,148.323434132109,2.77266621629005
1.58,30,-150,172.239111291288,2.83206647012082
1.58,30,-147,194.856153495977,2.88646591210358
1.58,30,-144,215.947161884024,2.9378015492332
1.58,30,-141,235.317363315044,2.98720782757697
1.58,30,-138,252.803149063077,3.0353799089407
1.58,30,-135,268.273160168462,3.08276375194584
1.58,30,-132,281.630916339112,3.12967543991622
1.58,30,-129,292.81888591332,3.17638789565228
1.58,30,-126,301.824044302897,3.22319664735497
1.58,30,-123,308.684544329398,3.27046556285185
1.58,30,-120,313.49645096988,3.31865042563539
1.58,30,-117,316.418987607715,3.36829899082533
1.58,30,-114,317.676686687095,3.42002831713478
1.58,30,-111,317.557263591686,3.47448224340092
1.58,30,-108,316.404743664437,3.53227324668573
1.58,30,-105,314.608088458605,3.59391369108517
1.58,30,-102,312.58606514736,3.65974221001839
1.58,30,-99,310.76929975472,3.7298522963327
1.58,30,-96,309.580427881969,3.80403237706867
1.58,30,-93,309.413207702566,3.88172915252383
1.58,30,-90,310.611621039811,3.96204706540069
1.58,30,-87,313.450471682902,4.0437939551059
1.58,30,-84,318.11964576318,4.12557452439573
1.58,30,-81,324.714607901251,4.20592040214737
1.58,30,-78,333.2354013533,4.28343330880305
1.58,30,-75,343.595227961935,4.35691254926495
1.58,30,-72,355.637906633422,4.42544309779844
1.58,30,-69,369.161753044899,4.4884333607063
1.58,30,-66,383.946226034111,4.54560576811239
1.58,30,-63,399.777278980477,4.59695279375227
1.58,30,-60,416.46770136586,4.64267383869535
1.58,30,-57,433.8697014885,4.68310626808748
1.58,30,-54,451.878421921912,4.71865975360403
1.58,30,-51,470.426802225167,4.74975932977531
1.58,30,-48,489.473895708821,4.7768002437193
1.58,30,-45,508.989986347498,4.80011663699982
1.58,30,-42,528.942236773652,4.81996562671045
1.58,30,-39,549.283940908865,4.83652768133122
1.58,30,-36,569.948926221541,4.84992285610293
1.58,30,-33,590.850780869655,4.86024044574961
1.58,30,-30,611.885085267997,4.86757729515005
1.58,30,-27,632.932317217821,4.87207798062942
1.58,30,-24,653.859798332835,4.87396901713588
1.58,30,-21,674.522642337725,4.87357975426121
1.58,30,-18,694.765367178312,4.87134496177859
1.58,30,-15,714.42668573263,4.86778794099569
1.58,30,-12,733.349319162351,4.86348732658765
1.58,30,-9,751.394509184327,4.85903420256904
1.58,30,-6,768.458102140139,4.85498765209497
1.58,30,-3,784.483013283862,4.8518361076512
1.58,30,0,799.462760855347,4.84996945341998
1.58,30,3,813.432953386121,4.84966379617048
1.58,30,6,826.451396181177,4.85107810910475
1.58,30,9,838.571363210694,4.85426010535749
1.58,30,12,849.815005333606,4.85915787083287
1.58,30,15,860.153911448775,4.86563391315353
1.58,30,18,869.501562191868,4.8734791750368
1.58,30,21,877.71874910418,4.88242590631438
1.58,30,24,884.629341593677,4.89215966396035
1.58,30,27,890.041313864925,4.90233166641552
1.58,30,30,893.767377551904,4.91257295148966
1.58,30,33,895.640841814598,4.92251121407864
1.58,30,36,895.524741936407,4.93179004668887
1.58,30,39,893.314831832002,4.94008899348214
1.58,30,42,888.938818189548,4.94714184719633
1.58,30,45,882.354741682735,4.95275036110893
1.58,30,48,873.550740163246,4.95679116227404
1.58,30,51,862.547039993345,4.95921496876715
1.58,30,54,849.399559924295,4.96003880775418
1.58,30,57,834.203520675803,4.95933329679444
1.58,30,60,817.09520504096,4.95720780360545
1.58,30,63,798.250474105692,4.95379630445905
1.58,30,66,777.879550504946,4.94924613423117
1.58,30,69,756.218568414182,4.94371083210693
1.58,30,72,733.519141611805,4.93734723672862
1.58,30,75,710.037530664911,4.93031611328314
1.58,30,78,686.024878322465,4.92278504519781
1.58,30,81,661.71954018454,4.91493214406014
1.58,30,84,637.341939406806,4.90694930075996
1.58,30,87,613.091786740367,4.89904414549979
1.58,30,90,589.147050096125,4.89144049381631
1.58,30,93,565.663796551193,4.88437769080711
1.58,30,96,542.775991901294,4.87810976757362
1.58,30,99,520.594535673105,4.87290553232502
1.58,30,102,499.205220958513,4.86905050582259
1.58,30,105,478.665888466431,4.8668509319512
1.58,30,108,459.003677645094,4.86663904289509
1.58,30,111,440.213772967149,4.86877759788987
1.58,30,114,422.261161639987,4.87366084245228
1.58,30,117,405.086456005753,4.88170886027057
1.58,30,120,388.615740471753,4.89335305864155
1.58,30,123,372.772894276013,4.90901219912091
1.58,30,126,357.491423107385,4.92906064487755
1.58,30,129,342.722174479537,4.95379288691847
1.58,30,132,328.433963919272,4.98339040706524
1.58,30,135,314.606182607743,5.01789786349847
1.58,30,138,301.215280483958,5.0572145694721
1.58,30,141,288.21942573437,5.10110359084465
1.58,30,144,275.546371732492,5.14921499819313
1.58,30,147,263.088041255539,5.20111437256573
1.58,30,150,250.702205769325,5.25630645222191
1.58,30,153,238.218591819533,5.3142494909429
1.58,30,156,225.445610844239,5.3743671157483
1.58,30,159,212.175434949162,5.43607553666784
1.58,30,162,198.188363138002,5.4988483031831
1.58,30,165,183.260135531871,5.56233646611851
1.58,30,168,167.176076968416,5.62655608266107
1.58,30,171,149.753443875815,5.69216562324535
1.58,30,174,130.870040257252,5.76091759480414
1.58,30,177,110.49641415467,5.83656916559971
1.58,30,180,88.7358880704514,5.92720276430924
1.58,33,-180,88.7358880704514,-0.303622665310517
1.58,33,-177,66.1803997738256,-0.176331024323452
1.58,33,-174,43.4831223729534,0.0516102732829167
1.58,33,-171,24.759730936911,0.642507285868977
1.58,33,-168,26.4967920150265,1.77150470295596
1.58,33,-165,47.4012877177117,2.29745645611001
1.58,33,-162,72.5441901050234,2.50640019518127
1.58,33,-159,98.4431968872364,2.62453673983601
1.58,33,-156,124.121088793389,2.70770662041905
1.58,33,-153,149.075000835123,2.77429406978034
1.58,33,-150,172.95153537244,2.83198084983456
1.58,33,-147,195.469783741984,2.88453948536414
1.58,33,-144,216.397985350249,2.93403900464896
1.58,33,-141,235.545647785107,2.98169969074873
1.58,33,-138,252.760848690669,3.02827688124412
1.58,33,-135,267.929471837344,3.07426310512068
1.58,33,-132,280.975650520456,3.12001517503305
1.58,33,-129,291.863727082538,3.16584574744406
1.58,33,-126,300.602140212978,3.21209129564442
1.58,33,-123,307.249073484744,3.25915740094315
1.58,33,-120,311.918844685491,3.30753931646169
1.58,33,-117,314.787354073185,3.3578167486703
1.58,33,-114,316.094746786292,3.41062416608799
1.58,33,-111,316.143805770875,3.46660016569951
1.58,33,-108,315.293276999088,3.52632096489867
1.58,33,-105,313.946066236853,3.59022418872713
1.58,33,-102,312.532833202559,3.65853043787359
1.58,33,-99,311.491884369295,3.73117216928804
1.58,33,-96,311.246512920916,3.80774199283082
1.58,33,-93,312.181215290876,3.88747420567141
1.58,33,-90,314.618646929838,3.96927183763496
1.58,33,-87,318.799703560133,4.05178446150433
1.58,33,-84,324.869436729935,4.13352971171813
1.58,33,-81,332.871254040045,4.21303790498387
1.58,33,-78,342.75083296931,4.288990915442
1.58,33,-75,354.369606126366,4.36032829272424
1.58,33,-72,367.526059560573,4.42630475757776
1.58,33,-69,381.981890984551,4.4864978445195
1.58,33,-66,397.489484719957,4.54077597998207
1.58,33,-63,413.81710774634,4.58924230957643
1.58,33,-60,430.768602555795,4.6321687380035
1.58,33,-57,448.195127646054,4.66993067822239
1.58,33,-54,465.997714263415,4.7029486456439
1.58,33,-51,484.121018101989,4.73163966881831
1.58,33,-48,502.540383855003,4.75637992294892
1.58,33,-45,521.245738696356,4.77747963884878
1.58,33,-42,540.226370315493,4.79517145726358
1.58,33,-39,559.460009120345,4.80961324583679
1.58,33,-36,578.907918904523,4.82090548339615
1.58,33,-33,598.515465632469,4.82912153558022
1.58,33,-30,618.215734026144,4.83434677536353
1.58,33,-27,637.933003201228,4.83672013042408
1.58,33,-24,657.583662166357,4.83647005611714
1.58,33,-21,677.074171107797,4.83393695228226
1.58,33,-18,696.298046815612,4.82957618400466
1.58,33,-15,715.135354287136,4.82393995085533
1.58,33,-12,733.457855623662,4.81764119176292
1.58,33,-9,751.140651740334,4.81130683995061
1.58,33,-6,768.07776019608,4.80552959399567
1.58,33,-3,784.196241028337,4.80082648213821
1.58,33,0,799.462760855347,4.79760957586015
1.58,33,3,813.878479335246,4.79617060874596
1.58,33,6,827.462149853086,4.79667820449452
1.58,33,9,840.225682159924,4.79918455185789
1.58,33,12,852.149307099667,4.80363774818268
1.58,33,15,863.163778266514,4.80989641987197
1.58,33,18,873.144717315637,4.81774427699118
1.58,33,21,881.920252783171,4.82690360829641
1.58,33,24,889.28904276215,4.83704799485454
1.58,33,27,895.043038960094,4.84781536456743
1.58,33,30,898.988759221109,4.85882269074845
1.58,33,33,900.962352941631,4.86968311415233
1.58,33,36,900.836580455018,4.88002521731125
1.58,33,39,898.520808190033,4.88951296180472
1.58,33,42,893.957166291035,4.89786385887147
1.58,33,45,887.116538516211,4.90486266982098
1.58,33,48,877.997121218594,4.91036849813737
1.58,33,51,866.626491448367,4.91431440219807
1.58,33,54,853.066268602231,4.91670021587426
1.58,33,57,837.417218303762,4.91758060354024
1.58,33,60,819.822362917961,4.9170511015846
1.58,33,63,800.466269519355,4.91523487260675
1.58,33,66,779.569834100178,4.91227224542788
1.58,33,69,757.38111266606,4.90831411780514
1.58,33,72,734.163675104481,4.90351927044637
1.58,33,75,710.184364674258,4.89805482240277
1.58,33,78,685.70222530872,4.89209858315809
1.58,33,81,660.959852251239,4.88584195745228
1.58,33,84,636.177734587616,4.87949228946694
1.58,33,87,611.551482144661,4.87327399735239
1.58,33,90,587.251297436694,4.8674284225771
1.58,33,93,563.422737475261,4.86221286512207
1.58,33,96,540.187738938649,4.85789966171936
1.58,33,99,517.645058264511,4.85477627418446
1.58,33,102,495.869689416331,4.85314710940503
1.58,33,105,474.911411744951,4.85333717677306
1.58,33,108,454.793269846797,4.85569678248248
1.58,33,111,435.511302468949,4.86060545546999
1.58,33,114,417.036976193091,4.86847248247404
1.58,33,117,399.323331621305,4.87973110811162
1.58,33,120,382.31475705616,4.89482386222344
1.58,33,123,365.958775743449,4.91417770055003
1.58,33,126,350.216777764087,4.93816964313651
1.58,33,129,335.069944028308,4.96708622560103
1.58,33,132,320.517300463039,5.0010830067756
1.58,33,135,306.565043341452,5.04015278757385
1.58,33,138,293.209389447169,5.08411159481848
1.58,33,141,280.417937256536,5.13260820411243
1.58,33,144,268.115423272583,5.18515573462187
1.58,33,147,256.178062886385,5.24117540642605
1.58,33,150,244.437011642113,5.30003834584382
1.58,33,153,232.687804066706,5.36109594627845
1.58,33,156,220.701084448954,5.42370206266322
1.58,33,159,208.231477600208,5.48724436570484
1.58,33,162,195.025003623487,5.55120897845888
1.58,33,165,180.828553012593,5.61529906932554
1.58,33,168,165.405411037678,5.67962204454735
1.58,33,171,148.558385780817,5.7449710683101
1.58,33,174,130.158832357191,5.81329132057428
1.58,33,177,110.179366292941,5.88863048048375
1.58,33,180,88.7358880704514,5.97956264186907
1.58,36,-180,88.7358880704514,-0.251262787750686
1.58,36,-177,66.5136064013701,-0.122541746162077
1.58,36,-174,44.183488095467,0.109083531997387
1.58,36,-171,25.9967875256419,0.692493044786118
1.58,36,-168,27.5749938964022,1.76582868286997
1.58,36,-165,47.9816934834271,2.29346450035966
1.58,36,-162,72.9416218416746,2.50716253829116
1.58,36,-159,98.7739254611277,2.62668160578975
1.58,36,-156,124.413877298083,2.70951254125878
1.58,36,-153,149.316767965702,2.77492636882756
1.58,36,-150,173.105474319562,2.83104497537641
1.58,36,-147,195.486802098302,2.88188173171687
1.58,36,-144,216.226421460797,2.92965140554647
1.58,36,-141,235.140060117881,2.97567105307609
1.58,36,-138,252.089530212602,3.0207665554583
1.58,36,-135,266.980170788791,3.06548710477259
1.58,36,-132,279.759190994982,3.11023923843959
1.58,36,-129,290.415553626644,3.15538181197186
1.58,36,-126,298.982106804433,3.20129452762162
1.58,36,-123,305.53997832628,3.24842120938438
1.58,36,-120,310.224254466292,3.29728605453918
1.58,36,-117,313.229173968919,3.34848223470599
1.58,36,-114,314.810797824517,3.40263479417664
1.58,36,-111,315.285400384754,3.46034227393575
1.58,36,-108,315.022485505856,3.5221033920571
1.58,36,-105,314.432117399805,3.58823672661874
1.58,36,-102,313.946990449235,3.65880322142265
1.58,36,-99,314.000286231524,3.73354359981349
1.58,36,-96,315.000918177154,3.81184455925701
1.58,36,-93,317.308299343439,3.89274694997759
1.58,36,-90,321.209249439663,3.97500378357778
1.58,36,-87,326.89989466042,4.05718525796738
1.58,36,-84,334.475143514691,4.13781476862356
1.58,36,-81,343.927410018353,4.21550981209913
1.58,36,-78,355.154873660655,4.28910012736147
1.58,36,-75,367.978136420468,4.35770340615748
1.58,36,-72,382.163064975077,4.42075226672725
1.58,36,-69,397.447033719591,4.47797862170538
1.58,36,-66,413.565592203081,4.52936872391667
1.58,36,-63,430.276592432006,4.57510337451844
1.58,36,-60,447.378990783727,4.61549499463328
1.58,36,-57,464.724024915662,4.6509290833079
1.58,36,-54,482.217443394668,4.6818138880817
1.58,36,-51,499.812974571438,4.70853974944838
1.58,36,-48,517.499019147146,4.7314486117453
1.58,36,-45,535.282119276516,4.75081422939371
1.58,36,-42,553.171474941914,4.76683403388143
1.58,36,-39,571.168208941849,4.77963382407234
1.58,36,-36,589.261241764863,4.78928589273152
1.58,36,-33,607.42909783538,4.79583967343549
1.58,36,-30,625.644694226571,4.79936161526349
1.58,36,-27,643.879149481436,4.79997828726424
1.58,36,-24,662.101447516581,4.7979145501911
1.58,36,-21,680.273194589883,4.79351806033199
1.58,36,-18,698.340718874287,4.78726322224105
1.58,36,-15,716.228928671813,4.77973202546927
1.58,36,-12,733.841403398929,4.77157485332713
1.58,36,-9,751.068782408414,4.76345931273794
1.58,36,-6,767.803560570448,4.75601748025365
1.58,36,-3,783.955783226865,4.74980096669375
1.58,36,0,799.462760855347,4.74524969830032
1.58,36,3,814.287663789481,4.74267603077083
1.58,36,6,828.406049089743,4.7422623434816
1.58,36,9,841.784181612038,4.7440683742725
1.58,36,12,854.356370900831,4.74804419874409
1.58,36,15,866.009108802287,4.7540454533642
1.58,36,18,876.577449973055,4.76184861672261
1.58,36,21,885.854876024672,4.77116547573503
1.58,36,24,893.613497046988,4.78165700728965
1.58,36,27,899.628471165295,4.79294758342665
1.58,36,30,903.699901762336,4.80464053243834
1.58,36,33,905.667195502378,4.816335647107
1.58,36,36,905.41406662256,4.82764835265819
1.58,36,39,902.865731092831,4.83822920295206
1.58,36,42,897.982113826986,4.84778153591188
1.58,36,45,890.751413875123,4.85607484763247
1.58,36,48,881.187210115057,4.86295192983648
1.58,36,51,869.330138074408,4.86832896276062
1.58,36,54,855.252977396274,4.87218919751555
1.58,36,57,839.066558263787,4.87457211455776
1.58,36,60,820.92360187841,4.87556062277214
1.58,36,63,801.018358835367,4.8752688280501
1.58,36,66,779.581264914426,4.87383227106262
1.58,36,69,756.869249463781,4.87140159003598
1.58,36,72,733.153361194795,4.86813961075187
1.58,36,75,708.705798799629,4.86422113574415
1.58,36,78,683.788265803624,4.85983431866423
1.58,36,81,658.642991195792,4.85518248203063
1.58,36,84,633.487008388433,4.85048550142859
1.58,36,87,608.509573103432,4.8459803238906
1.58,36,90,583.872060049517,4.84192068239448
1.58,36,93,559.709369993366,4.83857648796635
1.58,36,96,536.131816833034,4.8362336236878
1.58,36,99,513.226640025322,4.83519486024846
1.58,36,102,491.058677670515,4.83578232728101
1.58,36,105,469.670286738433,4.83834142030788
1.58,36,108,449.081201145257,4.84324526640214
1.58,36,111,429.289496960353,4.8508980399758
1.58,36,114,410.274958209404,4.86173469190902
1.58,36,117,392.005700417683,4.87621423198369
1.58,36,120,374.447845490475,4.89480378257448
1.58,36,123,357.576541881012,4.91795139594763
1.58,36,126,341.385185341229,4.94604732737762
1.58,36,129,325.889025148186,4.97937631388858
1.58,36,132,311.120085990523,5.01806738622852
1.58,36,135,297.112698293514,5.06205195686785
1.58,36,138,283.882333181461,5.11104316812492
1.58,36,141,271.40350542098,5.16454676789238
1.58,36,144,259.593569642698,5.22190465258993
1.58,36,147,248.30731473976,5.28235967116627
1.58,36,150,237.342982271513,5.34512193392264
1.58,36,153,226.455922006009,5.40942006853698
1.58,36,156,215.374119574088,5.47453587282553
1.58,36,159,203.811426665755,5.53983899038148
1.58,36,162,191.478294517499,5.60484832190079
1.58,36,165,178.09337582292,5.66934460211611
1.58,36,168,163.400110770387,5.73355237530493
1.58,36,171,147.190090985959,5.79842090927911
1.58,36,174,129.331835137905,5.86610047271628
1.58,36,177,109.803397415067,5.94092575221681
1.58,36,180,88.7358880704514,6.0319225194289
1.58,39,-180,88.7358880704513,-0.198902910190856
1.58,39,-177,66.9080545569353,-0.0691994771386071
1.58,39,-174,45.0025871966928,0.164611778242453
1.58,39,-171,27.3352859741002,0.73529698232779
1.58,39,-168,28.5863726274253,1.75492043731705
1.58,39,-165,48.3607970187144,2.2861530871178
1.58,39,-162,73.0430731846003,2.50569949539256
1.58,39,-159,98.734523082335,2.62717474491832
1.58,39,-156,124.275207793653,2.71000328490831
1.58,39,-153,149.076996450111,2.77446556433973
1.58,39,-150,172.739397296278,2.82917665841786
1.58,39,-147,194.957850874909,2.87841709234682
1.58,39,-144,215.496442062581,2.92456335553605
1.58,39,-141,234.178014686893,2.96904149869136
1.58,39,-138,250.878980728742,3.01275880107577
1.58,39,-135,265.525158183801,3.05633087236474
1.58,39,-132,278.088240190796,3.10022169194194
1.58,39,-129,288.583756618654,3.14484044229506
1.58,39,-126,297.071439841968,3.19060889161206
1.58,39,-123,303.658142519059,3.23800116464734
1.58,39,-120,308.502373463393,3.28755466443784
1.58,39,-117,311.818633326105,3.33985213275281
1.58,39,-114,313.879374581535,3.39547764195095
1.58,39,-111,315.012636706924,3.45495216856894
1.58,39,-108,315.594069851991,3.51865680716398
1.58,39,-105,316.03294494441,3.58675379940378
1.58,39,-102,316.752681408235,3.65911757263574
1.58,39,-99,318.167303897435,3.73528947342234
1.58,39,-96,320.656004481061,3.81446947672128
1.58,39,-93,324.538551570042,3.89555402489904
1.58,39,-90,330.054505688068,3.97722041926853
1.58,39,-87,337.348912088836,4.05804649173988
1.58,39,-84,346.466291027401,4.13664399496311
1.58,39,-81,357.353515680243,4.21178018089686
1.58,39,-78,369.870921378625,4.28246650396522
1.58,39,-75,383.810074954253,4.34800398208939
1.58,39,-72,398.91616709413,4.4079864214163
1.58,39,-69,414.912832800397,4.462271001524
1.58,39,-66,431.52712020221,4.51092893764862
1.58,39,-63,448.512194391138,4.5541879919305
1.58,39,-60,465.665274417194,4.59237550793194
1.58,39,-57,482.838517733368,4.62586718479608
1.58,39,-54,499.941353763188,4.65504404230111
1.58,39,-51,516.934209795139,4.68025834385557
1.58,39,-48,533.81543186038,4.70180861562972
1.58,39,-45,550.604924697723,4.71992406665288
1.58,39,-42,567.328917321788,4.7347592614441
1.58,39,-39,584.009767632664,4.74640030799739
1.58,39,-36,600.662793251191,4.75488358400567
1.58,39,-33,617.299324927559,4.76022676820172
1.58,39,-30,633.932581805425,4.76246962094463
1.58,39,-27,650.581708508282,4.76171896715223
1.58,39,-24,667.270106412424,4.75818957957351
1.58,39,-21,684.016915320855,4.75223141813069
1.58,39,-18,700.824106466338,4.74433513740264
1.58,39,-15,717.664474383777,4.73511226903807
1.58,39,-12,734.476308736749,4.72525290188891
1.58,39,-9,751.168093520652,4.71546962986215
1.58,39,-6,767.632111887737,4.70643954085924
1.58,39,-3,783.761440702969,4.69875499691403
1.58,39,0,799.462760855347,4.69288982074049
1.58,39,3,814.658837677507,4.68918243048989
1.58,39,6,829.27884183938,4.68783348939123
1.58,39,9,843.239898489724,4.68891370683152
1.58,39,12,856.427056160733,4.692377361813
1.58,39,15,868.679706938646,4.69807816263133
1.58,39,18,879.790172401512,4.70578544559761
1.58,39,21,889.515786167696,4.71519995922675
1.58,39,24,897.601152696824,4.72596936269088
1.58,39,27,903.804087906858,4.73770403450038
1.58,39,30,907.918093238631,4.74999384322577
1.58,39,33,909.786099480493,4.76242620018045
1.58,39,36,909.303714368007,4.77460506388068
1.58,39,39,906.413876463282,4.78616976353247
1.58,39,42,901.097295413955,4.79681182787137
1.58,39,45,893.363586719632,4.80628775567891
1.58,39,48,883.246665449643,4.81442604472284
1.58,39,51,870.805527013513,4.82112776502409
1.58,39,54,856.129086496732,4.82636122066457
1.58,39,57,839.342170974561,4.83015236303512
1.58,39,60,820.609474465727,4.83257323898811
1.58,39,63,800.135159216988,4.83373073976061
1.58,39,66,778.157304751039,4.83375736126804
1.58,39,69,754.937943024307,4.83280484683648
1.58,39,72,730.750487077509,4.8310407414411
1.58,39,75,705.866745301404,4.82864725697093
1.58,39,78,680.545466931955,4.8258215378518
1.58,39,81,655.023712258422,4.82277642790466
1.58,39,84,629.511554816993,4.81974109796001
1.58,39,87,604.189921510106,4.81696128312078
1.58,39,90,579.210883931366,4.81469927404769
1.58,39,93,554.699467555562,4.81323410128378
1.58,39,96,530.756031374899,4.81286247115579
1.58,39,99,507.458459053256,4.81390091875281
1.58,39,102,484.863761159907,4.81668933450078
1.58,39,105,463.00916964303,4.82159552196484
1.58,39,108,441.913321689765,4.82901980741069
1.58,39,111,421.578528426754,4.83939801954554
1.58,39,114,401.995200258787,4.85320048021448
1.58,39,117,383.149061383367,4.87092410173403
1.58,39,120,365.030758850624,4.8930744326659
1.58,39,123,347.646026039995,4.92013481926097
1.58,39,126,331.023169958893,4.95252125957726
1.58,39,129,315.214021385936,4.99052468683355
1.58,39,132,300.285304051423,5.03424770358063
1.58,39,135,286.299918660968,5.08354932547664
1.58,39,138,273.291365471221,5.13801599872258
1.58,39,141,261.237978584765,5.19697521195958
1.58,39,144,250.044888545958,5.2595562122252
1.58,39,147,239.539411431498,5.32478391512961
1.58,39,150,229.480496644993,5.39167793329831
1.58,39,153,219.577566947516,5.4593301912624
1.58,39,156,209.51164203466,5.52695326248427
1.58,39,159,198.953397024661,5.59391577016812
1.58,39,162,187.577326032431,5.65979566290921
1.58,39,165,175.075273015293,5.72448109549023
1.58,39,168,161.173638939892,5.78834180631934
1.58,39,171,145.656378745039,5.85250482433802
1.58,39,174,128.392872995902,5.91933648926608
1.58,39,177,109.369844129408,5.99345188458935
1.58,39,180,88.7358880704513,6.08428239698873
1.58,42,-180,88.7358880704513,-0.146543032631026
1.58,42,-177,67.3626440733184,-0.0163129496723915
1.58,42,-174,45.936799998252,0.218199557307066
1.58,42,-171,28.7718071499212,0.771870540819609
1.58,42,-168,29.5553167790778,1.73902951411552
1.58,42,-165,48.5592023787047,2.27517021990637
1.58,42,-162,72.8655114904016,2.50173644389319
1.58,42,-159,98.3425644379942,2.62582583923061
1.58,42,-156,123.726366787456,2.7090434179987
1.58,42,-153,148.383212445088,2.77281116185243
1.58,42,-150,171.889158635387,2.82629764110149
1.58,42,-147,193.928639731742,2.87408101385446
1.58,42,-144,214.264377765638,2.91871780133654
1.58,42,-141,232.726285108766,2.96175640944471
1.58,42,-138,249.205185882659,3.00419656725857
1.58,42,-135,263.647336208336,3.04672935456398
1.58,42,-132,276.049344053363,3.08988226826781
1.58,42,-129,286.454441201266,3.13411632410003
1.58,42,-126,294.951113569001,3.1798906293506
1.58,42,-123,301.674310021844,3.22769736161773
1.58,42,-120,306.80833600654,3.27806679646033
1.58,42,-117,310.589610764474,3.33154326766492
1.58,42,-114,313.307065596065,3.38863598003717
1.58,42,-111,315.298173576105,3.44975187032829
1.58,42,-108,316.939319361854,3.515120576239
1.58,42,-105,318.630244647872,3.5847238405839
1.58,42,-102,320.773434817694,3.65824302636976
1.58,42,-99,323.750352940463,3.73503797019455
1.58,42,-96,327.897190014255,3.81416689920417
1.58,42,-93,333.483105844582,3.89444988662531
1.58,42,-90,340.693664879285,3.97456840015526
1.58,42,-87,349.621355422974,4.05318410348719
1.58,42,-84,360.263945951321,4.12905515188841
1.58,42,-81,372.530333942474,4.20113001958678
1.58,42,-78,386.252785275746,4.2686063806816
1.58,42,-75,401.204134712596,4.33095217748867
1.58,42,-72,417.118471319307,4.38789399749222
1.58,42,-69,433.713809709797,4.43938222948737
1.58,42,-66,450.715060707805,4.4855432418388
1.58,42,-63,467.875261370573,4.5266272711562
1.58,42,-60,484.992701621676,4.56295821969226
1.58,42,-57,501.921610594399,4.59488910625843
1.58,42,-54,518.574733101992,4.62276499083783
1.58,42,-51,534.917531728987,4.64689397568153
1.58,42,-48,550.955658376419,4.6675263926499
1.58,42,-45,566.719172641942,4.68484242389451
1.58,42,-42,582.247988325417,4.69894893835178
1.58,42,-39,597.582593503096,4.70988686301996
1.58,42,-36,612.76209560267,4.71765043075374
1.58,42,-33,627.828650093977,4.72221866831737
1.58,42,-30,642.834461751917,4.72359726976492
1.58,42,-27,657.846069556843,4.72186578396311
1.58,42,-24,672.941394868764,4.7172217209342
1.58,42,-21,688.198019837374,4.71001121841483
1.58,42,-18,703.675299771359,4.70073685993269
1.58,42,-15,719.39637757946,4.690037806673
1.58,42,-12,735.337134901247,4.67864458101924
1.58,42,-9,751.426736266784,4.66731789509352
1.58,42,-6,767.5595185661,4.65678475868212
1.58,42,-3,783.612842521677,4.64768417147544
1.58,42,0,799.462760855347,4.64052994318066
1.58,42,3,814.990414943438,4.63569223304514
1.58,42,6,830.076434685847,4.6333948228317
1.58,42,9,844.586169446968,4.63372311626699
1.58,42,12,858.352780228071,4.6366380863305
1.58,42,15,871.166335941385,4.64199280226632
1.58,42,18,882.774807453903,4.64954973489054
1.58,42,21,892.898363047252,4.65899819105587
1.58,42,24,901.253535107957,4.66997185283118
1.58,42,27,907.580506502601,4.68206662379142
1.58,42,30,911.666080273449,4.69485896398813
1.58,42,33,913.356890580527,4.70792469091104
1.58,42,36,912.561122714485,4.72085784274495
1.58,42,39,909.24091016693,4.73328869026169
1.58,42,42,903.400211785433,4.74489950402206
1.58,42,45,895.073519970489,4.755436475626
1.58,42,48,884.319286322813,4.7647164538202
1.58,42,51,871.21931212848,4.77262790485558
1.58,42,54,855.882701653728,4.77912653004406
1.58,42,57,838.451294000367,4.78422692287205
1.58,42,60,819.103213807905,4.78799220750991
1.58,42,63,798.052147136233,4.79052362851619
1.58,42,66,775.541575616112,4.79195162483926
1.58,42,69,751.834803263012,4.79242922792994
1.58,42,72,727.202670884694,4.79212791566494
1.58,42,75,701.911168449915,4.79123551932319
1.58,42,78,676.210818258037,4.78995551479119
1.58,42,81,650.328980598333,4.78850703307629
1.58,42,84,624.465429570248,4.78712513180884
1.58,42,87,598.790884502724,4.78606117546385
1.58,42,90,573.447769553696,4.78558346971603
1.58,42,93,548.552318597733,4.78597849593299
1.58,42,96,524.197199572043,4.78755313831943
1.58,42,99,500.454048505137,4.79063816546889
1.58,42,102,477.375636300319,4.79559292545555
1.58,42,105,454.997800260017,4.80281076408456
1.58,42,108,433.341688335005,4.81272411285986
1.58,42,111,412.417162795369,4.82580754620359
1.58,42,114,392.228214592638,4.84257639679934
1.58,42,117,372.780774177744,4.86357777706454
1.58,42,120,354.092296805601,4.88937021249627
1.58,42,123,336.201101468412,4.92048793061053
1.58,42,126,319.172100474106,4.95738697141573
1.58,42,129,303.09497050777,5.00037388159742
1.58,42,132,288.071716302319,5.04952477831995
1.58,42,135,274.193329775071,5.10461225948558
1.58,42,138,261.50937822632,5.16506577573634
1.58,42,141,249.99829241994,5.22999017938426
1.58,42,144,239.547600459732,5.29825129258586
1.58,42,147,229.950732106491,5.36861018296254
1.58,42,150,220.920915499003,5.43986542869543
1.58,42,153,212.116280493518,5.51096271978334
1.58,42,156,203.167360963847,5.58105621141314
1.58,42,159,193.700297561413,5.64953928097166
1.58,42,162,183.354319755531,5.71608241265093
1.58,42,165,171.796801478219,5.7807154809097
1.58,42,168,158.740518859787,5.84398304359883
1.58,42,171,143.965640441423,5.90721082072743
1.58,42,174,127.346077319035,5.97298987866055
1.58,42,177,108.880190580298,6.04620538712768
1.58,42,180,88.7358880704513,6.13664227454856
1.58,45,-180,88.7358880704514,-0.0941831550711959
1.58,45,-177,67.8761008579393,0.0361127139846666
1.58,45,-174,46.9824572370198,0.269884996260134
1.58,45,-171,30.305596390691,0.803131426803112
1.58,45,-168,30.5092144128819,1.71844774079222
1.58,45,-165,48.6016289315213,2.26014569195965
1.58,45,-162,72.4288898280519,2.49496674287732
1.58,45,-159,97.6173731407841,2.62242072079512
1.58,45,-156,122.788950430357,2.70648233497304
1.58,45,-153,147.261442368561,2.76985518148558
1.58,45,-150,170.586864233042,2.82232931488226
1.58,45,-147,192.438465544679,2.86881548802171
1.58,45,-144,212.577175130134,2.91207093091949
1.58,45,-141,230.839161351437,2.95378073649509
1.58,45,-138,247.128638849079,2.9950480524713
1.58,45,-135,261.411413292945,3.036647496415
1.58,45,-132,273.708624818396,3.07917434968877
1.58,45,-129,284.091590649854,3.12314041551314
1.58,45,-126,292.678729040116,3.16903427489806
1.58,45,-123,299.634791834242,3.21735051007872
1.58,45,-120,305.17155408542,3.26858887375778
1.58,45,-117,309.548206425409,3.32322556033546
1.58,45,-114,313.069315663277,3.38166192982938
1.58,45,-111,316.078479156275,3.44415959046704
1.58,45,-108,318.946616326886,3.51077371490287
1.58,45,-105,322.055006120791,3.58129818665977
1.58,45,-102,325.774414430089,3.65523589189899
1.58,45,-99,330.442657216803,3.73180434272129
1.58,45,-96,336.343440098088,3.80998049308979
1.58,45,-93,343.689149638049,3.88858005906759
1.58,45,-90,352.609501828859,3.96635840697059
1.58,45,-87,363.146861421873,4.04211521233923
1.58,45,-84,375.258026246257,4.1147854806838
1.58,45,-81,388.82163168404,4.18350461276021
1.58,45,-78,403.650143166449,4.24764248584125
1.58,45,-75,419.505502533922,4.30680817057517
1.58,45,-72,436.117605275225,4.3608311864864
1.58,45,-69,453.204690170652,4.40972686947604
1.58,45,-66,470.494350776487,4.4536531741915
1.58,45,-63,487.743332462907,4.4928649691505
1.58,45,-60,504.753806999057,4.52767028891687
1.58,45,-57,521.383743123341,4.55839146916069
1.58,45,-54,537.549601733627,4.58533279489636
1.58,45,-51,553.220972310931,4.60875535689896
1.58,45,-48,568.408699903809,4.62885933814955
1.58,45,-45,583.149942960321,4.64577399529051
1.58,45,-42,597.494667565923,4.65955607813495
1.58,45,-39,611.497667464935,4.67019804735866
1.58,45,-36,625.218141638482,4.67764769869312
1.58,45,-33,638.725711442404,4.68184009235416
1.58,45,-30,652.108679322177,4.68274060299397
1.58,45,-27,665.478677619904,4.68039452242974
1.58,45,-24,678.966594792557,4.67497479718608
1.58,45,-21,692.707859759293,4.66681677575935
1.58,45,-18,706.819756777889,4.65642917863279
1.58,45,-15,721.377499595791,4.64447501310612
1.58,45,-12,736.397256065065,4.63172401860794
1.58,45,-9,751.832078810474,4.6189864596821
1.58,45,-6,767.581464778224,4.60704294255853
1.58,45,-3,783.509459626692,4.59658427378686
1.58,45,0,799.462760855347,4.58817006562083
1.58,45,3,815.28090120953,4.58220792055256
1.58,45,6,830.794909900723,4.57894975483747
1.58,45,9,845.816641745134,4.57849963369996
1.58,45,12,860.125497416081,4.58082797948102
1.58,45,15,873.460626913282,4.58578878489754
1.58,45,18,885.524568675565,4.5931382040077
1.58,45,21,895.999765857795,4.60255394292988
1.58,45,24,904.574480345815,4.61365522315933
1.58,45,27,910.971221815543,4.62602306373384
1.58,45,30,914.970100292048,4.63922052717515
1.58,45,33,916.421560402754,4.65281250628974
1.58,45,36,915.246787663343,4.66638453937849
1.58,45,39,911.428124441733,4.67955995719735
1.58,45,42,904.994584393167,4.69201442173727
1.58,45,45,896.008140814341,4.70348677473424
1.58,45,48,884.554947353501,4.71378525859692
1.58,45,51,870.742894493478,4.72278867798689
1.58,45,54,854.70413205439,4.73044282519231
1.58,45,57,836.599428063791,4.73675324601757
1.58,45,60,816.620950266811,4.74177591652184
1.58,45,63,794.991065643838,4.74560749353726
1.58,45,66,771.956431503902,4.74837651632644
1.58,45,69,747.778271104028,4.75023641908238
1.58,45,72,722.720754080529,4.75136065109442
1.58,45,75,697.039644921322,4.75193974823146
1.58,45,78,670.972965202493,4.75217994154876
1.58,45,81,644.734640911374,4.75230283901843
1.58,45,84,618.511297259801,4.75254583119336
1.58,45,87,592.46174684329,4.75316307590808
1.58,45,90,566.718385191382,4.75442712781873
1.58,45,93,541.389643537923,4.7566314230262
1.58,45,96,516.562781060653,4.76009385589843
1.58,45,99,492.306554440493,4.76516156826469
1.58,45,102,468.673629426204,4.77221680687738
1.58,45,105,445.702957951893,4.78168330432287
1.58,45,108,423.422678234191,4.79403211157304
1.58,45,111,401.854299866018,4.80978514713445
1.58,45,114,381.01885795778,4.82951388943713
1.58,45,117,360.945203523178,4.85382959402724
1.58,45,120,341.6795759576,4.8833602688785
1.58,45,123,323.29421712363,4.91870887475208
1.58,45,126,305.891461906417,4.96038799063493
1.58,45,129,289.599174261342,5.0087303716462
1.58,45,132,274.554377889571,5.06378423320781
1.58,45,135,260.874943365186,5.12521624998018
1.58,45,138,248.623858500245,5.19225837571541
1.58,45,141,237.775215373216,5.26373510406859
1.58,45,144,228.192843739742,5.33818547753008
1.58,45,147,219.629330453214,5.41405360565255
1.58,45,150,211.745637989735,5.48988737477463
1.58,45,153,204.143707234991,5.56448485943605
1.58,45,156,196.401066382641,5.63696447080567
1.58,45,159,188.099250734774,5.70678159012628
1.58,45,162,178.844182569039,5.77374099265541
1.58,45,165,168.28209601101,5.83805270394567
1.58,45,168,156.116145307394,5.90046624596895
1.58,45,171,142.126742680539,5.96252503221465
1.58,45,174,126.195848472783,6.02705019920829
1.58,45,177,108.336059674589,6.09918239724075
1.58,45,180,88.7358880704514,6.18900215210839
1.58,48,-180,88.7358880704514,-0.0418232775113664
1.58,48,-177,68.4469837187769,0.0880760130233552
1.58,48,-174,48.1358824432114,0.319735164881677
1.58,48,-171,31.9378458147071,0.82994182181628
1.58,48,-168,31.4779680527143,1.69354785156678
1.58,48,-165,48.5173475426085,2.24070011806105
1.58,48,-162,71.7564887584457,2.48504619143374
1.58,48,-159,96.5801224114031,2.61671466381034
1.58,48,-156,121.48472411003,2.70214818901818
1.58,48,-153,145.735840853547,2.76547658502946
1.58,48,-150,168.860294296452,2.81718719612244
1.58,48,-147,190.519489672317,2.86256305958858
1.58,48,-144,210.471633027198,2.9045851511438
1.58,48,-141,228.557799883562,2.94509034359389
1.58,48,-138,244.694008508563,2.9852957921369
1.58,48,-135,258.864139160817,3.02606649314966
1.58,48,-132,271.11286930376,3.06806794153218
1.58,48,-129,281.539325396939,3.11185947115866
1.58,48,-126,290.292290669384,3.15794898765797
1.58,48,-123,297.567144309147,3.20681592043797
1.58,48,-120,303.603743322804,3.25890526211934
1.58,48,-117,308.6836669948,3.31459656101902
1.58,48,-114,313.124964726111,3.37415487121752
1.58,48,-111,317.27291059877,3.43767410081481
1.58,48,-108,321.486187770035,3.50502560937482
1.58,48,-105,326.119145660644,3.57582523058721
1.58,48,-102,331.501928210906,3.64942933605324
1.58,48,-99,337.920986988578,3.72496495459538
1.58,48,-96,345.602518346226,3.80139134462177
1.58,48,-93,354.700703596607,3.87758305175797
1.58,48,-90,365.291575252062,3.95241998282385
1.58,48,-87,377.372325087259,4.02486989003835
1.58,48,-84,390.865273532238,4.09405238486348
1.58,48,-81,405.625631848139,4.15927914209174
1.58,48,-78,421.452433756356,4.2200700828832
1.58,48,-75,438.10229226881,4.27614875768612
1.58,48,-72,455.305699948586,4.32742175684411
1.58,48,-69,472.785329484954,4.37394729094363
1.58,48,-66,490.275248685467,4.41589771785965
1.58,48,-63,507.539301835491,4.45352014282178
1.58,48,-60,524.386379883879,4.48709844311809
1.58,48,-57,540.680205865869,4.5169192177714
1.58,48,-54,556.34186166283,4.54324328775011
1.58,48,-51,571.344661843646,4.56628359554342
1.58,48,-48,585.702908104134,4.58618985602669
1.58,48,-45,599.45794852053,4.60304026013615
1.58,48,-42,612.666027394237,4.61684096020475
1.58,48,-39,625.391969722989,4.62753475288377
1.58,48,-36,637.7106197315,4.63502082268189
1.58,48,-33,649.714688326254,4.63918694791575
1.58,48,-30,661.524441061067,4.6399536353708
1.58,48,-27,673.292882735004,4.6373261518973
1.58,48,-24,685.20080739491,4.63144610546887
1.58,48,-21,697.43942383815,4.62263078822335
1.58,48,-18,710.183220266988,4.6113881347502
1.58,48,-15,723.560308676157,4.59839943144155
1.58,48,-12,737.629451421995,4.58447031859032
1.58,48,-9,752.370969211239,4.57046002282233
1.58,48,-6,767.693301461248,4.55720478568345
1.58,48,-3,783.450619352181,4.5454512913577
1.58,48,0,799.462760855347,4.535810188061
1.58,48,3,815.528902251584,4.52873203152055
1.58,48,6,831.430541436999,4.52450193826396
1.58,48,9,846.925280675083,4.52324678324782
1.58,48,12,861.737671351202,4.5249494483803
1.58,48,15,875.554979250508,4.52946671772628
1.58,48,18,888.033737865247,4.53654931328011
1.58,48,21,898.818516152135,4.54586351075236
1.58,48,24,907.569423632968,4.55701385722456
1.58,48,27,913.991464652051,4.56956623780153
1.58,48,30,917.858133259762,4.58307035779022
1.58,48,33,919.023693185962,4.59708077443288
1.58,48,36,917.422451261298,4.61117581759932
1.58,48,39,913.057441618782,4.62497389490065
1.58,48,42,905.983764352179,4.63814669539024
1.58,48,45,896.292468650333,4.65042875769535
1.58,48,48,884.099371573801,4.66162291382567
1.58,48,51,869.540418483665,4.67160138207322
1.58,48,54,852.772356580063,4.68030275245204
1.58,48,57,833.975669996873,4.68772564532353
1.58,48,60,813.356398815729,4.69392023967677
1.58,48,63,791.144455816811,4.69897902769362
1.58,48,66,767.587725180627,4.70302803187335
1.58,48,69,742.942829629847,4.70621939374807
1.58,48,72,717.464443600497,4.70872583010521
1.58,48,75,691.395222837321,4.71073706933875
1.58,48,78,664.957955454523,4.71245810574777
1.58,48,81,638.350737394726,4.7141089759521
1.58,48,84,611.745169854099,4.71592576091173
1.58,48,87,585.286995196812,4.71816261134418
1.58,48,90,559.098315010313,4.72109472853253
1.58,48,93,533.280538405621,4.72502234686611
1.58,48,96,507.917404748273,4.73027580571588
1.58,48,99,483.077726231595,4.73722172790792
1.58,48,102,458.817840218465,4.74627011902105
1.58,48,105,435.184104296025,4.75788185554679
1.58,48,108,412.216052169474,4.77257552159527
1.58,48,111,389.950960410441,4.79093182838148
1.58,48,114,368.430417954225,4.8135928037115
1.58,48,117,347.708904447634,4.84125146356031
1.58,48,120,327.863314868742,4.8746258422058
1.58,48,123,309.000949142375,4.91440965953581
1.58,48,126,291.262125847195,4.96119214785842
1.58,48,129,274.812981165673,5.0153444787636
1.58,48,132,259.825048503534,5.07688295463544
1.58,48,135,246.441546413247,5.14533981511699
1.58,48,138,234.735699079172,5.21969310122936
1.58,48,141,224.671972436916,5.29840941513025
1.58,48,144,216.083353765307,5.37962042151459
1.58,48,147,208.673753865776,5.46139229212625
1.58,48,150,202.045052641655,5.5419969289149
1.58,48,153,195.73865503704,5.6200972096677
1.58,48,156,189.277803348104,5.69481551245617
1.58,48,159,182.20090762305,5.76572097806136
1.58,48,162,174.083986790625,5.83280340532829
1.58,48,165,164.556516481131,5.89649467703983
1.58,48,168,153.316575494911,5.95777846346414
1.58,48,171,140.148923453205,6.01843152342089
1.58,48,174,124.946816180794,6.08150604925462
1.58,48,177,107.739204003109,6.15237870465917
1.58,48,180,88.7358880704514,6.24136202966822
1.58,51,-180,88.7358880704515,0.0105366000484634
1.58,51,-177,69.0736912601322,0.139579010507907
1.58,51,-174,49.3934134062758,0.367840954200282
1.58,51,-171,33.6710320751655,0.853097483846971
1.58,51,-168,32.493285587452,1.66481264486982
1.58,51,-165,48.3406393894008,2.21646201121696
1.58,51,-162,70.8754281450959,2.47158891687858
1.58,51,-159,95.2541619743413,2.60842519790869
1.58,51,-156,119.835787000554,2.69584088497798
1.58,51,-153,143.828743039439,2.75953460396822
1.58,51,-150,166.732909600311,2.8107741845035
1.58,51,-147,188.196786717361,2.85525949250024
1.58,51,-144,207.974604882738,2.89622059665591
1.58,51,-141,225.910705146197,2.93566176789856
1.58,51,-138,241.931027306129,2.9749240756969
1.58,51,-135,256.035712485652,3.01496830274363
1.58,51,-132,268.291544352,3.05653081902741
1.58,51,-129,278.824587265355,3.10021355083924
1.58,51,-126,287.813609494014,3.14653244253698
1.58,51,-123,295.48437177823,3.19593417472819
1.58,51,-120,302.104103016172,3.24878651152035
1.58,51,-117,307.974904623713,3.30534827510048
1.58,51,-114,313.424728267993,3.36572762491525
1.58,51,-111,318.795063538347,3.42983996896669
1.58,51,-108,324.425429993107,3.49737784615774
1.58,51,-105,330.635872955526,3.56780337890253
1.58,51,-102,337.709499068162,3.64036912986084
1.58,51,-99,345.877309316811,3.71416637282273
1.58,51,-96,355.307093986738,3.78819305750271
1.58,51,-93,366.097174258451,3.861429553329
1.58,51,-90,378.27476252855,3.93290996664867
1.58,51,-87,391.798095033317,4.00177993080869
1.58,51,-84,406.561433127307,4.0673363480593
1.58,51,-81,422.402387698985,4.12904860073905
1.58,51,-78,439.111474226997,4.18656320820712
1.58,51,-75,456.444058878301,4.23969487052956
1.58,51,-72,474.134762210912,4.28840696467574
1.58,51,-69,491.913956154029,4.33278444993241
1.58,51,-66,509.525336235265,4.37300206886762
1.58,51,-63,526.74285176994,4.409290678169
1.58,51,-60,543.38476126819,4.44190437003887
1.58,51,-57,559.322514825273,4.47109064331965
1.58,51,-54,574.482784157607,4.49706526500859
1.58,51,-51,588.842334687416,4.51999277290514
1.58,51,-48,602.417329800563,4.53997305021671
1.58,51,-45,615.250496213652,4.55703429611073
1.58,51,-42,627.400577361019,4.57113312955025
1.58,51,-39,638.937990923159,4.58216333185631
1.58,51,-36,649.948410265675,4.5899753610512
1.58,51,-33,660.542650645542,4.59440853090513
1.58,51,-30,670.867942604875,4.59533595777151
1.58,51,-27,681.11383595997,4.59271881018367
1.58,51,-24,691.506673008808,4.58666169227961
1.58,51,-21,702.289999169048,4.57745686937512
1.58,51,-18,713.693487414114,4.56560393735352
1.58,51,-15,725.89795378669,4.55179542142478
1.58,51,-12,739.006482794263,4.5368675227618
1.58,51,-9,753.029996617841,4.52172568099078
1.58,51,-6,767.890134520577,4.50726190897629
1.58,51,-3,783.435520548651,4.49428143273952
1.58,51,0,799.462760855347,4.48345031050117
1.58,51,3,815.733132259805,4.4752671595573
1.58,51,6,831.979810021418,4.47005527729151
1.58,51,9,847.90637426877,4.46796860735599
1.58,51,12,863.182242518914,4.46900573590209
1.58,51,15,877.442457100677,4.47302842759559
1.58,51,18,890.297448165123,4.47978323405739
1.58,51,21,901.354112928159,4.48892555624048
1.58,51,24,910.244773965895,4.50004538313287
1.58,51,27,916.657240198096,4.51269343051747
1.58,51,30,920.358481522907,4.52640615080292
1.58,51,33,921.20643883993,4.54072827782825
1.58,51,36,919.148301920734,4.55523205602493
1.58,51,39,914.207675996807,4.56953279556518
1.58,51,42,906.465918867633,4.58330069130681
1.58,51,45,896.043654868979,4.59626892069558
1.58,51,48,883.087057403119,4.60823801666279
1.58,51,51,867.760756130581,4.61907655289169
1.58,51,54,850.246383728911,4.62871836602639
1.58,51,57,830.743896873972,4.6371568447292
1.58,51,60,809.472396402286,4.64443713132889
1.58,51,63,786.668079813834,4.65064729155897
1.58,51,66,762.578563861076,4.65590954398973
1.58,51,69,737.454373577055,4.66037250243854
1.58,51,72,711.539360361348,4.66420512166862
1.58,51,75,685.061993082279,4.66759272119525
1.58,51,78,658.22899860155,4.6707351650908
1.58,51,81,631.222031116896,4.67384705258404
1.58,51,84,604.197256353945,4.67715965553434
1.58,51,87,577.287175017225,4.68092432553281
1.58,51,90,550.603764709561,4.68541715750567
1.58,51,93,524.242060030874,4.69094478902858
1.58,51,96,498.283528941054,4.69785127786072
1.58,51,99,472.798947298361,4.70652598315891
1.58,51,102,447.850850962691,4.71741224009766
1.58,51,105,423.495999549941,4.73101633029957
1.58,51,108,399.788552984407,4.74791575791143
1.58,51,111,376.784745908268,4.76876503092413
1.58,51,114,354.549619413982,4.79429582716791
1.58,51,117,333.165712448833,4.82530637950214
1.58,51,120,312.742480060485,4.86263213852977
1.58,51,123,293.423715451663,4.90708696917683
1.58,51,126,275.388795011442,4.95936349069223
1.58,51,129,258.842854701257,5.01988691695478
1.58,51,132,243.992040025005,5.08863419462571
1.58,51,135,231.003695667376,5.16496082229301
1.58,51,138,219.957787357313,5.24750994674888
1.58,51,141,210.802793458347,5.33428305788049
1.58,51,144,203.332149614375,5.42289999898346
1.58,51,147,197.191877045954,5.51098018970763
1.58,51,150,191.917459584463,5.59650476656429
1.58,51,153,186.986078078898,5.67803602674638
1.58,51,156,181.866946405338,5.75476368390607
1.58,51,159,176.058671747287,5.82643996437886
1.58,51,162,169.112385361049,5.89329939509808
1.58,51,165,160.646258207428,5.95603906654381
1.58,51,168,150.358303873982,6.01590304339463
1.58,51,171,138.041683221912,6.074912106862
1.58,51,174,123.603798937248,6.13634507019524
1.58,51,177,107.09149656544,6.20578977831367
1.58,51,180,88.7358880704515,6.29372190722805
1.58,54,-180,88.7358880704515,0.0628964776082929
1.58,54,-177,69.7544687255908,0.190627212931859
1.58,54,-174,50.7514052734266,0.41431185655376
1.58,54,-171,35.5083318564965,0.873323102587386
1.58,54,-168,33.5877327247049,1.63285143829926
1.58,54,-165,48.1112082820763,2.18709547366535
1.58,54,-162,69.8173571839368,2.45416595785393
1.58,54,-159,93.6655929630695,2.59722470816629
1.58,54,-156,117.865059517669,2.68732414477341
1.58,54,-153,141.56114751429,2.75186097351644
1.58,54,-150,164.22442694862,2.80297271617143
1.58,54,-147,185.489117829441,2.84682540639776
1.58,54,-144,205.104072762288,2.88692579407452
1.58,54,-141,222.915186254006,2.92546148231293
1.58,54,-138,238.856367787253,2.96390642719917
1.58,54,-135,252.942047274335,3.00332103714143
1.58,54,-132,265.259341716265,3.04451162218067
1.58,54,-129,275.959773611601,3.08811674754755
1.58,54,-126,285.250790106456,3.13464929240711
1.58,54,-123,293.387046997118,3.18450760092722
1.58,54,-120,300.660963204699,3.237964204606
1.58,54,-117,307.391782388114,3.2951405554257
1.58,54,-114,313.912528912558,3.35597783499008
1.58,54,-111,320.554848177418,3.42021493374823
1.58,54,-108,327.632585639755,3.4873835411468
1.58,54,-105,335.425726161077,3.55682632559134
1.58,54,-102,344.166610738905,3.6277381255904
1.58,54,-99,354.029982226481,3.6992239019629
1.58,54,-96,365.127518869237,3.77036328133812
1.58,54,-93,377.506505448511,3.84027124404223
1.58,54,-90,391.151625908214,3.90814743645985
1.58,54,-87,405.988782475563,3.97331083573715
1.58,54,-84,421.890269976307,4.03522003359329
1.58,54,-81,438.681245339572,4.09348120000648
1.58,54,-78,456.147892332329,4.14784601779924
1.58,54,-75,474.047788848792,4.19820138175369
1.58,54,-72,492.122712420232,4.24455221321099
1.58,54,-69,510.113562287902,4.28699870652688
1.58,54,-66,527.776376139068,4.32570963621118
1.58,54,-63,544.897740905506,4.36089374453872
1.58,54,-60,561.307437802304,4.39277142743737
1.58,54,-57,576.886155216039,4.42154878925453
1.58,54,-54,591.56675716125,4.44739565714594
1.58,54,-51,605.328963280912,4.47042850507895
1.58,54,-48,618.18913999183,4.49069871689574
1.58,54,-45,630.188649521259,4.50818650683514
1.58,54,-42,641.385090209116,4.52280126459375
1.58,54,-39,651.850146914261,4.53438996169804
1.58,54,-36,661.675501265132,4.54275604843846
1.58,54,-33,670.98487814637,4.54769121792128
1.58,54,-30,679.946997188659,4.54902075540422
1.58,54,-27,688.782352961016,4.54665959231695
1.58,54,-24,697.757434692604,4.54067118498429
1.58,54,-21,707.163452710561,4.53131662419172
1.58,54,-18,717.281983472577,4.51907952642829
1.58,54,-15,728.345251233841,4.50465558569866
1.58,54,-12,740.50164080368,4.48890445701649
1.58,54,-9,753.795744587129,4.47277292885841
1.58,54,-6,768.166912410523,4.45720688947717
1.58,54,-3,783.463249059311,4.4430711419426
1.58,54,0,799.462760855347,4.43109043294134
1.58,54,3,815.892421860002,4.42181595131752
1.58,54,6,832.439417522533,4.41561393490151
1.58,54,9,848.754536069658,4.41266968887964
1.58,54,12,864.452592743362,4.41300095176329
1.58,54,15,879.116684881941,4.41647697918924
1.58,54,18,892.311477560058,4.42284180913155
1.58,54,21,903.60668751021,4.43174093578208
1.58,54,24,912.607387588234,4.44275026446527
1.58,54,27,918.984568753625,4.45540553984593
1.58,54,30,922.498717959987,4.46923012916926
1.58,54,33,923.011104495412,4.48375934409612
1.58,54,36,920.481151217968,4.49856021945496
1.58,54,39,914.952259796918,4.51324647377505
1.58,54,42,906.53131382548,4.52748895430389
1.58,54,45,895.367897605953,4.54102210516121
1.58,54,48,881.637992607115,4.55364696273574
1.58,54,51,865.534295966456,4.56523104716628
1.58,54,54,847.262504562981,4.57570544409901
1.58,54,57,827.040973470751,4.58505943563673
1.58,54,60,805.100623443492,4.59333322394114
1.58,54,63,781.682734568069,4.60060951127367
1.58,54,66,757.033748430666,4.60700486004104
1.58,54,69,731.397694638318,4.61266178815781
1.58,54,72,705.007815738189,4.61774243828943
1.58,54,75,678.079178281978,4.62242441990301
1.58,54,78,650.803638363928,4.62689911976023
1.58,54,81,623.347775227897,4.63137248313524
1.58,54,84,595.853638134891,4.63606804978384
1.58,54,87,568.441598146912,4.64123192160759
1.58,54,90,541.214351704848,4.64713933926935
1.58,54,93,514.261167984687,4.65410261294489
1.58,54,96,487.661727118498,4.66248022836932
1.58,54,99,461.489268694963,4.67268697326683
1.58,54,102,435.813178610282,4.68520485017576
1.58,54,105,410.701516957356,4.70059430650337
1.58,54,108,386.224253501202,4.71950482918545
1.58,54,111,362.458031731225,4.74268303474476
1.58,54,114,339.49300855018,4.77097472293612
1.58,54,117,317.441603459065,4.8053145719504
1.58,54,120,296.447791881827,4.84669307399672
1.58,54,123,276.693989880281,4.89608570590475
1.58,54,126,258.400949752805,4.95432712322504
1.58,54,129,241.815145478062,5.02191973710962
1.58,54,132,227.179066385405,5.09879039393915
1.58,54,135,214.684057095278,5.18405517098743
1.58,54,138,204.413282554075,5.27590341952123
1.58,54,141,196.291426897541,5.37171933720177
1.58,54,144,190.061331731957,5.46847349689706
1.58,54,147,185.299851547256,5.56326390250573
1.58,54,150,181.468031818633,5.65378739310809
1.58,54,153,177.976018022145,5.73857479397719
1.58,54,156,174.241192137703,5.81697824867305
1.58,54,159,169.727843293701,5.88902247796518
1.58,54,162,163.968971494256,5.95525415700931
1.58,54,165,156.577932714008,6.01667791853104
1.58,54,168,147.258025187799,6.0748190160193
1.58,54,171,135.814673016641,6.13194617975487
1.58,54,174,122.171763134458,6.19155396456989
1.58,54,177,106.394921407975,6.25941079575022
1.58,54,180,88.7358880704515,6.34608178478788
1.58,57,-180,88.7358880704515,0.115256355168123
1.58,57,-177,70.4874146990548,0.241229394554743
1.58,57,-174,52.2062187014672,0.459270945154059
1.58,57,-171,37.4531240750367,0.891271142444287
1.58,57,-168,34.7935750290813,1.59840012351488
1.58,57,-165,47.8744334629029,2.15234084362548
1.58,57,-162,68.619313634208,2.43230858713266
1.58,57,-159,91.8441047286467,2.58273341690793
1.58,57,-156,115.59709964046,2.67631678933931
1.58,57,-153,138.95361421613,2.74225114645878
1.58,57,-150,161.351913788768,2.79363597309858
1.58,57,-147,182.410330177083,2.83715723537287
1.58,57,-144,201.870933583394,2.87662812626273
1.58,57,-141,219.579560465523,2.9144357188746
1.58,57,-138,235.476215388209,2.95219477474531
1.58,57,-135,249.587566229685,2.99106760874662
1.58,57,-132,262.018932968251,3.03192824840677
1.58,57,-129,272.94509682615,3.0754457134908
1.58,57,-126,282.599782046321,3.12212029102841
1.58,57,-123,291.263660776026,3.17229043773291
1.58,57,-120,299.250656319744,3.2261223841327
1.58,57,-117,306.89244461239,3.28359341646541
1.58,57,-114,314.521484972285,3.34447967938468
1.58,57,-111,322.453560194117,3.4083579426629
1.58,57,-108,330.971404949318,3.47462703708836
1.58,57,-105,340.31121515902,3.54254897347175
1.58,57,-102,350.6534468733,3.61130389765734
1.58,57,-99,362.118405194724,3.68004932054256
1.58,57,-96,374.766058729593,3.74797394979472
1.58,57,-93,388.598761860457,3.81433957408708
1.58,57,-90,403.56542815645,3.87850890410414
1.58,57,-87,419.566152375133,3.93996089073692
1.58,57,-84,436.457032541939,3.99829663174046
1.58,57,-81,454.055625252939,4.05323868671296
1.58,57,-78,472.147812163745,4.10462540869524
1.58,57,-75,490.496784193709,4.15240077796853
1.58,57,-72,508.854431936727,4.19659975188777
1.58,57,-69,526.974801014417,4.23732936605492
1.58,57,-66,544.628569964221,4.27474644934199
1.58,57,-63,561.616877044982,4.30903347039139
1.58,57,-60,577.782432417181,4.34037441549555
1.58,57,-57,593.015912453326,4.36893256272707
1.58,57,-54,607.25632869263,4.39483159779279
1.58,57,-51,620.485427677163,4.41814090919084
1.58,57,-48,632.717957927819,4.43886541003519
1.58,57,-45,643.991269756073,4.4569401732009
1.58,57,-42,654.358456568148,4.47223069992572
1.58,57,-39,663.888506536533,4.48454063277385
1.58,57,-36,672.67459823277,4.49362966205494
1.58,57,-33,680.8483065267,4.4992444684816
1.58,57,-30,688.594229610605,4.50116399402823
1.58,57,-27,696.157748699243,4.4992567382647
1.58,57,-24,703.83931710007,4.49354258786156
1.58,57,-21,711.972095372387,4.48424651214864
1.58,57,-18,720.885106502791,4.47182890773054
1.58,57,-15,730.859561330079,4.45698002660388
1.58,57,-12,742.089246911213,4.44057447954358
1.58,57,-9,754.655030949676,4.42359361584798
1.58,57,-6,768.518511359569,4.4070332741901
1.58,57,-3,783.532793285794,4.39181711027152
1.58,57,0,799.462760855347,4.37873055538151
1.58,57,3,816.0057258712,4.36838110364408
1.58,57,6,832.806300785181,4.36118233819137
1.58,57,9,849.464706744943,4.35735516993508
1.58,57,12,865.54250818044,4.35694009991729
1.58,57,15,880.571744022574,4.35981669060689
1.58,57,18,894.072054667793,4.36572851532534
1.58,57,21,905.576698108169,4.37431254377071
1.58,57,24,914.664135403341,4.38513143113428
1.58,57,27,920.988915037452,4.39770637571271
1.58,57,30,924.304974801403,4.41154786445215
1.58,57,33,924.476317336782,4.42618201726836
1.58,57,36,921.473515068824,4.44117118193487
1.58,57,39,915.358332661958,4.4561285141947
1.58,57,42,906.261562941491,4.47072712854199
1.58,57,45,894.360075732943,4.48470482920818
1.58,57,48,879.857979457415,4.4978654388789
1.58,57,51,862.974348082677,4.51007749311676
1.58,57,54,843.937244174494,4.52127077197164
1.58,57,57,822.981783890064,4.53143096602907
1.58,57,60,800.349299088913,4.54059279232791
1.58,57,63,776.285216933716,4.54883205103637
1.58,57,66,751.034597714001,4.55625734283116
1.58,57,69,724.835681531327,4.56300233223579
1.58,57,72,697.912759738812,4.56921946072131
1.58,57,75,670.469973274956,4.57507586303234
1.58,57,78,642.687316698781,4.58075196118401
1.58,57,81,614.719452980548,4.58644288498726
1.58,57,84,586.697219966989,4.59236258597749
1.58,57,87,558.731162514763,4.59875033724975
1.58,57,90,530.916162745235,4.60587926182783
1.58,57,93,503.336265161575,4.61406657667682
1.58,57,96,476.069038050426,4.62368531925537
1.58,57,99,449.189188805256,4.63517737373037
1.58,57,102,422.771571186241,4.64906757469232
1.58,57,105,396.894105109329,4.66597846570931
1.58,57,108,371.641388527403,4.68664479410992
1.58,57,111,347.109816993481,4.71192575906388
1.58,57,114,323.414727925256,4.74281092133869
1.58,57,117,300.699347527181,4.78041188985946
1.58,57,120,279.144075518937,4.82592595190313
1.58,57,123,258.972939195807,4.8805503829881
1.58,57,126,240.452154336007,4.94532109334635
1.58,57,129,223.874375741343,5.02085628526894
1.58,57,132,209.522898552834,5.10702064446664
1.58,57,135,197.614954667102,5.20259826067587
1.58,57,138,188.233560170111,5.3051463464563
1.58,57,141,181.269705645286,5.41121039105875
1.58,57,144,176.401119494622,5.51692886510937
1.58,57,147,173.121274417202,5.61880449019954
1.58,57,150,170.807869306396,5.71429616997012
1.58,57,153,168.802523174058,5.80202448457678
1.58,57,156,166.475478510239,5.88163988487936
1.58,57,159,163.264692593326,5.95354999871747
1.58,57,162,158.693592525062,6.01868556438857
1.58,57,165,152.378126894847,6.0783961397164
1.58,57,168,144.032390733485,6.13450047658417
1.58,57,171,133.477581815787,6.18951058877165
1.58,57,174,120.65578262002,6.24711853149874
1.58,57,177,105.651564284797,6.31323667512026
1.58,57,180,88.7358880704515,6.39844166234771
1.58,60,-180,88.7358880704513,0.167616232727953
1.58,60,-177,71.2704876088074,0.291397375338461
1.58,60,-174,53.7541968469767,0.502850262485229
1.58,60,-171,39.5085801323712,0.907522676786003
1.58,60,-168,36.1414881464332,1.56230245756153
1.58,60,-165,47.681299445774,2.11206922368422
1.58,60,-162,67.3247142441049,2.40551942995145
1.58,60,-159,89.8240770816147,2.56451385431462
1.58,60,-156,113.059244219559,2.66248358755208
1.58,60,-153,136.027545402734,2.73045464097448
1.58,60,-150,158.131326669422,2.78257832703057
1.58,60,-147,178.971249765278,2.826117819608
1.58,60,-144,198.281297178975,2.86522461250506
1.58,60,-141,215.905836245805,2.90250163824687
1.58,60,-138,231.789223273786,2.93971142904141
1.58,60,-135,245.968209260399,2.9781191617804
1.58,60,-132,258.563713386807,3.01866356766909
1.58,60,-129,269.770671581988,3.06203859901299
1.58,60,-126,279.845394821344,3.10872537441226
1.58,60,-123,289.090194846631,3.15899674531329
1.58,60,-120,297.83539675014,3.21291042373098
1.58,60,-117,306.419420888623,3.27030400780705
1.58,60,-114,315.168321815832,3.33080268813148
1.58,60,-111,324.376774375382,3.39384604453738
1.58,60,-108,334.292669098182,3.45873410872825
1.58,60,-105,345.106994993215,3.5246864499899
1.58,60,-102,356.949605461103,3.59090391763806
1.58,60,-99,369.890160571287,3.65662254817548
1.58,60,-96,383.942540285708,3.72115275097142
1.58,60,-93,399.070711900852,3.78390214421811
1.58,60,-90,415.194456578087,3.84438479826373
1.58,60,-87,432.194238579204,3.90222162930877
1.58,60,-84,449.915425720121,3.957136264115
1.58,60,-81,468.172703150707,4.00894890441634
1.58,60,-78,486.755713869282,4.05756880018774
1.58,60,-75,505.436735878301,4.10298472536168
1.58,60,-72,523.980693523912,4.14525258212216
1.58,60,-69,542.157141612436,4.18447973840192
1.58,60,-66,559.753178417193,4.22080652541289
1.58,60,-63,576.585659275652,4.25438608921246
1.58,60,-60,592.510753296345,4.28536422268996
1.58,60,-57,607.429007372179,4.31386078775194
1.58,60,-54,621.28481963994,4.33995393233063
1.58,60,-51,634.060585246035,4.36366773118441
1.58,60,-48,645.76748875403,4.38496345422407
1.58,60,-45,656.436415213275,4.40373470639344
1.58,60,-42,666.113034382453,4.41980734294687
1.58,60,-39,674.860241192499,4.43294618591362
1.58,60,-36,682.768750583979,4.44287162308168
1.58,60,-33,689.973325692755,4.44928936136265
1.58,60,-30,696.668970308419,4.45193513171338
1.58,60,-27,703.1197056883,4.45063258311619
1.58,60,-24,709.653234946591,4.44535733670498
1.58,60,-21,716.638117922379,4.4362946959703
1.58,60,-18,724.445324749617,4.4238753717413
1.58,60,-15,733.401539060773,4.4087754859401
1.58,60,-12,743.745101132858,4.39187515030719
1.58,60,-9,755.595129350685,4.37418186345594
1.58,60,-6,768.939816634422,4.35673558010846
1.58,60,-3,783.64305958961,4.34051628556621
1.58,60,0,799.462760855347,4.32637067782168
1.58,60,3,816.072130776196,4.3149653598641
1.58,60,6,833.077645129241,4.30676518139589
1.58,60,9,850.032155327999,4.30203076750966
1.58,60,12,866.446142273438,4.30082910311065
1.58,60,15,881.802072354644,4.30305314977702
1.58,60,18,895.575676303741,4.30844843765819
1.58,60,21,907.264657731405,4.31664519146076
1.58,60,24,916.421545497538,4.32719399183836
1.58,60,27,922.684763980131,4.33960212075389
1.58,60,30,925.801491667499,4.35336739153208
1.58,60,33,925.637615444811,4.36800672747161
1.58,60,36,922.173365402621,4.38307784976117
1.58,60,39,915.486836670774,4.39819374351275
1.58,60,42,905.730326214857,4.41303067177829
1.58,60,45,893.105393216139,4.42733114052197
1.58,60,48,877.8416445591,4.44090332743043
1.58,60,51,860.182002580242,4.45361819788207
1.58,60,54,840.374597992651,4.46540507049656
1.58,60,57,818.669403647552,4.47624599754645
1.58,60,60,795.316859657995,4.48616914637959
1.58,60,63,770.566073785919,4.49524143517544
1.58,60,66,744.661303365752,4.50356090443088
1.58,60,69,717.836736401034,4.51124955159101
1.58,60,72,690.310572424171,4.51844748869621
1.58,60,75,662.279794459194,4.52530923350981
1.58,60,78,633.916837324436,4.53200272629019
1.58,60,81,605.368801651005,4.5387113548576
1.58,60,84,576.759206423385,4.54563897254978
1.58,60,87,548.191738797039,4.5530176905238
1.58,60,90,519.755172279564,4.56111815203053
1.58,60,93,491.528606653381,4.57026203228743
1.58,60,96,463.586388641184,4.58083659761745
1.58,60,99,436.002420687884,4.59331123429172
1.58,60,102,408.853967400614,4.60825585307404
1.58,60,105,382.225437505875,4.6263608990166
1.58,60,108,356.212865204424,4.64845816709468
1.58,60,111,330.929843611486,4.67554036366503
1.58,60,114,306.515370784532,4.70877466332241
1.58,60,117,283.143346467886,4.74950033981099
1.58,60,120,261.032201860687,4.79919181444838
1.58,60,123,240.451296500699,4.85935634152405
1.58,60,126,221.718398548286,4.9313247981704
1.58,60,129,205.180466289671,5.01589979444168
1.58,60,132,191.170023968672,5.11287621520089
1.58,60,135,179.935220283998,5.22056907105566
1.58,60,138,171.555945798009,5.33562896873828
1.58,60,141,165.876354089936,5.45343190233537
1.58,60,144,162.489314720248,5.56904011822995
1.58,60,147,160.786686993455,5.67830510972683
1.58,60,150,160.053179817719,5.77856622460596
1.58,60,153,159.562544152691,5.8687315377099
1.58,60,156,158.645828229995,5.94893509924217
1.58,60,159,156.72546857617,6.02009650093434
1.58,60,162,153.325628042119,6.08360091119823
1.58,60,165,148.072949478422,6.14116986420769
1.58,60,168,140.697763260074,6.19491598547353
1.58,60,171,131.040025623798,6.24757953191471
1.58,60,174,119.060999412018,6.30302372169867
1.58,60,177,104.863603448308,6.36726210971735
1.58,60,180,88.7358880704513,6.45080153990754
1.58,63,-180,88.7358880704513,0.219976110287784
1.58,63,-177,72.1015120122021,0.341145761946779
1.58,63,-174,55.391634941,0.545186746358167
1.58,63,-171,41.6773389954209,0.922589478129362
1.58,63,-168,37.6592603720037,1.52547327939944
1.58,63,-165,47.5877961334845,2.06634851645621
1.58,63,-162,65.9843913749231,2.37329558319067
1.58,63,-159,87.6459356580943,2.54206870618282
1.58,63,-156,110.283063548674,2.64542635943313
1.58,63,-153,132.80680908485,2.71616479973471
1.58,63,-150,154.579406769019,2.76956520105238
1.58,63,-147,175.18192227436,2.8135268409464
1.58,63,-144,194.33908697447,2.85257328319596
1.58,63,-141,211.892610575603,2.88954018542695
1.58,63,-138,227.78955705898,2.92634423395448
1.58,63,-135,242.074397910406,2.9643536081979
1.58,63,-132,254.880406128741,3.00456864428365
1.58,63,-129,266.418469647002,3.04770432943915
1.58,63,-126,276.96235738709,3.09422020199975
1.58,63,-123,286.830130355766,3.1443249321737
1.58,63,-120,296.362195765515,3.19797536081322
1.58,63,-117,305.89749705978,3.25488526717623
1.58,63,-114,315.750269342809,3.31455373577609
1.58,63,-111,326.190258277896,3.37631554406131
1.58,63,-108,337.428950062131,3.43940782568065
1.58,63,-105,349.613149522358,3.5030412628044
1.58,63,-102,362.825554559875,3.56646273885225
1.58,63,-99,377.090460125699,3.62900004486437
1.58,63,-96,392.381958445869,3.69008568419941
1.58,63,-93,408.632183542312,3.7492628449344
1.58,63,-90,425.738051268989,3.80617990702115
1.58,63,-87,443.566108659993,3.86057997682323
1.58,63,-84,461.956086418316,3.91228992467042
1.58,63,-81,480.724290379801,3.96121074884866
1.58,63,-78,499.668028756318,4.00730897410164
1.58,63,-75,518.571950784707,4.05060774051222
1.58,63,-72,537.216614913658,4.09117621527334
1.58,63,-69,555.388940402627,4.12911661496585
1.58,63,-66,572.8935298466,4.16454902313644
1.58,63,-63,589.563294827454,4.19759495327732
1.58,63,-60,605.267529625063,4.2283610017613
1.58,63,-57,619.915749879437,4.2569238823007
1.58,63,-54,633.456390460358,4.28331772328322
1.58,63,-51,645.870814688001,4.30752397987938
1.58,63,-48,657.164727345391,4.32946399051321
1.58,63,-45,667.360443733266,4.34899439303233
1.58,63,-42,676.493885426093,4.36590643076855
1.58,63,-39,684.619178844081,4.37993142685201
1.58,63,-36,691.82132541173,4.39075583687124
1.58,63,-33,698.234185129124,4.39804951947599
1.58,63,-30,704.058022927423,4.40150942981549
1.58,63,-27,709.56927636246,4.40091744443067
1.58,63,-24,715.115876529381,4.39620579915398
1.58,63,-21,721.094609665058,4.38751802494588
1.58,63,-18,727.912021162441,4.37524969175292
1.58,63,-15,735.935749136479,4.3600544166879
1.58,63,-12,745.446867848297,4.34280784164645
1.58,63,-9,756.603968399798,4.32453394917405
1.58,63,-6,769.425798398485,4.30630928142756
1.58,63,-3,783.792887288173,4.2891658788748
1.58,63,0,799.462760855347,4.27401080026185
1.58,63,3,816.090861881108,4.26157150520482
1.58,63,6,833.250897711247,4.25236742648199
1.58,63,9,850.452480880189,4.24670278576728
1.58,63,12,867.157980040432,4.2446748251701
1.58,63,15,882.802367143731,4.24619323407747
1.58,63,18,896.818934820802,4.25100826126646
1.58,63,21,908.670885394783,4.25874553427847
1.58,63,24,917.8854938382,4.26894505179979
1.58,63,27,924.085284864364,4.28110099311014
1.58,63,30,927.010311338476,4.29469868116188
1.58,63,33,926.527269564482,4.30924555895635
1.58,63,36,922.624225875465,4.32429424023601
1.58,63,39,915.39310623126,4.33945716882391
1.58,63,42,905.00470001337,4.35441373573889
1.58,63,45,891.68196319458,4.36891155276924
1.58,63,48,875.676685931068,4.38276384554496
1.58,63,51,857.252558343524,4.39584467757688
1.58,63,54,836.675177866476,4.40808316215046
1.58,63,57,814.207482598269,4.41945723170456
1.58,63,60,790.108053398266,4.42998713914112
1.58,63,63,764.629815381927,4.43972876340534
1.58,63,66,738.017577295088,4.4487669412093
1.58,63,69,710.504051687946,4.45720930809833
1.58,63,72,682.305006571084,4.46518134486325
1.58,63,75,653.614717118174,4.47282338053121
1.58,63,78,624.602868658327,4.48029017947678
1.58,63,81,595.413655090734,4.48775349715963
1.58,63,84,566.167249410356,4.49540772808114
1.58,63,87,536.963309001249,4.50347858465622
1.58,63,90,507.88585618431,4.51223468584579
1.58,63,93,479.008793079786,4.52200199249614
1.58,63,96,450.401445761513,4.53318115316833
1.58,63,99,422.13381956801,4.54626795264219
1.58,63,102,394.281601745366,4.56187711102975
1.58,63,105,366.931283483065,4.58076955655291
1.58,63,108,340.186006686167,4.6038827629664
1.58,63,111,314.172785585411,4.63236230167842
1.58,63,114,289.051513372382,4.66758940862061
1.58,63,117,265.025517481611,4.71119239394423
1.58,63,120,242.352201732013,4.76501682846236
1.58,63,123,221.35027856399,4.83100925295667
1.58,63,126,202.397091120809,4.9109466002353
1.58,63,129,185.906058764516,5.00594198310521
1.58,63,132,172.272958723089,5.11573161097423
1.58,63,135,161.786692152556,5.23795618483941
1.58,63,138,154.521548546187,5.3679226637008
1.58,63,141,150.256385447429,5.49932789168856
1.58,63,144,148.471467740015,5.62583449724371
1.58,63,147,148.433523965979,5.74264476710626
1.58,63,150,149.324590098216,5.84722347053083
1.58,63,153,150.354776716909,5.93907208124317
1.58,63,156,150.828100668358,6.01904790850605
1.58,63,159,150.165345326435,6.08872205723634
1.58,63,162,147.903243122139,6.1499932001779
1.58,63,165,143.687574541457,6.20496475344623
1.58,63,168,137.269976295822,6.2560280130575
1.58,63,171,128.511440733454,6.30612450745652
1.58,63,174,117.392586296931,6.35925371422571
1.58,63,177,104.033300671865,6.42148160495609
1.58,63,180,88.7358880704513,6.50316141746737
1.58,66,-180,88.7358880704514,0.272335987847614
1.58,66,-177,72.9781846680742,0.390491661435049
1.58,66,-174,57.1147458744945,0.586418755827481
1.58,66,-171,43.9612609218911,0.936917026656208
1.58,66,-168,39.3706354604897,1.48884828820355
1.58,66,-165,47.6535728572584,2.01551303117733
1.58,66,-162,64.6575191747631,2.33516888917505
1.58,66,-159,85.3577210806219,2.51484506832703
1.58,66,-156,107.306109631252,2.62467657559965
1.58,66,-153,129.319663070216,2.69900845831292
1.58,66,-150,150.715849020442,2.75430256482587
1.58,66,-147,171.054067388857,2.79915120106287
1.58,66,-144,190.048757702559,2.83848515256424
1.58,66,-141,207.537957151208,2.87539047642812
1.58,66,-138,223.469799627683,2.91194444445629
1.58,66,-135,237.893772772895,2.94961834214192
1.58,66,-132,250.951466864931,2.98947180463959
1.58,66,-129,262.864301397626,3.03223950839092
1.58,66,-126,273.916906876933,3.07836202344536
1.58,66,-123,284.435807221261,3.12799294725025
1.58,66,-120,294.764248118963,3.18100559207979
1.58,66,-117,305.235382855568,3.23701586369758
1.58,66,-114,316.147132007509,3.29542968810937
1.58,66,-111,327.742322190932,3.35551320302491
1.58,66,-108,340.19684453521,3.41647465153214
1.58,66,-105,353.616729522135,3.47754219499336
1.58,66,-102,368.042898725758,3.53802362587837
1.58,66,-99,383.460774596619,3.59734080472129
1.58,66,-96,399.811447860057,3.65503978566059
1.58,66,-93,417.001708981815,3.71078339069972
1.58,66,-90,434.911499786897,3.76433486113679
1.58,66,-87,453.398665753382,3.81553977215522
1.58,66,-84,472.301869102468,3.8643103565595
1.58,66,-81,491.442987545717,3.91061337346554
1.58,66,-78,510.630307638993,3.95446062203841
1.58,66,-75,529.663458232159,3.99590037553221
1.58,66,-72,548.340460027131,4.0350081713424
1.58,66,-69,566.466602837012,4.07187612015604
1.58,66,-66,583.864197101496,4.10660076749477
1.58,66,-63,600.381698514391,4.13927022376161
1.58,66,-60,615.900441681339,4.16995158184845
1.58,66,-57,630.337431090347,4.1986795272703
1.58,66,-54,643.643449891613,4.2254466345003
1.58,66,-51,655.797098251181,4.25019538827247
1.58,66,-48,666.796937323749,4.27281179081658
1.58,66,-45,676.65513416559,4.29312078421377
1.58,66,-42,685.396263613984,4.31088470014129
1.58,66,-39,693.063826922153,4.32580730105647
1.58,66,-36,699.734654274717,4.33754713032867
1.58,66,-33,705.538269112391,4.34574409365891
1.58,66,-30,710.67549584653,4.35006176262352
1.58,66,-27,715.429141344616,4.3502444859082
1.58,66,-24,720.160228154014,4.34618331982723
1.58,66,-21,725.286186963482,4.33797925466785
1.58,66,-18,731.242090196373,4.32598837646096
1.58,66,-15,738.431141640327,4.31083403004203
1.58,66,-12,747.174394690672,4.29337730926945
1.58,66,-9,757.670305225255,4.27464816323785
1.58,66,-6,769.971580909659,4.25575078516516
1.58,66,-3,783.981063020989,4.23776336862215
1.58,66,0,799.462760855347,4.22165092270203
1.58,66,3,816.061290138624,4.20820236129967
1.58,66,6,833.323780941451,4.19799430118205
1.58,66,9,850.721615358462,4.19137812492118
1.58,66,12,867.67280504668,4.18848509124223
1.58,66,15,883.567492612265,4.18924513428724
1.58,66,18,897.79835280702,4.19341628369269
1.58,66,21,909.795269643872,4.20062205185139
1.58,66,24,919.060914727236,4.21039364059834
1.58,66,27,925.202023705616,4.22221311330522
1.58,66,30,927.951009329695,4.23555346343232
1.58,66,33,927.174134939597,4.24991209181777
1.58,66,36,922.865276873816,4.26483546437851
1.58,66,39,915.127421884514,4.2799342970784
1.58,66,42,904.146494674758,4.29489009511813
1.58,66,45,890.163166198858,4.30945493014825
1.58,66,48,873.447735227391,4.32344679612349
1.58,66,51,854.281345714854,4.33674274319119
1.58,66,54,832.944437999549,4.34927141794767
1.58,66,57,809.711252159437,4.36100590982767
1.58,66,60,784.84799602036,4.3719571917538
1.58,66,63,758.612140903087,4.38216812365492
1.58,66,66,731.251004495946,4.39170798409017
1.58,66,69,702.998879494528,4.40066770069889
1.58,66,72,674.073005202341,4.40915619914342
1.58,66,75,644.669337709853,4.41729844276413
1.58,66,78,614.9592451644,4.4252357316652
1.58,66,81,585.088016273673,4.43312869934481
1.58,66,84,555.175605376436,4.44116327362995
1.58,66,87,525.31954477854,4.44955975116267
1.58,66,90,495.599585465435,4.45858513140697
1.58,66,93,466.083456995934,4.46856897471011
1.58,66,96,436.833171859083,4.47992325216812
1.58,66,99,407.911494547486,4.4931668828641
1.58,66,102,379.388481265321,4.50895583544545
1.58,66,105,351.348295794996,4.52811969591284
1.58,66,108,323.896745942001,4.55170522037052
1.58,66,111,297.170089197324,4.58102598658164
1.58,66,114,271.345537860082,4.61771345951196
1.58,66,117,246.653413496134,4.66375586727975
1.58,66,120,223.389792141885,4.72149264032254
1.58,66,123,201.926248811708,4.7934983938653
1.58,66,126,182.709256508165,4.8822431399385
1.58,66,129,166.235815084966,4.98938818609665
1.58,66,132,152.987258166293,5.11467726445629
1.58,66,135,143.310903045473,5.25476488588863
1.58,66,138,137.273709711994,5.40288641019633
1.58,66,141,134.56166698392,5.55024431823031
1.58,66,144,134.502146838624,5.68868688225685
1.58,66,147,136.206629413522,5.81291688692356
1.58,66,150,138.746541312388,5.92098642148373
1.58,66,153,141.278387395152,6.01344034380353
1.58,66,156,143.096624769258,6.09214808747885
1.58,66,159,143.637308951683,6.15946503168781
1.58,66,162,142.462628922082,6.21783705632911
1.58,66,165,139.245792726643,6.26973429477486
1.58,66,168,133.764103959841,6.31779246010963
1.58,66,171,125.900983671088,6.36511432036081
1.58,66,174,115.655712012111,6.41579201692347
1.58,66,177,103.162992599843,6.47588951760477
1.58,66,180,88.7358880704514,6.5555212950272
1.58,69,-180,88.7358880704515,0.324695865407443
1.58,69,-177,73.8980804291111,0.439454377002919
1.58,69,-174,58.9196247339329,0.626683208240241
1.58,69,-171,46.3612516908088,0.950888267405026
1.58,69,-168,41.2944328526929,1.45332840453708
1.58,69,-165,47.9396916789987,1.96022166913103
1.58,69,-162,63.4121734543146,2.29076847919706
1.58,69,-159,83.0167851025545,2.4822496756419
1.58,69,-156,104.173925831927,2.59969158788857
1.58,69,-153,125.600941545111,2.67853642634364
1.58,69,-150,146.565677483992,2.73642640495764
1.58,69,-147,166.603643276274,2.78269537838326
1.58,69,-144,185.417995768789,2.82271656251409
1.58,69,-141,202.8421561461,2.85984514037326
1.58,69,-138,218.82357819866,2.89632622652036
1.58,69,-135,233.413610675987,2.9337352324902
1.58,69,-132,246.757273033607,2.97319051395265
1.58,69,-129,259.079908023014,3.01544837259286
1.58,69,-126,270.669093227799,3.06093833636407
1.58,69,-123,281.851403054477,3.10977528216024
1.58,69,-120,292.965104987719,3.16177457593334
1.58,69,-117,304.331508008634,3.21648768983511
1.58,69,-114,316.228891394587,3.27326500539005
1.58,69,-111,328.873069279477,3.33134043187764
1.58,69,-108,342.407384930177,3.38992286179203
1.58,69,-105,356.902637377168,3.44827635373164
1.58,69,-102,372.365035006397,3.50577530009244
1.58,69,-99,388.748704810404,3.56192980286896
1.58,69,-96,405.969036976627,3.61638529135273
1.58,69,-93,423.914038209358,3.66890552843465
1.58,69,-90,442.452321245073,3.71934877892762
1.58,69,-87,461.437763179215,3.76764443604854
1.58,69,-84,480.711838958659,3.81377386069032
1.58,69,-81,500.105068546583,3.85775613417285
1.58,69,-78,519.438979855145,3.89963756334144
1.58,69,-75,538.529623470047,3.93948313391451
1.58,69,-72,557.193106905991,3.97736835240211
1.58,69,-69,575.252943852472,4.01337061513038
1.58,69,-66,592.548333951119,4.04756000479159
1.58,69,-63,608.941934440861,4.07998995962233
1.58,69,-60,624.325438350014,4.1106884430289
1.58,69,-57,638.621522208392,4.13965006479757
1.58,69,-54,651.781567469133,4.16682921611818
1.58,69,-51,663.779895009067,4.19213394088764
1.58,69,-48,674.606730608229,4.21542027576153
1.58,69,-45,684.263195911257,4.23648736977909
1.58,69,-42,692.761735672085,4.25507484204805
1.58,69,-39,700.134225538558,4.27086525173129
1.58,69,-36,706.447670825835,4.28349566531636
1.58,69,-33,711.824500306707,4.29258242224605
1.58,69,-30,716.46189073071,4.29776173966219
1.58,69,-27,720.643253889309,4.29874551168786
1.58,69,-24,724.73561663135,4.29538684411771
1.58,69,-21,729.169269519188,4.28774456485726
1.58,69,-18,734.400300244712,4.27613203294841
1.58,69,-15,740.861389487412,4.26113535420263
1.58,69,-12,748.909961926808,4.24359124151924
1.58,69,-9,758.783871108114,4.22452464452631
1.58,69,-6,770.572504012093,4.20505739656948
1.58,69,-3,784.206334282285,4.18630650237163
1.58,69,0,799.462760855347,4.1692910451422
1.58,69,3,815.98293860751,4.15486077976164
1.58,69,6,833.294306136149,4.14365129432873
1.58,69,9,850.835828468774,4.13606428647283
1.58,69,12,867.985670464419,4.13226870584605
1.58,69,15,884.092393018372,4.13221838274884
1.58,69,18,898.510223347373,4.13568244675713
1.58,69,21,910.637035196732,4.14228507708103
1.58,69,24,919.951507218763,4.15155073828406
1.58,69,27,926.04457459693,4.16295054490339
1.58,69,30,928.640365873907,4.1759453356509
1.58,69,33,927.603374193957,4.19002168794001
1.58,69,36,922.931204952948,4.20471838509607
1.58,69,39,914.735102736261,4.21964246485464
1.58,69,42,903.212740677702,4.2344755664201
1.58,69,45,888.618798218485,4.24897253097066
1.58,69,48,871.238418400101,4.26295487754324
1.58,69,51,851.366977083807,4.27630180310098
1.58,69,54,829.297345916743,4.28894084319287
1.58,69,57,805.313738814605,4.30083952059159
1.58,69,60,779.689884827771,4.31199850201711
1.58,69,63,752.688910939921,4.32244621961252
1.58,69,66,724.562825495845,4.33223469735648
1.58,69,69,695.550500346751,4.34143640436716
1.58,69,72,665.874125309631,4.35014219181542
1.58,69,75,635.734911244045,4.35846060155615
1.58,69,78,605.309181843893,4.36651896517225
1.58,69,81,574.745929749828,4.37446673055678
1.58,69,84,544.166552099815,4.38248141726894
1.58,69,87,513.667002906907,4.39077759589179
1.58,69,90,483.322165502039,4.39961937722105
1.58,69,93,453.191962990825,4.40933710866107
1.58,69,96,423.328628583436,4.42034929111398
1.58,69,99,393.784637019458,4.43319111218739
1.58,69,102,364.621005521267,4.44855139779815
1.58,69,105,335.915946402905,4.46732014422486
1.58,69,108,307.774132126633,4.49064889914634
1.58,69,111,280.337058141365,4.52002548229968
1.58,69,114,253.795086238709,4.55736118646661
1.58,69,117,228.401578650107,4.60507866383597
1.58,69,120,204.488737708369,4.66616373300668
1.58,69,123,182.48250242369,4.74408987753901
1.58,69,126,162.90846290305,4.84242752388032
1.58,69,129,146.370395452712,4.96384651314129
1.58,69,132,133.470597733565,5.10831546323419
1.58,69,135,124.646559948641,5.27102481359483
1.58,69,138,119.957818673806,5.44185364049797
1.58,69,141,118.953582294925,5.6081449010894
1.58,69,144,120.747869827212,5.75945043513432
1.58,69,147,124.259412918415,5.89046780172578
1.58,69,150,128.446640639371,6.00065710824981
1.58,69,153,132.431515759458,6.09222859060719
1.58,69,156,135.522676532787,6.16837534655441
1.58,69,159,137.190989008104,6.23233291690532
1.58,69,162,137.037245303627,6.28708440633954
1.58,69,165,134.769581766701,6.33541818217403
1.58,69,168,130.194247447655,6.38015828793827
1.58,69,171,123.217440262513,6.42451515670295
1.58,69,174,113.855509672763,6.47262159231233
1.58,69,177,102.255082511656,6.530480096992
1.58,69,180,88.7358880704515,6.60788117258703
1.58,72,-180,88.7358880704515,0.377055742967272
1.58,72,-177,74.8586580064043,0.488055094587774
1.58,72,-174,60.8022146660936,0.666113302669636
1.58,72,-171,48.8771480169275,0.964827988317151
1.58,72,-168,43.444036677821,1.41972809827201
1.58,72,-165,48.5054906713682,1.90148394731272
1.58,72,-162,62.325152894368,2.23990827913952
1.58,72,-159,80.6914461767841,2.44368145809528
1.58,72,-156,100.942258823158,2.56985799471297
1.58,72,-153,121.694469168623,2.65421640141106
1.58,72,-150,142.161783384049,2.7154928225764
1.58,72,-147,161.853462529176,2.76379186444496
1.58,72,-144,180.460336248972,2.80496156572735
1.58,72,-141,197.810208087376,2.84264579824153
1.58,72,-138,213.847881691654,2.87926630145549
1.58,72,-135,228.62292249476,2.91650549573739
1.58,72,-132,242.278115307811,2.95554241974268
1.58,72,-129,255.03514615227,2.99716057006193
1.58,72,-126,267.175650337123,3.04179124213825
1.58,72,-123,279.017121927949,3.0895327186279
1.58,72,-120,290.884827598747,3.14017367164784
1.58,72,-117,303.082646033164,3.19323869061989
1.58,72,-114,315.867024189712,3.24806138822335
1.58,72,-111,329.428287485663,3.30387742201262
1.58,72,-108,343.882079106566,3.35992035919727
1.58,72,-105,359.271197179525,3.41550149810372
1.58,72,-102,375.575574521092,3.47006073724336
1.58,72,-99,392.726603494224,3.52318552588054
1.58,72,-96,410.621874767939,3.57460373163983
1.58,72,-93,429.137417726896,3.6241607008995
1.58,72,-90,448.136067323419,3.67179065181319
1.58,72,-87,467.472024642238,3.71748959545491
1.58,72,-84,486.992668150473,3.76129333179751
1.58,72,-81,506.539121378546,3.80326112676927
1.58,72,-78,525.94706781271,3.84346397350083
1.58,72,-75,545.048953345488,3.88197578562146
1.58,72,-72,563.678146237973,3.91886609213847
1.58,72,-69,581.674931950007,3.95419338354956
1.58,72,-66,598.89351612413,3.98799884934284
1.58,72,-63,615.208647423512,4.02030061718621
1.58,72,-60,630.520245740097,4.05108865706719
1.58,72,-57,644.754706889414,4.0803202909294
1.58,72,-54,657.862417766319,4.10791591941651
1.58,72,-51,669.812319984739,4.13375439981934
1.58,72,-48,680.58573858919,4.15766774674804
1.58,72,-45,690.172624514006,4.17943563015685
1.58,72,-42,698.573349821745,4.19878143683518
1.58,72,-39,705.807995851819,4.21537308834151
1.58,72,-36,711.932846706359,4.22883280894933
1.58,72,-33,717.061118159387,4.23876000805518
1.58,72,-30,721.382633781338,4.24476993134051
1.58,72,-27,725.175999818289,4.24654760184947
1.58,72,-24,728.807351037817,4.24391211125404
1.58,72,-21,732.712048535722,4.23688140542576
1.58,72,-18,737.359440890961,4.22572387830082
1.58,72,-15,743.20509299619,4.21098233403418
1.58,72,-12,750.638461923659,4.19345980281275
1.58,72,-9,759.935487736996,4.17416520177895
1.58,72,-6,771.224176099007,4.15422727579741
1.58,72,-3,784.46742194023,4.13479329630773
1.58,72,0,799.462760855347,4.11693116758236
1.58,72,3,815.855488517941,4.10154963480726
1.58,72,6,833.160787565282,4.08934414835232
1.58,72,9,850.79173527297,4.08076937454302
1.58,72,12,868.091875725842,4.07603546825923
1.58,72,15,884.372012838345,4.07512388451688
1.58,72,18,898.950455540453,4.07781838439136
1.58,72,21,911.194507361728,4.08374686442165
1.58,72,24,920.559422827143,4.09242937598594
1.58,72,27,926.620200525851,4.10332745697423
1.58,72,30,929.091928430551,4.11589005036133
1.58,72,33,927.835965003337,4.12959202705063
1.58,72,36,922.851655745021,4.143962613107
1.58,72,39,914.255908196893,4.15860262627089
1.58,72,42,902.255054091433,4.17319106369649
1.58,72,45,887.114427289723,4.18748295904516
1.58,72,48,869.130730599611,4.20130129909745
1.58,72,51,848.610735882435,4.21452602130458
1.58,72,54,825.857702574673,4.22708272468259
1.58,72,57,801.164799491024,4.23893290381941
1.58,72,60,774.813355018994,4.25006655433893
1.58,72,63,747.073231793206,4.26049719154712
1.58,72,66,718.202976773644,4.27025885778
1.58,72,69,688.448335517251,4.27940459673666
1.58,72,72,658.038837098433,4.28800604312315
1.58,72,75,627.183096070741,4.29615405790427
1.58,72,78,596.06402284491,4.30396060411633
1.58,72,81,564.83523221992,4.31156224872613
1.58,72,84,533.619674146113,4.3191258099035
1.58,72,87,502.511037462867,4.32685680738757
1.58,72,90,471.577964146795,4.33501158102421
1.58,72,93,440.870692399399,4.34391425986204
1.58,72,96,410.429500093068,4.35398020586897
1.58,72,99,380.294268550134,4.36574813070497
1.58,72,102,350.514611621498,4.37992381939053
1.58,72,105,321.160275684894,4.39743933892061
1.58,72,108,292.331867449094,4.41953274417026
1.58,72,111,264.172369615055,4.44785423310886
1.58,72,114,236.880319893911,4.4846038665928
1.58,72,117,210.725860656044,4.53269843955712
1.58,72,120,186.070770009577,4.59593760447303
1.58,72,123,163.391928006299,4.6790609139893
1.58,72,126,143.301376063275,4.78740408023039
1.58,72,129,126.539230041232,4.92555858054966
1.58,72,132,113.88574879824,5.09435228465732
1.58,72,135,105.928311465068,5.28679901281678
1.58,72,138,102.723648254048,5.48698278020074
1.58,72,141,103.609347879045,5.67596959846143
1.58,72,144,107.392436953925,5.84063057924391
1.58,72,147,112.755581027944,5.97692259534147
1.58,72,150,118.554710242917,6.08709206717998
1.58,72,153,123.909402556696,6.17579551103424
1.58,72,156,128.172763195676,6.24781907174279
1.58,72,159,130.871444955236,6.3072920637476
1.58,72,162,131.657083669992,6.35766013470355
1.58,72,165,130.278708846585,6.40194087870967
1.58,72,168,126.573344361316,6.44306729411669
1.58,72,171,120.469146121706,6.48429073628411
1.58,72,174,111.997049042521,6.52972501032701
1.58,72,177,101.312032575504,6.58524752780832
1.58,72,180,88.7358880704515,6.66024105014686
1.58,75,-180,88.7358880704516,0.429415620527102
1.58,75,-177,75.8572656728911,0.536316568226211
1.58,75,-174,62.7582758859948,0.704836781763599
1.58,75,-171,51.5076543484125,0.97900767845312
1.58,75,-168,45.8272775936419,1.38873576292779
1.58,75,-165,49.4048313794723,1.84063338046987
1.58,75,-162,61.4805935852524,2.18269554159454
1.58,75,-159,78.4623096887725,2.39858919943128
1.58,75,-156,97.6793581764318,2.53450757785012
1.58,75,-153,117.655659668045,2.62543112819615
1.58,75,-150,137.547604860492,2.69097003536605
1.58,75,-147,156.835848767283,2.74199206686844
1.58,75,-144,175.197702357577,2.78484411180117
1.58,75,-141,192.454166847166,2.82347786025259
1.58,75,-138,208.545138780731,2.86050224006989
1.58,75,-135,223.514322474531,2.89771210124729
1.58,75,-132,237.496050843565,2.93635215587658
1.58,75,-129,250.700192856819,2.97724213995447
1.58,75,-126,263.393081716778,3.02083165279111
1.58,75,-123,275.873783489101,3.0672279826923
1.58,75,-120,288.446685474955,3.11622679165699
1.58,75,-117,301.393187193387,3.16736389749062
1.58,75,-114,314.946584388573,3.21999313874465
1.58,75,-111,329.274317126534,3.27338199711842
1.58,75,-108,344.470315985979,3.3268076477467
1.58,75,-105,360.557690595418,3.37963496069257
1.58,75,-102,377.499490542405,3.4313644065775
1.58,75,-99,395.213724310226,3.4816477486251
1.58,75,-96,413.5886709643,3.53027784267929
1.58,75,-93,432.495514819686,3.57716290452577
1.58,75,-90,451.796858520764,3.6222952589921
1.58,75,-87,471.351126537225,3.66572166693887
1.58,75,-84,491.013901150609,3.70751884146259
1.58,75,-81,510.637733926056,3.74777499852672
1.58,75,-78,530.072003243087,3.78657667999811
1.58,75,-75,549.164054132965,3.82399951530786
1.58,75,-72,567.762272935624,3.86010168902985
1.58,75,-69,585.721027226946,3.8949192701476
1.58,75,-66,602.906675076728,3.9284629319444
1.58,75,-63,619.203290689952,3.96071576821303
1.58,75,-60,634.516560967033,3.9916318419187
1.58,75,-57,648.774634462438,4.02113486363058
1.58,75,-54,661.925578999949,4.04911617225234
1.58,75,-51,673.932358501921,4.07543121954241
1.58,75,-48,684.767502877842,4.09989425195768
1.58,75,-45,694.410433313272,4.12227190769781
1.58,75,-42,702.850293123652,4.14227784495825
1.58,75,-39,710.095944518497,4.1595718957505
1.58,75,-36,716.192715813174,4.1737680695448
1.58,75,-33,721.243059088112,4.18445551734975
1.58,75,-30,725.426220468407,4.19123500312058
1.58,75,-27,729.0109943747,4.19377048534654
1.58,75,-24,732.356043365621,4.19185138223799
1.58,75,-21,735.894193271984,4.18545667809702
1.58,75,-18,740.100277855185,4.174808423168
1.58,75,-15,745.445860013799,4.16040099354577
1.58,75,-12,752.347510195047,4.14299518482738
1.58,75,-9,761.117153445186,4.12357312593122
1.58,75,-6,771.922517951836,4.10325938739553
1.58,75,-3,784.763031589399,4.0832220325925
1.58,75,0,799.462760855347,4.06457129002253
1.58,75,3,815.678784908591,4.04827181492232
1.58,75,6,832.921857028284,4.03507884880076
1.58,75,9,850.586307294221,4.02550209295483
1.58,75,12,867.986950411341,4.01979618447022
1.58,75,15,884.401226284522,4.01797394941195
1.58,75,18,899.114427016293,4.01983748082457
1.58,75,21,911.464873976831,4.02502168375945
1.58,75,24,920.88493117777,4.03304478120503
1.58,75,27,926.933397610125,4.04336034796286
1.58,75,30,929.315458361837,4.0554058683255
1.58,75,33,927.887989444536,4.06864368425599
1.58,75,36,922.650292345519,4.08259148023418
1.58,75,39,913.722751712439,4.09684100443878
1.58,75,42,901.317848660672,4.11106535296624
1.58,75,45,885.708899573648,4.12501660456849
1.58,75,48,867.201574803773,4.13851664284522
1.58,75,51,846.111810836606,4.15144445010825
1.58,75,54,822.75163425408,4.16372293969029
1.58,75,57,797.422306902405,4.17530762379073
1.58,75,60,770.412655866477,4.18617835727406
1.58,75,63,741.999796055484,4.19633437760596
1.58,75,66,712.44969722688,4.20579213792559
1.58,75,69,682.015940166844,4.21458511847799
1.58,75,72,650.936167674635,4.22276486160157
1.58,75,75,619.42679496252,4.23040277160199
1.58,75,78,587.67724352191,4.23759260339768
1.58,75,81,555.845199434393,4.24445393121984
1.58,75,84,524.054210676138,4.25113720938
1.58,75,87,492.394462288148,4.25783133563562
1.58,75,90,460.926974233491,4.26477495420874
1.58,75,93,429.690912055336,4.27227314244282
1.58,75,96,398.71329876464,4.28072166579438
1.58,75,99,368.020227453768,4.2906417402053
1.58,75,102,337.648710675261,4.30272935961385
1.58,75,105,307.658547597745,4.3179249948153
1.58,75,108,278.144018272677,4.33751222982523
1.58,75,111,249.245815237822,4.3632580136735
1.58,75,114,221.164417009767,4.39761226353814
1.58,75,117,194.177135355865,4.44398688498132
1.58,75,120,168.662233751314,4.50711870509264
1.58,75,123,145.13389303413,4.59343670143855
1.58,75,126,124.287216955938,4.71106193985159
1.58,75,129,107.029637508202,4.8683240092094
1.58,75,132,94.4106133847455,5.06872160187161
1.58,75,135,87.2870493783648,5.30219895511607
1.58,75,138,85.7323858462813,5.54196975283811
1.58,75,141,88.7348033926675,5.75824331445605
1.58,75,144,94.6455276539479,5.93559496239681
1.58,75,147,101.871045300974,6.07417078887145
1.58,75,150,109.201083386607,6.18114042660014
1.58,75,153,115.801956526893,6.26442021049171
1.58,75,156,121.106687678963,6.33049383924399
1.58,75,159,124.717929513932,6.38425681355517
1.58,75,162,126.347972656827,6.42945799886388
1.58,75,165,125.790378122246,6.46921047137944
1.58,75,168,122.913006849434,6.50645406941624
1.58,75,171,117.663920651527,6.54440255285839
1.58,75,174,110.085313167961,6.58708462890186
1.58,75,177,100.336356655086,6.64018597401926
1.58,75,180,88.7358880704516,6.71260092770669
1.58,78,-180,88.7358880704515,0.481775498086931
1.58,78,-177,76.8911469813972,0.584262811088429
1.58,78,-174,64.7833591174954,0.742974670992433
1.58,78,-171,54.2503213977894,0.993650701651468
1.58,78,-168,48.446664629361,1.36089080192532
1.58,78,-165,50.6822899822636,1.77923813659736
1.58,78,-162,60.9669138649819,2.119644505418
1.58,78,-159,76.4227812048556,2.34656168452992
1.58,78,-156,94.4681441133923,2.49295361060224
1.58,78,-153,113.554220447717,2.5914864545904
1.58,78,-150,132.779935987791,2.66223467171946
1.58,78,-147,151.595361417233,2.71675869670977
1.58,78,-144,169.662933728533,2.76191017344377
1.58,78,-141,186.795402502486,2.8019641069584
1.58,78,-138,202.92520864357,2.83972824903725
1.58,78,-135,218.085835425414,2.87711790485168
1.58,78,-132,232.396735554333,2.9154514396141
1.58,78,-129,246.047733231434,2.95559664094498
1.58,78,-126,259.280625982418,2.99803996964704
1.58,78,-123,272.3670247383,3.04292408131825
1.58,78,-120,285.583019905206,3.09008443754458
1.58,78,-117,299.182997459113,3.13910364737602
1.58,78,-114,313.376269173388,3.18938898084526
1.58,78,-111,328.310410983656,3.24026562791895
1.58,78,-108,344.063992674581,3.29106966605485
1.58,78,-105,360.649107349421,3.34122349142219
1.58,78,-102,378.02170821889,3.3902823247937
1.58,78,-99,396.096191648749,3.43794957288599
1.58,78,-96,414.760391901904,3.4840667397632
1.58,78,-93,433.88800903864,3.52858753209873
1.58,78,-90,453.346929827322,3.57154572512526
1.58,78,-87,473.003348259748,3.61302384319573
1.58,78,-84,492.722669972847,3.65312657402923
1.58,78,-81,512.368750394058,3.6919602668682
1.58,78,-78,531.803088917004,3.72961828784688
1.58,78,-75,550.885275300823,3.76617132680967
1.58,78,-72,569.475378764479,3.80166165006723
1.58,78,-69,587.438219330446,3.83610043510669
1.58,78,-66,604.648725206663,3.86946745203734
1.58,78,-63,620.997046952499,3.90171233988345
1.58,78,-60,636.391955139329,3.93275655658677
1.58,78,-57,650.76141776453,3.96249486465291
1.58,78,-54,664.05012718782,3.99079513496851
1.58,78,-51,676.21493175656,4.01749551637379
1.58,78,-48,687.220263810096,4.04239876963732
1.58,78,-45,697.036308205485,4.06526478316957
1.58,78,-42,705.642470009606,4.0858037409279
1.58,78,-39,713.037561879243,4.10367368469128
1.58,78,-36,719.2562481054,4.11848682943977
1.58,78,-33,724.389138263536,4.12982857977454
1.58,78,-30,728.602123646357,4.1372915966779
1.58,78,-27,732.149624504872,4.14052455066809
1.58,78,-24,735.376682022162,4.13929165680562
1.58,78,-21,738.706341882869,4.13353524566222
1.58,78,-18,742.611340363664,4.12343033866099
1.58,78,-15,747.572272288133,4.10941867658317
1.58,78,-12,754.027491106216,4.09221117653417
1.58,78,-9,762.322099548086,4.07275299884658
1.58,78,-6,772.66379708799,4.05215344411711
1.58,78,-3,785.091863611517,4.03159125476959
1.58,78,0,799.462760855347,4.0122114124627
1.58,78,3,815.452841797142,3.99503021356794
1.58,78,6,832.576479056682,3.98086161074397
1.58,78,9,850.216887828278,3.97027173767357
1.58,78,12,867.66664715579,3.96356267471651
1.58,78,15,884.174779163539,3.96078232235039
1.58,78,18,898.996847488249,3.96175493248617
1.58,78,21,911.443949977218,3.96612592504721
1.58,78,24,920.92607140935,3.97341453788956
1.58,78,27,926.985418397402,3.98306827492707
1.58,78,30,929.316295810601,3.99451387602124
1.58,78,33,927.76977444406,4.00720057398881
1.58,78,36,922.343586795304,4.02063269176305
1.58,78,39,913.159938447991,4.03439011043274
1.58,78,42,900.435716874837,4.04813670412125
1.58,78,45,884.450451114997,4.06161832279199
1.58,78,48,865.517076142887,4.07465308529958
1.58,78,51,843.959170458304,4.08711739661502
1.58,78,54,820.096279883716,4.09893108677936
1.58,78,57,794.23681846223,4.11004441397421
1.58,78,60,766.676423775757,4.12042859347787
1.58,78,63,737.69889473266,4.13007033601397
1.58,78,66,707.577006223343,4.13896992148907
1.58,78,69,676.571360470698,4.14714179517305
1.58,78,72,644.926632871933,4.15461658651805
1.58,78,75,612.865721173804,4.16144371773082
1.58,78,78,580.583125007176,4.16769423494019
1.58,78,81,548.239228351173,4.17346401991821
1.58,78,84,515.957036501422,4.17887804090634
1.58,78,87,483.822445995405,4.18409675330975
1.58,78,90,451.888469500395,4.18932618595332
1.58,78,93,420.183169761883,4.19483369914059
1.58,78,96,388.720516082168,4.2009719676596
1.58,78,99,357.513052597189,4.20821458830169
1.58,78,102,326.585200783507,4.21720814073078
1.58,78,105,295.986216180054,4.22884809467365
1.58,78,108,265.802277726491,4.24439062191142
1.58,78,111,236.167926852602,4.26562074745696
1.58,78,114,207.278186735472,4.29511174920209
1.58,78,117,179.404428727728,4.33663349001349
1.58,78,120,152.919887481332,4.39579343401006
1.58,78,123,128.345067068159,4.48097687075253
1.58,78,126,106.4268012807,4.60436446881098
1.58,78,129,88.2488815279057,4.78143027066699
1.58,78,132,75.2633065951502,5.02350928323085
1.58,78,135,68.8516606126351,5.3174214438147
1.58,78,138,69.1736879670018,5.61363876548617
1.58,78,141,74.5891070307482,5.86210871129998
1.58,78,144,82.7551495113026,6.04875976979194
1.58,78,147,91.7949055684797,6.18425873824901
1.58,78,150,100.51345609554,6.28353324243628
1.58,78,153,108.190567360213,6.35824049797241
1.58,78,156,114.375397617735,6.41631188200654
1.58,78,159,118.762667589012,6.46307885017095
1.58,78,162,121.130954279915,6.50233714608097
1.58,78,165,121.31893716965,6.53711793217212
1.58,78,168,119.223394095536,6.5702461688485
1.58,78,171,114.809016355728,6.60481021017314
1.58,78,174,108.125179802367,6.64468280291949
1.58,78,177,99.3306137185079,6.6952896232965
1.58,78,180,88.7358880704515,6.76496080526652
1.58,81,-180,88.7358880704515,0.534135375646761
1.58,81,-177,77.957446576849,0.631918797973913
1.58,81,-174,66.8727842979952,0.780640428838853
1.58,81,-171,57.101557421814,1.00893760766843
1.58,81,-168,51.2998772579726,1.33657797581545
1.58,81,-165,52.3700188086626,1.71895855307986
1.58,81,-162,60.8718433998341,2.05176399164595
1.58,81,-159,74.6781037121731,2.28745293249883
1.58,81,-156,91.4078480258898,2.4445574079054
1.58,81,-153,109.476797796571,2.55163648284168
1.58,81,-150,127.931828372093,2.62857653549108
1.58,81,-147,146.191629619099,2.68746179264343
1.58,81,-144,163.902404509827,2.73562069671267
1.58,81,-141,180.866949107261,2.77765711555961
1.58,81,-138,197.007482456838,2.81658794351838
1.58,81,-135,212.342854726301,2.8544586138128
1.58,81,-132,226.971411329997,2.89267136518539
1.58,81,-129,241.055194352508,2.93215541555135
1.58,81,-126,254.802964346944,2.97345272098438
1.58,81,-123,268.450685572872,3.01676582735865
1.58,81,-120,282.239476951714,3.06199914808087
1.58,81,-117,296.39264403217,3.10881285353329
1.58,81,-114,311.094780785626,3.15669603602892
1.58,81,-111,326.476387519887,3.20505379460752
1.58,81,-108,342.60660594575,3.25329460084175
1.58,81,-105,359.494759219764,3.30090250030484
1.58,81,-102,377.099190631009,3.34748327756242
1.58,81,-99,395.340314271395,3.39278161473917
1.58,81,-96,414.114343126176,3.43667354069084
1.58,81,-93,433.304801189128,3.47914252312702
1.58,81,-90,452.790213512271,3.52024805832545
1.58,81,-87,472.447764764077,3.56009376431123
1.58,81,-84,492.153820950928,3.59879933507266
1.58,81,-81,511.782826412715,3.63647836809032
1.58,81,-78,531.206195791474,3.6732224916818
1.58,81,-75,550.292497071466,3.70909137107694
1.58,81,-72,568.909597075609,3.74410781757609
1.58,81,-69,586.928674927204,3.77825708831649
1.58,81,-66,604.229284892241,3.8114893445373
1.58,81,-63,620.704160251063,3.84372404662628
1.58,81,-60,636.262362551988,3.87485483156241
1.58,81,-57,650.829785918533,3.9047532626226
1.58,81,-54,664.346880807144,3.93326993497691
1.58,81,-51,676.764561263934,3.96023192528682
1.58,81,-48,688.040266068985,3.98543655590304
1.58,81,-45,698.136677994061,4.00864280360898
1.58,81,-42,707.02538247559,4.02956312840479
1.58,81,-39,714.696702950122,4.04785961508062
1.58,81,-36,721.175291279511,4.06314870874358
1.58,81,-33,726.539197928771,4.07501823874329
1.58,81,-30,730.938589364226,4.08305883557351
1.58,81,-27,734.609428717789,4.08690940817244
1.58,81,-24,737.877523680962,4.08631333100691
1.58,81,-21,741.149419660038,4.0811787516498
1.58,81,-18,744.888566057205,4.07163350888925
1.58,81,-15,749.577750235214,4.05806337537856
1.58,81,-12,755.671542578384,4.04112276170948
1.58,81,-9,763.544817574351,4.02171050309306
1.58,81,-6,773.444652469645,4.00090984656765
1.58,81,-3,785.452621849101,3.97989976140587
1.58,81,0,799.462760855347,3.95985153490288
1.58,81,3,815.177846841231,3.9418277189343
1.58,81,6,832.12396679996,3.92669886192785
1.58,81,9,849.681212108565,3.91508818416846
1.58,81,12,867.12694546802,3.90734777550144
1.58,81,15,883.687246827701,3.90356420909905
1.58,81,18,898.591639559764,3.90358780689036
1.58,81,21,911.125954498267,3.90707819983486
1.58,81,24,920.678306173469,3.91355873610373
1.58,81,27,926.773785600057,3.92247304620108
1.58,81,30,929.094703491581,3.93323820081738
1.58,81,33,927.484998318966,3.94529015416132
1.58,81,36,921.939551214155,3.95811848534118
1.58,81,39,912.581275790315,3.97128884311543
1.58,81,42,899.630535612464,3.98445296152504
1.58,81,45,883.372265792988,3.99734756348861
1.58,81,48,864.125890576804,4.00978472616167
1.58,81,51,842.221786123526,4.02163710863495
1.58,81,54,817.986006804543,4.03282164028057
1.58,81,57,791.732849848019,4.04328478168831
1.58,81,60,763.763154618529,4.05299144347039
1.58,81,63,734.365401570029,4.06191838660659
1.58,81,66,703.816776505488,4.07005178350447
1.58,81,69,672.382205715646,4.07738786101036
1.58,81,72,640.310588013462,4.08393528518248
1.58,81,75,607.828663433113,4.08971813573385
1.58,81,78,575.133861294475,4.09477881239959
1.58,81,81,542.387899939906,4.09918085118857
1.58,81,84,509.712851108266,4.10301227265173
1.58,81,87,477.190931816713,4.10639065860222
1.58,81,90,444.868606651585,4.10947163681387
1.58,81,93,412.764846551405,4.11246288187965
1.58,81,96,380.882744603047,4.11564622539491
1.58,81,99,349.223239929773,4.11941123675493
1.58,81,102,317.799508002542,4.12430511398608
1.58,81,105,286.650667308708,4.13110670495463
1.58,81,108,255.853843691663,4.14093847031637
1.58,81,111,225.534363211777,4.15544218566438
1.58,81,114,195.87504588047,4.1770682949024
1.58,81,117,167.127645126503,4.20957778779183
1.58,81,120,139.633494953685,4.25895386983183
1.58,81,123,113.869043564149,4.33509941191889
1.58,81,126,90.5504089989186,4.45486141091778
1.58,81,129,70.8580290890282,4.64585258986029
1.58,81,132,56.7689445609229,4.94135303680184
1.58,81,135,50.7518257424403,5.33286708623253
1.58,81,138,53.3088514354455,5.71590510843361
1.58,81,141,61.5316645941678,5.99895778043783
1.58,81,144,72.0227284609979,6.18554484717069
1.58,81,147,82.7271258161362,6.30910149796665
1.58,81,150,92.6113864214307,6.39471063925168
1.58,81,153,101.144034676289,6.4571778295591
1.58,81,156,108.018678472023,6.50505501792305
1.58,81,159,113.029710467349,6.54353788929985
1.58,81,162,116.021762778957,6.57611960699215
1.58,81,165,116.875656025993,6.60553689116879
1.58,81,168,115.513124012499,6.63436452439806
1.58,81,171,111.911084897771,6.66547186041619
1.58,81,174,106.121407934995,6.7025021214861
1.58,81,177,98.2974018833986,6.75055273126121
1.58,81,180,88.7358880704515,6.81732068282635
1.58,84,-180,88.7358880704515,0.586495253206591
1.58,84,-177,79.0532161814698,0.679310183913267
1.58,84,-174,69.0216249977991,0.817939441389083
1.58,84,-171,60.0566642932303,1.02501140758261
1.58,84,-168,54.3804099633456,1.3160361882493
1.58,84,-165,54.4859259021342,1.66138173099714
1.58,84,-162,61.2757972273543,1.9805769105885
1.58,84,-159,73.3421272720052,2.22153276547051
1.58,84,-156,88.6144761437706,2.38883487623199
1.58,84,-153,105.529228872545,2.50513592494668
1.58,84,-150,123.095465631465,2.58921862453274
1.58,84,-147,140.702305641657,2.6533823629492
1.58,84,-144,157.978827035275,2.70534751225327
1.58,84,-141,174.716094163239,2.75003155340997
1.58,84,-138,190.82329346205,2.79066452570141
1.58,84,-135,206.300466206457,2.82943080394179
1.58,84,-132,221.219252142168,2.86782729918267
1.58,84,-129,235.707190223838,2.90685798923118
1.58,84,-126,249.932773445914,2.94713717204925
1.58,84,-123,264.089406023072,2.98894793704258
1.58,84,-120,278.377548803663,3.03228729572279
1.58,84,-117,292.985808515391,3.07691774363862
1.58,84,-114,308.073129435083,3.12243353279154
1.58,84,-111,323.754955589355,3.16833898440941
1.58,84,-108,340.095812636533,3.21412823035551
1.58,84,-105,357.109294839453,3.25935316611576
1.58,84,-102,374.764543574523,3.30366936483262
1.58,84,-99,392.996769777171,3.34685603302934
1.58,84,-96,411.718760908127,3.38881253962947
1.58,84,-93,430.830706480688,3.42953820429441
1.58,84,-90,450.226754871335,3.46910321629023
1.58,84,-87,469.797998979723,3.50761750426701
1.58,84,-84,489.432667028388,3.54520231856015
1.58,84,-81,509.014929524372,3.58196721540894
1.58,84,-78,528.42386090197,3.61799354231647
1.58,84,-75,547.53377704237,3.65332448988794
1.58,84,-72,566.216545223425,3.68796114963048
1.58,84,-69,584.345709194725,3.72186360287778
1.58,84,-66,601.801584432028,3.75495572139729
1.58,84,-63,618.47604510996,3.78713203833436
1.58,84,-60,634.275690048569,3.8182647967959
1.58,84,-57,649.122498234424,3.84820922104358
1.58,84,-54,662.951898540117,3.8768053267137
1.58,84,-51,675.709179151471,3.90387529875583
1.58,84,-48,687.346044651786,3.929216615199
1.58,84,-45,697.819572017317,3.95259251495541
1.58,84,-42,707.095598747196,3.97372277791818
1.58,84,-39,715.15766769755,3.99227871851816
1.58,84,-36,722.021243111724,4.00788647360856
1.58,84,-33,727.751346079234,4.02014196075822
1.58,84,-30,732.480415938597,4.02863936970302
1.58,84,-27,736.422388342031,4.03301293484837
1.58,84,-24,739.878858904899,4.03298924943961
1.58,84,-21,743.23382357649,4.02844472813296
1.58,84,-18,746.934827843775,4.01946026480571
1.58,84,-15,751.460329033687,4.0063631517647
1.58,84,-12,757.275485094763,3.98974575021577
1.58,84,-9,764.781058768911,3.97045223671833
1.58,84,-6,774.262109633904,3.949529620094
1.58,84,-3,785.844020826764,3.92814659817205
1.58,84,0,799.462760855347,3.90749165734305
1.58,84,3,814.854165441849,3.88866720275872
1.58,84,6,831.563998601835,3.87259722255052
1.58,84,9,848.977432886541,3.85996186923775
1.58,84,12,866.364068409876,3.85116533494193
1.58,84,15,882.933012586735,3.84633629468275
1.58,84,18,897.891844825322,3.84535509244218
1.58,84,21,910.50331407835,3.84789942842841
1.58,84,24,920.134200846894,3.85350009373753
1.58,84,27,926.291835191795,3.86159935463684
1.58,84,30,928.64525884801,3.87160609916457
1.58,84,33,927.029888839884,3.88294336859911
1.58,84,36,921.436631656385,3.89508527879603
1.58,84,39,911.988440316064,3.90758164844175
1.58,84,42,898.908929236761,3.92006998244592
1.58,84,45,882.488479004677,3.93227582038111
1.58,84,48,863.053021210682,3.94400373502697
1.58,84,51,840.939405275922,3.95512223096664
1.58,84,54,816.479240432313,3.96554620758511
1.58,84,57,789.990928154568,3.97522038027018
1.58,84,60,761.777838403069,3.98410615908875
1.58,84,63,732.129650604038,3.99217322259396
1.58,84,66,701.323897247993,3.99939575408378
1.58,84,69,669.625544679201,4.00575235191863
1.58,84,72,637.283668505916,4.01122816775305
1.58,84,75,604.525535256544,4.01581788079871
1.58,84,78,571.549370133589,4.01952856727958
1.58,84,81,538.517596420357,4.02238219777064
1.58,84,84,505.552345968869,4.0244182198659
1.58,84,87,472.734646878777,4.02569732892257
1.58,84,90,440.10804167556,4.02630802389296
1.58,84,93,407.686638788224,4.02637789031547
1.58,84,96,375.466893233964,4.02609184637717
1.58,84,99,343.441854374714,4.0257200650817
1.58,84,102,311.616278917272,4.02565939300053
1.58,84,105,280.020929313964,4.0264946505675
1.58,84,108,248.724592288921,4.02909183736282
1.58,84,111,217.842899588808,4.03474744202622
1.58,84,114,187.544016057975,4.04544489586504
1.58,84,117,158.053002145887,4.06433137963524
1.58,84,120,129.660202845693,4.09668229756749
1.58,84,123,102.747845129159,4.15203166609948
1.58,84,126,77.8754922839311,4.2492952245522
1.58,84,129,56.0536893098221,4.42951742744084
1.58,84,132,39.5779005365473,4.77790574199018
1.58,84,135,33.1212588734607,5.34963918850882
1.58,84,138,38.5977950003545,5.880856774807
1.58,84,141,50.106661210933,6.18622287417125
1.58,84,144,62.8133939075158,6.35156281124824
1.58,84,147,74.8686799476218,6.44990894512248
1.58,84,150,85.597541654258,6.51458836961074
1.58,84,153,94.7136577350166,6.56085752508385
1.58,84,156,102.06282984215,6.5963500337829
1.58,84,159,107.533947283492,6.6253350288002
1.58,84,162,111.030441554008,6.65058912599218
1.58,84,165,112.468591556332,6.67432400601888
1.58,84,168,111.789228044908,6.69872411914807
1.58,84,171,108.976160911382,6.72634474977251
1.58,84,174,104.078629621884,6.76052567288622
1.58,84,177,97.2393531161463,6.80596966471927
1.58,84,180,88.7358880704515,6.86968056038618
1.58,87,-180,88.7358880704514,0.638855130766421
1.58,87,-177,80.1754208271336,0.72646304240577
1.58,87,-174,71.2246987016368,0.854968798227751
1.58,87,-171,63.1098916305584,1.04198266136797
1.58,87,-168,57.6782697250466,1.29937707630707
1.58,87,-165,57.0334857212138,1.6078732240215
1.58,87,-162,62.244573281116,1.90803569839721
1.58,87,-159,72.5311542878371,2.14963199851311
1.58,87,-156,86.2191577464579,2.32560696761385
1.58,87,-153,101.837791477098,2.45133172424115
1.58,87,-150,118.384715768392,2.54336242733829
1.58,87,-147,135.226048365471,2.61373029541636
1.58,87,-144,151.974276216444,2.67037626843726
1.58,87,-141,168.407317784002,2.71847877718696
1.58,87,-138,184.418782036963,2.76146998159038
1.58,87,-135,199.986300485021,2.80167641767183
1.58,87,-132,215.15023990325,2.8406981674203
1.58,87,-129,229.998368609209,2.8796252103229
1.58,87,-126,244.65336652807,2.9191576468848
1.58,87,-123,259.26077268265,2.95967467090234
1.58,87,-120,273.975886290292,3.00128326315514
1.58,87,-117,288.949469988433,3.04386675648395
1.58,87,-114,304.313521630948,3.08714310392311
1.58,87,-111,320.169314679039,3.13073291641727
1.58,87,-108,336.579901666321,3.17422988542966
1.58,87,-105,353.568291880544,3.21726294387073
1.58,87,-102,371.120988305978,3.25954091675787
1.58,87,-99,389.195174883534,3.30087505429242
1.58,87,-96,407.72713474573,3.34118025229863
1.58,87,-93,426.639634045953,3.3804598085684
1.58,87,-90,445.846829240374,3.41878032128061
1.58,87,-87,465.256352275796,3.45624308084088
1.58,87,-84,484.76920659662,3.49295689800922
1.58,87,-81,504.278708429865,3.52901558373356
1.58,87,-78,523.669838640796,3.5644817567641
1.58,87,-75,542.82007363353,3.59937747298808
1.58,87,-72,561.602172332876,3.63368130704314
1.58,87,-69,579.888690585045,3.66733086669768
1.58,87,-66,597.557367610661,3.70022920385109
1.58,87,-63,614.496156019349,3.73225318839531
1.58,87,-60,630.606669540609,3.76326168614678
1.58,87,-57,645.8052363633,3.79310142916296
1.58,87,-54,660.021493937282,3.82160889000815
1.58,87,-51,673.195353704585,3.84860732198481
1.58,87,-48,685.273936934566,3.87389934438978
1.58,87,-45,696.21047175359,3.89725683266238
1.58,87,-42,705.966974888402,3.9184111017999
1.58,87,-39,714.521807949132,3.93704711316686
1.58,87,-36,721.882053485346,3.95280546023176
1.58,87,-33,728.099364787443,3.96529515700779
1.58,87,-30,733.286781943647,3.9741189028536
1.58,87,-27,737.633185154396,3.97891074802475
1.58,87,-24,741.411696300555,3.97938411062648
1.58,87,-21,744.978507074445,3.97538596703972
1.58,87,-18,748.759365646552,3.96695079034281
1.58,87,-15,753.2223592221,3.95434565191271
1.58,87,-12,758.837700989024,3.93809644720505
1.58,87,-9,766.027807735835,3.9189855362594
1.58,87,-6,775.113586496523,3.8980143502271
1.58,87,-3,786.264791484911,3.87633104857073
1.58,87,0,799.462760855347,3.85513177978322
1.58,87,3,814.482344236215,3.83555150823436
1.58,87,6,830.896635217536,3.81856348154432
1.58,87,9,848.104151869553,3.80490376683141
1.58,87,12,865.374514041179,3.79503020033452
1.58,87,15,881.906271338551,3.78911675199788
1.58,87,18,896.889564569772,3.78707773432281
1.58,87,21,909.566507778102,3.78861290484538
1.58,87,24,919.283152870407,3.79326404113411
1.58,87,27,925.528327322404,3.80047484748373
1.58,87,30,927.956355652458,3.80964793268284
1.58,87,33,926.392615012669,3.82019438354242
1.58,87,36,920.822942701612,3.83157293352845
1.58,87,39,911.369914013872,3.84331697111365
1.58,87,42,898.260628631216,3.85504881963997
1.58,87,45,881.79151913059,3.86648195684548
1.58,87,48,862.29555212308,3.87741308916937
1.58,87,51,840.1159946744,3.88770706576309
1.58,87,54,815.588940397235,3.89727824844822
1.58,87,57,789.034556937809,3.90607194003973
1.58,87,60,760.755128485417,3.9140487824733
1.58,87,63,731.03688079967,3.92117385303395
1.58,87,66,700.152461172506,3.92741085013623
1.58,87,69,668.361664371921,3.93272062826709
1.58,87,72,635.909202122679,3.93706266608499
1.58,87,75,603.019603146996,3.94039791404122
1.58,87,78,569.890369676843,3.94269179543166
1.58,87,81,536.685113391572,3.94391676086786
1.58,87,84,503.528507357876,3.9440545266369
1.58,87,87,470.504592608041,3.94309878933392
1.58,87,90,437.659400309646,3.94105968097338
1.58,87,93,405.008136233877,3.93797146266982
1.58,87,96,372.546447082615,3.93390499946146
1.58,87,99,340.264642209682,3.92898658495625
1.58,87,102,308.16324909084,3.92342502295899
1.58,87,105,276.267992875038,3.91755009989582
1.58,87,108,244.642259778349,3.9118687651827
1.58,87,111,213.395376735641,3.9071527640087
1.58,87,114,182.685662427224,3.90458878592476
1.58,87,117,152.71826884967,3.90606511537379
1.58,87,120,123.739665755581,3.91478645951769
1.58,87,123,96.0346011213925,3.93677817407381
1.58,87,126,69.9440016583385,3.98522853262916
1.58,87,129,45.9820192069066,4.09623798795709
1.58,87,132,25.5625865342472,4.40600224373946
1.58,87,135,16.1010841302534,5.37313196703381
1.58,87,138,26.1435914080077,6.19037579044372
1.58,87,141,41.1589277067391,6.44537770526591
1.58,87,144,55.5388937879575,6.55009307708086
1.58,87,147,68.3986041302709,6.60629291914784
1.58,87,150,79.5453778409442,6.64230045669936
1.58,87,153,88.9278456806327,6.66854084473164
1.58,87,156,96.5185578930902,6.68965267112847
1.58,87,159,102.280374128871,6.70809008404213
1.58,87,162,106.161133934382,6.72549160996994
1.58,87,165,108.102547917974,6.74331997615158
1.58,87,168,108.05715174687,6.76323493249009
1.58,87,171,106.009664081775,6.7873858737744
1.58,87,174,102.001347186392,6.81873733591252
1.58,87,177,96.1591285864764,6.86153494295538
1.58,87,180,88.7358880704514,6.92204043794601
1.58,90,-180,88.7358880704514,0.691215008326251
1.58,90,-177,81.320945401254,0.773403625776767
1.58,90,-174,73.4765628687476,0.891817292107408
1.58,90,-171,66.2545035205572,1.05993425741322
1.58,90,-168,61.1806509818768,1.28660853640258
1.58,90,-165,60.0030483538148,1.55947854282997
1.58,90,-162,63.8229597023317,1.83632852715617
1.58,90,-159,72.3548111364152,2.0732281831522
1.58,90,-156,84.3632662111035,2.25518180535388
1.58,90,-153,98.5484724399526,2.38980388747429
1.58,90,-150,113.936765881487,2.49027136373132
1.58,90,-147,129.885245611007,2.56768656767523
1.58,90,-144,145.993333438654,2.62992316958633
1.58,90,-141,162.025582528724,2.68230817856995
1.58,90,-138,177.858260466826,2.72843641898015
1.58,90,-135,193.443970877802,2.77076642242917
1.58,90,-132,208.788637560112,2.81100305281524
1.58,90,-129,223.936767464421,2.85032875567989
1.58,90,-126,238.961628890849,2.8895380842946
1.58,90,-123,253.957389160205,2.92911631320492
1.58,90,-120,269.030985043342,2.96929165193172
1.58,90,-117,284.292709745284,3.01008102646136
1.58,90,-114,299.845906859236,3.05134032830139
1.58,90,-111,315.777254213377,3.09282153399494
1.58,90,-108,332.149462263681,3.13423239305161
1.58,90,-105,348.997691077204,3.17529084762712
1.58,90,-102,366.329891893912,3.21576649039793
1.58,90,-99,384.130130750051,3.2555043766902
1.58,90,-96,402.363242620941,3.29443066375655
1.58,90,-93,420.979123141821,3.33254313686355
1.58,90,-90,439.915506289064,3.36989171715701
1.58,90,-87,459.098910116692,3.40655444061203
1.58,90,-84,478.444227495756,3.44261363314318
1.58,90,-81,497.853948838209,3.47813570008032
1.58,90,-78,517.218120129163,3.51315656223179
1.58,90,-75,536.415882260189,3.54767354142032
1.58,90,-72,555.318918641483,3.58164349093499
1.58,90,-69,573.796519334136,3.61498616808174
1.58,90,-66,591.721425918785,3.64759123756621
1.58,90,-63,608.975305921657,3.67932688561848
1.58,90,-60,625.4527215006,3.71004786118012
1.58,90,-57,641.062828259511,3.7396009088804
1.58,90,-54,655.728695009125,3.76782607489591
1.58,90,-51,669.384911840471,3.7945532524159
1.58,90,-48,681.974834266199,3.8195944941015
1.58,90,-45,693.449184419258,3.84273385193138
1.58,90,-42,703.76766182142,3.86371753584293
1.58,90,-39,712.904694008238,3.88224775058271
1.58,90,-36,720.859589716995,3.89798352469581
1.58,90,-33,727.670323344431,3.91055120123079
1.58,90,-30,733.429159977703,3.91956616915912
1.58,90,-27,738.297462424477,3.92466606681779
1.58,90,-24,742.516399642111,3.92555418845025
1.58,90,-21,746.409993890488,3.92205012944247
1.58,90,-18,750.37714411143,3.91414268860273
1.58,90,-15,754.870144809871,3.90203771232293
1.58,90,-12,760.358970429942,3.88619136251121
1.58,90,-9,767.283232483149,3.86731831051378
1.58,90,-6,775.996890253735,3.84636611786254
1.58,90,-3,786.713685419818,3.82445262352305
1.58,90,0,799.462760855347,3.80277190222339
1.58,90,3,814.063113922254,3.78248343704669
1.58,90,6,830.122337559678,3.76460456926215
1.58,90,9,847.060457302499,3.74992535741288
1.58,90,12,864.155103381236,3.7389581969225
1.58,90,15,880.601063279702,3.73192523868138
1.58,90,18,895.575944989205,3.72877865312268
1.58,90,21,908.303970918373,3.72924433529299
1.58,90,24,918.111195592743,3.73287876686761
1.58,90,27,924.46715720827,3.73913014332585
1.58,90,30,927.009855918343,3.74739707453321
1.58,90,33,925.552928077922,3.75708022633095
1.58,90,36,920.07593087134,3.76762385840768
1.58,90,39,910.700649500362,3.77854541144176
1.58,90,42,897.658026509247,3.78945234268371
1.58,90,45,881.251331524339,3.80004650439798
1.58,90,48,861.821224787462,3.81011755318828
1.58,90,51,839.717313662824,3.81952803543298
1.58,90,54,815.278866351124,3.82819364836288
1.58,90,57,788.825028126579,3.8360624547055
1.58,90,60,760.65280498525,3.84309639767013
1.58,90,63,731.03975956863,3.84925741631719
1.58,90,66,700.248047099387,3.85449909723336
1.58,90,69,668.527017658901,3.85876349796161
1.58,90,72,636.112792685373,3.86198185739036
1.58,90,75,603.22456653229,3.86407752392344
1.58,90,78,570.058526298005,3.86496956459109
1.58,90,81,536.781008034626,3.86457602216243
1.58,90,84,503.522755360462,3.86281646060697
1.58,90,87,470.375975830875,3.85961408039385
1.58,90,90,437.395418588136,3.85489813096717
1.58,90,93,404.604048917454,3.84860749742701
1.58,90,96,372.003175182278,3.84069616898612
1.58,90,99,339.586169373104,3.83114086704995
1.58,90,102,307.354279615196,3.81995054491164
1.58,90,105,275.332531170072,3.8071769167891
1.58,90,108,243.5834337497,3.79292474447024
1.58,90,111,212.216242641508,3.77736032747303
1.58,90,114,181.389922402507,3.76071639367119
1.58,90,117,151.308742960397,3.7432910509224
1.58,90,120,122.210525726614,3.72543681345059
1.58,90,123,94.3487909768068,3.70753019648553
1.58,90,126,67.9712114346529,3.68989026206418
1.58,90,129,43.297614826566,3.67249223540969
1.58,90,132,20.5012082356907,3.65308036538268
1.58,90,135,0.372990782070088,1.11519729852158
1.58,90,138,19.0751092121085,0.511736660436739
1.58,90,141,35.8112243365915,0.499855200475428
1.58,90,144,50.5713628995322,0.494205276508245
1.58,90,147,63.4347873293377,0.492105698943524
1.58,90,150,74.4844414137781,0.49282026421432
1.58,90,153,83.7870285733348,0.495906611750267
1.58,90,156,91.3794004031988,0.501060160423378
1.58,90,159,97.2637290308834,0.508158615780847
1.58,90,162,101.41207981317,0.517352018650649
1.58,90,165,103.779140778983,0.529165893543407
1.58,90,168,104.320802312516,0.544617847602086
1.58,90,171,103.016419490831,0.565367436005991
1.58,90,174,99.8939357259385,0.593936788393235
1.58,90,177,95.0594146617683,0.634057968863832
1.58,90,180,88.7358880704514,0.691215008326251
1.58,93,-180,88.7358880704516,0.743574885886082
1.58,93,-177,82.4866015624504,0.820158149193109
1.58,93,-174,75.771516519632,0.928565591521824
1.58,93,-171,69.4828535651207,1.07892580000274
1.58,93,-168,64.8725415477418,1.27765915792682
1.58,93,-165,63.3741657784899,1.51688750196863
1.58,93,-162,66.0308952353216,1.76761720143455
1.58,93,-159,72.9050280947073,1.99440933605979
1.58,93,-156,83.1894370228468,2.17852818524367
1.58,93,-153,95.8229240395545,2.32055405830667
1.58,93,-150,109.911815104259,2.42940489123258
1.58,93,-147,124.827846784507,2.5144829531889
1.58,93,-144,140.166008903105,2.58317568478181
1.58,93,-141,155.679797559707,2.64076239983698
1.58,93,-138,171.2279731436,2.69091460092432
1.58,93,-135,186.737009905876,2.73618764847888
1.58,93,-132,202.176974277152,2.77837890091247
1.58,93,-129,217.547620734963,2.81876107107101
1.58,93,-126,232.871268139214,2.85822530574576
1.58,93,-123,248.189047471234,2.89736716327074
1.58,93,-120,263.557654727293,2.93654191376141
1.58,93,-117,279.044837215828,2.97590797807714
1.58,93,-114,294.723198852798,3.01546966724116
1.58,93,-111,310.663079049638,3.05512327304465
1.58,93,-108,326.92585641408,3.09470489916777
1.58,93,-105,343.558918857106,3.13403509236249
1.58,93,-102,360.592894762273,3.17295468715038
1.58,93,-99,378.040926282531,3.21134787217877
1.58,93,-96,395.899165758081,3.24915125746322
1.58,93,-93,414.147509284467,3.2863504776794
1.58,93,-90,432.74984418967,3.32296776941179
1.58,93,-87,451.653605293553,3.35904472368446
1.58,93,-84,470.788972753404,3.39462419933758
1.58,93,-81,490.068405300639,3.4297345491591
1.58,93,-78,509.387282903453,3.46437821203121
1.58,93,-75,528.626228890324,3.49852560731544
1.58,93,-72,547.655269106233,3.53211426878319
1.58,93,-69,566.33948822822,3.56505233929024
1.58,93,-66,584.545400475869,3.59722494705035
1.58,93,-63,602.146990045368,3.62850162638421
1.58,93,-60,619.030382144079,3.65874285970589
1.58,93,-57,635.09640220225,3.68780403101954
1.58,93,-54,650.260816658015,3.71553560350714
1.58,93,-51,664.452700918711,3.74177913076125
1.58,93,-48,677.611983193339,3.76635968399768
1.58,93,-45,689.687604852401,3.78907626126799
1.58,93,-42,700.637808717945,3.80969253976858
1.58,93,-39,710.433787124154,3.82793076470918
1.58,93,-36,719.067339168531,3.84347155176161
1.58,93,-33,726.562391901907,3.8559619452061
1.58,93,-30,732.989327727837,3.86503333666072
1.58,93,-27,738.480110724275,3.87032992773371
1.58,93,-24,743.241303198888,3.87154733574801
1.58,93,-21,747.561344848985,3.8684795670224
1.58,93,-18,751.808155278143,3.86107069369238
1.58,93,-15,756.413531458639,3.84946505238646
1.58,93,-12,761.842270738042,3.83404696088206
1.58,93,-9,768.546613433485,3.81545888692306
1.58,93,-6,776.910205957356,3.79458743522263
1.58,93,-3,787.189477652041,3.77251105002406
1.58,93,0,799.462760855347,3.75041202466356
1.58,93,3,813.597391352295,3.7294657355857
1.58,93,6,829.241984791767,3.71072752648579
1.58,93,9,845.845967785028,3.69503859041921
1.58,93,12,862.703046348931,3.6829660969784
1.58,93,15,879.011342327858,3.67478288086979
1.58,93,18,893.941216813077,3.67048274446835
1.58,93,21,906.702073906131,3.66982184903151
1.58,93,24,916.600898802853,3.67237522798
1.58,93,27,923.087189495541,3.67759881370766
1.58,93,30,925.780909015172,3.68488979846849
1.58,93,33,924.482053098078,3.69364045008333
1.58,93,36,919.162448340658,3.7032822087944
1.58,93,39,909.942433686095,3.71331806225838
1.58,93,42,897.05691397341,3.72334212039239
1.58,93,45,880.816535960374,3.73304627722515
1.58,93,48,861.57004255889,3.74221499242121
1.58,93,51,839.673008979217,3.7507104772931
1.58,93,54,815.466280429952,3.75845166514153
1.58,93,57,789.26498032815,3.76539094505833
1.58,93,60,761.356601590856,3.77149249841982
1.58,93,63,732.005045659774,3.77671518850471
1.58,93,66,701.456880313923,3.7810015646915
1.58,93,69,669.946531376273,3.78427305574059
1.58,93,72,637.698289014862,3.7864302291581
1.58,93,75,604.924446355216,3.78735632229349
1.58,93,78,571.820186493717,3.78692214584023
1.58,93,81,538.556733460816,3.78499080292984
1.58,93,84,505.274696101249,3.78142125396696
1.58,93,87,472.079505711473,3.7760703701051
1.58,93,90,439.040487566961,3.76879356623714
1.58,93,93,406.194528110835,3.75944424567311
1.58,93,96,373.554593495911,3.74787203353877
1.58,93,99,341.122585906365,3.73391906893667
1.58,93,102,308.905251927907,3.71741238783075
1.58,93,105,276.931165297424,3.69814842072749
1.58,93,108,245.266316969018,3.67586216190811
1.58,93,111,214.02571511376,3.65016683528987
1.58,93,114,183.378793435419,3.62043523573618
1.58,93,117,153.547511216457,3.58555870263947
1.58,93,120,124.798048690545,3.5434256970391
1.58,93,123,97.4308106689698,3.48967719310356
1.58,93,126,71.7831591168429,3.41427767527901
1.58,93,129,48.2984240937628,3.28989468035661
1.58,93,132,27.9645860439071,3.01947856866545
1.58,93,135,15.5193983918877,2.21354005098906
1.58,93,138,21.4317190584727,1.21566105625006
1.58,93,141,34.8239647809995,0.870761574550744
1.58,93,144,48.0674194661067,0.735605539594638
1.58,93,147,59.9856688833383,0.667774553797525
1.58,93,150,70.3867521970014,0.629694906675562
1.58,93,153,79.2600318601053,0.607816552175378
1.58,93,156,86.6210382434044,0.596067780306002
1.58,93,159,92.4685918679859,0.591380837770398
1.58,93,162,96.7758416592637,0.592219450872588
1.58,93,165,99.4969686994133,0.598046712812929
1.58,93,168,100.582642542417,0.609147351178665
1.58,93,171,100.000695674435,0.626618952350688
1.58,93,174,97.7606507301798,0.652481073275486
1.58,93,177,93.9429195088447,0.689904291847863
1.58,93,180,88.7358880704516,0.743574885886082
1.58,96,-180,88.7358880704515,0.795934763445913
1.58,96,-177,83.6691350704843,0.866752599046361
1.58,96,-174,78.1036069815459,0.965286542331667
1.58,96,-171,72.7864650343752,1.09899755603071
1.58,96,-168,68.7372385639925,1.27240082621593
1.58,96,-165,67.118331385682,1.48045389313749
1.58,96,-162,68.8631281065064,1.70378135549794
1.58,96,-159,74.2454797183837,1.91568023826245
1.58,96,-156,82.8285890076683,2.09736926087286
1.58,96,-153,93.8297410813515,2.24421452422568
1.58,96,-150,106.48934114515,2.3606069937767
1.58,96,-147,120.227199176917,2.45353271193366
1.58,96,-144,134.64972871275,2.52937050711162
1.58,96,-141,149.506012826392,2.59305673543873
1.58,96,-138,164.639950322606,2.64818715905662
1.58,96,-135,179.953054432686,2.69733838207341
1.58,96,-132,195.380298624725,2.74236389329793
1.58,96,-129,210.877372226317,2.78460987206196
1.58,96,-126,226.416175252273,2.8250568935434
1.58,96,-123,241.984898028543,2.86440858727505
1.58,96,-120,257.589355233574,2.90314825897341
1.58,96,-117,273.253200039282,2.94157976325348
1.58,96,-114,289.01590071028,2.97986303308379
1.58,96,-111,304.928523975209,3.01804914106947
1.58,96,-108,321.048127364301,3.05611542788243
1.58,96,-105,337.431796346142,3.09399854418214
1.58,96,-102,354.131156060445,3.1316223034886
1.58,96,-99,371.187762079953,3.1689177495324
1.58,96,-96,388.629373090408,3.20583423754619
1.58,96,-93,406.466896385178,3.24234196422691
1.58,96,-90,424.691817239168,3.27842772639687
1.58,96,-87,443.274110479018,3.31408645651282
1.58,96,-84,462.160866907031,3.34931122994094
1.58,96,-81,481.276030902291,3.38408408299516
1.58,96,-78,500.521661961645,3.41836930718689
1.58,96,-75,519.78098169771,3.45211007660226
1.58,96,-72,538.9231808457,3.48522847006472
1.58,96,-69,557.809608742951,3.51762827466901
1.58,96,-66,576.300641628513,3.54919947174226
1.58,96,-63,594.26231735567,3.57982304853951
1.58,96,-60,611.571803276936,3.60937476236415
1.58,96,-57,628.120961612081,3.63772670119702
1.58,96,-54,643.81767084078,3.66474590961469
1.58,96,-51,658.585079651075,3.69028993173712
1.58,96,-48,672.359503902332,3.71419979001313
1.58,96,-45,685.088111515519,3.73629157432058
1.58,96,-42,696.727779822973,3.75634835861525
1.58,96,-39,707.246495582522,3.77411450969342
1.58,96,-36,716.628376048109,3.78929456458064
1.58,96,-33,724.882820272624,3.80155873853998
1.58,96,-30,732.057468033187,3.81055682000309
1.58,96,-27,738.253587474071,3.81594172363899
1.58,96,-24,743.641323001204,3.81740323758962
1.58,96,-21,748.471097316553,3.81471132970562
1.58,96,-18,753.076683186672,3.80776651235074
1.58,96,-15,757.865456648134,3.79665204703592
1.58,96,-12,763.292545717658,3.78167945235999
1.58,96,-9,769.81825417893,3.76341587179706
1.58,96,-6,777.852077465863,3.74268118349701
1.58,96,-3,787.690967971251,3.72050625907257
1.58,96,0,799.462760855347,3.69805214710373
1.58,96,3,813.08628082977,3.67650108039399
1.58,96,6,828.256892515659,3.65693946969828
1.58,96,9,844.460882182934,3.64025583940563
1.58,96,12,861.016026713431,3.62707157845966
1.58,96,15,877.131083311271,3.61771224307771
1.58,96,18,891.974798531714,3.6122168593606
1.58,96,21,904.745191592872,3.61037598291803
1.58,96,24,914.73138556893,3.61178713042597
1.58,96,27,921.362232241281,3.61591734679113
1.58,96,30,924.237935743122,3.62216519504526
1.58,96,33,923.1427885065,3.62991692604513
1.58,96,36,918.039127521414,3.63859339220442
1.58,96,39,909.04474726656,3.64768543210029
1.58,96,42,896.398080246204,3.65677629245302
1.58,96,45,880.417066755604,3.66555053123037
1.58,96,48,861.458302347575,3.67378998384821
1.58,96,51,839.882450589789,3.68135875892035
1.58,96,54,816.03006767785,3.68818059653755
1.58,96,57,790.209342707694,3.69421285992967
1.58,96,60,762.694534803233,3.69942157946913
1.58,96,63,733.731824172387,3.70376121007805
1.58,96,66,703.548366457901,3.70716130549614
1.58,96,69,672.360616820673,3.70952059425235
1.58,96,72,640.379169049662,3.71070743598595
1.58,96,75,607.808939601866,3.71056466729157
1.58,96,78,574.845036717374,3.70891650888409
1.58,96,81,541.665769223257,3.70557539888868
1.58,96,84,508.424845199997,3.70034713134778
1.58,96,87,475.244919454537,3.69303328425053
1.58,96,90,442.214379929058,3.68343041649081
1.58,96,93,409.388733267284,3.67132573991099
1.58,96,96,376.797245670456,3.65648880271279
1.58,96,99,344.454674795165,3.63865802036534
1.58,96,102,312.377048572114,3.61751944859277
1.58,96,105,280.599600365353,3.59267257098758
1.58,96,108,249.194312809782,3.56357307938504
1.58,96,111,218.284277406517,3.52943337362658
1.58,96,114,188.052516502872,3.48904239869078
1.58,96,117,158.744368975601,3.44042408032164
1.58,96,120,130.665564008245,3.38015257228717
1.58,96,123,104.184235450949,3.30188228340999
1.58,96,126,79.7598349690904,3.19293371399331
1.58,96,129,58.0658275514593,3.02581770319536
1.58,96,132,40.4124410145534,2.7388043983457
1.58,96,135,29.7884125706836,2.2350243552014
1.58,96,138,29.7900367885458,1.61653461992507
1.58,96,141,37.6069098925388,1.19584303982266
1.58,96,144,47.8008910459136,0.969050840805211
1.58,96,147,57.9155241580558,0.842078783162179
1.58,96,150,67.1595185801921,0.766202031466567
1.58,96,153,75.2831823430115,0.719294606965481
1.58,96,156,82.2018022942892,0.69048991875432
1.58,96,159,87.870018348308,0.67398215728444
1.58,96,162,92.2397701575808,0.666560462965557
1.58,96,165,95.2518899098891,0.666582108904062
1.58,96,168,96.8438289142068,0.673541394530566
1.58,96,171,96.9662592993251,0.687916391146915
1.58,96,174,95.6056404892127,0.711173111105481
1.58,96,177,92.8123702548786,0.745883793555786
1.58,96,180,88.7358880704515,0.795934763445913
1.58,99,-180,88.7358880704514,0.848294641005742
1.58,99,-177,84.865233562269,0.913212565710885
1.58,99,-174,80.4666413507327,1.00204556148035
1.58,99,-171,76.1561137736988,1.12017394291179
1.58,99,-168,72.7567720961739,1.27066801404251
1.58,99,-165,71.2016203519639,1.45025088849055
1.58,99,-162,72.2921721306843,1.64624039027599
1.58,99,-159,76.4044188432521,1.83964026723482
1.58,99,-156,83.3848161764508,2.01411671068451
1.58,99,-153,92.7304370848764,2.16221249799399
1.58,99,-150,103.859260099192,2.28432904020277
1.58,99,-147,116.278257038549,2.38461794155044
1.58,99,-144,129.629166405396,2.46792227716077
1.58,99,-141,143.669516840534,2.53845579244322
1.58,99,-138,158.235394564816,2.59950672533209
1.58,99,-135,173.20785848949,2.65354018558161
1.58,99,-132,188.490332425928,2.70239193716061
1.58,99,-129,203.997543027818,2.74744131394506
1.58,99,-126,219.653556963277,2.78973685511509
1.58,99,-123,235.395335722432,2.83007951363864
1.58,99,-120,251.178253245734,2.8690763921083
1.58,99,-117,266.980777472656,2.90717712665401
1.58,99,-114,282.806605556197,2.9447014571243
1.58,99,-111,298.683621591808,2.98186283947725
1.58,99,-108,314.659886891666,3.01879015689583
1.58,99,-105,330.797383275223,3.05554784400387
1.58,99,-102,347.16442938076,3.09215388546837
1.58,99,-99,363.827664173252,3.12859492848067
1.58,99,-96,380.844344126055,3.16483792359605
1.58,99,-93,398.255518589251,3.20083809641928
1.58,99,-90,416.080487228599,3.23654351028033
1.58,99,-87,434.312825816262,3.27189688986172
1.58,99,-84,452.918186347904,3.30683564426347
1.58,99,-81,471.834011595874,3.34129109695867
1.58,99,-78,490.971224252086,3.37518779013005
1.58,99,-75,510.217833641706,3.40844342524067
1.58,99,-72,529.44424020684,3.44096961370247
1.58,99,-69,548.50982169816,3.47267323878032
1.58,99,-66,567.270188290416,3.5034579554103
1.58,99,-63,585.584344411105,3.53322522589416
1.58,99,-60,603.320943552791,3.561874312167
1.58,99,-57,620.36290772553,3.58930079181937
1.58,99,-54,636.609920414959,3.6153933915151
1.58,99,-51,651.978675312376,3.64002919657488
1.58,99,-48,666.401227258893,3.66306757344197
1.58,99,-45,679.822277513555,3.68434342570564
1.58,99,-42,692.196646774234,3.70366070035402
1.58,99,-39,703.488450248885,3.72078737444623
1.58,99,-36,713.673489759904,3.73545347272067
1.58,99,-33,722.74602682692,3.74735395390782
1.58,99,-30,730.730336822093,3.75615848053462
1.58,99,-27,737.696270858384,3.76153003374809
1.58,99,-24,743.776576348206,3.76315388142784
1.58,99,-21,749.182193608208,3.76077733313082
1.58,99,-18,754.210545521672,3.75425877859301
1.58,99,-15,759.241472989481,3.7436215717202
1.58,99,-12,764.716451594364,3.72910462104276
1.58,99,-9,771.099376892985,3.71119802504903
1.58,99,-6,778.821381577802,3.69065055290903
1.58,99,-3,788.216980929533,3.66843837307352
1.58,99,0,799.462760855347,3.6456922695439
1.58,99,3,812.531074539712,3.62359206292303
1.58,99,6,827.168830724228,3.60324755259075
1.58,99,9,842.906035223587,3.58558984948995
1.58,99,12,859.092306516122,3.57129317262634
1.58,99,15,874.954431054016,3.56073728395864
1.58,99,18,889.665471171354,3.55400976619519
1.58,99,21,902.415877064071,3.55093964263419
1.58,99,24,912.478483054496,3.55115088574973
1.58,99,27,919.261163412682,3.55412510438988
1.58,99,30,922.34276755755,3.55926513809533
1.58,99,33,921.489751552969,3.56595381414386
1.58,99,36,916.652900160773,3.57360399112557
1.58,99,39,907.945815068272,3.58169718376445
1.58,99,42,895.609255619551,3.58980887153108
1.58,99,45,879.96748119497,3.59761945491309
1.58,99,48,861.383849234725,3.6049110302929
1.58,99,51,840.222598902565,3.61155173686445
1.58,99,54,816.821921430933,3.61747110695458
1.58,99,57,791.480511158171,3.62263112783373
1.58,99,60,764.456619339842,3.62699811444406
1.58,99,63,735.976090191825,3.63051978623574
1.58,99,66,706.24457473856,3.63311032806127
1.58,99,69,675.45924712318,3.63464420204642
1.58,99,72,643.816585769274,3.63495764531401
1.58,99,75,611.514565760805,3.63385554981083
1.58,99,78,578.749371248698,3.63112090796484
1.58,99,81,545.708084953534,3.62652411295901
1.58,99,84,512.559584611434,3.61982989356506
1.58,99,87,479.446097429599,3.61080029834048
1.58,99,90,446.477651296079,3.59919272762716
1.58,99,93,413.731144817631,3.58475239875534
1.58,99,96,381.255032787254,3.56719869016871
1.58,99,99,349.079750172668,3.54620437862968
1.58,99,102,317.233033312892,3.52136559556063
1.58,99,105,285.758338538987,3.49215791793415
1.58,99,108,254.733776016906,3.45786950165247
1.58,99,111,224.288621394024,3.4174938199083
1.58,99,114,194.614852914818,3.36954875965608
1.58,99,117,165.972644959971,3.31175783648022
1.58,99,120,138.691801022957,3.24046687682255
1.58,99,123,113.176644698068,3.14954506643032
1.58,99,126,89.9321028261678,3.02830433742293
1.58,99,129,69.6473761504988,2.85788171755972
1.58,99,132,53.3897614939131,2.60774823383142
1.58,99,135,42.813440674151,2.2487150874086
1.58,99,138,39.4651424829272,1.81798199606556
1.58,99,141,42.5617018351337,1.43912176117758
1.58,99,144,49.1862767019837,1.17594894948248
1.58,99,147,56.9495904664923,1.00697048150041
1.58,99,150,64.6487772137711,0.89859701439322
1.58,99,153,71.7630345659882,0.828413279546543
1.58,99,156,78.0645429856304,0.783247064872272
1.58,99,159,83.4347279470935,0.755329718184449
1.58,99,162,87.7867028698751,0.740006123087387
1.58,99,165,91.0373970123579,0.734570680399555
1.58,99,168,93.1043895985097,0.737704529394328
1.58,99,171,93.9164448562449,0.749224490693759
1.58,99,174,93.4329628527881,0.770003298257189
1.58,99,177,91.6705106439014,0.801991938728446
1.58,99,180,88.7358880704514,0.848294641005742
1.58,102,-180,88.7358880704513,0.90065451856557
1.58,102,-177,86.0715347927454,0.959563100107986
1.58,102,-174,82.8542021878619,1.03890109228514
1.58,102,-171,79.5819121884702,1.14246656396143
1.58,102,-168,76.9122450248902,1.27227325667375
1.58,102,-165,75.5869176217633,1.42614094001944
1.58,102,-162,76.2733982913316,1.59588695745239
1.58,102,-159,79.3730336975435,1.7686283224417
1.58,102,-156,84.9218400085927,1.93160820218267
1.58,102,-153,92.6613676412306,2.07679530686546
1.58,102,-150,102.206906225093,2.2018273578176
1.58,102,-147,113.188271035847,2.30811647691132
1.58,102,-144,125.312159982672,2.39860878917224
1.58,102,-141,138.36451865159,2.47640023770687
1.58,102,-138,152.186697094452,2.54417138536929
1.58,102,-135,166.64852280733,2.60407554271522
1.58,102,-132,181.629084529104,2.65780496453753
1.58,102,-129,197.008099443334,2.70669622035024
1.58,102,-126,212.666537416049,2.75182180677898
1.58,102,-123,228.493359702261,2.794055964021
1.58,102,-120,244.394869511191,2.83411790418799
1.58,102,-117,260.303634536232,2.87259903189598
1.58,102,-114,276.184781380118,2.90997985008884
1.58,102,-111,292.038393807491,2.94664063418194
1.58,102,-108,307.897616703514,2.98286880539166
1.58,102,-105,323.82280191444,3.01886526938189
1.58,102,-102,339.89259037807,3.05475147336303
1.58,102,-99,356.193175986536,3.09057830458108
1.58,102,-96,372.807120885647,3.12633716239709
1.58,102,-93,389.802996818845,3.16197273875125
1.58,102,-90,407.226857998951,3.19739646108403
1.58,102,-87,425.096185796103,3.23249934068729
1.58,102,-84,443.39657318609,3.26716313078757
1.58,102,-81,462.081109386963,3.30126909748625
1.58,102,-78,481.072216982776,3.33470415297601
1.58,102,-75,500.265578272379,3.36736444435629
1.58,102,-72,519.535728973074,3.39915667698495
1.58,102,-69,538.742852886306,3.42999751016005
1.58,102,-66,557.74025114915,3.45981136599415
1.58,102,-63,576.381880439875,3.4885269966038
1.58,102,-60,594.529279818797,3.5160731733461
1.58,102,-57,612.057180254296,3.54237386760161
1.58,102,-54,628.857166629289,3.56734324655909
1.58,102,-51,644.838983416179,3.59088069486935
1.58,102,-48,659.929461393557,3.61286592855736
1.58,102,-45,674.069571445279,3.63315417647424
1.58,102,-42,687.210706667004,3.65157147579147
1.58,102,-39,699.311823573804,3.66791044597635
1.58,102,-36,710.339362649199,3.68192747823989
1.58,102,-33,720.271735427044,3.69334300395778
1.58,102,-30,729.109472639749,3.70184718218079
1.58,102,-27,736.890844718586,3.70711370733045
1.58,102,-24,743.711018611679,3.70882420960347
1.58,102,-21,749.740912148036,3.70670465913868
1.58,102,-18,755.240325766435,3.70057310407323
1.58,102,-15,760.559255046399,3.69039491109076
1.58,102,-12,766.122085942971,3.67633768962625
1.58,102,-9,772.392005374946,3.65881414962813
1.58,102,-6,779.817296233672,3.63849898580981
1.58,102,-3,788.766364576594,3.61630769290134
1.58,102,0,799.462760855347,3.59333239198407
1.58,102,3,811.933252042082,3.5707411736827
1.58,102,6,825.980041115183,3.54965892380826
1.58,102,9,841.182958066262,3.53105367674362
1.58,102,12,856.930849720717,3.51565020010511
1.58,102,15,872.475893225684,3.50388329812478
1.58,102,18,887.00163074619,3.49589209641979
1.58,102,21,899.695151804235,3.49154804475942
1.58,102,24,909.815024017347,3.49050554917444
1.58,102,27,916.748224763847,3.49226427530754
1.58,102,30,920.050938119673,3.49623429764173
1.58,102,33,919.469720005205,3.50179769848041
1.58,102,36,914.941517957321,3.50836208460806
1.58,102,39,906.573543097624,3.51540268266473
1.58,102,42,894.606840081421,3.52249051971813
1.58,102,45,879.370006942755,3.52930514076567
1.58,102,48,861.231109615337,3.53563169655352
1.58,102,51,840.555781853367,3.54134410155638
1.58,102,54,817.677627845759,3.54637799175121
1.58,102,57,792.88379590369,3.55069880379845
1.58,102,60,766.414908089683,3.55427084492704
1.58,102,63,738.475488612374,3.55703244495529
1.58,102,66,709.249417635553,3.55888039892429
1.58,102,69,678.914969508827,3.55966453964957
1.58,102,72,647.65534423693,3.55919113166088
1.58,102,75,615.662619985958,3.55723234073012
1.58,102,78,583.135079843687,3.55353844474618
1.58,102,81,550.269436509536,3.54784956294106
1.58,102,84,517.250401023168,3.53990421641029
1.58,102,87,484.240338194081,3.52944273621162
1.58,102,90,451.371555019305,3.51620423063158
1.58,102,93,418.74322835893,3.499916402109
1.58,102,96,386.424208113339,3.48027786551903
1.58,102,99,354.462005525429,3.45693260175317
1.58,102,102,322.897256047438,3.42943551252908
1.58,102,105,291.781928138168,3.39720630847047
1.58,102,108,261.198695993425,3.35946554717141
1.58,102,111,231.278443751326,3.31514058165014
1.58,102,114,202.213111200172,3.26271888670004
1.58,102,117,174.262320766808,3.20000913808953
1.58,102,120,147.754695008637,3.12374359640993
1.58,102,123,123.088660593463,3.02892199823539
1.58,102,126,100.742716725438,2.90780143638844
1.58,102,129,81.3093386946376,2.748714102193
1.58,102,132,65.5554812749141,2.5363465557203
1.58,102,135,54.4295702929653,2.25942968706662
1.58,102,138,48.7224787795229,1.9330366004652
1.58,102,141,48.2345787124785,1.61157903075174
1.58,102,144,51.494431890089,1.3483025791604
1.58,102,147,56.7229623929483,1.1564289763318
1.58,102,150,62.6546914958728,1.02348667012482
1.58,102,153,68.5827628090146,0.933270947951632
1.58,102,156,74.1398144774344,0.873229871116825
1.58,102,159,79.1228050726384,0.834762509727083
1.58,102,162,83.3958710215852,0.81217228858492
1.58,102,165,86.8450764188706,0.801807652205302
1.58,102,168,89.3634365470841,0.801544678196906
1.58,102,171,90.8542373128719,0.810512645147931
1.58,102,174,91.2466057966626,0.82896457815745
1.58,102,177,90.5200991115011,0.858224482086978
1.58,102,180,88.7358880704513,0.90065451856557
1.58,105,-180,88.7358880704514,0.9530143961254
1.58,105,-177,87.2846353465274,1.00582859305289
1.58,105,-174,85.259666946154,1.07590509661479
1.58,105,-171,83.0533931321206,1.16587681503301
1.58,105,-168,81.1841028776957,1.27701893877159
1.58,105,-165,80.235618217997,1.40784409475381
1.58,105,-162,80.7507799266525,1.55312058287925
1.58,105,-159,83.1094970936177,1.70444906796455
1.58,105,-156,87.4552224224665,1.85270113135709
1.58,105,-153,93.7154175313475,1.99083927729883
1.58,105,-150,101.692690450724,2.11523717452469
1.58,105,-147,111.160651614535,2.22521124176907
1.58,105,-144,121.919708567406,2.32179583873852
1.58,105,-141,133.809597181498,2.40668828629123
1.58,105,-138,146.696755472493,2.48164901162073
1.58,105,-135,160.455087185856,2.54826249259171
1.58,105,-132,174.951428447068,2.607891347875
1.58,105,-129,190.040066309016,2.66170466617773
1.58,105,-126,205.566134658743,2.71072064414646
1.58,105,-123,221.375436489926,2.75584112885168
1.58,105,-120,237.32747599108,2.79787320146239
1.58,105,-117,253.308569687022,2.83753900586305
1.58,105,-114,269.242421775699,2.87547641948744
1.58,105,-111,285.096288465393,2.91223345187651
1.58,105,-108,300.881726906739,2.94825959230458
1.58,105,-105,316.649849517884,2.98389764181572
1.58,105,-102,332.481876246624,3.01937945017117
1.58,105,-99,348.476464011516,3.05482816750337
1.58,105,-96,364.735677635256,3.09026816326115
1.58,105,-93,381.351490882019,3.12564200930776
1.58,105,-90,398.394393892578,3.16083236881513
1.58,105,-87,415.905139844605,3.19568571476454
1.58,105,-84,433.890044279174,3.23003471308907
1.58,105,-81,452.319709464414,3.26371673356847
1.58,105,-78,471.130687325593,3.2965869726778
1.58,105,-75,490.229444559424,3.32852572752215
1.58,105,-72,509.498006992961,3.35944020414103
1.58,105,-69,528.800749432532,3.38926179664349
1.58,105,-66,547.991872042039,3.41794007335702
1.58,105,-63,566.923105546443,3.44543482217373
1.58,105,-60,585.451106186122,3.4717074782314
1.58,105,-57,603.443881022883,3.49671307841876
1.58,105,-54,620.785509010298,3.52039354283246
1.58,105,-51,637.378492733892,3.54267259367193
1.58,105,-48,653.143370997965,3.56345207904514
1.58,105,-45,668.015769401002,3.58260903710635
1.58,105,-42,681.941804954148,3.59999271088822
1.58,105,-39,694.873533506535,3.61542105913968
1.58,105,-36,706.766695211339,3.62867712962433
1.58,105,-33,717.583103845133,3.63950681355036
1.58,105,-30,727.299423743299,3.64762065730016
1.58,105,-27,735.92271108666,3.65270315681952
1.58,105,-24,743.511105178665,3.6544329172605
1.58,105,-21,750.195813566966,3.65251596203439
1.58,105,-18,756.198607961896,3.64673220669963
1.58,105,-15,761.838099207345,3.6369917223097
1.58,105,-12,767.51870570019,3.62339321652594
1.58,105,-9,773.698838700863,3.60627299542764
1.58,105,-6,780.839263728931,3.58623012326266
1.58,105,-3,789.337988048856,3.56411468480055
1.58,105,0,799.462760855347,3.54097251442424
1.58,105,3,811.294478756568,3.51795078588246
1.58,105,6,824.693253289118,3.49618068097816
1.58,105,9,839.293942817185,3.47666061920544
1.58,105,12,854.531464029893,3.46016269492545
1.58,105,15,869.690577257418,3.44717684444808
1.58,105,18,883.971622168786,3.43789627646364
1.58,105,21,896.562921736777,3.43223864471394
1.58,105,24,906.71131533706,3.42989274357465
1.58,105,27,913.783504150918,3.43037982086174
1.58,105,30,917.312144161549,3.43312017220424
1.58,105,33,917.022062703147,3.43749781738407
1.58,105,36,912.834004822402,3.44291783044408
1.58,105,39,904.846147359061,3.44885212292444
1.58,105,42,893.297005015722,3.45487044649409
1.58,105,45,878.51657397577,3.46065453167057
1.58,105,48,860.874656219786,3.46599496025684
1.58,105,51,840.735481429782,3.47077261311365
1.58,105,54,818.425747093641,3.47492894672348
1.58,105,57,794.219532559917,3.47843120812509
1.58,105,60,768.339316278494,3.48123928049996
1.58,105,63,740.968810380926,3.48327985414757
1.58,105,66,712.271446838304,3.48443134864714
1.58,105,69,682.40836086038,3.48452024618998
1.58,105,72,651.551229567042,3.48332707603565
1.58,105,75,619.887588957297,3.48059875594567
1.58,105,78,587.618517666859,3.47606345129737
1.58,105,81,554.950327119664,3.46944433188961
1.58,105,84,522.082923660381,3.46046925372092
1.58,105,87,489.197837237645,3.44887419410366
1.58,105,90,456.44869419856,3.43439907573038
1.58,105,93,423.956320997527,3.41677537113289
1.58,105,96,391.809838392013,3.39570552789958
1.58,105,99,360.0741355955,3.37083465903519
1.58,105,102,328.803074988811,3.34171484107815
1.58,105,105,298.056761575737,3.30776138933625
1.58,105,108,267.920355960225,3.2681982192941
1.58,105,111,238.521411293165,3.2219854399903
1.58,105,114,210.042808607818,3.16771629166174
1.58,105,117,182.729273994417,3.10346239581853
1.58,105,120,156.887307795608,3.02653776488209
1.58,105,123,132.881019583138,2.93315234905994
1.58,105,126,111.129146975223,2.81797104592756
1.58,105,129,92.1090943328574,2.67380053647715
1.58,105,132,76.3649545908619,2.49227807574895
1.58,105,135,64.48185282753,2.26774454755289
1.58,105,138,56.9264077218318,2.00638657161629
1.58,105,141,53.6946743152264,1.73419903005041
1.58,105,144,54.0607418715605,1.48690942443164
1.58,105,147,56.8476788690947,1.28726569995637
1.58,105,150,60.9543348640248,1.1382175417614
1.58,105,153,65.6112879403841,1.03212515558105
1.58,105,156,70.3500991398315,0.959340244542612
1.58,105,159,74.8898137120509,0.911603280235914
1.58,105,162,79.0439726389157,0.882663818212199
1.58,105,165,82.6651342426546,0.868087641545715
1.58,105,168,85.619404307281,0.864975353380601
1.58,105,171,87.7823652996683,0.871756202822229
1.58,105,174,89.050511163638,0.88805282263894
1.58,105,177,89.3639071879873,0.914577472924239
1.58,105,180,88.7358880704514,0.9530143961254
1.58,108,-180,88.7358880704515,1.00537427368523
1.58,108,-177,88.5010998138875,1.05203267601912
1.58,108,-174,87.6762306326885,1.11310356438494
1.58,108,-171,86.5595928781932,1.19039809743829
1.58,108,-168,85.5523481787916,1.2847058587574
1.58,108,-165,85.1088221532706,1.39499574668058
1.58,108,-162,85.6621052055176,1.51794294387117
1.58,108,-159,87.5469252087429,1.6482499213015
1.58,108,-156,90.9528244222128,1.77985706131326
1.58,108,-153,95.9289579409456,1.9074505728689
1.58,108,-150,102.430332884815,2.0274265902784
1.58,108,-147,110.372746497676,2.13798298419679
1.58,108,-144,119.668696693995,2.23864538421987
1.58,108,-141,130.236925851405,2.32969427100387
1.58,108,-138,141.993848754628,2.41175365289442
1.58,108,-135,154.839308960645,2.48557626629243
1.58,108,-132,168.646035350203,2.55196010546109
1.58,108,-129,183.257233331756,2.61172584465069
1.58,108,-126,198.492795536101,2.66571189050081
1.58,108,-123,214.162293902384,2.71476838027737
1.58,108,-120,230.081855324522,2.75974473320324
1.58,108,-117,246.091723678461,2.80147043333146
1.58,108,-114,262.071480851761,2.8407303396735
1.58,108,-111,277.95044572279,2.87823675842604
1.58,108,-108,293.711649887099,2.91460151871111
1.58,108,-105,309.388896993907,2.95031209264973
1.58,108,-102,325.057563675012,2.98571590827703
1.58,108,-99,340.820777108749,3.0210161251701
1.58,108,-96,356.793221478392,3.05628032091729
1.58,108,-93,373.084977663421,3.09146116916362
1.58,108,-90,389.787490093055,3.12642592220177
1.58,108,-87,406.963094995812,3.16099000383766
1.58,108,-84,424.638730495647,3.19494967288876
1.58,108,-81,442.803699156674,3.22810951068418
1.58,108,-78,461.410837375049,3.26030201925952
1.58,108,-75,480.380232805939,3.29139834510503
1.58,108,-72,499.604679948704,3.32131062351623
1.58,108,-69,518.956256517598,3.349987460004
1.58,108,-66,538.293598001929,3.37740462335808
1.58,108,-63,557.469534268026,3.4035532097339
1.58,108,-60,576.338686050801,3.42842743016528
1.58,108,-57,594.764435505872,3.45201381033313
1.58,108,-54,612.624486876472,3.47428298559649
1.58,108,-51,629.814162136624,3.49518447506715
1.58,108,-48,646.246766508813,3.51464395481235
1.58,108,-45,661.850885150201,3.53256183878485
1.58,108,-42,676.565303604448,3.54881167793897
1.58,108,-39,690.333215583696,3.56323721820022
1.58,108,-36,703.098203845135,3.57564797328291
1.58,108,-33,714.804803286655,3.58581468346963
1.58,108,-30,725.405977266256,3.59346762057176
1.58,108,-27,734.878430467406,3.59830180843844
1.58,108,-24,743.244486828271,3.59999335634004
1.58,108,-21,750.596713013405,3.5982299532052
1.58,108,-18,757.119225016293,3.59275610021895
1.58,108,-15,763.098425338018,3.58343004373116
1.58,108,-12,768.916439999032,3.57028502197144
1.58,108,-9,775.023118398822,3.55358317711621
1.58,108,-6,781.88694991503,3.53384775545228
1.58,108,-3,789.930738139962,3.51185996728659
1.58,108,0,799.462760855347,3.48861263686441
1.58,108,3,810.61660336884,3.46522313867589
1.58,108,6,823.311699287168,3.44281982110973
1.58,108,9,837.242109626537,3.42242413922257
1.58,108,12,851.894958898897,3.40485131602909
1.58,108,15,866.594469792479,3.39064566130496
1.58,108,18,880.564155517432,3.38005644893837
1.58,108,21,892.998525451921,3.37305105636876
1.58,108,24,903.135789129629,3.36935657426075
1.58,108,27,910.323634962011,3.36851940600163
1.58,108,30,914.070919137968,3.36997310182088
1.58,108,33,914.079312298949,3.37310628452648
1.58,108,36,910.251085679227,3.37732409312444
1.58,108,39,902.67247123844,3.38209784345285
1.58,108,42,891.576049059714,3.38699878799831
1.58,108,45,877.289499389011,3.39171334658583
1.58,108,48,860.180641604382,3.39603929030217
1.58,108,51,840.609011533977,3.39986506931639
1.58,108,54,818.892018697729,3.40313727939721
1.58,108,57,795.289583265969,3.40582330476501
1.58,108,60,770.006386394797,3.40787665204286
1.58,108,63,743.206948187794,3.4092111254361
1.58,108,66,715.036704821429,3.40968724545719
1.58,108,69,685.642333616044,3.40911114606231
1.58,108,72,655.186289172955,3.40724356692381
1.58,108,75,623.85301091359,3.40381504164547
1.58,108,78,591.846717516845,3.3985429950523
1.58,108,81,559.38257261112,3.39114687653258
1.58,108,84,526.674078483103,3.38135826454949
1.58,108,87,493.919872931212,3.36892378976524
1.58,108,90,461.292838963066,3.35359962391467
1.58,108,93,428.933782414725,3.33513716455039
1.58,108,96,396.951050831312,3.31326040745438
1.58,108,99,365.42647489405,3.28763623326656
1.58,108,102,334.426998552151,3.25783919778417
1.58,108,105,304.020409885177,3.22331206666261
1.58,108,108,274.292796295395,3.1833219497555
1.58,108,111,245.36486409441,3.13690928720516
1.58,108,114,217.40425466766,3.08282321769571
1.58,108,117,190.631627841483,3.01943268079392
1.58,108,120,165.319661014111,2.94460016016858
1.58,108,123,141.786104979887,2.8555110502154
1.58,108,126,120.384061124069,2.74848588964272
1.58,108,129,101.493199207914,2.61891506079233
1.58,108,132,85.5114404916337,2.46173959770096
1.58,108,135,72.8323507458192,2.2733834767864
1.58,108,138,63.7697538992774,2.05606150611586
1.58,108,141,58.3960449378492,1.82277932560308
1.58,108,144,56.371383863352,1.59630931933312
1.58,108,147,56.9673023637422,1.39864327289868
1.58,108,150,59.3253283002385,1.24097387423158
1.58,108,153,62.7135697745279,1.12345841087009
1.58,108,156,66.6146367826612,1.04051229428115
1.58,108,159,70.6891828040546,0.985162897240112
1.58,108,162,74.7063576871162,0.951076085337463
1.58,108,165,78.4869664374806,0.933206872528269
1.58,108,168,81.8703071023902,0.927918002174485
1.58,108,171,84.7034021373481,0.932937874318976
1.58,108,174,86.8486008770615,0.947267209297113
1.58,108,177,88.2047181298307,0.971047248798796
1.58,108,180,88.7358880704515,1.00537427368523
1.58,111,-180,88.7358880704516,1.05773415124506
1.58,111,-177,89.7174704131368,1.09819814171336
1.58,111,-174,90.0969312172576,1.15053702519843
1.58,111,-171,90.0891325980184,1.21601767816748
1.58,111,-168,89.9967125305784,1.29513916266496
1.58,111,-165,90.1681145900897,1.38719074392524
1.58,111,-162,90.9430363729236,1.49007365795055
1.58,111,-159,92.6026273781139,1.6005462540401
1.58,111,-156,95.342821652401,1.71485699256542
1.58,111,-153,99.2785794379745,1.82948027032725
1.58,111,-150,104.4700533394,1.94161180904602
1.58,111,-147,110.951635188572,2.04928331993532
1.58,111,-144,118.748181610109,2.15120921256714
1.58,111,-141,127.8740283485,2.24656869585172
1.58,111,-138,138.320225040241,2.33485575290787
1.58,111,-135,150.039103481511,2.41582004881024
1.58,111,-132,162.933802215805,2.48945984158546
1.58,111,-129,176.856763312254,2.55602204727343
1.58,111,-126,191.617842352279,2.61598524856997
1.58,111,-123,207.000397886659,2.67002167513251
1.58,111,-120,222.782443194415,2.71894403703642
1.58,111,-117,238.759329150682,2.76364468931022
1.58,111,-114,254.764341372025,2.80503307586509
1.58,111,-111,270.684046594095,2.84397596759041
1.58,111,-108,286.466188609969,2.88124449345839
1.58,111,-105,302.119255580143,2.91747193552359
1.58,111,-102,317.704255220268,2.95312601184011
1.58,111,-99,333.320460666101,2.98849837920988
1.58,111,-96,349.087701507449,3.02371218321563
1.58,111,-93,365.128042051072,3.05874592814625
1.58,111,-90,381.54940020706,3.09346937128463
1.58,111,-87,398.432927757771,3.12768534392146
1.58,111,-84,415.82501326708,3.1611709358646
1.58,111,-81,433.733845593856,3.19371243629867
1.58,111,-78,452.12981241237,3.2251303815022
1.58,111,-75,470.948714619678,3.25529333835522
1.58,111,-72,490.096826038974,3.28412104261493
1.58,111,-69,509.457083606342,3.31157888630022
1.58,111,-66,528.895980328414,3.33766647280677
1.58,111,-63,548.270902243829,3.36240315466077
1.58,111,-60,567.437625447076,3.38581327615179
1.58,111,-57,586.257486824853,3.40791334425159
1.58,111,-54,604.603465790482,3.42870258434406
1.58,111,-51,622.364225359617,3.44815735580356
1.58,111,-48,639.445232354024,3.46622883673405
1.58,111,-45,655.766533152865,3.48284247054958
1.58,111,-42,671.25761674614,3.49789720343243
1.58,111,-39,685.850904704438,3.51126280886534
1.58,111,-36,699.476454939543,3.52277470567862
1.58,111,-33,712.061032309618,3.53222745257632
1.58,111,-30,723.534387824361,3.53937005334352
1.58,111,-27,733.844195713422,3.54390765190172
1.58,111,-24,742.978748399042,3.54551450473116
1.58,111,-21,750.993689527729,3.54386193702044
1.58,111,-18,758.03653052563,3.53866232802735
1.58,111,-15,764.361288138863,3.52972633982263
1.58,111,-12,770.326003155371,3.51702613924184
1.58,111,-9,776.368491962927,3.50075310508214
1.58,111,-6,782.960200378599,3.48135577613689
1.58,111,-3,790.543514992613,3.45954429819519
1.58,111,0,799.462760855347,3.43625275930458
1.58,111,3,809.901654091443,3.41256032013384
1.58,111,6,821.839125864354,3.38958318750485
1.58,111,9,835.031474673281,3.3683577768509
1.58,111,12,849.023316811999,3.34973724565545
1.58,111,15,863.184755092837,3.33431856903181
1.58,111,18,876.768802149,3.32240838610911
1.58,111,21,888.981416688921,3.31402696986041
1.58,111,24,899.055849404093,3.30894354161603
1.58,111,27,906.322746398226,3.30673331322075
1.58,111,30,910.267587181331,3.3068462276601
1.58,111,33,910.567994738227,3.30867819897782
1.58,111,36,907.105761267592,3.3116368914437
1.58,111,39,899.952210846024,3.3151954040881
1.58,111,42,889.33025296367,3.31892872574835
1.58,111,45,875.561049347021,3.32252979076575
1.58,111,48,859.006242078253,3.32580462868899
1.58,111,51,840.017084069331,3.32864934145695
1.58,111,54,818.899299639079,3.33101482273751
1.58,111,57,795.897844660336,3.33286726658985
1.58,111,60,771.200465793045,3.33415274335568
1.58,111,63,744.954731894839,3.33477226658404
1.58,111,66,717.29111933825,3.33457049712594
1.58,111,69,688.344958301757,3.33333769618123
1.58,111,72,658.271986982871,3.33082181671534
1.58,111,75,627.254958167789,3.32674623390484
1.58,111,78,595.501322956919,3.32082847448827
1.58,111,81,563.233932263291,3.31279596932783
1.58,111,84,530.677756723774,3.30239584642919
1.58,111,87,498.045894477302,3.28939680121089
1.58,111,90,465.527804031289,3.27358204030416
1.58,111,93,433.281980818447,3.25473323939221
1.58,111,96,401.434375294745,3.23260642873034
1.58,111,99,370.082865264801,3.20690165416217
1.58,111,102,339.307143543507,3.17722893487002
1.58,111,105,309.182537932657,3.14307312417911
1.58,111,108,279.795610899639,3.10375946488488
1.58,111,111,251.258970045257,3.0584197682431
1.58,111,114,223.722663914789,3.00595638829962
1.58,111,117,197.379972300313,2.944998139307
1.58,111,120,172.466431996498,2.87384060551882
1.58,111,123,149.252528988107,2.79036693813974
1.58,111,126,128.03226442807,2.69196431534508
1.58,111,129,109.110822379757,2.57550868931646
1.58,111,132,92.7930690956928,2.43762595163717
1.58,111,135,79.3681349694111,2.27566836218652
1.58,111,138,69.0734144531473,2.08996090733521
1.58,111,141,62.0158019176423,1.88706020683106
1.58,111,144,58.0620155903209,1.6813286326585
1.58,111,147,56.7863707867133,1.49104311544495
1.58,111,150,57.5650205337943,1.3306139209183
1.58,111,153,59.7604772848073,1.20595890666253
1.58,111,156,62.8543820469369,1.11570313395078
1.58,111,159,66.4747039542367,1.05473277967915
1.58,111,162,70.3582649377638,1.01699224402293
1.58,111,165,74.2997486925386,0.996964509139282
1.58,111,168,78.1140050524585,0.990304481924778
1.58,111,171,81.6198718744332,0.994049260386446
1.58,111,174,84.6448048752646,1.00661058674215
1.58,111,177,87.0453256708165,1.02763041693804
1.58,111,180,88.7358880704516,1.05773415124506
1.58,114,-180,88.7358880704515,1.11009402880489
1.58,114,-177,90.9302770309698,1.14434688269943
1.58,114,-174,92.5146773259283,1.18824105065318
1.58,114,-171,93.6302979241503,1.24271824036409
1.58,114,-168,94.4967972813607,1.30813223716316
1.58,114,-165,95.3760390737429,1.38401443007463
1.58,114,-162,96.5298989719237,1.46905771188705
1.58,114,-159,98.1864620712533,1.56134218271043
1.58,114,-156,100.525997879494,1.65871251229114
1.58,114,-153,103.688367930445,1.75912932045331
1.58,114,-150,107.792661879148,1.86084219839533
1.58,114,-147,112.954977946904,1.96235845287749
1.58,114,-144,119.293631909008,2.06230604127058
1.58,114,-141,126.919090340815,2.15932553420806
1.58,114,-138,135.913328458939,2.25207272089909
1.58,114,-135,146.3070032565,2.33932749768057
1.58,114,-132,158.062518838201,2.42014492570438
1.58,114,-129,171.0681811969,2.49397611166361
1.58,114,-126,185.145029372422,2.56071692763807
1.58,114,-123,200.064867727219,2.62068112387138
1.58,114,-120,215.575974593524,2.67451886693815
1.58,114,-117,231.431906847593,2.72310794704707
1.58,114,-114,247.418648484641,2.76743992891079
1.58,114,-111,263.375973747285,2.80851560031478
1.58,114,-108,279.210160096745,2.84725773550968
1.58,114,-105,294.896829754161,2.88444541741322
1.58,114,-102,310.474394152904,2.92067213778236
1.58,114,-99,326.030018389934,2.95632841832912
1.58,114,-96,341.68098504282,2.99160792317591
1.58,114,-93,357.554690428128,3.02653375873598
1.58,114,-90,373.770236419332,3.06099929825911
1.58,114,-87,390.423798583669,3.09481618690485
1.58,114,-84,407.578885547144,3.12776184267216
1.58,114,-81,425.261546414831,3.15961994721158
1.58,114,-78,443.459792750138,3.19020971349822
1.58,114,-75,462.126120104509,3.219402372373
1.58,114,-72,481.182028439449,3.24712562324004
1.58,114,-69,500.52371452202,3.27335834810022
1.58,114,-66,520.02845318948,3.29811865199424
1.58,114,-63,539.561428564097,3.32144844122912
1.58,114,-60,558.982819961412,3.3433974905209
1.58,114,-57,578.154779840689,3.3640094099208
1.58,114,-54,596.947642779442,3.38331114377069
1.58,114,-51,615.244429375658,3.40130663712
1.58,114,-48,632.942650515495,3.41797417596803
1.58,114,-45,649.952749968365,3.43326585744841
1.58,114,-42,666.193324424411,3.44710700322257
1.58,114,-39,681.584433028081,3.45939344433113
1.58,114,-36,696.04154300824,3.46998568132351
1.58,114,-33,709.473475502265,3.47870083853889
1.58,114,-30,721.787617716832,3.48530556835313
1.58,114,-27,732.904352028474,3.48951482661116
1.58,114,-24,742.78020261396,3.49100195947972
1.58,114,-21,751.436143117873,3.48942437198484
1.58,114,-18,758.98470316538,3.48446622536752
1.58,114,-15,765.647905333357,3.47589557354141
1.58,114,-12,771.758412693818,3.46362878713617
1.58,114,-9,777.738875377659,3.447790928493
1.58,114,-6,784.058994582987,3.42875814125959
1.58,114,-3,791.175227060863,3.40716856201366
1.58,114,0,799.462760855347,3.38389288174475
1.58,114,3,809.151833717808,3.3599642500846
1.58,114,6,820.279803846915,3.33647741337756
1.58,114,9,832.667017027764,3.31447505407909
1.58,114,12,845.919873905622,3.2948420738364
1.58,114,15,859.460166634359,3.27822535940747
1.58,114,18,872.576564251903,3.26498939820037
1.58,114,21,884.49197757098,3.25521007470178
1.58,114,24,894.438921468813,3.2487024621393
1.58,114,27,901.733696810158,3.24507434621623
1.58,114,30,905.839576750379,3.24379538472254
1.58,114,33,906.409871538017,3.24427157904484
1.58,114,36,903.304295116973,3.2459154979642
1.58,114,39,896.576456499478,3.24820407484406
1.58,114,42,886.435808274502,3.25071771157069
1.58,114,45,873.1926336707,3.25315699134365
1.58,114,48,857.198052980138,3.25533662215388
1.58,114,51,838.79139126644,3.25716004502972
1.58,114,54,818.264357504093,3.25858165893369
1.58,114,57,795.846298165331,3.25956573056252
1.58,114,60,771.709075751069,3.26005091904549
1.58,114,63,745.985697460717,3.25992692188061
1.58,114,66,718.794786030354,3.25902593904413
1.58,114,69,690.263422248354,3.2571278197041
1.58,114,72,660.54306012904,3.25397502907572
1.58,114,75,629.816072701695,3.24929239969951
1.58,114,78,598.293128184918,3.24280679219617
1.58,114,81,566.203494708324,3.23426272650333
1.58,114,84,533.781368522862,3.22343121963508
1.58,114,87,501.251508682477,3.21011017320628
1.58,114,90,468.817051310454,3.19411563473134
1.58,114,93,436.651600967322,3.17526419708613
1.58,114,96,404.896756960468,3.15334778844436
1.58,114,99,373.665281264833,3.1281031142278
1.58,114,102,343.049255230523,3.09917885490954
1.58,114,105,313.131865247599,3.06610408571517
1.58,114,108,284.000933830837,3.02826093737244
1.58,114,111,255.761995182441,2.98486305679383
1.58,114,114,228.548650494932,2.93493900055324
1.58,114,117,202.528223407319,2.87731671953973
1.58,114,120,177.901491326461,2.81060280111315
1.58,114,123,154.896539408813,2.73315051010571
1.58,114,126,133.758366871115,2.64301955271741
1.58,114,129,114.73713065281,2.5379604277124
1.58,114,132,98.0776603395659,2.415530010147
1.58,114,135,84.0095453056764,2.27358339315981
1.58,114,138,72.7297876361734,2.11152903821002
1.58,114,141,64.3625894417191,1.93253140071338
1.58,114,144,58.8889076478991,1.74565932389756
1.58,114,147,56.0793836089439,1.56530431700389
1.58,114,150,55.5032307024851,1.40635038460449
1.58,114,153,56.6371781904616,1.27841649748038
1.58,114,156,58.9967038914368,1.18384504967765
1.58,114,159,62.2030003501672,1.11956032052023
1.58,114,162,65.9760523995498,1.07997432919758
1.58,114,165,70.0930211739602,1.05916274579934
1.58,114,168,74.3484702503888,1.05207970404265
1.58,114,171,78.5343574998834,1.05509251630206
1.58,114,174,82.4430899871188,1.06608981823479
1.58,114,177,85.8885327782574,1.08432382202811
1.58,114,180,88.7358880704515,1.11009402880489
1.58,117,-180,88.7358880704514,1.16245390636472
1.58,117,-177,92.1360476430097,1.19049984622998
1.58,117,-174,94.9222777852545,1.22624673889005
1.58,117,-171,97.1711162839859,1.27047916606158
1.58,117,-168,99.0321910891699,1.3235090831419
1.58,117,-165,100.696360685734,1.38506288559958
1.58,117,-162,102.361380997169,1.45435077675865
1.58,117,-159,104.207166444331,1.53028482818796
1.58,117,-156,106.388464501808,1.61174482370914
1.58,117,-153,109.044382149448,1.69776343932421
1.58,117,-150,112.31642691039,1.78754537141533
1.58,117,-147,116.363741830805,1.88032526723067
1.58,117,-144,121.366580973093,1.97515188487165
1.58,117,-141,127.514415344747,2.07072039052072
1.58,117,-138,134.980784796822,2.1653514842128
1.58,117,-135,143.891610196787,2.25714775580792
1.58,117,-132,154.296177067365,2.34427454614292
1.58,117,-129,166.14954759374,2.42525729823468
1.58,117,-126,179.311738478271,2.49919042823844
1.58,117,-123,193.564026015472,2.56580565639861
1.58,117,-120,208.638289717286,2.62541050420979
1.58,117,-117,224.252791805902,2.67874498187264
1.58,117,-114,240.147412252441,2.72680909702696
1.58,117,-111,256.112540232398,2.77069927190118
1.58,117,-108,272.007825236504,2.81147391948369
1.58,117,-105,287.76922559418,2.85005553279036
1.58,117,-102,303.404860381606,2.88716972319932
1.58,117,-99,318.981816932512,2.92331853608916
1.58,117,-96,334.607130134253,2.95878370865685
1.58,117,-93,350.406545653518,2.99365399281928
1.58,117,-90,366.504407814906,3.02786907629896
1.58,117,-87,383.007188807408,3.0612715533697
1.58,117,-84,399.992033188849,3.09365848463599
1.58,117,-81,417.500533833596,3.12482558537375
1.58,117,-78,435.537059876984,3.15459963370803
1.58,117,-75,454.070482500848,3.18285753723741
1.58,117,-72,473.038092702432,3.20953289632013
1.58,117,-69,492.35075238553,3.2346124442141
1.58,117,-66,511.898685349513,3.25812542039675
1.58,117,-63,531.557627530301,3.28012898843082
1.58,117,-60,551.195197724316,3.30069252433788
1.58,117,-57,570.677273620876,3.31988314022199
1.58,117,-54,589.873896700036,3.33775418794908
1.58,117,-51,608.663902902883,3.35433765200035
1.58,117,-48,626.937278634924,3.36964028250548
1.58,117,-45,644.59439686288,3.38364219146584
1.58,117,-42,661.541956420622,3.39629577910772
1.58,117,-39,677.686611937631,3.40752271358208
1.58,117,-36,692.928662802314,3.41720758900803
1.58,117,-33,707.159243332211,3.4251888168066
1.58,117,-30,720.264614956614,3.43124975753704
1.58,117,-27,732.139981875743,3.43511518106166
1.58,117,-24,742.712752721563,3.43645891456571
1.58,117,-21,751.971909902508,3.4349274329372
1.58,117,-18,759.997091821645,3.43018119530759
1.58,117,-15,766.979209013753,3.42195129791997
1.58,117,-12,773.22471683075,3.4101043598266
1.58,117,-9,779.138317149592,3.3947044893484
1.58,117,-6,785.183398932842,3.37605883174756
1.58,117,-3,791.824785498049,3.35473375761183
1.58,117,0,799.462760855347,3.33153300418492
1.58,117,3,808.36951341542,3.30743666297271
1.58,117,6,818.638533888906,3.28350886244581
1.58,117,9,830.15474209691,3.26078936968152
1.58,117,12,842.589505066662,3.24018766800291
1.58,117,15,855.42136388165,3.22239667126212
1.58,117,18,867.980507163221,3.2078382381342
1.58,117,21,879.51245213715,3.19664599529787
1.58,117,24,889.253701580507,3.18868441239492
1.58,117,27,896.509611237384,3.18359774367362
1.58,117,30,900.72316538898,3.18087894610419
1.58,117,33,901.523755683218,3.17994711852677
1.58,117,36,898.747914086249,3.18022213601431
1.58,117,39,892.429052881647,3.18118657707979
1.58,117,42,882.759589380165,3.18242745181919
1.58,117,45,870.034736332748,3.18365352179054
1.58,117,48,854.590935903864,3.18468805624625
1.58,117,51,836.752158933556,3.18544126470789
1.58,117,54,816.793973089208,3.18587044040559
1.58,117,57,794.929585358892,3.18593784777793
1.58,117,60,771.315987246763,3.18557578969528
1.58,117,63,746.073809223711,3.18466526631527
1.58,117,66,719.312598890309,3.18303033954082
1.58,117,69,691.153923030928,3.18044627671186
1.58,117,72,661.74708520755,3.17665690801425
1.58,117,75,631.275225010019,3.17139573460449
1.58,117,78,599.95221663325,3.16440580652911
1.58,117,81,568.012618599476,3.15545458719301
1.58,117,84,535.697825281932,3.14434135423747
1.58,117,87,503.241658212617,3.1308958513813
1.58,117,90,470.858142615876,3.11496786951606
1.58,117,93,438.733389727283,3.09640831780882
1.58,117,96,407.02256235064,3.07504327263375
1.58,117,99,375.85200043867,3.05064348094607
1.58,117,102,345.325827764058,3.02289270027112
1.58,117,105,315.535796519381,2.99135879197544
1.58,117,108,286.572753909596,2.95547130115058
1.58,117,111,258.537910827106,2.91450807160443
1.58,117,114,231.552054144805,2.86759116171669
1.58,117,117,205.761029807443,2.81368914839325
1.58,117,120,181.3363565688,2.75161949608274
1.58,117,123,158.470813426505,2.68004259822274
1.58,117,126,137.370192125257,2.59744204269929
1.58,117,129,118.243662544835,2.50210186318554
1.58,117,132,101.295461945171,2.3921370648746
1.58,117,135,86.7186943247357,2.26572983300988
1.58,117,138,74.6870109271424,2.12186226055809
1.58,117,141,65.3331060032698,1.96185747539499
1.58,117,144,58.7021833594463,1.79148136800525
1.58,117,147,54.6893361082008,1.62192960488923
1.58,117,150,53.0094800492355,1.46736370690422
1.58,117,153,53.2497670313126,1.33953788123353
1.58,117,156,54.9796381415495,1.24374873690588
1.58,117,159,57.8358762469483,1.17880024984106
1.58,117,162,61.538373747899,1.13954552993235
1.58,117,165,65.8572446742494,1.11960523153454
1.58,117,168,70.5720437694973,1.11320453180665
1.58,117,171,75.4496086352424,1.11608217811391
1.58,117,174,80.2474889608349,1.12571609247054
1.58,117,177,84.7371502959418,1.14112449918981
1.58,117,180,88.7358880704514,1.16245390636472
1.58,120,-180,88.7358880704514,1.21481378392455
1.58,120,-177,93.3313190686704,1.23667700342457
1.58,120,-174,97.3124726156364,1.26458117542348
1.58,120,-171,100.699431760763,1.29927759036013
1.58,120,-168,103.582570399517,1.34110559822199
1.58,120,-165,106.094194388769,1.38995503839407
1.58,120,-162,108.379425998394,1.44537980634208
1.58,120,-159,110.576484448746,1.50680768158169
1.58,120,-156,112.812126091797,1.5737540158154
1.58,120,-153,115.211162495938,1.64594363754985
1.58,120,-150,117.91338388052,1.72328420061765
1.58,120,-147,121.089248122782,1.80569422710043
1.58,120,-144,124.946898058952,1.89284282420877
1.58,120,-141,129.725595950613,1.9838929520442
1.58,120,-138,135.6736426052,2.07735393258538
1.58,120,-135,143.012914416058,2.17113167742186
1.58,120,-132,151.897545574929,2.26280115869107
1.58,120,-129,162.378797956763,2.35002589276169
1.58,120,-126,174.388118316558,2.43097163025148
1.58,120,-123,187.744501826327,2.50456773882351
1.58,120,-120,202.183734950812,2.57055573615128
1.58,120,-117,217.400707050874,2.62936158230688
1.58,120,-114,233.094137213683,2.68187662334932
1.58,120,-111,249.004886576277,2.72922600029606
1.58,120,-108,264.94240542211,2.77257222185014
1.58,120,-105,280.797231784277,2.81297224998203
1.58,120,-102,296.54015547623,2.85128882404172
1.58,120,-99,312.210558201806,2.88814921173723
1.58,120,-96,327.897563104679,2.92394231673112
1.58,120,-93,343.718010189939,2.95884452761168
1.58,120,-90,359.79496828733,2.99286441540001
1.58,120,-87,376.239625828171,3.02589640153332
1.58,120,-84,393.138203150825,3.05777435492467
1.58,120,-81,410.544297675308,3.08831801271541
1.58,120,-78,428.476086949571,3.11736787158656
1.58,120,-75,446.917238687232,3.14480707508485
1.58,120,-72,465.820230139827,3.17057113085199
1.58,120,-69,485.110962587845,3.19464766622574
1.58,120,-66,504.693916053784,3.21706892832705
1.58,120,-63,524.457468291871,3.23789968266339
1.58,120,-60,544.279269795054,3.25722291509736
1.58,120,-57,564.031630620395,3.27512548287399
1.58,120,-54,583.586702622253,3.29168555655396
1.58,120,-51,602.820893617179,3.30696317293166
1.58,120,-48,621.61760745278,3.32099433890642
1.58,120,-45,639.867336585575,3.3337879531376
1.58,120,-42,657.46460076147,3.34532369639621
1.58,120,-39,674.302315107502,3.35554853407985
1.58,120,-36,690.265659455379,3.3643700769972
1.58,120,-33,705.228850480371,3.37164688677087
1.58,120,-30,719.05866632281,3.37717842524294
1.58,120,-27,731.627578091884,3.3806997453684
1.58,120,-24,742.836838603689,3.38188708721333
1.58,120,-21,752.646445137289,3.38037955263559
1.58,120,-18,761.105608681859,3.37581898540998
1.58,120,-15,768.375425667131,3.36790575930247
1.58,120,-12,774.735735346058,3.35646343040104
1.58,120,-9,780.570866143172,3.34150128633645
1.58,120,-6,786.333519683492,3.32326182045578
1.58,120,-3,792.491098128494,3.30224098647489
1.58,120,0,799.462760855347,3.27917312662509
1.58,120,3,807.557225214032,3.25497909090026
1.58,120,6,816.920647928139,3.23068356683162
1.58,120,9,827.501739118246,3.20731388456513
1.58,120,12,839.038807753457,3.18579602643508
1.58,120,15,851.07132404712,3.16686385033788
1.58,120,18,862.976439315983,3.15099500269459
1.58,120,21,874.027981601379,3.13838224497644
1.58,120,24,883.471590669275,3.12894271329248
1.58,120,27,890.605722842901,3.12236113697434
1.58,120,30,894.855695847366,3.11815767248037
1.58,120,33,895.8280210944,3.11576783853031
1.58,120,36,893.335477750848,3.11462135914759
1.58,120,39,887.389240960952,3.11420815428638
1.58,120,42,878.161527345481,3.11412268822648
1.58,120,45,865.928733737811,3.11408196612914
1.58,120,48,851.008964135241,3.11391730455618
1.58,120,51,833.707903935494,3.11354496515258
1.58,120,54,814.283243551403,3.11292474248205
1.58,120,57,792.931692494207,3.11201739306208
1.58,120,60,769.796270271751,3.11075068599272
1.58,120,63,744.987027279269,3.10900024870915
1.58,120,66,718.606647122138,3.10658667137876
1.58,120,69,690.773319319786,3.10328618218926
1.58,120,72,661.635853786508,3.09884972918041
1.58,120,75,631.379060419137,3.09302471370737
1.58,120,78,600.220043396802,3.08557441540527
1.58,120,81,568.397805728696,3.07629157711796
1.58,120,84,536.159347041501,3.06500407300101
1.58,120,87,503.745419054911,3.0515717706846
1.58,120,90,471.378529201586,3.03587461084063
1.58,120,93,439.25491400882,3.01779271154154
1.58,120,96,407.54126299695,2.9971801182714
1.58,120,99,376.376124891064,2.97383472267048
1.58,120,102,345.875269414956,2.94746776826051
1.58,120,105,316.139843699364,2.91767699925576
1.58,120,108,287.265929824006,2.88392753890696
1.58,120,111,259.354023759485,2.84554365355857
1.58,120,114,232.516972408312,2.80171243223278
1.58,120,117,206.885046145804,2.75149709956042
1.58,120,120,182.607196588794,2.69385360176615
1.58,120,123,159.848283170381,2.6276404314987
1.58,120,126,138.783140154934,2.55161116830601
1.58,120,129,119.589468087976,2.46438816262313
1.58,120,132,102.44194576924,2.36444683480806
1.58,120,135,87.5087063040142,2.25021324510517
1.58,120,138,74.9476259256918,2.120504451173
1.58,120,141,64.8941501686569,1.97564869436735
1.58,120,144,57.4289264567211,1.81938730459626
1.58,120,147,52.523830984944,1.66057889745057
1.58,120,150,49.9971458970945,1.51236961669088
1.58,120,153,49.5306218625224,1.38766944216864
1.58,120,156,50.7557793406842,1.29393860102642
1.58,120,159,53.3425405519862,1.23143018886732
1.58,120,162,57.0272724768041,1.19515946567683
1.58,120,165,61.584307898517,1.17809326893806
1.58,120,168,66.7836755404477,1.17365908347791
1.58,120,171,72.3686462931116,1.17704718608891
1.58,120,174,78.062128868293,1.18550518813665
1.58,120,177,83.5939953543753,1.19802961111997
1.58,120,180,88.7358880704514,1.21481378392455
1.58,123,-180,88.7358880704514,1.26717366148438
1.58,123,-177,94.5126480075475,1.2828973309625
1.58,123,-174,99.6779651070046,1.30326786626467
1.58,123,-171,104.202977297323,1.32908926232089
1.58,123,-168,108.127787001132,1.36077010243213
1.58,123,-165,111.536051724978,1.39833905932922
1.58,123,-162,114.529591305162,1.44158217905494
1.58,123,-159,117.211462472686,1.49024247149036
1.58,123,-156,119.681889396835,1.5442044458039
1.58,123,-153,122.046056064159,1.6035939653576
1.58,123,-150,124.428912694715,1.66875515621754
1.58,123,-147,126.991048084824,1.74010335977551
1.58,123,-144,129.940229557468,1.81788158794183
1.58,123,-141,133.533572397617,1.90186953342102
1.58,123,-138,138.065166601428,1.99112092275904
1.58,123,-135,143.835428418861,2.08383555259999
1.58,123,-132,151.104081542363,2.17747281335095
1.58,123,-129,160.037872181587,2.26913805217426
1.58,123,-126,170.67099099166,2.3561324398221
1.58,123,-123,182.893875726825,2.43645191702637
1.58,123,-120,196.474587105528,2.50905028305786
1.58,123,-117,211.10414423844,2.57382049333522
1.58,123,-114,226.450835562398,2.6313775025138
1.58,123,-111,242.209770542553,2.68276775250957
1.58,123,-108,258.139098819537,2.72920003880482
1.58,123,-105,274.079654670433,2.77184239084414
1.58,123,-102,289.958665786191,2.81169293435353
1.58,123,-99,305.780513757871,2.84951518488653
1.58,123,-96,321.608718221001,2.88582312838491
1.58,123,-93,337.543631815952,2.92090155722542
1.58,123,-90,353.699949435228,2.95484853344324
1.58,123,-87,370.187208880262,2.98762842227499
1.58,123,-84,387.095212673482,3.01912584039026
1.58,123,-81,404.485010758408,3.04919335811506
1.58,123,-78,422.385012395468,3.07768871667998
1.58,123,-75,440.791108251448,3.10450011940686
1.58,123,-72,459.669419044853,3.12956025174325
1.58,123,-69,478.960381599519,3.1528508091667
1.58,123,-66,498.583220412873,3.17439960459321
1.58,123,-63,518.440299060736,3.19427219560778
1.58,123,-60,538.42125967085,3.21255983044023
1.58,123,-57,558.407097640218,3.22936555604036
1.58,123,-54,578.274271864571,3.24479045744478
1.58,123,-51,597.898605940921,3.25892189142619
1.58,123,-48,617.158245077497,3.27182493903231
1.58,123,-45,635.93461272458,3.28353709165201
1.58,123,-42,654.11052783794,3.2940647627495
1.58,123,-39,671.565609810641,3.3033792633464
1.58,123,-36,688.170661853798,3.31141009262207
1.58,123,-33,703.784302512882,3.31803507514802
1.58,123,-30,718.255868613788,3.32306961594456
1.58,123,-27,731.437830382054,3.3262600637109
1.58,123,-24,743.208480789894,3.32728756172514
1.58,123,-21,753.50208296539,3.32578792417417
1.58,123,-18,762.34017646504,3.32138995370074
1.58,123,-15,769.855689596096,3.31377000546632
1.58,123,-12,776.301817280203,3.30271576464317
1.58,123,-9,782.040445297642,3.28818844728695
1.58,123,-6,787.509456564341,3.27037104315379
1.58,123,-3,793.173063161106,3.24969144152564
1.58,123,0,799.462760855347,3.22681324906526
1.58,123,3,806.717653157079,3.2025928470258
1.58,123,6,815.132005646871,3.17800716268727
1.58,123,9,824.716229992285,3.15406139756265
1.58,123,12,835.27627802879,3.13168911400622
1.58,123,15,846.415736629238,3.11165879032575
1.58,123,18,857.563620307579,3.09450102779323
1.58,123,21,868.027714045249,3.08046820213398
1.58,123,24,877.068279386104,3.06953297239343
1.58,123,27,883.981487751561,3.06142459483737
1.58,123,30,888.178251766145,3.05569464942804
1.58,123,33,889.24384138416,3.05179877398796
1.58,123,36,886.967244729442,3.04917932702313
1.58,123,39,881.335865869097,3.04733527915971
1.58,123,42,872.499109208369,3.04586919119219
1.58,123,45,860.71146396738,3.04450606412254
1.58,123,48,846.269777460157,3.04308448082144
1.58,123,51,829.459258202663,3.0415259560793
1.58,123,54,810.518580164597,3.03979255317528
1.58,123,57,789.627911760164,3.03784436037013
1.58,123,60,766.917151053675,3.03560679782121
1.58,123,63,742.487167247872,3.03295359172455
1.58,123,66,716.435351165822,3.02970622517689
1.58,123,69,688.87793833321,3.02564650272034
1.58,123,72,659.964295627806,3.02053660259519
1.58,123,75,629.881452483685,3.01414071185355
1.58,123,78,598.849737999834,3.00624341877687
1.58,123,81,567.112040532172,2.99666165522823
1.58,123,84,534.919891072603,2.98524851799836
1.58,123,87,502.519459618258,2.97188847561518
1.58,123,90,470.139908826066,2.95648429989104
1.58,123,93,437.985641531852,2.93893671827391
1.58,123,96,406.233036888721,2.91911844792946
1.58,123,99,375.031459223964,2.89684504329925
1.58,123,102,344.507739232227,2.87184582037533
1.58,123,105,314.772994884974,2.84373880995884
1.58,123,108,285.930544694127,2.81201390390659
1.58,123,111,258.083694303254,2.77602769448949
1.58,123,114,231.342276494814,2.73501161497563
1.58,123,117,205.826979697018,2.68809170884652
1.58,123,120,181.670786712126,2.63431391136647
1.58,123,123,159.01738850614,2.57266406017181
1.58,123,126,138.017271083151,2.5020693159881
1.58,123,129,118.823059442335,2.42137252818284
1.58,123,132,101.586055722058,2.3292940580268
1.58,123,135,86.4549422901215,2.22445524652486
1.58,123,138,73.5747113832008,2.105653533163
1.58,123,141,63.0791959934187,1.97272148339417
1.58,123,144,55.0667352725623,1.82824073127707
1.58,123,147,49.5539129864164,1.67957407376595
1.58,123,150,46.4275709152101,1.53908310519936
1.58,123,153,45.4437246325135,1.42037886724371
1.58,123,156,46.2962671854832,1.33238002407672
1.58,123,159,48.7018262905802,1.27610847211142
1.58,123,162,52.4291948179136,1.24614927158348
1.58,123,165,57.2679701701727,1.23441895593794
1.58,123,168,62.9831403508634,1.23344668593778
1.58,123,171,69.2948627084379,1.23803315196138
1.58,123,174,75.8912581321879,1.24547767621328
1.58,123,177,82.4618894303563,1.25503636862543
1.58,123,180,88.7358880704514,1.26717366148438
1.58,126,-180,88.7358880704514,1.31953353904421
1.58,126,-177,95.6766222988202,1.32917880352466
1.58,126,-174,102.011454645491,1.34232714088606
1.58,126,-171,107.669444113005,1.35988924348755
1.58,126,-168,112.64794544634,1.38236335767482
1.58,126,-165,116.989840753558,1.40989496580611
1.58,126,-162,120.761082289265,1.44242858319432
1.58,126,-159,124.035446212336,1.47989628678949
1.58,126,-156,126.889838284269,1.52238190135814
1.58,126,-153,129.409393549086,1.5702123061447
1.58,126,-150,131.699144725111,1.62395240123428
1.58,126,-147,133.89871444943,1.68430293564148
1.58,126,-144,136.196877707234,1.75191103259743
1.58,126,-141,138.842021954273,1.82710759575381
1.58,126,-138,142.142097031345,1.90960267229601
1.58,126,-135,146.44585103198,1.9982146303842
1.58,126,-132,152.100136168031,2.09076523084261
1.58,126,-129,159.388338105639,2.1842758403305
1.58,126,-126,168.468495557051,2.27548460191576
1.58,126,-123,179.335814943156,2.36151073782409
1.58,126,-120,191.825430399845,2.44038392078857
1.58,126,-117,205.652762733754,2.51124522761379
1.58,126,-114,220.474333853224,2.57422425786233
1.58,126,-111,235.94914693619,2.63013346251883
1.58,126,-108,251.786772658052,2.68013172331108
1.58,126,-105,267.776305283089,2.72544895277775
1.58,126,-102,283.796332453976,2.76720123291219
1.58,126,-99,299.809365376381,2.80629006906776
1.58,126,-96,315.8455646056,2.84336652881111
1.58,126,-93,331.980825222897,2.87884007985617
1.58,126,-90,348.313775815391,2.91291485305632
1.58,126,-87,364.94523354747,2.94563948262279
1.58,126,-84,381.962357090103,2.97695992980254
1.58,126,-81,399.428394346954,3.00676789428929
1.58,126,-78,417.377766115668,3.0349405272084
1.58,126,-75,435.815421148411,3.06136983678149
1.58,126,-72,454.719003555765,3.08598202620168
1.58,126,-69,474.042367350068,3.10874787994713
1.58,126,-66,493.719281214106,3.12968544508006
1.58,126,-63,513.666680095189,3.14885610892581
1.58,126,-60,533.787387601714,3.16635521033409
1.58,126,-57,553.972660043586,3.18229873237176
1.58,126,-54,574.104996461687,3.19680823135379
1.58,126,-51,594.061327631581,3.20999650279316
1.58,126,-48,613.716059377327,3.22195610289695
1.58,126,-45,632.942860137476,3.23275158638107
1.58,126,-42,651.61402819861,3.24241455940873
1.58,126,-39,669.597091509083,3.25093920289673
1.58,126,-36,686.749909920632,3.25827570577006
1.58,126,-33,702.917363138452,3.26432053972478
1.58,126,-30,717.933761299576,3.26890535870697
1.58,126,-27,731.6345491443,3.2717893432069
1.58,126,-24,743.878435243652,3.27266152588614
1.58,126,-21,754.577380294418,3.27115894907568
1.58,126,-18,763.728234836959,3.26690331433776
1.58,126,-15,771.437693642124,3.25955399271822
1.58,126,-12,777.932618397119,3.24887034190412
1.58,126,-9,783.550733068415,3.23477270903947
1.58,126,-6,788.711257921502,3.21739037341049
1.58,126,-3,793.869562800269,3.19708639660858
1.58,126,0,799.462760855346,3.17445337150543
1.58,126,3,805.853623098997,3.15027900950654
1.58,126,6,813.278985270851,3.12548482405425
1.58,126,9,821.807606642271,3.10104421175163
1.58,126,12,831.312471706335,3.07788867842281
1.58,126,15,841.46338681992,3.05681375063852
1.58,126,18,851.745473619004,3.03839877245945
1.58,126,21,861.505952743216,3.0229551076935
1.58,126,24,870.025434127023,3.01051319818015
1.58,126,27,876.602907969594,3.00085079923502
1.58,126,30,880.63871602702,2.99355540955298
1.58,126,33,881.6990797072,2.9881068742983
1.58,126,36,879.549677572965,2.98396327770419
1.58,126,39,874.153148433338,2.98063446434468
1.58,126,42,865.634111056888,2.97773165629012
1.58,126,45,854.222838619206,2.9749874180404
1.58,126,48,840.192906652306,2.97224664323874
1.58,126,51,823.807774999381,2.96943522315435
1.58,126,54,805.286744696004,2.96651728271638
1.58,126,57,784.793895747713,2.96345311963161
1.58,126,60,762.446972571062,2.96016787627361
1.58,126,63,738.338796386942,2.9565363981645
1.58,126,66,712.562474665134,2.95238448729264
1.58,126,69,685.233006890749,2.94750263688307
1.58,126,72,656.500696531845,2.94166630946383
1.58,126,75,626.554864797162,2.93465683502028
1.58,126,78,595.618883120391,2.92627832919868
1.58,126,81,563.939118235829,2.91636779493173
1.58,126,84,531.770992866145,2.90479715149251
1.58,126,87,499.365189561048,2.89146707392367
1.58,126,90,466.956332898013,2.87629325765252
1.58,126,93,434.755548841234,2.85918623403028
1.58,126,96,402.947350764028,2.84002635775282
1.58,126,99,371.690506208376,2.81863619783844
1.58,126,102,341.121992283564,2.7947532923942
1.58,126,105,311.362877028486,2.76800692219583
1.58,126,108,282.524934112233,2.73790291632607
1.58,126,111,254.716929642173,2.70382010960239
1.58,126,114,228.049723330748,2.66502048812611
1.58,126,117,202.63955298388,2.62067197756074
1.58,126,120,178.609152307274,2.56987830060301
1.58,126,123,156.086778070191,2.5117051285773
1.58,126,126,135.203831850404,2.44518802391213
1.58,126,129,116.092378656639,2.36931020978349
1.58,126,132,98.8840226175007,2.28295674701017
1.58,126,135,83.7106706321819,2.18490383003711
1.58,126,138,70.7052325884924,2.07401070093092
1.58,126,141,59.9964206241622,1.94994023046578
1.58,126,144,51.6884210150888,1.81476809583531
1.58,126,147,45.8198863783972,1.67520324449798
1.58,126,150,42.3179567101306,1.54343235959831
1.58,126,153,40.9922019620168,1.43377801091133
1.58,126,156,41.5959100415053,1.35601398804431
1.58,126,159,43.9047398306017,1.31093089850091
1.58,126,162,47.7359671024451,1.2916432268457
1.58,126,165,52.9042294708472,1.28835390684722
1.58,126,168,59.1712249353807,1.2925988603614
1.58,126,171,66.2321147962478,1.29910492856233
1.58,126,174,73.7392714584922,1.30565904074037
1.58,126,177,81.3436559420788,1.31214193409919
1.58,126,180,88.7358880704514,1.31953353904421
1.58,129,-180,88.7358880704513,1.37189341660404
1.58,129,-177,96.8198723405428,1.37553839531388
1.58,129,-174,104.305669994961,1.38177652375757
1.58,129,-171,111.086548262159,1.39165247053692
1.58,129,-168,117.123472182638,1.40575826269026
1.58,129,-165,122.424840723688,1.42433484637438
1.58,129,-162,127.026607614046,1.44743466025775
1.58,129,-159,130.978261303186,1.47509936699812
1.58,129,-156,134.337131735414,1.50750742420701
1.58,129,-153,137.170480615817,1.54505982948815
1.58,129,-150,139.563454174526,1.58839243808546
1.58,129,-147,141.631305109675,1.63831721937317
1.58,129,-144,143.534772421473,1.69569532657182
1.58,129,-141,145.496256117384,1.76123684522205
1.58,129,-138,147.810836580325,1.83522313444326
1.58,129,-135,150.842032108435,1.91718037209188
1.58,129,-132,154.991617068564,2.00560456344386
1.58,129,-129,160.640398968203,2.09790879333733
1.58,129,-126,168.072649358318,2.19073953605166
1.58,129,-123,177.411813346583,2.28063024227696
1.58,129,-120,188.595361027536,2.36473125104036
1.58,129,-117,201.398542413842,2.44129261636534
1.58,129,-114,215.49385971499,2.50974832129635
1.58,129,-111,230.521770521384,2.57048208638563
1.58,129,-108,246.151666082479,2.62446093965231
1.58,129,-105,262.122423027231,2.67288967547778
1.58,129,-102,278.260862446937,2.71695772499034
1.58,129,-99,294.481607157728,2.75768781292419
1.58,129,-96,310.773848402299,2.79586743611785
1.58,129,-93,327.180776527033,2.83203806004291
1.58,129,-90,343.776772056717,2.86651996661807
1.58,129,-87,360.646316889303,2.89945580628731
1.58,129,-84,377.867209656345,2.93086069156802
1.58,129,-81,395.499263262663,2.96067074222237
1.58,129,-78,413.578423173966,2.9887853867236
1.58,129,-75,432.11532319979,3.01510133514493
1.58,129,-72,451.096772905066,3.03953779432179
1.58,129,-69,470.488564636844,3.0620532023706
1.58,129,-66,490.238265596346,3.08265381913414
1.58,129,-63,510.27723524525,3.10139443297402
1.58,129,-60,530.521819224669,3.11837171089231
1.58,129,-57,550.874274494191,3.13371151326665
1.58,129,-54,571.224206069066,3.14755257116371
1.58,129,-51,591.450976181095,3.16002969471847
1.58,129,-48,611.426767941068,3.17125952615386
1.58,129,-45,631.019146225286,3.18133052354401
1.58,129,-42,650.091642663233,3.19029675262587
1.58,129,-39,668.501563150129,3.19817313940652
1.58,129,-36,686.095876353928,3.20492920968113
1.58,129,-33,702.70806648759,3.21047966006342
1.58,129,-30,718.160157870325,3.21467306828871
1.58,129,-27,732.273746352876,3.2172833869636
1.58,129,-24,744.891468950673,3.21801088136421
1.58,129,-21,755.906550364464,3.21649861930269
1.58,129,-18,765.294309857313,3.21236735514992
1.58,129,-15,773.13738032825,3.20526668693733
1.58,129,-12,779.636900863682,3.19493538027311
1.58,129,-9,785.105054193155,3.18126040360572
1.58,129,-6,789.938878111314,3.16432360120068
1.58,129,-3,794.579456904076,3.14442719669478
1.58,129,0,799.462760855347,3.1220934939456
1.58,129,3,804.968091147981,3.09803840617769
1.58,129,6,811.368468093096,3.07312119555844
1.58,129,9,818.786454078362,3.04827399155739
1.58,129,12,827.160143136971,3.02441604499764
1.58,129,15,836.226512593364,3.00236114505033
1.58,129,18,845.530277318352,2.98273168246952
1.58,129,21,854.463300005403,2.96589607661284
1.58,129,24,862.33241758816,2.95194399159274
1.58,129,27,868.444963313091,2.94070538802847
1.58,129,30,872.195068587106,2.93180833079057
1.58,129,33,873.13263025142,2.9247613010727
1.58,129,36,871.001020846506,2.91904151843053
1.58,129,39,865.737686560844,2.91417169900375
1.58,129,42,857.441172138038,2.90977230248261
1.58,129,45,846.316070170216,2.90558292847913
1.58,129,48,832.611645350029,2.90145369668027
1.58,129,51,816.569348021094,2.89731387280683
1.58,129,54,798.389655364176,2.89312927846867
1.58,129,57,778.221672602905,2.88886099878723
1.58,129,60,756.172278497665,2.88443538142862
1.58,129,63,732.327331714059,2.87973040484467
1.58,129,66,706.776296461376,2.87457812225021
1.58,129,69,679.633070226547,2.86877886581472
1.58,129,72,651.048616761159,2.86212110650489
1.58,129,75,621.214040650894,2.85440113634562
1.58,129,78,590.355188934089,2.84543825762555
1.58,129,81,558.7213820673,2.83508302787647
1.58,129,84,526.571448477138,2.8232177016555
1.58,129,87,494.160042564155,2.80974908954547
1.58,129,90,461.726523496637,2.79459467351136
1.58,129,93,429.487726687953,2.77766317618435
1.58,129,96,397.634999917475,2.75883110159825
1.58,129,99,366.335070364506,2.73791720418947
1.58,129,102,335.733759200636,2.71465744413613
1.58,129,105,305.96130367285,2.68868364769006
1.58,129,108,277.138060439818,2.65950954959987
1.58,129,111,249.379577621014,2.62652774443752
1.58,129,114,222.800341584392,2.58901982756033
1.58,129,117,197.515849318505,2.54617924312753
1.58,129,120,173.643006272882,2.49714197864508
1.58,129,123,151.299235730359,2.44101489586797
1.58,129,126,130.601118335873,2.37688723568037
1.58,129,129,111.663715296949,2.30381238881743
1.58,129,132,94.6015990185787,2.22076391553996
1.58,129,135,79.5315409794505,2.12661963200942
1.58,129,138,66.5744769197192,2.02033615816487
1.58,129,141,55.8510158124961,1.90164906258761
1.58,129,144,47.4621094674891,1.77271966738588
1.58,129,147,41.4504938997189,1.64057126607397
1.58,129,150,37.7592605784356,1.5182635496829
1.58,129,153,36.2324220824437,1.4213491001551
1.58,129,156,36.6816608030181,1.35992309417776
1.58,129,159,38.9580828910425,1.33299731987601
1.58,129,162,42.9458584018624,1.33042114495009
1.58,129,165,48.4916123185443,1.33963116470755
1.58,129,168,55.3498832016572,1.35118192685817
1.58,129,171,63.1848104511204,1.36034955224391
1.58,129,174,71.6107319964569,1.3660796948659
1.58,129,177,80.2421172727817,1.36934330789411
1.58,129,180,88.7358880704513,1.37189341660404
1.58,132,-180,88.7358880704513,1.42425329416387
1.58,132,-177,97.9390826021055,1.42199208909673
1.58,132,-174,106.553402771247,1.42163107407665
1.58,132,-171,114.442094326447,1.4243542043901
1.58,132,-168,121.535177666536,1.43083935123231
1.58,132,-165,127.811663993247,1.44140168677915
1.58,132,-162,133.282146496764,1.45616541355774
1.58,132,-159,137.975933997737,1.4752314258418
1.58,132,-156,141.934427670229,1.49881032232613
1.58,132,-153,145.210336111035,1.52730245157969
1.58,132,-150,147.871795243421,1.56132239258799
1.58,132,-147,150.011290470649,1.6016739373193
1.58,132,-144,151.759920943486,1.64927730350547
1.58,132,-141,153.30624894188,1.70503636128887
1.58,132,-138,154.915080872068,1.76962346962736
1.58,132,-135,156.936273155162,1.84317368460953
1.58,132,-132,159.790401745697,1.92493708840564
1.58,132,-129,163.92162402785,2.01302959383157
1.58,132,-126,169.721425839708,2.10448135870452
1.58,132,-123,177.446016528322,2.1957002992248
1.58,132,-120,187.161156637776,2.28322879807912
1.58,132,-117,198.738470557685,2.3644570823416
1.58,132,-114,211.901610551777,2.43798599380093
1.58,132,-111,226.299016074494,2.50357341182965
1.58,132,-108,241.575943844461,2.56181511114027
1.58,132,-105,257.428002831168,2.61375973415939
1.58,132,-102,273.630509964106,2.66058760246553
1.58,132,-99,290.046045609056,2.70339715844699
1.58,132,-96,306.616061154392,2.7430910509317
1.58,132,-93,323.343004827609,2.78033575258457
1.58,132,-90,340.268700602351,2.81556834185271
1.58,132,-87,357.453430570172,2.84902973955745
1.58,132,-84,374.95868706792,2.88080984203822
1.58,132,-81,392.835077131036,2.91089508125826
1.58,132,-78,411.115539871892,2.93921280154974
1.58,132,-75,429.813011467217,2.96566954157119
1.58,132,-72,448.921037000175,2.99018190670162
1.58,132,-69,468.415633486012,3.01269937408972
1.58,132,-66,488.256955953734,3.0332184660884
1.58,132,-63,508.389941345204,3.05178779412921
1.58,132,-60,528.743932128616,3.06850399966193
1.58,132,-57,549.23202667716,3.08349977390086
1.58,132,-54,569.751229906292,3.09692662304729
1.58,132,-51,590.184154997258,3.1089361652962
1.58,132,-48,610.4021168876,3.1196637568823
1.58,132,-45,630.268397202823,3.12921682445529
1.58,132,-42,649.639924528921,3.13766785037524
1.58,132,-39,668.366169675913,3.14504961476104
1.58,132,-36,686.285760181456,3.15134933408893
1.58,132,-33,703.223522508091,3.15649953243105
1.58,132,-30,718.992202427415,3.16036656241687
1.58,132,-27,733.402886669058,3.16274129033506
1.58,132,-24,746.285762595743,3.16333871554849
1.58,132,-21,757.51898949592,3.16181282457176
1.58,132,-18,767.059649102696,3.15778962089868
1.58,132,-15,774.968675779116,3.1509161544242
1.58,132,-12,781.422357119406,3.14091836364262
1.58,132,-9,786.70628113456,3.12765744959624
1.58,132,-6,791.192137795181,3.11117441503806
1.58,132,-3,795.30157683234,3.09171524885333
1.58,132,0,799.462760855347,3.06973361638577
1.58,132,3,804.064130772509,3.04587160016977
1.58,132,6,809.407816187108,3.02092032464835
1.58,132,9,815.664556429948,2.99576161113956
1.58,132,12,822.834354035049,2.97129188797256
1.58,132,15,830.721119543411,2.94833329398015
1.58,132,18,838.93180397066,2.92754402035929
1.58,132,21,846.907748259352,2.90934610781106
1.58,132,24,853.987965381605,2.89388880655364
1.58,132,27,859.494026789382,2.88105748012887
1.58,132,30,862.818726379607,2.87052537544088
1.58,132,33,863.498909113233,2.8618342703354
1.58,132,36,861.257205870152,2.85448421036255
1.58,132,39,856.006053771921,2.84801297385861
1.58,132,42,847.817352418953,2.84205089665922
1.58,132,45,836.869402733455,2.83634403783892
1.58,132,48,823.3870862529,2.83074653433867
1.58,132,51,807.590587350054,2.82518981862839
1.58,132,54,789.663043361561,2.81964069178867
1.58,132,57,769.740455509873,2.81406099338814
1.58,132,60,747.920620434669,2.80837877182169
1.58,132,63,724.283709483004,2.80247571339823
1.58,132,66,698.916068386149,2.79619017084477
1.58,132,69,671.93024965893,2.78933123265182
1.58,132,72,643.477041461751,2.78169769361612
1.58,132,75,613.748183837535,2.77309626000854
1.58,132,78,582.970821811855,2.76335497842267
1.58,132,81,551.39621685821,2.75232979829099
1.58,132,84,519.285812704406,2.73990375396865
1.58,132,87,486.897588703524,2.72597925918294
1.58,132,90,454.474967488218,2.71046451162552
1.58,132,93,422.239618293631,2.69325522037661
1.58,132,96,390.388531507061,2.67421302734079
1.58,132,99,359.094904183834,2.65314227165868
1.58,132,102,328.511784915449,2.62976721401298
1.58,132,105,298.777137226866,2.60371243143446
1.58,132,108,270.018995599407,2.57448959145352
1.58,132,111,242.359656442251,2.54149383576886
1.58,132,114,215.918276538015,2.50401204833156
1.58,132,117,190.811740711277,2.4612428647102
1.58,132,120,167.15413095848,2.41232420097207
1.58,132,123,145.055541520694,2.35635891171592
1.58,132,126,124.621292497465,2.29242505516392
1.58,132,129,105.952655892954,2.21955916131798
1.58,132,132,89.1497320918277,2.13671914416373
1.58,132,135,74.3157540272596,2.04278749016613
1.58,132,138,61.5596796298637,1.93679529362743
1.58,132,141,50.9908300571653,1.81874600323976
1.58,132,144,42.6975489331768,1.69153314572352
1.58,132,147,36.7080644152996,1.5637923485052
1.58,132,150,32.9563360554815,1.45121038812527
1.58,132,153,31.3038232347664,1.37186932265887
1.58,132,156,31.6293751885237,1.33577428908623
1.58,132,159,33.8908027482876,1.33759829068002
1.58,132,162,38.0649953031696,1.36065874719942
1.58,132,165,44.0313898997497,1.38791590767019
1.58,132,168,51.5223591002069,1.40930613680845
1.58,132,171,60.157987664884,1.42187963858226
1.58,132,174,69.5103900859986,1.42677486443089
1.58,132,177,79.1600911254796,1.42663719804279
1.58,132,180,88.7358880704513,1.42425329416387
1.58,135,-180,88.7358880704513,1.4766131717237
1.58,135,-177,99.0310031605013,1.46855489133698
1.58,135,-174,108.747540878738,1.46190369397245
1.58,135,-171,117.724036301383,1.45797038434938
1.58,135,-168,125.864312438319,1.45750218043493
1.58,135,-165,133.122212144746,1.46086744632384
1.58,135,-162,139.48668100473,1.46823526390935
1.58,135,-159,144.970183999753,1.47973370471601
1.58,135,-156,149.601465081661,1.495569774288
1.58,135,-153,153.422295253626,1.51610316989276
1.58,135,-150,156.487983889835,1.54187771071609
1.58,135,-147,158.872639731376,1.57361944090466
1.58,135,-144,160.680966830481,1.61220407577365
1.58,135,-141,162.067192395733,1.65858099091148
1.58,135,-138,163.257948800134,1.71362588635813
1.58,135,-135,164.570498142286,1.77789495978713
1.58,135,-132,166.413112412152,1.85128802537445
1.58,135,-129,169.254570573607,1.93270566409473
1.58,135,-126,173.558565675382,2.01987739095538
1.58,135,-123,179.696465622062,2.10955405371831
1.58,135,-120,187.869474393398,2.19810608866102
1.58,135,-117,198.073409484627,2.28230714707424
1.58,135,-114,210.1196819955,2.35994261781549
1.58,135,-111,223.698527547594,2.43001256444345
1.58,135,-108,238.455746145729,2.49255971428964
1.58,135,-105,254.05803521984,2.54831128799512
1.58,135,-102,270.234872079745,2.59831500839996
1.58,135,-99,286.796199392623,2.64366338984956
1.58,135,-96,303.631120445899,2.68532509889103
1.58,135,-93,320.694506033892,2.72406491416969
1.58,135,-90,337.987902200271,2.76042464589811
1.58,135,-87,355.539754079221,2.79474080946
1.58,135,-84,373.388348667993,2.82718144736597
1.58,135,-81,391.569294795271,2.85779050875507
1.58,135,-78,410.107950957668,2.88653270421585
1.58,135,-75,429.016097737275,2.91333476368151
1.58,135,-72,448.291428053416,2.93812074718848
1.58,135,-69,467.918165629469,2.96083980018189
1.58,135,-66,487.867345166955,2.98148496143592
1.58,135,-63,508.095941411065,3.00010188606873
1.58,135,-60,528.544937136848,3.01678712698523
1.58,135,-57,549.13725160484,3.03167708219165
1.58,135,-54,569.77682596757,3.04493051618864
1.58,135,-51,590.349808577217,3.05670892697475
1.58,135,-48,610.727753621434,3.06715912847807
1.58,135,-45,630.771514387993,3.07640088963557
1.58,135,-42,650.333824898362,3.08451977691169
1.58,135,-39,669.259056816634,3.09156269782063
1.58,135,-36,687.380397952302,3.09753246104639
1.58,135,-33,704.517041780133,3.10237882032963
1.58,135,-30,720.475664368462,3.10598667397746
1.58,135,-27,735.060314115725,3.10816588948081
1.58,135,-24,748.092442493028,3.10864962739908
1.58,135,-21,759.438898414005,3.10710757907411
1.58,135,-18,769.041923974712,3.10317705766085
1.58,135,-15,776.943268068912,3.09650963928956
1.58,135,-12,783.295459451009,3.08682606867592
1.58,135,-9,788.356747301849,3.07396934799467
1.58,135,-6,792.470687699169,3.05794638742951
1.58,135,-3,796.034719617228,3.03895201402287
1.58,135,0,799.462760855347,3.01737373882594
1.58,135,3,803.144918610629,2.99377887666888
1.58,135,6,807.404842878264,2.96888559419071
1.58,135,9,812.454883401804,2.94351699487495
1.58,135,12,818.352544893369,2.91853597659653
1.58,135,15,824.96723739962,2.89476213209903
1.58,135,18,831.969880186154,2.87288064425135
1.58,135,21,838.855667826586,2.85336206705832
1.58,135,24,845.001734417391,2.83641425335649
1.58,135,27,849.750123924539,2.82198036989003
1.58,135,30,852.497697268105,2.80978318919999
1.58,135,33,852.772131025083,2.79940251734173
1.58,135,36,850.277522573698,2.79036511860723
1.58,135,39,844.902168208242,2.78222620332056
1.58,135,42,836.691503448514,2.77462670675341
1.58,135,45,825.797758150355,2.76731854754589
1.58,135,48,812.42225074251,2.76015853303431
1.58,135,51,796.765549409312,2.75307876840985
1.58,135,54,778.995795059621,2.74604580622922
1.58,135,57,759.238507393712,2.73902137399057
1.58,135,60,737.584774432651,2.73193447988399
1.58,135,63,714.110737541369,2.72466943334144
1.58,135,66,688.900285630011,2.71706891589103
1.58,135,69,662.064251627518,2.70894746039557
1.58,135,72,633.752012188885,2.70010927391813
1.58,135,75,604.154158696993,2.69036494522618
1.58,135,78,573.497151139452,2.67954330837523
1.58,135,81,542.032299539648,2.66749666700805
1.58,135,84,510.022025312565,2.65409912029732
1.58,135,87,477.726268544212,2.63923866150534
1.58,135,90,445.391322144028,2.62280412355108
1.58,135,93,413.2425022718,2.60466814335913
1.58,135,96,381.481106768669,2.58466734802388
1.58,135,99,350.285240310528,2.56258111362121
1.58,135,102,319.813427966667,2.53811059447575
1.58,135,105,290.209583730244,2.51086022246555
1.58,135,108,261.607881651467,2.48032433958577
1.58,135,111,234.136370534176,2.44588170034908
1.58,135,114,207.918697509143,2.40679977975613
1.58,135,117,183.07393991594,2.36224865036139
1.58,135,120,159.715158891354,2.31132042437123
1.58,135,123,137.947766095361,2.25304549509481
1.58,135,126,117.869020526741,2.18639344522204
1.58,135,129,99.569777430169,2.11025037231695
1.58,135,132,83.138749305375,2.02338793807291
1.58,135,135,68.6677560706928,1.92450698515415
1.58,135,138,56.2536671193525,1.8125891601107
1.58,135,141,45.9895417719551,1.68804018586102
1.58,135,144,37.9367988738879,1.55524153312416
1.58,135,147,32.0815519657271,1.42622259307424
1.58,135,150,28.3134624514051,1.32207446225594
1.58,135,153,26.4940192494297,1.26616833376174
1.58,135,156,26.6003632161813,1.26892502729697
1.58,135,159,28.7669896353267,1.31660795301952
1.58,135,162,33.1097211596362,1.37944541795608
1.58,135,165,39.5277355761553,1.43275645485405
1.58,135,168,47.6932796318785,1.4671387653183
1.58,135,171,57.1573872822847,1.48383731725354
1.58,135,174,67.4431979807912,1.48778430622596
1.58,135,177,78.1003861234956,1.48401987435675
1.58,135,180,88.7358880704513,1.4766131717237
1.58,138,-180,88.7358880704513,1.52897304928353
1.58,138,-177,100.092461189195,1.515240852124
1.58,138,-174,110.881101707879,1.50260540593982
1.58,138,-171,120.920535807265,1.49247790254361
1.58,138,-168,130.092618048426,1.48565266656869
1.58,138,-165,138.329630128583,1.48253079540702
1.58,138,-162,145.601922216587,1.48330568203038
1.58,138,-159,151.907827237102,1.48811224438781
1.58,138,-156,157.266229177952,1.49713501753828
1.58,138,-153,161.71139653885,1.51067530988886
1.58,138,-150,165.290325368942,1.5291856295876
1.58,138,-147,168.064334614081,1.55328218949004
1.58,138,-144,170.117595166986,1.58373933791443
1.58,138,-141,171.574248601979,1.62145496676064
1.58,138,-138,172.622286500323,1.66736027166114
1.58,138,-135,173.537203113835,1.72224134664603
1.58,138,-132,174.693543050862,1.786457394372
1.58,138,-129,176.550691049555,1.85959340508292
1.58,138,-126,179.603963760137,1.94016984303437
1.58,138,-123,184.30532474722,2.0255982038951
1.58,138,-120,190.976238315703,2.1125247471982
1.58,138,-117,199.746333227405,2.19750318996555
1.58,138,-114,210.54330948107,2.2777118646796
1.58,138,-111,223.134575434524,2.35139847636189
1.58,138,-108,237.198149273021,2.41792942980912
1.58,138,-105,252.394516091386,2.47754535422232
1.58,138,-102,268.4203589549,2.53100988968747
1.58,138,-99,285.038053445699,2.57929331404881
1.58,138,-96,302.083751784614,2.62335037429172
1.58,138,-93,319.460573657145,2.66399405607765
1.58,138,-90,337.123715494415,2.70184309342699
1.58,138,-87,355.063062102373,2.73731785592009
1.58,138,-84,373.287191463457,2.77066418614831
1.58,138,-81,391.810966838297,2.80199103342347
1.58,138,-78,410.647409035109,2.83131287262057
1.58,138,-75,429.803352522048,2.85859140244242
1.58,138,-72,449.277605861809,2.88377304907162
1.58,138,-69,469.060034887901,2.90681975238596
1.58,138,-66,489.130198483647,2.9277309161074
1.58,138,-63,509.45483574719,2.94655486400014
1.58,138,-60,529.984434708214,2.96338915703535
1.58,138,-57,550.649961619472,2.97837082990081
1.58,138,-54,571.361185282323,2.99165961289545
1.58,138,-51,592.007608482676,3.00341869226022
1.58,138,-48,612.4618827615,3.01379766361255
1.58,138,-45,632.584242673895,3.02292069127077
1.58,138,-42,652.225742759441,3.03088001528503
1.58,138,-39,671.228578909304,3.03773214113807
1.58,138,-36,689.423604184806,3.04349279757782
1.58,138,-33,706.627582677812,3.04812794609959
1.58,138,-30,722.644469739181,3.05154145382481
1.58,138,-27,737.27485183588,3.05356395944012
1.58,138,-24,750.335240047178,3.05394990391925
1.58,138,-21,761.684997681614,3.05238916397857
1.58,138,-18,771.25499971131,3.04853611515375
1.58,138,-15,779.070431007537,3.04205362498277
1.58,138,-12,785.261336349218,3.03266459011381
1.58,138,-9,790.058172904147,3.02020118149401
1.58,138,-6,793.773976310737,3.004642963445
1.58,138,-3,796.777642577942,2.98613899960571
1.58,138,0,799.462760855347,2.96501386126611
1.58,138,3,802.213719042973,2.9417602310265
1.58,138,6,805.367775671174,2.9170196563477
1.58,138,9,809.171554910488,2.89154895114124
1.58,138,12,813.734561974446,2.86616689462953
1.58,138,15,818.989102661632,2.8416788623124
1.58,138,18,824.670836880631,2.81878671391652
1.58,138,21,830.332641863405,2.79800260687206
1.58,138,24,835.395640323643,2.77959039805743
1.58,138,27,839.228898265703,2.76355234157982
1.58,138,30,841.239320307935,2.7496645212628
1.58,138,33,840.950003452346,2.73754937075128
1.58,138,36,838.049481811235,2.72676435840303
1.58,138,39,832.403564778054,2.71688464260255
1.58,138,42,824.032201159468,2.70756257767567
1.58,138,45,813.062564576653,2.69855533731995
1.58,138,48,799.674004409235,2.68972091158257
1.58,138,51,784.049858432253,2.68099025799417
1.58,138,54,766.346301913327,2.67232787211104
1.58,138,57,746.681629344228,2.66369360050482
1.58,138,60,725.143163313757,2.65501541226186
1.58,138,63,701.805147443712,2.6461775706274
1.58,138,66,676.749998098538,2.63702330776349
1.58,138,69,650.086547384507,2.62736742836556
1.58,138,72,621.96131337911,2.61701293662128
1.58,138,75,592.561392995223,2.60576644043029
1.58,138,78,562.109673209877,2.59344882573384
1.58,138,81,530.85444377592,2.57989959692005
1.58,138,84,499.056148361677,2.56497475849642
1.58,138,87,466.974028303059,2.54853897095851
1.58,138,90,434.854942866286,2.53045303921631
1.58,138,93,402.925862902674,2.51055781116536
1.58,138,96,371.390607042183,2.48865551685491
1.58,138,99,340.430489418262,2.46448964260157
1.58,138,102,310.207823934553,2.43772468490789
1.58,138,105,280.870798396657,2.40792751922855
1.58,138,108,252.558160801294,2.37455246405264
1.58,138,111,225.402454255431,2.33693209167959
1.58,138,114,199.531128070779,2.29427498257459
1.58,138,117,175.065606896102,2.24566948373999
1.58,138,120,152.119143551774,2.190088958906
1.58,138,123,130.794828135461,2.12638980969424
1.58,138,126,111.185283447374,2.05329169908903
1.58,138,129,93.3751277716134,1.96933745978464
1.58,138,132,77.4459797255235,1.87286472765986
1.58,138,135,63.4813798375088,1.76211562173917
1.58,138,138,51.5654671521476,1.63581619241438
1.58,138,141,41.765534803777,1.49487799288423
1.58,138,144,34.0899094209675,1.3459546014806
1.58,138,147,28.4342674972419,1.20620794393914
1.58,138,150,24.5840928587296,1.10494110885357
1.58,138,153,22.3692201528173,1.07543473583386
1.58,138,156,21.9233444258427,1.13395712938676
1.58,138,159,23.7154377016299,1.25521499789337
1.58,138,162,28.1113097881536,1.38180914352919
1.58,138,165,34.98785651354,1.4734982366199
1.58,138,168,43.8687243605486,1.52492348046429
1.58,138,171,54.1895211171999,1.54639878763155
1.58,138,174,65.4143199476767,1.54915182261965
1.58,138,177,77.0657965863575,1.54148700861181
1.58,138,180,88.7358880704513,1.52897304928353
1.58,141,-180,88.7358880704513,1.58133292684336
1.58,141,-177,101.120372327301,1.56206308873616
1.58,141,-174,112.947264917156,1.54374560059304
1.58,141,-171,124.02001782103,1.52785481118902
1.58,141,-168,134.202373772509,1.51520640425192
1.58,141,-165,143.408260762618,1.50621476201864
1.58,141,-162,151.592045011748,1.50108161902584
1.58,141,-159,158.740164106611,1.49993614641989
1.58,141,-156,164.863955017225,1.50293217133743
1.58,141,-153,169.993179553431,1.51030873007728
1.58,141,-150,174.170758978353,1.5224248155602
1.58,141,-147,177.450941686357,1.53977990166911
1.58,141,-144,179.904196538542,1.56302488051176
1.58,141,-141,181.631290614543,1.59295477035232
1.58,141,-138,182.785870686781,1.63046026287644
1.58,141,-135,183.600146591587,1.67640733346968
1.58,141,-132,184.403571565288,1.73142151620197
1.58,141,-129,185.621830777541,1.79558588030043
1.58,141,-126,187.745416770428,1.86812403238322
1.58,141,-123,191.265781049835,1.94721191345971
1.58,141,-120,196.592016155172,2.03008190845824
1.58,141,-117,203.975442451348,2.11347801867569
1.58,141,-114,213.471591251604,2.19431619839123
1.58,141,-111,224.953192057705,2.27026257040693
1.58,141,-108,238.163822409878,2.34000364264239
1.58,141,-105,252.787140800215,2.40318276875146
1.58,141,-102,268.508163387658,2.46013402472682
1.58,141,-99,285.05414918869,2.51157092642482
1.58,141,-96,302.213586793963,2.55832940538034
1.58,141,-93,319.837992305019,2.60119781829904
1.58,141,-90,337.83308162922,2.64082674311919
1.58,141,-87,356.145264289531,2.67769719920066
1.58,141,-84,374.74782000624,2.71212599470082
1.58,141,-81,393.629355258764,2.7442918795314
1.58,141,-78,412.785545963159,2.77427145475161
1.58,141,-75,432.213918570865,2.80207775549541
1.58,141,-72,451.910605819678,2.8276968656804
1.58,141,-69,471.867704232123,2.85111917646927
1.58,141,-66,492.070078962287,2.87236254274101
1.58,141,-63,512.491134581935,2.89148526661358
1.58,141,-60,533.087982949832,2.90858804778791
1.58,141,-57,553.797231638895,2.92380590369405
1.58,141,-54,574.532877893551,2.93729315814662
1.58,141,-51,595.187260067272,2.94920608124636
1.58,141,-48,615.634790959985,2.95968778575248
1.58,141,-45,635.736818899777,2.96885823790332
1.58,141,-42,655.345237514923,2.97680930102707
1.58,141,-39,674.303039895791,2.98360193563946
1.58,141,-36,692.441921309345,2.98926152611922
1.58,141,-33,709.579502681496,2.99376864071164
1.58,141,-30,725.5204553119,2.99704597387545
1.58,141,-27,740.065565910171,2.99894616506586
1.58,141,-24,753.030273942792,2.99924754694633
1.58,141,-21,764.270335347508,2.99766418403336
1.58,141,-18,773.708772830046,2.99387280517462
1.58,141,-15,781.356893811589,2.98755387842441
1.58,141,-12,787.3236763111,2.9784393632985
1.58,141,-9,791.811604043451,2.96635761675144
1.58,141,-6,795.101221891492,2.95126745220307
1.58,141,-3,797.529058488174,2.93327775289666
1.58,141,0,799.462760855347,2.91265398370628
1.58,141,3,801.273867613552,2.88981535842392
1.58,141,6,803.305211483027,2.86532436876737
1.58,141,9,805.82978206625,2.83986500107636
1.58,141,12,809.002633598508,2.81420173274416
1.58,141,15,812.815252944303,2.78911354724605
1.58,141,18,817.067823358139,2.76530729932918
1.58,141,21,821.374103149497,2.74332797729953
1.58,141,24,825.204910102428,2.72349098920476
1.58,141,27,827.963162993439,2.70585751564149
1.58,141,30,829.072396859284,2.69025986238093
1.58,141,33,828.056523990442,2.67636732253108
1.58,141,36,824.59237685358,2.66377201607715
1.58,141,39,818.525828469992,2.6520716723709
1.58,141,42,809.853162124945,2.64093099888349
1.58,141,45,798.678259047333,2.6301118563059
1.58,141,48,785.160725462658,2.61947183111545
1.58,141,51,769.469574504923,2.60893863062741
1.58,141,54,751.752488737854,2.59847237662983
1.58,141,57,732.124207199123,2.58802850949361
1.58,141,60,710.67165322609,2.57753097449447
1.58,141,63,687.46973733199,2.56686017656914
1.58,141,66,662.600775125532,2.55585494460763
1.58,141,69,636.171555906615,2.54432413266087
1.58,141,72,608.324256818952,2.53206216882422
1.58,141,75,579.239715058099,2.51886349291306
1.58,141,78,549.133500184104,2.50453250758465
1.58,141,81,518.246550751475,2.48888750532237
1.58,141,84,486.832830106171,2.47175844819499
1.58,141,87,455.146579181881,2.45297927762026
1.58,141,90,423.431401500927,2.43237571134628
1.58,141,93,391.912734250878,2.4097494716911
1.58,141,96,360.794387413503,2.38485981627231
1.58,141,99,330.258932427988,2.35740327130768
1.58,141,102,300.470954543249,2.32699265021725
1.58,141,105,271.581690611136,2.29313670726963
1.58,141,108,243.733454218657,2.25522193374932
1.58,141,111,217.062531812509,2.21249773980126
1.58,141,114,191.699860610361,2.16406518349825
1.58,141,117,167.769630151931,2.10886716901294
1.58,141,120,145.386776560369,2.04567472338871
1.58,141,123,124.654914973281,1.97306092406183
1.58,141,126,105.666311817091,1.88935560280284
1.58,141,129,88.5047415775688,1.79259071605012
1.58,141,132,73.2501810943217,1.6805011792442
1.58,141,135,59.9809609846331,1.55078081445635
1.58,141,138,48.7642777538477,1.40205066805392
1.58,141,141,39.6221469611794,1.23627738349619
1.58,141,144,32.466985351991,1.06304790064878
1.58,141,147,27.0396315877628,0.904114490063479
1.58,141,150,22.9493596917805,0.794457266997259
1.58,141,153,19.9251214839357,0.77827115219879
1.58,141,156,18.2542921941534,0.894762360042382
1.58,141,159,19.0012011428696,1.12574851225772
1.58,141,162,23.1267393048061,1.35858474970495
1.58,141,165,30.4221679819684,1.50912288190857
1.58,141,168,40.0562833629502,1.5830098548872
1.58,141,171,51.2617380795868,1.60977955370043
1.58,141,174,63.4291371329575,1.61092452897464
1.58,141,177,76.0590964280589,1.59903350328271
1.58,141,180,88.7358880704513,1.58133292684336
1.58,144,-180,88.7358880704513,1.63369280440319
1.58,144,-177,102.11175185632,1.60903381181373
1.58,144,-174,114.939404643823,1.58533225605616
1.58,144,-171,127.011224183025,1.56408047288648
1.58,144,-168,138.176440172623,1.54608799064214
1.58,144,-165,148.333601420518,1.53176442757675
1.58,144,-162,157.423438886523,1.52130746878463
1.58,144,-159,165.422391623759,1.5148332362816
1.58,144,-156,172.336110012035,1.5124633533927
1.58,144,-153,178.192271978032,1.51437905930968
1.58,144,-150,183.033321449019,1.52085453624666
1.58,144,-147,186.911604026176,1.5322809918611
1.58,144,-144,189.890569203033,1.54918646862217
1.58,144,-141,192.055093003839,1.57224481485724
1.58,144,-138,193.531207278309,1.60225497058374
1.58,144,-135,194.511272723764,1.64006415040054
1.58,144,-132,195.276291059001,1.68641122102378
1.58,144,-129,196.204257450292,1.74168571985509
1.58,144,-126,197.753886741729,1.80563899750413
1.58,144,-123,200.418347104129,1.8771420021742
1.58,144,-120,204.654422932809,1.95412688932828
1.58,144,-117,210.805841217251,2.03381864885182
1.58,144,-114,219.047296925728,2.1132300611858
1.58,144,-111,229.369795781884,2.1897329936721
1.58,144,-108,241.609579318076,2.26147017699517
1.58,144,-105,255.504521785603,2.32748098303421
1.58,144,-102,270.755246827304,2.38757727832446
1.58,144,-99,287.073856212212,2.44209500841955
1.58,144,-96,304.213455125771,2.49163904126848
1.58,144,-93,321.979790203282,2.53688529476397
1.58,144,-90,340.230181041179,2.57845577285594
1.58,144,-87,358.86549698902,2.61685615244667
1.58,144,-84,377.819810767821,2.6524577682757
1.58,144,-81,397.050686196665,2.68550724876282
1.58,144,-78,416.531431218117,2.71615128503879
1.58,144,-75,436.245354169786,2.74446799764033
1.58,144,-72,456.181238712694,2.77049911777239
1.58,144,-69,476.328965235646,2.79427877817434
1.58,144,-66,496.674449207492,2.81585562768707
1.58,144,-63,517.193733895939,2.83530588646164
1.58,144,-60,537.846924441766,2.85273633702301
1.58,144,-57,558.573317146455,2.86827818585338
1.58,144,-54,579.289177325236,2.88207478826703
1.58,144,-51,599.888940497954,2.89426758107391
1.58,144,-48,620.249312302138,2.90498443354188
1.58,144,-45,640.234395624266,2.91433279280291
1.58,144,-42,659.699364819885,2.92239710851977
1.58,144,-39,678.490918977137,2.92923741120991
1.58,144,-36,696.444734873678,2.93488501816357
1.58,144,-33,713.382579805453,2.93933289683579
1.58,144,-30,729.113322572663,2.94252175143663
1.58,144,-27,743.441679914035,2.94432677290716
1.58,144,-24,756.185948413488,2.94455215253479
1.58,144,-21,767.202184075181,2.94293953842241
1.58,144,-18,776.409075173423,2.93919271568831
1.58,144,-15,783.806756619336,2.93301547608796
1.58,144,-12,789.484659359294,2.92415518323864
1.58,144,-9,793.617365414571,2.91244290906686
1.58,144,-6,796.451389090516,2.89782302108294
1.58,144,-3,798.287631391135,2.88036985534946
1.58,144,0,799.462760855346,2.86029410614645
1.58,144,3,800.328753405898,2.83794364529154
1.58,144,6,801.226064205722,2.81380073422043
1.58,144,9,802.445783178168,2.78847120453138
1.58,144,12,804.181290467807,2.76265575448221
1.58,144,15,806.478520381979,2.73709463038857
1.58,144,18,809.200961578602,2.71248686529492
1.58,144,21,812.025734280092,2.68939967285559
1.58,144,24,814.478791199601,2.66819352246728
1.58,144,27,816.003949533471,2.64898659967939
1.58,144,30,816.048576201067,2.63166913413184
1.58,144,33,814.143671445541,2.61596088256253
1.58,144,36,809.959224943056,2.60149238002681
1.58,144,39,803.324713475635,2.58788661774824
1.58,144,42,794.215454952145,2.57482174281587
1.58,144,45,782.714497781439,2.56206385506817
1.58,144,48,768.964412032265,2.54946856967596
1.58,144,51,753.123077070132,2.53695812465381
1.58,144,54,735.333310160844,2.52448569857589
1.58,144,57,715.710079733292,2.51199944622516
1.58,144,60,694.343434731319,2.49941592232712
1.58,144,63,671.311758623702,2.48660755893532
1.58,144,66,646.698934794504,2.47340373128719
1.58,144,69,620.609925376469,2.45960135232382
1.58,144,72,593.181165047643,2.44497955471758
1.58,144,75,564.584230247448,2.42931354132575
1.58,144,78,535.022980143156,2.41238425842787
1.58,144,81,504.725593414237,2.39398229683665
1.58,144,84,473.933621999915,2.37390578366443
1.58,144,87,442.890387983887,2.35195279938039
1.58,144,90,411.830824955355,2.32790913085711
1.58,144,93,380.974297498151,2.30153217318574
1.58,144,96,350.521141916819,2.27253174323113
1.58,144,99,320.652808979705,2.2405486061489
1.58,144,102,291.534722309863,2.20513166529228
1.58,144,105,263.320451429702,2.16571493001083
1.58,144,108,236.155652867734,2.12159535595975
1.58,144,111,210.180501080037,2.07191217902183
1.58,144,114,185.529964470576,2.01562717279768
1.58,144,117,162.332132338641,1.95150330198417
1.58,144,120,140.7056306115,1.87807720880407
1.58,144,123,120.757676201033,1.79362142743869
1.58,144,126,102.584160759473,1.69610184136759
1.58,144,129,86.2719306581039,1.58316908244426
1.58,144,132,71.9007332365035,1.45230467789785
1.58,144,135,59.5379363229121,1.30139942348964
1.58,144,138,49.2142443809453,1.13022476047235
1.58,144,141,40.8691664491894,0.943142819134692
1.58,144,144,34.2753005911276,0.752349233289744
1.58,144,147,28.9983085194706,0.579419058649826
1.58,144,150,24.4818481853151,0.454577763667017
1.58,144,153,20.3079713379142,0.419706945140797
1.58,144,156,16.6789237441462,0.541413166403614
1.58,144,159,15.1889893756562,0.882264019882158
1.58,144,162,18.2664140210433,1.29138372599703
1.58,144,165,25.8446656652283,1.53792245925699
1.58,144,168,36.2651245023414,1.64189970420884
1.58,144,171,48.3822918540972,1.67424034026725
1.58,144,174,61.493246549533,1.67315182590143
1.58,144,177,75.0830321446599,1.65665331211406
1.58,144,180,88.7358880704513,1.63369280440319
1.58,147,-180,88.7358880704512,1.68605268196302
1.58,147,-177,103.063725611791,1.65616435324779
1.58,147,-174,116.85112100314,1.62737213045424
1.58,147,-171,129.883265175464,1.60113566233689
1.58,147,-168,141.998300705898,1.57823036649865
1.58,147,-165,153.082264809006,1.55904474443599
1.58,147,-162,163.064478939669,1.54376297858591
1.58,147,-159,171.913057828502,1.5324845834737
1.58,147,-156,179.629425861806,1.52530174008176
1.58,147,-153,186.240971144074,1.52234714521772
1.58,147,-150,191.792406427549,1.52382475159371
1.58,147,-147,196.338370288434,1.53003429929814
1.58,147,-144,199.941116092038,1.54139459968609
1.58,147,-141,202.676763807399,1.55846074780006
1.58,147,-138,204.651216955789,1.58192017918489
1.58,147,-135,206.02307142022,1.61254593822791
1.58,147,-132,207.026890229503,1.65108634868716
1.58,147,-129,207.987451727797,1.69808187794364
1.58,147,-126,209.315208142409,1.75362596655037
1.58,147,-123,211.4762925283,1.81712701162132
1.58,147,-120,214.937680520585,1.88716955343775
1.58,147,-117,220.098542778378,1.96157859954215
1.58,147,-114,227.227951233998,2.0377254526402
1.58,147,-111,236.430092586807,2.11299078697551
1.58,147,-108,247.647746691039,2.18520691432011
1.58,147,-105,260.698578096994,2.25291850060775
1.58,147,-102,275.327323833074,2.31541238182802
1.58,147,-99,291.256003331809,2.37257711604456
1.58,147,-96,308.221043248035,2.42469387137011
1.58,147,-93,325.994387749936,2.47223909118575
1.58,147,-90,344.391149453092,2.51573768202298
1.58,147,-87,363.26845381814,2.55567289054191
1.58,147,-84,382.519902635378,2.5924429199472
1.58,147,-81,402.068782769273,2.62635020655155
1.58,147,-78,421.861631764379,2.65761085985785
1.58,147,-75,441.862508157032,2.68637486441943
1.58,147,-72,462.047521546609,2.712750316701
1.58,147,-69,482.398932665064,2.73682676228079
1.58,147,-66,502.898406048211,2.7586938972032
1.58,147,-63,523.519641824898,2.77845304551345
1.58,147,-60,544.221358128404,2.79622034857628
1.58,147,-57,564.94208092274,2.81212253586131
1.58,147,-54,585.598087137917,2.82628804147006
1.58,147,-51,606.085007430076,2.83883732527928
1.58,147,-48,626.282254506836,2.84987589903955
1.58,147,-45,646.058195206351,2.85949166102676
1.58,147,-42,665.273564597326,2.86775541209034
1.58,147,-39,683.781508835291,2.87472115375289
1.58,147,-36,701.424694214934,2.88042225339296
1.58,147,-33,718.03226121593,2.88486139426749
1.58,147,-30,733.420764608941,2.88799582537105
1.58,147,-27,747.402625378079,2.88972313649472
1.58,147,-24,759.802960525978,2.88987464788853
1.58,147,-21,770.482024798856,2.88822230804802
1.58,147,-18,779.357643389292,2.88450098156121
1.58,147,-15,786.421451385956,2.87844281228303
1.58,147,-12,791.744916176606,2.86981621998694
1.58,147,-9,795.475026745552,2.85846090913956
1.58,147,-6,797.82317034905,2.84431269248845
1.58,147,-3,799.051973142376,2.82741691767515
1.58,147,0,799.462760855347,2.80793422858662
1.58,147,3,799.381800505632,2.78614416267443
1.58,147,6,799.139504809159,2.76244884490553
1.58,147,9,799.036674067698,2.73737198603688
1.58,147,12,799.297226054998,2.71154203801846
1.58,147,15,800.015913729954,2.6856483812403
1.58,147,18,801.117321153863,2.66036860619818
1.58,147,21,802.34360142955,2.63627985516963
1.58,147,24,803.280876841984,2.61377903616649
1.58,147,27,803.421003013876,2.59303738202929
1.58,147,30,802.242934697235,2.57400320476395
1.58,147,33,799.29191599516,2.55644942070449
1.58,147,36,794.236995044839,2.540048395514
1.58,147,39,786.895825806038,2.52445110209378
1.58,147,42,777.226342016867,2.50935042815138
1.58,147,45,765.293846750381,2.49451652316629
1.58,147,48,751.226911495199,2.47980169122585
1.58,147,51,735.175526322889,2.46512067128682
1.58,147,54,717.281125990563,2.45041732924708
1.58,147,57,697.662464629169,2.43562996057113
1.58,147,60,676.416044209726,2.42066489799446
1.58,147,63,653.626440291884,2.40538338169476
1.58,147,66,629.380813906832,2.38960165088186
1.58,147,69,603.782634245131,2.37310059740221
1.58,147,72,576.961282421385,2.35563980266047
1.58,147,75,549.076007351378,2.33697112424139
1.58,147,78,520.314231730878,2.31684842211078
1.58,147,81,490.885305901536,2.29503167513773
1.58,147,84,461.011465946144,2.27128506825497
1.58,147,87,430.917995758282,2.24536942169818
1.58,147,90,400.824456729345,2.21702965966545
1.58,147,93,370.938389438304,2.18597808366253
1.58,147,96,341.452203619828,2.15187423327858
1.58,147,99,312.543191184267,2.11430220679937
1.58,147,102,284.375883865011,2.07274648185907
1.58,147,105,257.105491380913,2.02656742261716
1.58,147,108,230.88101897996,1.97497762095055
1.58,147,111,205.84692341735,1.91701984005399
1.58,147,114,182.142774184327,1.85154660653676
1.58,147,117,159.901183763293,1.77720089413315
1.58,147,120,139.244994746227,1.69239844642479
1.58,147,123,120.285012723936,1.59531899569616
1.58,147,126,103.119038880511,1.48393370241921
1.58,147,129,87.8311722756042,1.35614124565661
1.58,147,132,74.487132232423,1.21016199524116
1.58,147,135,63.1174816741583,1.04541428947406
1.58,147,138,53.6796540775658,0.864016597234838
1.58,147,141,45.9995039606982,0.672556778822821
1.58,147,144,39.7195338095922,0.482961843452541
1.58,147,147,34.3062637008776,0.311539214372133
1.58,147,150,29.1527162436555,0.177970702951227
1.58,147,153,23.7657996193928,0.110088614849405
1.58,147,156,18.0775724931988,0.166724930918522
1.58,147,159,13.3304663822936,0.4958547421772
1.58,147,162,13.7738586781099,1.14050407340025
1.58,147,165,21.2738966722077,1.5567704610157
1.58,147,168,32.5061069055317,1.70232228418552
1.58,147,171,45.5604144088727,1.7400935771973
1.58,147,174,59.6124534749557,1.73588402611369
1.58,147,177,74.1403148805849,1.71433925668372
1.58,147,180,88.7358880704512,1.68605268196302
1.58,150,-180,88.7358880704513,1.73841255952285
1.58,150,-177,103.973540557846,1.70346519501694
1.58,150,-174,118.676270745988,1.66987092905761
1.58,150,-171,132.625669492108,1.63900262640896
1.58,150,-168,145.652102708248,1.61157417992983
1.58,150,-165,157.631946060501,1.5879385061874
1.58,150,-162,168.48532023553,1.56825932684762
1.58,150,-159,178.173567203907,1.55261870906577
1.58,150,-156,186.695011989496,1.54108477836782
1.58,150,-153,194.077919191512,1.53375336353135
1.58,150,-150,200.371069082261,1.53077528475996
1.58,150,-147,205.634387165371,1.53237911305826
1.58,150,-144,209.933481776659,1.53889412498077
1.58,150,-141,213.341829697097,1.55077010453083
1.58,150,-138,215.952391528675,1.56858223361024
1.58,150,-135,217.897137588645,1.59300386266476
1.58,150,-132,219.369390102113,1.62473004405775
1.58,150,-129,220.641215993628,1.6643421316359
1.58,150,-126,222.067288356115,1.71212027642015
1.58,150,-123,224.068374569204,1.7678370969028
1.58,150,-120,227.092379127417,1.83059678792483
1.58,150,-117,231.558393827916,1.89880114054095
1.58,150,-114,237.797294070688,1.97030037091232
1.58,150,-111,246.006617409398,2.04271286060869
1.58,150,-108,256.233682707435,2.1138106138115
1.58,150,-105,268.389901916075,2.18183205347786
1.58,150,-102,282.287445071653,2.24563018126651
1.58,150,-99,297.683697329222,2.30465183456656
1.58,150,-96,314.320875610853,2.35880824497108
1.58,150,-93,331.954223492918,2.40831060134561
1.58,150,-90,350.368011997864,2.45352265679498
1.58,150,-87,369.381941147242,2.49485315534399
1.58,150,-84,388.851453622693,2.53268999271776
1.58,150,-81,408.664874112196,2.56736820241434
1.58,150,-78,428.739121434298,2.5991615406341
1.58,150,-75,449.014639567392,2.62828855233352
1.58,150,-72,469.449492107804,2.65492594865696
1.58,150,-69,490.012380320159,2.67922384824485
1.58,150,-66,510.674636578844,2.70131883381312
1.58,150,-63,531.401835607548,2.72134215958546
1.58,150,-60,552.146264824665,2.73942208800679
1.58,150,-57,572.841759722819,2.75568118633754
1.58,150,-54,593.402069610473,2.77023103137796
1.58,150,-51,613.722932365562,2.78316750235408
1.58,150,-48,633.686702635492,2.79456920868267
1.58,150,-45,653.167292208047,2.80449966879454
1.58,150,-42,672.032999480494,2.81301137992445
1.58,150,-39,690.145878772164,2.82014810133842
1.58,150,-36,707.358372045856,2.825941630743
1.58,150,-33,723.510094334339,2.83040148671075
1.58,150,-30,738.428739495841,2.83349952388986
1.58,150,-27,751.938214574161,2.8351549724991
1.58,150,-24,763.874410362062,2.83522689418088
1.58,150,-21,774.105614282443,2.833519563854
1.58,150,-18,782.552152513161,2.82980221457466
1.58,150,-15,789.199747314586,2.8238395908339
1.58,150,-12,794.103514395311,2.81542603053959
1.58,150,-9,797.383382885831,2.80441507170185
1.58,150,-6,799.214972195514,2.79073934300544
1.58,150,-3,799.820640745429,2.77442057575913
1.58,150,0,799.462760855347,2.75557435102679
1.58,150,3,798.436448703436,2.73441566172318
1.58,150,6,797.054894399732,2.71126783271587
1.58,150,9,795.620332665652,2.68656996424022
1.58,150,12,794.37909461495,2.66087109798275
1.58,150,15,793.468381540916,2.63479826236835
1.58,150,18,792.870700385176,2.60899360820773
1.58,150,21,792.39400108241,2.58403048950702
1.58,150,24,791.689026873499,2.56033151863671
1.58,150,27,790.302714597261,2.53811477733061
1.58,150,30,787.753765581273,2.51738495826294
1.58,150,33,783.609614044388,2.49796962793605
1.58,150,36,777.545262506418,2.47958586195059
1.58,150,39,769.372115617273,2.46191531392899
1.58,150,42,759.035134950406,2.44466720611114
1.58,150,45,746.585502488266,2.42761599426094
1.58,150,48,732.141012158418,2.41060985601374
1.58,150,51,715.846850384235,2.39355462307193
1.58,150,54,697.846124579316,2.3763832959149
1.58,150,57,678.26435006581,2.35902289655685
1.58,150,60,657.20720447124,2.34136836682993
1.58,150,63,634.767658645128,2.32326883603307
1.58,150,66,611.037505835337,2.3045267408109
1.58,150,69,586.118878950975,2.28490660791808
1.58,150,72,560.132757460865,2.26414859527954
1.58,150,75,533.22302202319,2.24198200224299
1.58,150,78,505.555926798021,2.21813521099671
1.58,150,81,477.315799922022,2.19234010861634
1.58,150,84,448.698352824124,2.16433038972494
1.58,150,87,419.903207332456,2.13383401587074
1.58,150,90,391.127161627741,2.10056054803268
1.58,150,93,362.559350123238,2.06418425305772
1.58,150,96,334.378881323848,2.0243240037976
1.58,150,99,306.754877103903,1.98052116242125
1.58,150,102,279.848231549602,1.93221687045957
1.58,150,105,253.814003111535,1.87873040016273
1.58,150,108,228.803260240153,1.81924036222378
1.58,150,111,204.963456968575,1.75277061004093
1.58,150,114,182.436962563075,1.67818288381069
1.58,150,117,161.358039640942,1.59417941751578
1.58,150,120,141.849083393116,1.4993227334521
1.58,150,123,124.016947682957,1.39208991493861
1.58,150,126,107.949335727121,1.27099861414094
1.58,150,129,93.7093576764781,1.13487145545464
1.58,150,132,81.323922218122,0.983325863298596
1.58,150,135,70.7605038183774,0.817530515649556
1.58,150,138,61.8907282457349,0.641073247412586
1.58,150,141,54.4512720995321,0.460466698485074
1.58,150,144,48.0276408921816,0.284752620528459
1.58,150,147,42.087188114604,0.124378622800376
1.58,150,150,36.0642996766602,-0.00916132548514331
1.58,150,153,29.4777461974024,-0.0999722967031345
1.58,150,156,22.0910811242242,-0.112760581886188
1.58,150,159,14.3842665870535,0.0730225184402663
1.58,150,162,10.2579255960247,0.825988981651384
1.58,150,165,16.7357478298858,1.55926089010574
1.58,150,168,28.7920087040982,1.76536099943569
1.58,150,171,42.8063999778917,1.80771012414219
1.58,150,174,57.7927564640343,1.79917058708193
1.58,150,177,73.2336115875676,1.77208284399501
1.58,150,180,88.7358880704513,1.73841255952285
1.58,153,-180,88.7358880704513,1.79077243708268
1.58,153,-177,104.838574953726,1.75094599832291
1.58,153,-174,120.408996949119,1.71283344767741
1.58,153,-171,135.228432916914,1.67766510837391
1.58,153,-168,149.122699156298,1.6460671750755
1.58,153,-165,161.961398743638,1.61834447841086
1.58,153,-162,173.657718975106,1.59463546995888
1.58,153,-159,184.167742246448,1.57500592497445
1.58,153,-156,193.487563609201,1.55950681215898
1.58,153,-153,201.646911606411,1.54820960118568
1.58,153,-150,208.699483005552,1.54122935893163
1.58,153,-147,214.712202648911,1.5387440966357
1.58,153,-144,219.757122957155,1.54101472020735
1.58,153,-141,223.909819491885,1.54840352531774
1.58,153,-138,227.256603653814,1.56138242737036
1.58,153,-135,229.910050158741,1.58051761983061
1.58,153,-132,232.029131582308,1.60641707224947
1.58,153,-129,233.837692330574,1.63963220123757
1.58,153,-126,235.633891010598,1.68051580366495
1.58,153,-123,237.784099982847,1.72905534055286
1.58,153,-120,240.697847619764,1.78472189090816
1.58,153,-117,244.785631945133,1.84639193092191
1.58,153,-114,250.407780196033,1.91239547901876
1.58,153,-111,257.827436403384,1.98070710438932
1.58,153,-108,267.180992407504,2.04923519001192
1.58,153,-105,278.473497339438,2.11611646627494
1.58,153,-102,291.597428000775,2.17992334970487
1.58,153,-99,306.365821234551,2.23973997785049
1.58,153,-96,322.548670237523,2.29512189155837
1.58,153,-93,339.90421372757,2.34598828544653
1.58,153,-90,358.201336950167,2.39249701324674
1.58,153,-87,377.233076999034,2.43493528822806
1.58,153,-84,396.823130901284,2.47363970542859
1.58,153,-81,416.827561570598,2.50894607613787
1.58,153,-78,437.133327154291,2.54116337212594
1.58,153,-75,457.654501935649,2.57056446755537
1.58,153,-72,478.326539306738,2.59738690718984
1.58,153,-69,499.098826565138,2.62183817110297
1.58,153,-66,519.926070943126,2.64410131794194
1.58,153,-63,540.759551538261,2.66433843294407
1.58,153,-60,561.539683623135,2.68269101411347
1.58,153,-57,582.191365179293,2.69927812594698
1.58,153,-54,602.623017718072,2.71419440392773
1.58,153,-51,622.72914540835,2.7275102944256
1.58,153,-48,642.394972375278,2.73927598672511
1.58,153,-45,661.500850719145,2.74952856256365
1.58,153,-42,679.924211350569,2.75829973228998
1.58,153,-39,697.538065724578,2.7656202279997
1.58,153,-36,714.207096948155,2.77151738457874
1.58,153,-33,729.784299982809,2.77600485431904
1.58,153,-30,744.11186845485,2.77906697321659
1.58,153,-27,757.028925596324,2.78064345159425
1.58,153,-24,768.386009979094,2.78062116806801
1.58,153,-21,778.063134654456,2.77883810381643
1.58,153,-18,785.986312237765,2.77510039718217
1.58,153,-15,792.137799609298,2.76920880230839
1.58,153,-12,796.557971229157,2.76098756788578
1.58,153,-9,799.340447231723,2.75030846596297
1.58,153,-6,800.624906441327,2.73710570481029
1.58,153,-3,800.592134530086,2.72138248737693
1.58,153,0,799.462760855347,2.70321447346696
1.58,153,3,797.496133613988,2.68275657147203
1.58,153,6,794.981710856414,2.6602558268054
1.58,153,9,792.21523862348,2.63606578891122
1.58,153,12,789.457246122591,2.61065049394797
1.58,153,15,786.880451901042,2.58456422127293
1.58,153,18,784.521203691457,2.55839982299754
1.58,153,21,782.253007861138,2.53271213775201
1.58,153,24,779.794880344503,2.50793680410218
1.58,153,27,776.755515093721,2.48433021443897
1.58,153,30,772.701662851812,2.46194960587764
1.58,153,33,767.23147276476,2.44067717259739
1.58,153,36,760.033630840368,2.42027682024608
1.58,153,39,750.919738319597,2.40046348163809
1.58,153,42,739.826912137584,2.38096467166132
1.58,153,45,726.79625296713,2.36156006564115
1.58,153,48,711.938038476804,2.3420937701863
1.58,153,51,695.395395519334,2.32246242304704
1.58,153,54,677.315488933603,2.30258810969035
1.58,153,57,657.832669274182,2.28238722770564
1.58,153,60,637.063505054724,2.26174495083267
1.58,153,63,615.110586224772,2.24050100663475
1.58,153,66,592.070865221271,2.21844784277333
1.58,153,69,568.044714643512,2.19533852600071
1.58,153,72,543.143081732168,2.17089977323856
1.58,153,75,517.491452796577,2.1448453672223
1.58,153,78,491.230440096773,2.11688628038076
1.58,153,81,464.51356207588,2.08673537268695
1.58,153,84,437.503225793947,2.05410595760867
1.58,153,87,410.366082460486,2.01870455879614
1.58,153,90,383.268845804842,1.98021879034081
1.58,153,93,356.37537176015,1.93830162044038
1.58,153,96,329.845353689167,1.89255348943259
1.58,153,99,303.834481908197,1.84250396504397
1.58,153,102,278.495466632961,1.78759486640883
1.58,153,105,253.979046964033,1.72716704784016
1.58,153,108,230.434090056435,1.66045327156581
1.58,153,111,208.006144886831,1.58657986907142
1.58,153,114,186.834286622305,1.50458046362977
1.58,153,117,167.046605340534,1.41342654773268
1.58,153,120,148.755007249889,1.31208325849178
1.58,153,123,132.049827545143,1.19960532926654
1.58,153,126,116.993917517837,1.0752971197259
1.58,153,129,103.614514109951,0.93896509683304
1.58,153,132,91.8901390543011,0.791273660318893
1.58,153,135,81.7306338222772,0.634151643121688
1.58,153,138,72.9529036289671,0.471088540528324
1.58,153,141,65.2623785957317,0.307090706610904
1.58,153,144,58.2552173175886,0.148197488371251
1.58,153,147,51.4516658575362,0.000841026773108873
1.58,153,150,44.3572927028255,-0.128206573871268
1.58,153,153,36.538605361498,-0.229975839866685
1.58,153,156,27.7107416128781,-0.285619955378979
1.58,153,159,17.9277401025887,-0.23064369221665
1.58,153,162,9.0203049274514,0.301287567086765
1.58,153,165,12.2726407163994,1.5300122592066
1.58,153,168,25.1380027380858,1.83267648178842
1.58,153,171,40.1317037481898,1.87752553247448
1.58,153,174,56.0403240831714,1.86305790798592
1.58,153,177,72.3655353166922,1.82987409098301
1.58,153,180,88.7358880704513,1.79077243708268
1.58,156,-180,88.7358880704513,1.84313231464251
1.58,156,-177,105.656348042861,1.79861563248702
1.58,156,-174,122.043757611024,1.75626369392449
1.58,156,-171,137.682065999799,1.71710834126669
1.58,156,-168,152.395692611168,1.68166360612606
1.58,156,-165,166.050422678964,1.65017568546181
1.58,156,-162,178.554884549753,1.62275479471249
1.58,156,-159,189.861445810107,1.59945302251785
1.58,156,-156,199.964669939829,1.58031180360365
1.58,156,-153,208.895849673723,1.56539051832363
1.58,156,-150,216.713577850509,1.55478468247319
1.58,156,-147,223.492255768276,1.54864065036333
1.58,156,-144,229.311989988143,1.54717073946553
1.58,156,-141,234.25370627736,1.55066786325922
1.58,156,-138,238.402187381789,1.55951349000927
1.58,156,-135,241.857394014532,1.57416902157155
1.58,156,-132,244.751596433215,1.595140077249
1.58,156,-129,247.267413526194,1.62290635177769
1.58,156,-126,249.650549551787,1.65781681257725
1.58,156,-123,252.211260818877,1.69996098764373
1.58,156,-120,255.310545621847,1.74904110127947
1.58,156,-117,259.330663070095,1.80428292974256
1.58,156,-114,264.634316487078,1.86442692770718
1.58,156,-111,271.521306867674,1.92782556801275
1.58,156,-108,280.19354161708,1.99263671937206
1.58,156,-105,290.737266738235,2.05706207466961
1.58,156,-102,303.125667974549,2.1195599291014
1.58,156,-99,317.238372530082,2.17897689180562
1.58,156,-96,332.890196110701,2.23458176737638
1.58,156,-93,349.861124899833,2.28602118769274
1.58,156,-90,367.921956337003,2.33323327850321
1.58,156,-87,386.853175862967,2.37635279662781
1.58,156,-84,406.456998272569,2.41562878973012
1.58,156,-81,426.563608061205,2.45136326472119
1.58,156,-78,447.032794433024,2.48387087410082
1.58,156,-75,467.751924855796,2.51345546676041
1.58,156,-72,488.630971340904,2.54039813571859
1.58,156,-69,509.59531834983,2.56495178179724
1.58,156,-66,530.577347916519,2.58733837881733
1.58,156,-63,551.508154364132,2.60774667298521
1.58,156,-60,572.310931888771,2.62632971673216
1.58,156,-57,592.897359778077,2.64320309913944
1.58,156,-54,613.16757600246,2.6584455737789
1.58,156,-51,633.013211506444,2.67210364114849
1.58,156,-48,652.321837134377,2.6842004417594
1.58,156,-45,670.980571572123,2.69474742408918
1.58,156,-42,688.876936480859,2.70375544875861
1.58,156,-39,705.896392120163,2.71124121489244
1.58,156,-36,721.917898796946,2.71722582497989
1.58,156,-33,736.810455743689,2.7217249362976
1.58,156,-30,750.433944543059,2.72473340601505
1.58,156,-27,762.646294702588,2.72621013568265
1.58,156,-24,773.316389578049,2.72606954030944
1.58,156,-21,782.339423797651,2.72418412979566
1.58,156,-18,789.650024347526,2.72039874646139
1.58,156,-15,795.229239942791,2.71455268990479
1.58,156,-12,799.104291286705,2.70650318821863
1.58,156,-9,801.343457971133,2.69614378791495
1.58,156,-6,802.050786203909,2.68341436920309
1.58,156,-3,801.364897207873,2.66830432968223
1.58,156,0,799.462760855347,2.65085459590713
1.58,156,3,796.564266406155,2.63116499904539
1.58,156,6,792.929469875484,2.60940991980602
1.58,156,9,788.840289471368,2.58585799021396
1.58,156,12,784.56339935762,2.56088443481247
1.58,156,15,780.299747616332,2.53496191641724
1.58,156,18,776.134610847089,2.50862084766707
1.58,156,21,772.005718953141,2.48238236215255
1.58,156,24,767.702968243561,2.4566808399903
1.58,156,27,762.902776846026,2.43180015035604
1.58,156,30,757.228025516633,2.4078439051838
1.58,156,33,750.316345941898,2.38474708652081
1.58,156,36,741.878388750599,2.36232152469187
1.58,156,39,731.733043405816,2.34031779331512
1.58,156,42,719.815242314167,2.31848404733133
1.58,156,45,706.160307747083,2.2966069323479
1.58,156,48,690.874165326353,2.27452773318098
1.58,156,51,674.100141038476,2.2521351885403
1.58,156,54,655.990992913704,2.22934252124167
1.58,156,57,636.690836648981,2.20605894790187
1.58,156,60,616.327514912722,2.18216512090494
1.58,156,63,595.013082220746,2.15749856907787
1.58,156,66,572.848917396715,2.13185084300332
1.58,156,69,549.932235195409,2.10497431558452
1.58,156,72,526.36177398575,2.07659441440173
1.58,156,75,502.24156470851,2.04642264151194
1.58,156,78,477.682582736678,2.01416662658589
1.58,156,81,452.802651428132,1.9795349763081
1.58,156,84,427.72524480836,1.94223622562377
1.58,156,87,402.577897435085,1.90197241096684
1.58,156,90,377.49082546702,1.85842857300004
1.58,156,93,352.596133792735,1.81125992768314
1.58,156,96,328.027675702577,1.7600786542929
1.58,156,99,303.921308992197,1.70444235339835
1.58,156,102,280.415035883404,1.64384628459566
1.58,156,105,257.648401782914,1.57772150506021
1.58,156,108,235.760610695574,1.50544097953397
1.58,156,111,214.887092036257,1.42633565372971
1.58,156,114,195.154652796,1.33972254707224
1.58,156,117,176.675723461282,1.24494749494862
1.58,156,120,159.542356204057,1.14144671018008
1.58,156,123,143.820375541316,1.02883383659737
1.58,156,126,129.543374492265,0.907020964328177
1.58,156,129,116.705368309775,0.776378348997354
1.58,156,132,105.250567183878,0.637920749320567
1.58,156,135,95.0598654143911,0.493474457123793
1.58,156,138,85.9367457401022,0.345742106054309
1.58,156,141,77.5992442756798,0.198183164191227
1.58,156,144,69.6863996936535,0.054711200293998
1.58,156,147,61.7844059763537,-0.0806320435724044
1.58,156,150,53.4703883364543,-0.203686887051062
1.58,156,153,44.3655849133634,-0.309255619293971
1.58,156,156,34.191618472048,-0.3874341824937
1.58,156,159,22.8516176218801,-0.407438362335798
1.58,156,162,10.8697455961275,-0.18821720879881
1.58,156,165,7.98257843004363,1.42197118166857
1.58,156,168,21.5626627458856,1.90692002822297
1.58,156,171,37.5490575791784,1.95004451284458
1.58,156,174,54.3614623901939,1.92758666525206
1.58,156,177,71.5386347119733,1.88770136258107
1.58,156,180,88.7358880704513,1.84313231464251
1.58,159,-180,88.7358880704513,1.89549219220234
1.58,159,-177,106.424529197066,1.84648220317276
1.58,159,-174,123.575353019799,1.80016498793612
1.58,159,-171,139.97764095863,1.75731901468096
1.58,159,-168,155.457482655923,1.71832367634437
1.58,159,-165,169.879866547635,1.68335784380009
1.58,159,-162,183.151367162142,1.65250207926919
1.58,159,-159,195.222269669939,1.62579840171718
1.58,159,-156,206.086226620497,1.60328648927225
1.58,159,-153,215.775836287131,1.58502495023328
1.58,159,-150,224.35384960047,1.57110387531586
1.58,159,-147,231.90153867347,1.56165399131898
1.58,159,-144,238.50731392785,1.55685585274016
1.58,159,-141,244.259251874763,1.55694915666527
1.58,159,-138,249.244457888692,1.56223830161206
1.58,159,-135,253.556305609179,1.57308720051211
1.58,159,-132,257.308146684871,1.58989539271485
1.58,159,-129,260.649817008089,1.61304930310932
1.58,159,-126,263.781824981951,1.64284709974159
1.58,159,-123,266.961890706902,1.67940280368842
1.58,159,-120,270.499658046076,1.72254458505658
1.58,159,-117,274.737869370649,1.77173169510584
1.58,159,-114,280.021765951629,1.82601985680155
1.58,159,-111,286.662194026972,1.88409992213892
1.58,159,-108,294.900549627351,1.94441552405658
1.58,159,-105,304.883860487898,2.00533728346672
1.58,159,-102,316.655434318452,2.06534821444246
1.58,159,-99,330.161687166749,2.1231916256968
1.58,159,-96,345.271257902514,2.17795103921533
1.58,159,-93,361.800217159558,2.22905924682282
1.58,159,-90,379.537469015397,2.27625503458763
1.58,159,-87,398.266330866238,2.31951375296708
1.58,159,-84,417.780427878537,2.35897406335241
1.58,159,-81,437.893612031451,2.39487440133375
1.58,159,-78,458.444439734147,2.42750432404068
1.58,159,-75,479.296053800822,2.45717029828572
1.58,159,-72,500.332441952649,2.48417276255216
1.58,159,-69,521.452202104759,2.50879069712065
1.58,159,-66,542.561175000415,2.53127063624899
1.58,159,-63,563.56549308511,2.55181840651161
1.58,159,-60,584.366549294962,2.57059335836189
1.58,159,-57,604.858951251916,2.58770600567266
1.58,159,-54,624.931678409283,2.6032203984709
1.58,159,-51,644.471593708356,2.61716200654622
1.58,159,-48,663.367554683193,2.62953048188867
1.58,159,-45,681.513056112312,2.64031486469694
1.58,159,-42,698.805904414,2.64950735213965
1.58,159,-39,715.144812383441,2.65711144633166
1.58,159,-36,730.424517551091,2.6631416050998
1.58,159,-33,744.532269017157,2.66761426115971
1.58,159,-30,757.348546491268,2.67053333752859
1.58,159,-27,768.75341632937,2.67187580191778
1.58,159,-24,778.637501811674,2.67158317634075
1.58,159,-21,786.914286088172,2.66956287937015
1.58,159,-18,793.529599542421,2.66569955674645
1.58,159,-15,798.465306580643,2.65987270799716
1.58,159,-12,801.73702805293,2.65197465764953
1.58,159,-9,803.38889643304,2.64192337465035
1.58,159,-6,803.490126604884,2.62966779215168
1.58,159,-3,802.137313824581,2.61518779743532
1.58,159,0,799.462760855347,2.5984947183473
1.58,159,3,795.644213356942,2.57963873240888
1.58,159,6,790.907641457259,2.55872614402109
1.58,159,9,785.514595679718,2.53594284545266
1.58,159,12,779.730256408647,2.51157339104086
1.58,159,15,773.776379400172,2.48600189449352
1.58,159,18,767.781538462065,2.45968452031395
1.58,159,21,761.745196238108,2.43309371450682
1.58,159,24,755.529440532311,2.40664722827552
1.58,159,27,748.883277862028,2.38064350364531
1.58,159,30,741.493119591413,2.35522394411522
1.58,159,33,733.044642593406,2.33037238885308
1.58,159,36,723.278904152199,2.30594835274026
1.58,159,39,712.029502631587,2.28173995522279
1.58,159,42,699.235135870315,2.25751865630864
1.58,159,45,684.929736259116,2.23308073711002
1.58,159,48,669.217818680745,2.20826729929283
1.58,159,51,652.244587801868,2.18296233389342
1.58,159,54,634.168993184931,2.1570746674903
1.58,159,57,615.144588790891,2.13051287098053
1.58,159,60,595.309383110898,2.10316215437636
1.58,159,63,574.783152080026,2.07486955985968
1.58,159,66,553.669471897793,2.04543980450621
1.58,159,69,532.05981887015,2.01464043121068
1.58,159,72,510.037888467582,1.98221256561843
1.58,159,75,487.683218283372,1.94788288965749
1.58,159,78,465.073906941698,1.91137314120472
1.58,159,81,442.288606251696,1.87240492487102
1.58,159,84,419.408083701055,1.83069925293952
1.58,159,87,396.516605995766,1.78597159640137
1.58,159,90,373.70326261078,1.73792412059264
1.58,159,93,351.063183029561,1.68623720602779
1.58,159,96,328.698439043809,1.63056241335226
1.58,159,99,306.718299641295,1.57051886276598
1.58,159,102,285.238458774753,1.50569465242404
1.58,159,105,264.378918855958,1.43565448442154
1.58,159,108,244.260398228078,1.359954134822
1.58,159,111,224.999414686108,1.27816187767481
1.58,159,114,206.70250442812,1.18988665009168
1.58,159,117,189.46024280921,1.09481294936609
1.58,159,120,173.341696715169,0.992743467379661
1.58,159,123,158.389564328059,0.88365208769759
1.58,159,126,144.615603807068,0.767750745894729
1.58,159,129,131.99531800413,0.645570958641377
1.58,159,132,120.460779278649,0.518051398339592
1.58,159,135,109.891483102588,0.386606867584932
1.58,159,138,100.105283350402,0.253139810157886
1.58,159,141,90.8539192710739,0.119960261436764
1.58,159,144,81.8286807124623,-0.0103810216664319
1.58,159,147,72.6799171625155,-0.135272290288412
1.58,159,150,63.0496889035248,-0.252076521769958
1.58,159,153,52.612291933305,-0.357731846718562
1.58,159,156,41.1159161983144,-0.447104195701942
1.58,159,159,28.4257862095065,-0.506157592418786
1.58,159,162,14.6393447478335,-0.46406261002633
1.58,159,165,4.27624319802009,1.02957973645857
1.58,159,168,18.0901476348676,1.99254681978367
1.58,159,171,35.0726004839361,2.02584127706498
1.58,159,174,52.7625721486901,1.99278868807205
1.58,159,177,70.755382802766,1.94555123060514
1.58,159,180,88.7358880704513,1.89549219220234
1.58,162,-180,88.7358880704513,1.94785206976217
1.58,162,-177,107.140946450842,1.89455307959404
1.58,162,-174,124.998951748103,1.84454004414961
1.58,162,-171,142.106837948145,1.79828521879951
1.58,162,-168,158.295317945367,1.75601300167973
1.58,162,-165,173.431648139406,1.71782793134902
1.58,162,-162,187.422985993411,1.68378075080829
1.58,162,-159,200.219295844539,1.65390766768389
1.58,162,-156,211.813957892926,1.62825412213926
1.58,162,-153,222.240413975939,1.60688787493858
1.58,162,-150,231.56432595771,1.58990517103517
1.58,162,-147,239.872385122222,1.57743373345708
1.58,162,-144,247.260417024773,1.56963555407504
1.58,162,-141,253.824146884972,1.56671038522634
1.58,162,-138,259.655592408171,1.5688979703249
1.58,162,-135,264.846609734515,1.5764744171794
1.58,162,-132,269.499064792763,1.58973679225208
1.58,162,-129,273.73904187555,1.6089706757222
1.58,162,-126,277.731001210292,1.63439823189549
1.58,162,-123,281.687241736865,1.66610915262418
1.58,162,-120,285.868580341749,1.70398322069166
1.58,162,-117,290.573808622522,1.74762019041601
1.58,162,-114,296.118042346907,1.79629782777869
1.58,162,-111,302.803083862559,1.84897851194609
1.58,162,-108,310.885555456496,1.90437541740415
1.58,162,-105,320.549773098764,1.9610716176869
1.58,162,-102,331.891335279058,2.01766639390997
1.58,162,-99,344.914356067845,2.07291283415731
1.58,162,-96,359.541416375114,2.12581558679662
1.58,162,-93,375.632278755718,2.17567421744652
1.58,162,-90,393.006222669008,2.22207625920969
1.58,162,-87,411.463433639825,2.26485601396839
1.58,162,-84,430.802412460104,2.30403780410724
1.58,162,-81,450.831999290623,2.33977835553341
1.58,162,-78,471.377851668539,2.37231661918485
1.58,162,-75,492.284001295816,2.4019337624714
1.58,162,-72,513.410581735273,2.4289225883992
1.58,162,-69,534.629119022286,2.45356427103315
1.58,162,-66,555.816962029383,2.47611045909824
1.58,162,-63,576.852441436654,2.49676979039032
1.58,162,-60,597.612078037496,2.51569901619121
1.58,162,-57,617.970550276409,2.53299970435282
1.58,162,-54,637.803244106284,2.54872149775866
1.58,162,-51,656.990273333505,2.56287204181004
1.58,162,-48,675.420216293932,2.57543217458139
1.58,162,-45,692.991792769696,2.58637331368662
1.58,162,-42,709.612453038718,2.59567286623333
1.58,162,-39,725.194203113329,2.60332356536769
1.58,162,-36,739.648440701668,2.60933418351114
1.58,162,-33,752.882432106592,2.61372178842696
1.58,162,-30,764.799761250592,2.61649868468951
1.58,162,-27,775.305556096085,2.61765920272909
1.58,162,-24,784.315127023294,2.61717159026583
1.58,162,-21,791.762883112733,2.61497823170451
1.58,162,-18,797.608031368312,2.61100403133923
1.58,162,-15,801.835011568907,2.60516947810596
1.58,162,-12,804.449367170741,2.59740316002401
1.58,162,-9,805.472516644609,2.58764922091387
1.58,162,-6,804.940149919819,2.57586830174314
1.58,162,-3,802.907712615427,2.56203460193511
1.58,162,0,799.462760855347,2.54613484078747
1.58,162,3,794.739275455717,2.52817524575152
1.58,162,6,788.925563056875,2.50819945884948
1.58,162,9,782.257257800231,2.48631426886424
1.58,162,12,774.991064007721,2.46271372937914
1.58,162,15,767.362223507095,2.43768874462963
1.58,162,18,759.536399180188,2.41161135949233
1.58,162,21,751.571111212293,2.38489131557868
1.58,162,24,743.400421015479,2.35791397987158
1.58,162,27,734.849272696195,2.33097783268638
1.58,162,30,725.673812483588,2.30425116259645
1.58,162,33,715.615588538315,2.27776044653381
1.58,162,36,704.454190121317,2.25141097487379
1.58,162,39,692.045287212029,2.2250295412411
1.58,162,42,678.337296356218,2.19841367404316
1.58,162,45,663.367043579845,2.17137276024493
1.58,162,48,647.240246758937,2.1437516985091
1.58,162,51,630.105058480861,2.11543467571321
1.58,162,54,612.126307707047,2.0863328339018
1.58,162,57,593.465469599515,2.05636335978334
1.58,162,60,574.268206621591,2.0254282708802
1.58,162,63,554.658782566436,1.99339927935876
1.58,162,66,534.739356294043,1.96011172842045
1.58,162,69,514.592043129275,1.92536711721232
1.58,162,72,494.282206100435,1.88894127394424
1.58,162,75,473.86216833249,1.85059430314268
1.58,162,78,453.37507270079,1.81007889826487
1.58,162,81,432.858850201851,1.76714495777719
1.58,162,84,412.350256556372,1.72154005359965
1.58,162,87,391.888817574862,1.67300667995689
1.58,162,90,371.520391376498,1.6212780836735
1.58,162,93,351.299970689412,1.56607478173131
1.58,162,96,331.293335872091,1.50710368894359
1.58,162,99,311.577233581726,1.44406124877554
1.58,162,102,292.237893591386,1.37664122633125
1.58,162,105,273.367897695614,1.30454701125471
1.58,162,108,255.061658397619,1.22750752336502
1.58,162,111,237.410007448465,1.14529529769662
1.58,162,114,220.494563803754,1.05774529909931
1.58,162,117,204.382557071596,0.96477373504349
1.58,162,120,189.122550636724,0.866397658485263
1.58,162,123,174.741034672903,0.762758027897203
1.58,162,126,161.239272237597,0.65414989581984
1.58,162,129,148.589365921904,0.541061697412292
1.58,162,132,136.728639945206,0.424219746626049
1.58,162,135,125.552375168295,0.304624779086482
1.58,162,138,114.906598549558,0.183559428569772
1.58,162,141,104.584365498707,0.0625469797757458
1.58,162,144,94.3297143941644,-0.056740728310274
1.58,162,147,83.8523232239394,-0.172595905634687
1.58,162,150,72.8529054622389,-0.283337416186058
1.58,162,153,61.0557810718825,-0.38719444487058
1.58,162,156,48.2426621730404,-0.481690673382429
1.58,162,159,34.2823948486323,-0.561155245646661
1.58,162,162,19.1636290011373,-0.601655683447106
1.58,162,165,3.53873410927693,-0.111890150848426
1.58,162,168,14.7551870179933,2.09752473079867
1.58,162,171,32.7180124367947,2.10555192986265
1.58,162,174,51.2500948291109,2.05868341632613
1.58,162,177,70.0181652212317,2.00340836110324
1.58,162,180,88.7358880704513,1.94785206976217
1.58,165,-180,88.7358880704513,2.000211947322
1.58,165,-177,107.803594363659,1.94283492045543
1.58,165,-174,126.310115115131,1.88939103566471
1.58,165,-171,144.061990720825,1.83999636905373
1.58,165,-168,160.897353690784,1.79470209881467
1.58,165,-165,176.688794672962,1.753532883445
1.58,165,-162,191.346802705292,1.71651042366263
1.58,165,-159,204.822937917997,1.68366969046709
1.58,165,-156,217.111056589495,1.65506885192869
1.58,165,-153,228.244948966043,1.63079313046437
1.58,165,-150,238.291676542258,1.61095382792585
1.58,165,-147,247.341346382313,1.59568483103557
1.58,165,-144,255.495464614004,1.58513911025456
1.58,165,-141,262.856819981367,1.57948670134899
1.58,165,-138,269.523736880593,1.57891364729742
1.58,165,-135,275.590505716491,1.58361909774069
1.58,165,-132,281.154143487083,1.59380613241684
1.58,165,-129,286.325827748156,1.60966165185863
1.58,165,-126,291.243863963676,1.6313222290608
1.58,165,-123,296.084258597686,1.65882611090537
1.58,165,-120,301.065081167905,1.69205625444563
1.58,165,-117,306.441851542422,1.7306846217866
1.58,165,-114,312.493077700629,1.77413242921601
1.58,165,-111,319.497495762638,1.82156225281119
1.58,165,-108,327.706966994725,1.87191334967391
1.58,165,-105,337.32057319194,1.92398067629737
1.58,165,-102,348.465479089802,1.97652408370035
1.58,165,-99,361.188374041295,2.02838348154231
1.58,165,-96,375.458360670978,2.0785741805562
1.58,165,-93,391.179209413845,2.12634492299962
1.58,165,-90,408.207039926564,2.17119442468303
1.58,165,-87,426.369144435712,2.21285382986814
1.58,165,-84,445.48052238387,2.25124815610525
1.58,165,-81,465.356093028524,2.2864495104606
1.58,165,-78,485.817923339149,2.31863109668863
1.58,165,-75,506.697866552695,2.34802659779283
1.58,165,-72,527.836705557531,2.37489617293193
1.58,165,-69,549.0812873747,2.3994986212942
1.58,165,-66,570.281259724015,2.42206900833343
1.58,165,-63,591.286869716168,2.44280162741904
1.58,165,-60,611.948836542636,2.46183892083495
1.58,165,-57,632.120595120342,2.47926735790813
1.58,165,-54,651.662359493017,2.49512094091627
1.58,165,-51,670.445710927962,2.50939195167935
1.58,165,-48,688.35705591676,2.52204703657022
1.58,165,-45,705.298536198782,2.53304526537572
1.58,165,-42,721.185831784602,2.54235399407852
1.58,165,-39,735.943539659608,2.54995870213699
1.58,165,-36,749.499954860447,2.55586460238841
1.58,165,-33,761.783565406253,2.56009036555832
1.58,165,-30,772.723026803252,2.56265690804086
1.58,165,-27,782.250885627613,2.56357581865813
1.58,165,-24,790.309482895385,2.56284188973029
1.58,165,-21,796.856203399398,2.56043230998439
1.58,165,-18,801.865324128194,2.5563121152802
1.58,165,-15,805.325341759209,2.55044274762577
1.58,165,-12,807.233229298031,2.54278930760109
1.58,165,-9,807.589385032252,2.53332299815341
1.58,165,-6,806.397794891944,2.52201810744511
1.58,165,-3,803.674366755196,2.50884647061286
1.58,165,0,799.462760855347,2.49377496322764
1.58,165,3,793.852668295632,2.47677170755345
1.58,165,6,786.992350789036,2.45782375057359
1.58,165,9,779.087129648745,2.43696373019156
1.58,165,12,770.379129276542,2.41429738697583
1.58,165,15,761.110094377855,2.39002026420181
1.58,165,18,751.476169389817,2.36441289792631
1.58,165,21,741.588100995973,2.33781006976446
1.58,165,24,731.44999813012,2.31054947753854
1.58,165,27,720.964191135538,2.28291414556585
1.58,165,30,709.961041317606,2.25508633349319
1.58,165,33,698.244484438025,2.22712659114388
1.58,165,36,685.639920320496,2.19898209248339
1.58,165,39,672.031964317675,2.17051824453471
1.58,165,42,657.38439765858,2.14156110639148
1.58,165,45,641.740928711189,2.11193708252203
1.58,165,48,625.210690456157,2.08149980200236
1.58,165,51,607.945282391905,2.05013986165676
1.58,165,54,590.114346487718,2.01777889977225
1.58,165,57,571.884844552747,1.98435356811472
1.58,165,60,553.406559053812,1.94979653096122
1.58,165,63,534.803988904555,1.91402070022038
1.58,165,66,516.173407913848,1.87691033433747
1.58,165,69,497.583466632513,1.83831958400467
1.58,165,72,479.078004820586,1.79807665333725
1.58,165,75,460.680242444311,1.75599058199027
1.58,165,78,442.397898568825,1.71185778571453
1.58,165,81,424.228930232852,1.66546653001397
1.58,165,84,406.167536604493,1.61659888825846
1.58,165,87,388.20995684548,1.56503094633319
1.58,165,90,370.35951064329,1.51053274904386
1.58,165,93,352.630346199374,1.45286964359459
1.58,165,96,335.04948020772,1.39180633048287
1.58,165,99,317.656915647688,1.32711423729508
1.58,165,102,300.503871199472,1.25858197039125
1.58,165,105,283.649413044417,1.1860277641513
1.58,165,108,267.156005201743,1.10931223922883
1.58,165,111,251.08464112523,1.02834961643827
1.58,165,114,235.490233872155,0.943116008348841
1.58,165,117,220.417779198463,0.853654607537034
1.58,165,120,205.899455929572,0.76007932584297
1.58,165,123,191.952352402198,0.662580132791899
1.58,165,126,178.57606032273,0.561434020884046
1.58,165,129,165.749185923712,0.45702410245799
1.58,165,132,153.424121034323,0.349865227505351
1.58,165,135,141.520298194396,0.240628438476518
1.58,165,138,129.917470693123,0.130151179608064
1.58,165,141,118.451832937156,0.0194194915050067
1.58,165,144,106.918333427895,-0.0904842985056858
1.58,165,147,95.081746296306,-0.198460168785909
1.58,165,150,82.6969045766457,-0.303469923358013
1.58,165,153,69.535638940686,-0.404576607029103
1.58,165,156,55.4155525243846,-0.500873826918258
1.58,165,159,40.2248133595095,-0.591082864329428
1.58,165,162,23.9382677816285,-0.671350269821469
1.58,165,165,6.6309198768323,-0.697845764259304
1.58,165,168,11.6153332203939,2.23715566078296
1.58,165,171,30.5026237383496,2.18985305943407
1.58,165,174,49.830446671169,2.12527403979481
1.58,165,177,69.3292679990871,2.06125543791472
1.58,165,180,88.7358880704513,2.000211947322
1.58,168,-180,88.7358880704513,2.05257182488183
1.58,168,-177,108.410641151509,1.99133369844875
1.58,168,-174,127.504819937785,1.93471964268947
1.58,168,-171,145.836131565777,1.88244311445359
1.58,168,-168,163.252715009597,1.83436589782222
1.58,168,-165,179.635504931439,1.79042840782275
1.58,168,-162,194.901144300728,1.75062470252602
1.58,168,-159,209.004869490079,1.71499311383051
1.58,168,-156,221.941952047344,1.6836107499827
1.58,168,-153,233.746172060694,1.65658694073472
1.58,168,-150,244.484473513522,1.63405440932915
1.58,168,-147,254.248145562863,1.61615922660827
1.58,168,-144,263.142125107491,1.60305161970657
1.58,168,-141,271.274858080003,1.5948794160702
1.58,168,-138,278.751280732968,1.59178447003905
1.58,168,-135,285.6708245685,1.59390038431151
1.58,168,-132,292.131086125666,1.60134801828793
1.58,168,-129,298.236275032461,1.61422448447594
1.58,168,-126,304.108154254635,1.63258209795565
1.58,168,-123,309.896263981253,1.65639615729493
1.58,168,-120,315.784015719788,1.68552417655279
1.58,168,-117,321.987863273365,1.71966353862714
1.58,168,-114,328.748162867296,1.7583183079456
1.58,168,-111,336.312307724563,1.80078744736623
1.58,168,-108,344.912825513221,1.84618422102725
1.58,168,-105,354.744729493284,1.89348951973025
1.58,168,-102,365.94687812315,1.94163192276243
1.58,168,-99,378.591110806083,1.98957851928784
1.58,168,-96,392.680772542963,2.036417136401
1.58,168,-93,408.157738625998,2.08141433093616
1.58,168,-90,424.915138725652,2.12404212183797
1.58,168,-87,442.812218605989,2.16397556107315
1.58,168,-84,461.68815038341,2.20106917605042
1.58,168,-81,481.372682030841,2.23532190387252
1.58,168,-78,501.692791648651,2.26683847503228
1.58,168,-75,522.475616304524,2.29579225026624
1.58,168,-72,543.548691970302,2.32239187304544
1.58,168,-69,564.7389363868,2.34685253898421
1.58,168,-66,585.871847196051,2.36937222403754
1.58,168,-63,606.772101057246,2.39011344069291
1.58,168,-60,627.266174780571,2.40919145423313
1.58,168,-57,647.186869475269,2.4266699214465
1.58,168,-54,666.37887677618,2.44256436089622
1.58,168,-51,684.704003931014,2.45685274935139
1.58,168,-48,702.044577440401,2.46949114311234
1.58,168,-45,718.303976960205,2.48043100253505
1.58,168,-42,733.404139841087,2.48963435001285
1.58,168,-39,747.280946352845,2.49708337494598
1.58,168,-36,759.879223102166,2.50278265355362
1.58,168,-33,771.149268924299,2.50675439018674
1.58,168,-30,781.046113026364,2.50902925775628
1.58,168,-27,789.531349458207,2.50963666620179
1.58,168,-24,796.57594111185,2.5085980536518
1.58,168,-21,802.16160871649,2.50592510548557
1.58,168,-18,806.278870433989,2.50162234219003
1.58,168,-15,808.921489719335,2.49569135693012
1.58,168,-12,810.079389966548,2.48813315640965
1.58,168,-9,809.733929055991,2.47894607634759
1.58,168,-6,807.859729867106,2.46811931108163
1.58,168,-3,804.435496983338,2.45562514724214
1.58,168,0,799.462760855347,2.44141508566781
1.58,168,3,792.987502495336,2.42542499135694
1.58,168,6,785.116810216585,2.40759184547141
1.58,168,9,776.022572212583,2.38788020767604
1.58,168,12,765.927299602553,2.36631160354008
1.58,168,15,755.072827193185,2.34298667940125
1.58,168,18,743.678982190094,2.31808998500083
1.58,168,21,731.903847431573,2.29187160962784
1.58,168,24,719.817852603,2.2646077216538
1.58,168,27,707.399954109966,2.23655032813711
1.58,168,30,694.557002850874,2.2078813240992
1.58,168,33,681.159966635383,2.17868458455879
1.58,168,36,667.085946725831,2.14894307669162
1.58,168,39,652.254442708684,2.11855911506046
1.58,168,42,636.649623141209,2.08738888105048
1.58,168,45,620.325593949612,2.05527950857861
1.58,168,48,603.396672978668,2.02209847595405
1.58,168,51,586.017941591926,1.98774926112452
1.58,168,54,568.362306833693,1.95217226253339
1.58,168,57,550.599323688828,1.91533419243409
1.58,168,60,532.878984850069,1.87721148724192
1.58,168,63,515.321556201517,1.83777348025063
1.58,168,66,498.012999678807,1.79696957427413
1.58,168,69,481.004802844747,1.7547223180018
1.58,168,72,464.316959961446,1.71092608751903
1.58,168,75,447.943084426788,1.66544967952932
1.58,168,78,431.85688345676,1.61814075283237
1.58,168,81,416.019354594092,1.56883051481339
1.58,168,84,400.38607931714,1.51733792446861
1.58,168,87,384.913974601906,1.46347354820857
1.58,168,90,369.566899534328,1.40704376596411
1.58,168,93,354.31963887815,1.34785616312902
1.58,168,96,339.159990795661,1.28572668325604
1.58,168,99,324.088935577797,1.22048857210721
1.58,168,102,309.119112317476,1.15200247696844
1.58,168,105,294.272040784506,1.08016646090587
1.58,168,108,279.574661919806,1.00492434486157
1.58,168,111,265.055801774685,0.926270881646932
1.58,168,114,250.743065479678,0.844252909738573
1.58,168,117,236.660431438962,0.758966805183732
1.58,168,120,222.826467642553,0.670554007274662
1.58,168,123,209.252709791145,0.579197660059043
1.58,168,126,195.941456456646,0.485123841630059
1.58,168,129,182.882209136943,0.388609828261062
1.58,168,132,170.046345515681,0.289999082012423
1.58,168,135,157.380388688393,0.189718578879613
1.58,168,138,144.799275883587,0.0882900536222426
1.58,168,141,132.181992670366,-0.0136752502268013
1.58,168,144,119.372351198313,-0.115507017127495
1.58,168,147,106.187142832085,-0.216535242425187
1.58,168,150,92.4322909886022,-0.316178725817637
1.58,168,153,77.9253592050434,-0.414071880566108
1.58,168,156,62.5206362928608,-0.510292649391812
1.58,168,159,46.1319565009198,-0.606003587525223
1.58,168,162,28.7496074627806,-0.706481801170938
1.58,168,165,10.4654716217154,-0.8570827197487
1.58,168,168,8.78363966414641,-3.84047750864233
1.58,168,171,28.4454458377914,-4.00376693969803
1.58,168,174,48.50994052971,-4.09064181847232
1.58,168,177,68.6908651237184,-4.16411217725984
1.58,168,180,88.7358880704513,-4.23061348229776
1.58,171,-180,88.7358880704513,2.10493170244166
1.58,171,-177,108.960435033028,2.0400547232013
1.58,171,-174,128.57947937429,1.98052708650975
1.58,171,-171,147.423035255143,1.92561723230177
1.58,171,-168,165.351566094456,1.87498327987014
1.58,171,-165,182.257234006174,1.82847791297064
1.58,171,-162,198.065677998465,1.78606923803653
1.58,171,-159,212.738045701139,1.74780329679215
1.58,171,-156,226.272216783254,1.71378146656135
1.58,171,-153,238.701893348599,1.68414225183942
1.58,171,-150,250.09262630649,1.65904396128906
1.58,171,-147,260.534740700933,1.63864828385453
1.58,171,-144,270.134176355208,1.62310638511993
1.58,171,-141,279.003091279001,1.61254924584164
1.58,171,-138,287.252392776541,1.60708282642015
1.58,171,-135,294.988043432045,1.60678676567967
1.58,171,-132,302.312101953223,1.61171347663739
1.58,171,-129,309.328223465917,1.62188350981495
1.58,171,-126,316.15007353271,1.63727349831482
1.58,171,-123,322.910134104348,1.65779500983422
1.58,171,-120,329.765971384787,1.68326585530149
1.58,171,-117,336.901356974956,1.71337908109288
1.58,171,-114,344.520692517548,1.74767792335443
1.58,171,-111,352.836804225671,1.78554616315283
1.58,171,-108,362.053964697376,1.82622149120392
1.58,171,-105,372.349430483687,1.86883440919682
1.58,171,-102,383.857328654728,1.91246809437397
1.58,171,-99,396.658113206224,1.95622819246363
1.58,171,-96,410.775221004113,1.99930854259014
1.58,171,-93,426.178584372731,2.04104069348787
1.58,171,-90,442.793033641852,2.08092063167879
1.58,171,-87,460.508850044486,2.11861265120566
1.58,171,-84,479.191888746261,2.15393511742526
1.58,171,-81,498.691511828479,2.18683483642315
1.58,171,-78,518.845644650419,2.21735623486632
1.58,171,-75,539.483248999749,2.24560980034107
1.58,171,-72,560.425187771228,2.2717424119998
1.58,171,-69,581.484761512106,2.29591098298855
1.58,171,-66,602.46913057371,2.31826035936857
1.58,171,-63,623.182449996293,2.33890641745971
1.58,171,-60,643.430933153674,2.35792537348672
1.58,171,-57,663.029368059428,2.37535012050127
1.58,171,-54,681.808019118693,2.39117376716244
1.58,171,-51,699.618541422686,2.40535952037281
1.58,171,-48,716.337643804868,2.41785487699479
1.58,171,-45,731.867776144487,2.42860714153385
1.58,171,-42,746.13495120405,2.43757694812777
1.58,171,-39,759.084667088818,2.44474698386089
1.58,171,-36,770.677430670406,2.45012446504525
1.58,171,-33,780.885315974132,2.45373775395702
1.58,171,-30,789.69026206027,2.45562920359675
1.58,171,-27,797.083673125873,2.45584722527105
1.58,171,-24,803.065850965471,2.45444028707568
1.58,171,-21,807.643452070609,2.4514541494845
1.58,171,-18,810.82387248804,2.44693170847171
1.58,171,-15,812.607109781813,2.44091322042124
1.58,171,-12,812.977613538874,2.43343422802448
1.58,171,-9,811.899993442778,2.42451954886556
1.58,171,-6,809.322369361414,2.41417391942546
1.58,171,-3,805.18927507292,2.40237239271529
1.58,171,0,799.462760855347,2.38905520810798
1.58,171,3,792.146764895716,2.37413168922041
1.58,171,6,783.307348358004,2.35749553698699
1.58,171,9,773.081203587524,2.33905018071103
1.58,171,12,761.667418387746,2.31873873095284
1.58,171,15,749.302289729223,2.2965699706941
1.58,171,18,736.222569294388,2.27263115658207
1.58,171,21,722.626897192138,2.247081121309
1.58,171,24,708.646518445422,2.22012303459894
1.58,171,27,694.3338650649,2.19196332281492
1.58,171,30,679.671972480097,2.16276863033128
1.58,171,33,664.601121861239,2.13263368603056
1.58,171,36,649.054113654496,2.10156895076183
1.58,171,39,632.989904343222,2.06950989665477
1.58,171,42,616.417142184181,2.03634288336094
1.58,171,45,599.403207017226,2.00193842205249
1.58,171,48,582.068911154111,1.96618205121487
1.58,171,51,564.572533728936,1.92899543763448
1.58,171,54,547.088555007273,1.89034424111661
1.58,171,57,529.786331857029,1.85023328373105
1.58,171,60,512.812571930484,1.80869255512973
1.58,171,63,496.279599633762,1.76575900309798
1.58,171,66,480.259734169906,1.7214588877731
1.58,171,69,464.784989404566,1.67579415375742
1.58,171,72,449.85080047966,1.62873446817544
1.58,171,75,435.422413125699,1.58021492599232
1.58,171,78,421.442715949256,1.53013834197873
1.58,171,81,407.840494689879,1.47838063501808
1.58,171,84,394.538278401941,1.42479793257348
1.58,171,87,381.459134424934,1.36923443873681
1.58,171,90,368.531971823156,1.31153057785802
1.58,171,93,355.695135237526,1.25153127112714
1.58,171,96,342.89829432393,1.18909433223808
1.58,171,99,330.102829623224,1.1240988660016
1.58,171,102,317.281059549052,1.05645327613809
1.58,171,105,304.414731975779,0.98610215049521
1.58,171,108,291.493213442034,0.913031049544177
1.58,171,111,278.511748044468,0.837268240341556
1.58,171,114,265.470025375099,0.758882812894738
1.58,171,117,252.371095592294,0.677979405920992
1.58,171,120,239.220420142784,0.594690818406537
1.58,171,123,226.024600202545,0.509170787191692
1.58,171,126,212.789169202379,0.421589735785463
1.58,171,129,199.514879353866,0.332135895048185
1.58,171,132,186.19224456542,0.241022570394779
1.58,171,135,172.794738688698,0.148499557320019
1.58,171,138,159.271878801477,0.0548633769662041
1.58,171,141,145.544196938344,-0.0395418685458789
1.58,171,144,131.502473569772,-0.134342773955678
1.58,171,147,117.013251902212,-0.229184637528889
1.58,171,150,101.931454331976,-0.323824515743454
1.58,171,153,86.1191141044716,-0.418308370578606
1.58,171,156,69.4674445774326,-0.513367869876892
1.58,171,159,51.9187569058765,-0.611601458095044
1.58,171,162,33.4882589301875,-0.722674564479212
1.58,171,165,14.3358756486125,-0.911369440921978
1.58,171,168,6.51662697314198,-3.50775402310037
1.58,171,171,26.5670320172384,-3.90834176672479
1.58,171,174,47.2946959578197,-4.0227347800333
1.58,171,177,68.1050060560905,-4.10634519840122
1.58,171,180,88.7358880704513,-4.17825360473793
1.58,174,-180,88.7358880704513,2.15729158000149
1.58,174,-177,109.451509740048,2.08900266263431
1.58,174,-174,129.530961644929,2.02681415036306
1.58,174,-171,148.817261561032,1.96951151167862
1.58,174,-168,167.185184618631,1.91653664048112
1.58,174,-165,184.540800271722,1.8676515456068
1.58,174,-162,200.821538836133,1.82280002479159
1.58,174,-159,215.996821405412,1.78203967363009
1.58,174,-156,230.068621425153,1.7455005041033
1.58,174,-153,243.070911008359,1.71335386074209
1.58,174,-150,255.067028786788,1.68578606727168
1.58,174,-147,266.14456335778,1.66297598819412
1.58,174,-144,276.408167876853,1.64507762254717
1.58,174,-141,285.97151367964,1.63220899937992
1.58,174,-138,294.950075656014,1.62444754628371
1.58,174,-135,303.456435046637,1.62183033823438
1.58,174,-132,311.599245150106,1.62435595879265
1.58,174,-129,319.486048582643,1.63198389016183
1.58,174,-126,327.229010539989,1.64462790771529
1.58,174,-123,334.951660344575,1.66214193716168
1.58,174,-120,342.794216529952,1.68429978766946
1.58,174,-117,350.915209050151,1.7107732788607
1.58,174,-114,359.487936434196,1.7411155351336
1.58,174,-111,368.691632606039,1.77475668168816
1.58,174,-108,378.698704339516,1.81101725806681
1.58,174,-105,389.6605656176,1.84914052877704
1.58,174,-102,401.695021651809,1.888339670735
1.58,174,-99,414.877666630031,1.92785144817824
1.58,174,-96,429.238533655657,1.96698622503233
1.58,174,-93,444.763746243732,2.00516566989638
1.58,174,-90,461.400714359596,2.04194342438649
1.58,174,-87,479.06486125529,2.07700852264179
1.58,174,-84,497.646019926539,2.11017477430754
1.58,174,-81,517.013298867305,2.14136086452637
1.58,174,-78,537.018073491823,2.17056578429324
1.58,174,-75,557.495529616056,2.19784314027738
1.58,174,-72,578.265687358124,2.22327668592673
1.58,174,-69,599.134992847567,2.24695854437162
1.58,174,-66,619.89938916974,2.26897116953998
1.58,174,-63,640.349335499034,2.28937396094882
1.58,174,-60,660.276650580608,2.30819534942988
1.58,174,-57,679.482465041267,2.32543087931925
1.58,174,-54,697.785139034128,2.34104722444513
1.58,174,-51,715.026872245103,2.35499124327007
1.58,174,-48,731.077964542436,2.36720229414242
1.58,174,-45,745.838233102711,2.37762536839148
1.58,174,-42,759.235797677528,2.3862224252904
1.58,174,-39,771.224069690977,2.392979786365
1.58,174,-36,781.778073630032,2.39791052010423
1.58,174,-33,790.891033880253,2.40105213399384
1.58,174,-30,798.57150972846,2.402461124968
1.58,174,-27,804.84051743534,2.4022065498924
1.58,174,-24,809.727465313434,2.40036449695484
1.58,174,-21,813.263759235282,2.39701425861732
1.58,174,-18,815.473799333178,2.39223558754132
1.58,174,-15,816.364593662678,2.38610532665894
1.58,174,-12,815.916798066026,2.37869153930506
1.58,174,-9,814.08090258808,2.37004426056292
1.58,174,-6,810.781893637476,2.36018385830231
1.58,174,-3,805.933828102516,2.34908998633316
1.58,174,0,799.462760855347,2.33669533054815
1.58,174,3,791.333300773159,2.3228881277942
1.58,174,6,781.571888613863,2.30752562741698
1.58,174,9,770.27965074069,2.29045766666784
1.58,174,12,757.629770231175,2.27155613934565
1.58,174,15,743.8483474526,2.25074335767389
1.58,174,18,729.182583716283,2.22801119166202
1.58,174,21,713.864250554107,2.20342426002814
1.58,174,24,698.078276844908,2.17710451915724
1.58,174,27,681.945014910798,2.14920038644548
1.58,174,30,665.52059207198,2.11984893919996
1.58,174,33,648.814162139138,2.08914236761769
1.58,174,36,631.815909609914,2.05710842667869
1.58,174,39,614.52706838183,2.02370975709851
1.58,174,42,596.983641661058,1.98886080828548
1.58,174,45,579.268362287056,1.95245611629246
1.58,174,48,561.509366783841,1.9144013353891
1.58,174,51,543.867661767129,1.87463885731853
1.58,174,54,526.517778017808,1.83316232809508
1.58,174,57,509.62670875965,1.79001781559556
1.58,174,60,493.335534466695,1.74529279295811
1.58,174,63,477.746591424835,1.69909671840175
1.58,174,66,462.917266175775,1.65153834130906
1.58,174,69,448.859990200185,1.60270481786454
1.58,174,72,435.547036361568,1.55264650090144
1.58,174,75,422.918317550569,1.50136937660652
1.58,174,78,410.890440140098,1.44883515855205
1.58,174,81,399.365594951144,1.39496752916169
1.58,174,84,388.239317860709,1.33966222422871
1.58,174,87,377.406609010024,1.28279860889105
1.58,174,90,366.76629520485,1.22425090704341
1.58,174,93,356.223815316248,1.16389802649778
1.58,174,96,345.692784677794,1.10163167031612
1.58,174,99,335.095752703612,1.03736291575978
1.58,174,102,324.3645294959,0.971027572139159
1.58,174,105,313.440358680368,0.902590428335393
1.58,174,108,302.274095126847,0.832048119008096
1.58,174,111,290.826436289555,0.759429997669691
1.58,174,114,279.068161959637,0.684796331448397
1.58,174,117,266.980246667257,0.608233476488764
1.58,174,120,254.553604808871,0.529846453928225
1.58,174,123,241.788113941668,0.449750331173659
1.58,174,126,228.690480157555,0.368062651793947
1.58,174,129,215.270544405424,0.284899389126911
1.58,174,132,201.535871510911,0.200376120619628
1.58,174,135,187.484957503797,0.114614159910257
1.58,174,138,173.100073876918,0.0277484291055913
1.58,174,141,158.341448999104,-0.0600695864141515
1.58,174,144,143.144881744967,-0.148683961159678
1.58,174,147,127.424707774826,-0.237976051622491
1.58,174,150,111.083155721351,-0.327960342407477
1.58,174,153,94.0256840923862,-0.418991687015866
1.58,174,156,76.1804198874252,-0.512260511678009
1.58,174,159,57.5195628468377,-0.611259740032256
1.58,174,162,38.0865349080654,-0.727858589004442
1.58,174,165,18.1045473721748,-0.929399440954946
1.58,174,168,5.35558964426253,-2.98966705400229
1.58,174,171,24.889032772925,-3.80665448747696
1.58,174,174,46.1905390271054,-3.9542590239434
1.58,174,177,67.5736034302227,-4.04865218435574
1.58,174,180,88.7358880704513,-4.1258937271781
1.58,177,-180,88.7358880704513,2.20965145756132
1.58,177,-177,109.882589147759,2.13818156274693
1.58,177,-174,130.356606398205,2.0735811885345
1.58,177,-171,150.014195737926,2.01411962774413
1.58,177,-168,168.746040221608,1.95901147868945
1.58,177,-165,186.474512884079,1.90792533371944
1.58,177,-162,203.151508288931,1.8607819336266
1.58,177,-159,218.757166021091,1.81765352019273
1.58,177,-156,233.299343621235,1.778702091056
1.58,177,-153,246.813133174189,1.74413431756115
1.58,177,-150,259.359463805889,1.71416575745395
1.58,177,-147,271.022022960597,1.68899289589287
1.58,177,-144,281.902299928345,1.66877352158676
1.58,177,-141,292.113300685403,1.65361583830526
1.58,177,-138,301.773125972715,1.64357545919149
1.58,177,-135,310.999884609811,1.63865778393389
1.58,177,-132,319.909182538673,1.63882196569471
1.58,177,-129,328.614712504838,1.64398238193568
1.58,177,-126,337.231478711352,1.65400456019592
1.58,177,-123,345.880252090949,1.66869473138434
1.58,177,-120,354.691298269495,1.68778498671893
1.58,177,-117,363.805473881718,1.71091852698035
1.58,177,-114,373.371474512177,1.73764083641871
1.58,177,-111,383.539146265649,1.76740217333112
1.58,177,-108,394.449977769347,1.79957443397001
1.58,177,-105,406.226751905009,1.83348177226378
1.58,177,-102,418.96454685554,1.86844051442936
1.58,177,-99,432.724771620548,1.90380128216826
1.58,177,-96,447.532923088641,1.93898579828626
1.58,177,-93,463.379662449866,1.97351263722404
1.58,177,-90,480.224022275234,2.00700931928207
1.58,177,-87,497.997291320268,2.03921134731042
1.58,177,-84,516.606370877037,2.06995102598217
1.58,177,-81,535.935972328649,2.09913980840398
1.58,177,-78,555.849689429281,2.12674770711367
1.58,177,-75,576.190524566709,2.15278250829456
1.58,177,-72,596.78174897513,2.17727064026277
1.58,177,-69,617.428988171457,2.20024086924027
1.58,177,-66,637.924169336705,2.22171159712704
1.58,177,-63,658.051522573425,2.24168232608234
1.58,177,-60,677.5953062554,2.2601296783548
1.58,177,-57,696.348460653164,2.27700808340771
1.58,177,-54,714.121108514146,2.29225480931371
1.58,177,-51,730.747800120196,2.30579845801505
1.58,177,-48,746.092656516169,2.31756948637099
1.58,177,-45,760.05202615044,2.32751092953755
1.58,177,-42,772.554791121756,2.33558745638231
1.58,177,-39,783.560858207345,2.34179126881798
1.58,177,-36,793.058491060416,2.34614412250587
1.58,177,-33,801.060921715589,2.3486956934691
1.58,177,-30,807.60220484566,2.34951933191299
1.58,177,-27,812.731776509704,2.34870662123935
1.58,177,-24,816.506958028325,2.34636192912177
1.58,177,-21,818.982961657813,2.34259737676112
1.58,177,-18,820.200870312829,2.33752769515984
1.58,177,-15,820.175359300153,2.33126376187622
1.58,177,-12,818.885127610806,2.32390364131752
1.58,177,-9,816.269527630037,2.31552083923586
1.58,177,-6,812.234270840082,2.30615098809236
1.58,177,-3,806.667243481735,2.29577972755207
1.58,177,0,799.462760855347,2.28433545298832
1.58,177,3,790.549797302606,2.27169038691556
1.58,177,6,779.917790331707,2.25767198425108
1.58,177,9,767.633309223903,2.24208430533627
1.58,177,12,753.84253060932,2.22473623685407
1.58,177,15,738.757810182863,2.20547099838098
1.58,177,18,722.63084443405,2.18418998954257
1.58,177,21,705.71876119557,2.16086441719816
1.58,177,24,688.251697706816,2.13553069330735
1.58,177,27,670.410140723126,2.10826999412207
1.58,177,30,652.317431990748,2.07917734216686
1.58,177,33,634.048265250703,2.04832920040639
1.58,177,36,615.649298786022,2.01575922954271
1.58,177,39,597.16480612162,1.98144918341849
1.58,177,42,578.659549323629,1.94533702865152
1.58,177,45,560.232735673889,1.907339213707
1.58,177,48,542.020122362608,1.86738029626714
1.58,177,51,524.184844928372,1.82542170674289
1.58,177,54,506.900312501853,1.78148224498603
1.58,177,57,490.329938211228,1.73564542788941
1.58,177,60,474.608455705703,1.68805228103036
1.58,177,63,459.828405877759,1.63888177201879
1.58,177,66,446.033584748053,1.58832395854272
1.58,177,69,433.219401282046,1.53655233035463
1.58,177,72,421.338674186025,1.48370140509364
1.58,177,75,410.310655904347,1.42985362240902
1.58,177,78,400.031023243342,1.37503673360318
1.58,177,81,390.381043047138,1.31923018443044
1.58,177,84,381.234850180878,1.26237722752963
1.58,177,87,372.46452017405,1.20439901599168
1.58,177,90,363.943208266582,1.14520757990609
1.58,177,93,355.546973736164,1.08471591177218
1.58,177,96,347.156001112172,1.02284482211094
1.58,177,99,338.655812290018,0.959527298325475
1.58,177,102,329.938816869397,0.894711536729797
1.58,177,105,320.906268663204,0.828363595506922
1.58,177,108,311.470470197893,0.760469934402383
1.58,177,111,301.556945035723,0.691039309310418
1.58,177,114,291.106281219423,0.620102950674546
1.58,177,117,280.075393706712,0.547711954086055
1.58,177,120,268.437994244879,0.47393143448297
1.58,177,123,256.184047353296,0.398832080866515
1.58,177,126,243.317939995898,0.322480910644696
1.58,177,129,229.855076081454,0.24493374785698
1.58,177,132,215.816738395516,0.166231747712517
1.58,177,135,201.22342520638,0.0864028554649379
1.58,177,138,186.087452566721,0.00546640363743653
1.58,177,141,170.406266493888,-0.0765646525859687
1.58,177,144,154.158373359477,-0.15969396320434
1.58,177,147,137.303796552393,-0.2439810995338
1.58,177,150,119.790341943615,-0.329640058542435
1.58,177,153,101.565795926227,-0.41726559288101
1.58,177,156,82.5949865413185,-0.508387645496638
1.58,177,159,62.880818864139,-0.607091990659449
1.58,177,162,42.4963296582653,-0.726399481558597
1.58,177,165,21.7196377828444,-0.931688725396452
1.58,177,168,5.78388248807133,-2.43139153600108
1.58,177,171,23.4332803784651,-3.69865262677292
1.58,177,174,45.2028947225949,-3.88531368874935
1.58,177,177,67.0984211648848,-3.99105817599973
1.58,177,180,88.7358880704513,-4.07353384961827
