"Freq [GHz]","Phi [deg]","Theta [deg]","mag(rERHCP) [mV]","cang_rad(rERHCP) [rad]"
1.58,0,-180,85.7271732296658,0.750230346802778
1.58,0,-177,79.386793489977,0.848232371916119
1.58,0,-174,73.169779030105,0.979302879162678
1.58,0,-171,67.9726862179581,1.1505074159362
1.58,0,-168,64.9240651025477,1.3621136319529
1.58,0,-165,65.1258040811886,1.59974631785601
1.58,0,-162,69.1726641469588,1.83539914169908
1.58,0,-159,76.8736008305575,2.04319826035415
1.58,0,-156,87.4953515620032,2.21251526917881
1.58,0,-153,100.196170571057,2.34573403292052
1.58,0,-150,114.26971215378,2.45026272843662
1.58,0,-147,129.193256066193,2.53361726416345
1.58,0,-144,144.59844513787,2.60186191632061
1.58,0,-141,160.23145666303,2.65953871310005
1.58,0,-138,175.922269727762,2.70998902089356
1.58,0,-135,191.564800837684,2.75567766178081
1.58,0,-132,207.105113992748,2.79842864173706
1.58,0,-129,222.534172519621,2.83957620887772
1.58,0,-126,237.881848936729,2.88005737989167
1.58,0,-123,253.209666913383,2.92047264784359
1.58,0,-120,268.600972675687,2.96113594893187
1.58,0,-117,284.14872494046,3.00212736435396
1.58,0,-114,299.942435968796,3.04335389785797
1.58,0,-111,316.056522291733,3.08461631249333
1.58,0,-108,332.542159079847,3.12567497228076
1.58,0,-105,349.423772872006,3.16630603074565
1.58,0,-102,366.699989297956,3.20634109703665
1.58,0,-99,384.347727236438,3.24568741023139
1.58,0,-96,402.327592933297,3.28432972641516
1.58,0,-93,420.588861917268,3.32231810502287
1.58,0,-90,439.072951066334,3.35974700544004
1.58,0,-87,457.715060465921,3.39673083225608
1.58,0,-84,476.444319689243,3.43337995332603
1.58,0,-81,495.183143213839,3.4697798883797
1.58,0,-78,513.846557412623,3.50597521459135
1.58,0,-75,532.342078503213,3.54195888820599
1.58,0,-72,550.570416159894,3.57766709683525
1.58,0,-69,568.426972497223,3.6129793294449
1.58,0,-66,585.803893390308,3.64772298720266
1.58,0,-63,602.592356981162,3.68168151729568
1.58,0,-60,618.684854803084,3.71460475213064
1.58,0,-57,633.977397939713,3.74621994127102
1.58,0,-54,648.371803412665,3.7762419532484
1.58,0,-51,661.778415732865,3.8043813636172
1.58,0,-48,674.119733064017,3.83034965436359
1.58,0,-45,685.335392808895,3.85386148633802
1.58,0,-42,695.388809205913,3.87463486736739
1.58,0,-39,704.275454376382,3.89239087596239
1.58,0,-36,712.032365137434,3.90685524747566
1.58,0,-33,718.747984501351,3.91776442543294
1.58,0,-30,724.570957509747,3.92487848438569
1.58,0,-27,729.716051212981,3.92800252583213
1.58,0,-24,734.465037812431,3.92701665787702
1.58,0,-21,739.160296411006,3.92191250147737
1.58,0,-18,744.189234946479,3.91283151941351
1.58,0,-15,749.958599753148,3.90009786038557
1.58,0,-12,756.85940674643,3.88423676363364
1.58,0,-9,765.225414245731,3.86597001387672
1.58,0,-6,775.290231976282,3.84618329290607
1.58,0,-3,787.149549076883,3.8258663040054
1.58,0,0,800.73488581428,3.80603353733985
1.58,0,3,815.803554392003,3.78763883590854
1.58,0,6,831.946663195669,3.77149831251892
1.58,0,9,848.613965460597,3.75823326812927
1.58,0,12,865.152008177649,3.74823916096925
1.58,0,15,880.850765458516,3.74168081854393
1.58,0,18,894.99361541712,3.73850983443916
1.58,0,21,906.90577847184,3.73849803661356
1.58,0,24,915.996884872924,3.74128061260861
1.58,0,27,921.7940863785,3.74640312516531
1.58,0,30,923.963121855003,3.75336760207555
1.58,0,33,922.316049882606,3.76167382743771
1.58,0,36,916.805930681495,3.77085286244587
1.58,0,39,907.510383262619,3.78049077531244
1.58,0,42,894.607350579762,3.79024165313772
1.58,0,45,878.347238706823,3.79983020834855
1.58,0,48,859.025621128217,3.8090455618269
1.58,0,51,836.959895254769,3.81772886387463
1.58,0,54,812.471874285705,3.82575805158682
1.58,0,57,785.876702576019,3.83303305878201
1.58,0,60,757.47713442356,3.83946417508888
1.58,0,63,727.561420995175,3.84496516147046
1.58,0,66,696.402892371854,3.84945146539533
1.58,0,69,664.259677541655,3.85284275490489
1.58,0,72,631.373635552883,3.85506823852305
1.58,0,75,597.968234276682,3.8560729515775
1.58,0,78,564.24564314798,3.85582333203548
1.58,0,81,530.383634692226,3.85431085844602
1.58,0,84,496.533024400966,3.85155312852174
1.58,0,87,462.816362917426,3.84759238351692
1.58,0,90,429.328472142167,3.84249203109621
1.58,0,93,396.139214027923,3.83633212667841
1.58,0,96,363.298607657943,3.82920501172645
1.58,0,99,330.844074872017,3.8212123776938
1.58,0,102,298.80922126333,3.81246496313826
1.58,0,105,267.233199967439,3.80308599439743
1.58,0,108,236.169439954073,3.79321954785234
1.58,0,111,205.692439061349,3.78304565812405
1.58,0,114,175.901496360265,3.77280616047845
1.58,0,117,146.920707785549,3.76285143083359
1.58,0,120,118.895219497998,3.75373623182789
1.58,0,123,91.9845158162122,3.74645248227949
1.58,0,126,66.3543770314944,3.74312887617718
1.58,0,129,42.1709248869469,3.7498930163083
1.58,0,132,19.61582487122,3.7980153047827
1.58,0,135,2.59207814775856,5.82276094128443
1.58,0,138,20.6074762381618,6.70317107014083
1.58,0,141,37.7253660910069,6.74354189331505
1.58,0,144,52.9000876026845,6.75423361407422
1.58,0,147,66.0615741838444,6.75866615379869
1.58,0,150,77.1803655392877,6.76204223445901
1.58,0,153,86.2511975941875,6.76634604796697
1.58,0,156,93.2905592836393,6.7726562666264
1.58,0,159,98.3358839564496,6.78177637403672
1.58,0,162,101.444901646263,6.79449669949468
1.58,0,165,102.695381106368,6.81176391342823
1.58,0,168,102.186394468332,6.83484050510273
1.58,0,171,100.042936858432,6.86549008592287
1.58,0,174,96.4262998131002,6.90621238170077
1.58,0,177,91.5531728931321,6.9605446189967
1.58,0,180,85.7271732296658,7.03341565398236
1.58,3,-180,85.7271732296657,0.802590224362608
1.58,3,-177,80.547892252879,0.893773582385571
1.58,3,-174,75.4344645575483,1.01304909576945
1.58,3,-171,71.1095674849846,1.16517654840201
1.58,3,-168,68.4598635189212,1.35014832051936
1.58,3,-165,68.3716160476856,1.55850107076623
1.58,3,-162,71.4284795315268,1.77112486795735
1.58,3,-159,77.6812807697191,1.96758604521973
1.58,3,-156,86.7149746144092,2.13578068766316
1.58,3,-153,97.9167155369561,2.27366744115537
1.58,3,-150,110.696698481116,2.38505377667432
1.58,3,-147,124.576712673365,2.47545221395617
1.58,3,-144,139.195235857286,2.55002914647502
1.58,3,-141,154.284966252938,2.61300895865032
1.58,3,-138,169.649746562168,2.6676845921142
1.58,3,-135,185.148801250876,2.71658751691515
1.58,3,-132,200.688244065267,2.7616520377006
1.58,3,-129,216.217083003968,2.80433442801383
1.58,3,-126,231.724384456435,2.84569212207081
1.58,3,-123,247.234806725685,2.88643983785953
1.58,3,-120,262.800968573435,2.92699867955521
1.58,3,-117,278.492696285041,2.96754884262449
1.58,3,-114,294.384605827534,3.00808973658785
1.58,3,-111,310.544258663758,3.04850506371466
1.58,3,-108,327.02303896146,3.08862619100884
1.58,3,-105,343.85104716527,3.12828597851925
1.58,3,-102,361.036102538869,3.16735698653071
1.58,3,-99,378.565897498031,3.20577153956025
1.58,3,-96,396.411801541599,3.24352488243334
1.58,3,-93,414.53284896286,3.28066534895311
1.58,3,-90,432.878898539289,3.31727657247347
1.58,3,-87,451.392556015964,3.3534565131188
1.58,3,-84,470.009964140298,3.38929703050826
1.58,3,-81,488.660861005169,3.42486646079487
1.58,3,-78,507.268371951833,3.46019652743263
1.58,3,-75,525.748899940333,3.49527406405125
1.58,3,-72,544.012312444029,3.53003743793128
1.58,3,-69,561.962478081619,3.56437715480932
1.58,3,-66,579.498136602034,3.59813982967791
1.58,3,-63,596.514101454162,3.63113449563332
1.58,3,-60,612.902868497435,3.66314010770568
1.58,3,-57,628.556790941113,3.69391311546539
1.58,3,-54,643.371032705855,3.72319415303799
1.58,3,-51,657.247500301641,3.75071322369161
1.58,3,-48,670.09987329089,3.77619319857919
1.58,3,-45,681.859726416422,3.79935194230142
1.58,3,-42,692.483596063016,3.81990385606015
1.58,3,-39,701.960716493814,3.83756204038907
1.58,3,-36,710.321037502194,3.85204258556192
1.58,3,-33,717.643000139458,3.86307265593749
1.58,3,-30,724.060334210346,3.8704039704332
1.58,3,-27,729.7668081566,3.87383287279679
1.58,3,-24,735.017432869624,3.87322727733221
1.58,3,-21,740.124229059836,3.86855924488533
1.58,3,-18,745.444558408453,3.85993981796152
1.58,3,-15,751.360485842112,3.84765035276742
1.58,3,-12,758.248891186085,3.83216266636681
1.58,3,-9,766.444032797729,3.81413992834228
1.58,3,-6,776.196558046799,3.79441234247488
1.58,3,-3,787.634807679862,3.77392649318502
1.58,3,0,800.73488581428,3.75367365978002
1.58,3,3,815.304951227939,3.73460814908139
1.58,3,6,830.986770049837,3.71756940140236
1.58,3,9,847.274559360193,3.7032202309173
1.58,3,12,863.548477914114,3.69200893680985
1.58,3,15,879.118379432474,3.68415729738374
1.58,3,18,893.272720049263,3.67967169611561
1.58,3,21,905.327543447417,3.67837185739967
1.58,3,24,914.670941738655,3.67993081190906
1.58,3,27,920.79913233748,3.68392009671545
1.58,3,30,923.341276659553,3.68985512447677
1.58,3,33,922.071422172496,3.69723669302085
1.58,3,36,916.90744149395,3.70558560009679
1.58,3,39,907.898416828511,3.71446830130871
1.58,3,42,895.203311453852,3.72351257433774
1.58,3,45,879.064682981316,3.73241325788506
1.58,3,48,859.781400891782,3.74092925686986
1.58,3,51,837.683784033622,3.74887399330425
1.58,3,54,813.113440007252,3.75610213820817
1.58,3,57,786.40870437756,3.76249562192534
1.58,3,60,757.89532667471,3.76795153749354
1.58,3,63,727.881222009659,3.77237371985285
1.58,3,66,696.653808998045,3.77566871769739
1.58,3,69,664.478609408989,3.77774583414227
1.58,3,72,631.598203940576,3.77852011600687
1.58,3,75,598.231120089671,3.77791674107388
1.58,3,78,564.570630849708,3.77587520046484
1.58,3,81,530.783709646293,3.77235192655582
1.58,3,84,497.010524855484,3.76732045772058
1.58,3,87,463.364899858432,3.76076873201941
1.58,3,90,429.936137964645,3.75269354576192
1.58,3,93,396.792519858441,3.74309249683014
1.58,3,96,363.986612177516,3.73195375848831
1.58,3,99,331.562269087219,3.71924368347295
1.58,3,102,299.562877337754,3.70489135441374
1.58,3,105,268.040040694902,3.68876747275522
1.58,3,108,237.061613353687,3.6706517618779
1.58,3,111,206.717892173455,3.6501767802932
1.58,3,114,177.124986475759,3.62672261866814
1.58,3,117,148.425019086495,3.59920494756836
1.58,3,120,120.784063113539,3.56561278360566
1.58,3,123,94.3912876445788,3.52188584897068
1.58,3,126,69.4701316962445,3.45873428697275
1.58,3,129,46.3451762379862,3.35031509021517
1.58,3,132,25.8466073586444,3.09702951798542
1.58,3,135,13.0792094613296,2.19185154578138
1.58,3,138,21.014378832028,1.12036130152712
1.58,3,141,35.67177836071,0.820043458174157
1.58,3,144,49.7093820055121,0.705408639737713
1.58,3,147,62.1602488722674,0.646889516527783
1.58,3,150,72.8047032067531,0.613169976708372
1.58,3,153,81.5817721703111,0.593537384520968
1.58,3,156,88.4907221654508,0.5835567015256
1.58,3,159,93.5659134950719,0.581260797727239
1.58,3,162,96.8679198828475,0.585883138431507
1.58,3,165,98.4791605823225,0.597396643713388
1.58,3,168,98.5019769371394,0.616372225241741
1.58,3,171,97.0602497771863,0.643995550039743
1.58,3,174,94.3068569101572,0.682180226709987
1.58,3,177,90.4395132556507,0.733743099087455
1.58,3,180,85.7271732296657,0.802590224362608
1.58,6,-180,85.7271732296657,0.854950101922438
1.58,6,-177,81.7233679184439,0.939138360273358
1.58,6,-174,77.7322375949899,1.0468288862306
1.58,6,-171,74.3204265119001,1.18106499019668
1.58,6,-168,72.1697963155302,1.34167399867326
1.58,6,-165,71.9767496454053,1.52259126968863
1.58,6,-162,74.2714722929724,1.71135030736508
1.58,6,-159,79.2524670109301,1.89302002335361
1.58,6,-156,86.7669762758321,2.0562211209466
1.58,6,-153,96.4409734701379,2.19609380462215
1.58,6,-150,107.837675384003,2.31309200198229
1.58,6,-147,120.554674912247,2.41033786025116
1.58,6,-144,134.255949038601,2.49166121837499
1.58,6,-141,148.669881256691,2.56066017338814
1.58,6,-138,163.578263334594,2.62039863336544
1.58,6,-135,178.807707230859,2.67337875825809
1.58,6,-132,194.226028130742,2.72159608927013
1.58,6,-129,209.741975856902,2.76660282345821
1.58,6,-126,225.305358331006,2.80956121959566
1.58,6,-123,240.904909218292,2.85129023344106
1.58,6,-120,256.562476394285,2.89231296176386
1.58,6,-117,272.323657925109,2.93291005338068
1.58,6,-114,288.246335295508,2.97317961071539
1.58,6,-111,304.389227169528,3.01309975770677
1.58,6,-108,320.802457108469,3.052587484408
1.58,6,-105,337.521361088676,3.09154725073642
1.58,6,-102,354.563743326937,3.1299048640951
1.58,6,-99,371.929933875228,3.16762530806625
1.58,6,-96,389.604562973922,3.20471623748213
1.58,6,-93,407.558972301831,3.24122085830656
1.58,6,-90,425.753485485049,3.27720458933769
1.58,6,-87,444.139154068944,3.31273949840031
1.58,6,-84,462.658917275626,3.34788950282434
1.58,6,-81,481.248290435396,3.38269817873939
1.58,6,-78,499.835738744797,3.41718002471075
1.58,6,-75,518.34286072511,3.45131528382092
1.58,6,-72,536.684469611916,3.4850479390002
1.58,6,-69,554.76866906257,3.51828620926435
1.58,6,-66,572.497082411675,3.55090474451867
1.58,6,-63,589.765485449654,3.58274772016606
1.58,6,-60,606.465161478202,3.61363215792578
1.58,6,-57,622.48529350938,3.64335102494953
1.58,6,-54,637.716603731159,3.67167594500543
1.58,6,-51,652.056255628751,3.69835962892528
1.58,6,-48,665.413802009678,3.72313833501665
1.58,6,-45,677.717771668294,3.74573477449585
1.58,6,-42,688.922412633934,3.76586190476854
1.58,6,-39,699.014181840317,3.78322807254878
1.58,6,-36,708.01774850337,3.79754405665117
1.58,6,-33,716.001446134597,3.80853274854461
1.58,6,-30,723.082111938789,3.81594243290812
1.58,6,-27,729.428968976626,3.81956471003993
1.58,6,-24,735.265623755478,3.81925777307967
1.58,6,-21,740.868525111143,3.81497476037838
1.58,6,-18,746.559677898136,3.8067951430599
1.58,6,-15,752.691423707721,3.7949547887981
1.58,6,-12,759.62200641048,3.77986810194767
1.58,6,-9,767.682479609749,3.76213449949492
1.58,6,-6,777.137929468983,3.74252252545627
1.58,6,-3,788.14824352941,3.7219286674784
1.58,6,0,800.73488581428,3.70131378222019
1.58,6,3,814.759748693583,3.68162605356237
1.58,6,6,829.920170396958,3.66372320403197
1.58,6,9,845.761302421153,3.64830670183939
1.58,6,12,861.70413638065,3.63587716156299
1.58,6,15,877.085400672891,3.62671476199543
1.58,6,18,891.20446856028,3.62088341780451
1.58,6,21,903.372211652218,3.61825402818669
1.58,6,24,912.957065968481,3.61854066951029
1.58,6,27,919.424217991001,3.62134361842301
1.58,6,30,922.364690460006,3.62619389479572
1.58,6,33,921.512228963836,3.63259507317816
1.58,6,36,916.747257159984,3.64005916977858
1.58,6,39,908.088677526364,3.64813441610313
1.58,6,42,895.675729482086,3.65642371833473
1.58,6,45,879.743200590001,3.66459360911513
1.58,6,48,860.593777882786,3.67237450410717
1.58,6,51,838.571118502954,3.67955398544345
1.58,6,54,814.036395875246,3.6859655042715
1.58,6,57,787.349894452296,3.69147518528551
1.58,6,60,758.858016561931,3.69596925387182
1.58,6,63,728.885120162929,3.69934402564538
1.58,6,66,697.729081633543,3.70149953924383
1.58,6,69,665.659368046139,3.7023369780564
1.58,6,72,632.916587802067,3.70175921285099
1.58,6,75,599.712808495069,3.69967324346349
1.58,6,78,566.232258432253,3.69599307745309
1.58,6,81,532.632296364886,3.69064163135191
1.58,6,84,499.044728570351,3.68355049550876
1.58,6,87,465.577683496084,3.67465675864594
1.58,6,90,432.318328040333,3.66389642604953
1.58,6,93,399.336715935673,3.65119416391261
1.58,6,96,366.690975607152,3.63644902449738
1.58,6,99,334.433855669379,3.61951527253531
1.58,6,102,302.620360402437,3.60017616421391
1.58,6,105,271.315876973658,3.57810602687289
1.58,6,108,240.603921483181,3.5528112394078
1.58,6,111,210.592557673644,3.52353147555952
1.58,6,114,181.418857323531,3.48906348379626
1.58,6,117,153.251738955623,3.44742704537578
1.58,6,120,126.295683445763,3.39518894994008
1.58,6,123,100.802813179472,3.32598375031601
1.58,6,126,77.1145980624758,3.22695991120792
1.58,6,129,55.8011210825508,3.06939267528196
1.58,6,132,38.1403710502976,2.78411170010931
1.58,6,135,27.4945407236663,2.24687600327901
1.58,6,138,28.4151643062179,1.57812632017243
1.58,6,141,37.5498206229758,1.15529056740885
1.58,6,144,48.7977604611453,0.939175751253268
1.58,6,147,59.6583181445575,0.819976530322979
1.58,6,150,69.3140266474264,0.748560539622552
1.58,6,153,77.473890812098,0.704233432418365
1.58,6,156,84.0392049727031,0.677465221232429
1.58,6,159,89.0001362255251,0.663531867316254
1.58,6,162,92.3975439396975,0.660048801216345
1.58,6,165,94.3053925794458,0.665941829341475
1.58,6,168,94.82120487122,0.681014756131363
1.58,6,171,94.0621951078163,0.70579876296051
1.58,6,174,92.168232347337,0.741547941386867
1.58,6,177,89.3134255065451,0.790303473066068
1.58,6,180,85.7271732296657,0.854950101922438
1.58,9,-180,85.7271732296657,0.907309979482269
1.58,9,-177,82.9099752790362,0.9843573545161
1.58,9,-174,80.0571869265304,1.08071311511884
1.58,9,-171,77.596225695989,1.19820051666179
1.58,9,-168,76.0362703756899,1.33659759058304
1.58,9,-165,75.9101935965337,1.49217998034586
1.58,9,-162,77.6730175368948,1.6572355742333
1.58,9,-159,81.5959294471774,1.8216636064274
1.58,9,-156,87.7190387981072,1.97615192443099
1.58,9,-153,95.8892465838149,2.11474407225552
1.58,9,-150,105.84476662803,2.23533027786084
1.58,9,-147,117.290664499973,2.33859812199227
1.58,9,-144,129.941377062797,2.42668686854231
1.58,9,-141,143.53654664823,2.50222152577421
1.58,9,-138,157.844772797992,2.56779140703641
1.58,9,-135,172.665323742704,2.62571874340337
1.58,9,-132,187.831423617226,2.67797402859743
1.58,9,-129,203.214557145196,2.72615670950972
1.58,9,-126,218.727589214709,2.77150585329401
1.58,9,-123,234.324643813268,2.81492853544263
1.58,9,-120,249.996812781495,2.85704194641209
1.58,9,-117,265.764147394717,2.89822618893514
1.58,9,-114,281.665450056653,2.93868314661207
1.58,9,-111,297.747796735864,2.97849526682594
1.58,9,-108,314.057457758622,3.01767790591606
1.58,9,-105,330.633184003024,3.05622031326759
1.58,9,-102,347.502040664532,3.09411288107788
1.58,9,-99,364.677393269149,3.13136104826191
1.58,9,-96,382.158402797567,3.1679883749628
1.58,9,-93,399.930421534362,3.20403235771849
1.58,9,-90,417.965859444876,3.23953656362341
1.58,9,-87,436.225273593312,3.27454196179055
1.58,9,-84,454.658540718461,3.30907933511891
1.58,9,-81,473.205997847582,3.34316368635529
1.58,9,-78,491.799420771173,3.37679078227135
1.58,9,-75,510.362714697235,3.40993545872151
1.58,9,-72,528.812259690246,3.44255102452991
1.58,9,-69,547.056994695484,3.47456902663992
1.58,9,-66,564.998506620114,3.50589875070926
1.58,9,-63,582.531552139258,3.53642610384078
1.58,9,-60,599.545506394423,3.56601190703564
1.58,9,-57,615.92714954825,3.59449002361743
1.58,9,-54,631.56495993077,3.62166604916709
1.58,9,-51,646.354733324209,3.64731738181253
1.58,9,-48,660.205999386854,3.67119533071955
1.58,9,-45,673.048490133922,3.69302955037916
1.58,9,-42,684.8379371022,3.71253464869819
1.58,9,-39,695.560758501047,3.72941850258666
1.58,9,-36,705.237656456607,3.7433918012262
1.58,9,-33,713.926581701581,3.75417869585034
1.58,9,-30,721.725694487839,3.76152906771992
1.58,9,-27,728.776662768201,3.76523355325023
1.58,9,-24,735.267857139906,3.76514268705219
1.58,9,-21,741.435918646948,3.76119095385061
1.58,9,-18,747.56319393141,3.75342498205835
1.58,9,-15,753.968153664274,3.74203272527843
1.58,9,-12,760.986543627766,3.72736787862117
1.58,9,-9,768.942773406277,3.70996198805465
1.58,9,-6,778.113597982816,3.69051688335067
1.58,9,-3,788.688747813715,3.66987293458963
1.58,9,0,800.73488581428,3.64895390466036
1.58,9,3,814.169405640169,3.62869527309593
1.58,9,6,828.749013889697,3.60996752267883
1.58,9,9,844.075315599891,3.5935071462341
1.58,9,12,859.616685917381,3.57986570982341
1.58,9,15,874.743388926087,3.56938249923635
1.58,9,18,888.771565454126,3.562181108953
1.58,9,21,901.011257508982,3.55818641805159
1.58,9,24,910.813754521122,3.55715634238509
1.58,9,27,917.613974916944,3.55872230349018
1.58,9,30,920.964244469298,3.56243289538982
1.58,9,33,920.556736261393,3.56779619892427
1.58,9,36,916.233042617649,3.57431725463727
1.58,9,39,907.980812350407,3.58152823377031
1.58,9,42,895.918930970416,3.58900983533291
1.58,9,45,880.274071297999,3.59640340987294
1.58,9,48,861.3523095351,3.60341426558319
1.58,9,51,839.509695224842,3.60980749501235
1.58,9,54,815.125165917956,3.61539836710445
1.58,9,57,788.578180707625,3.62003973866733
1.58,9,60,760.232209244362,3.62360896289974
1.58,9,63,730.424069430871,3.62599639850396
1.58,9,66,699.458285225759,3.62709693357631
1.58,9,69,667.605221935434,3.62680508970242
1.58,9,72,635.101705830232,3.62501344374358
1.58,9,75,602.15302952165,3.6216134488251
1.58,9,78,568.93555598776,3.61649733811694
1.58,9,81,535.599466248414,3.60955966731203
1.58,9,84,502.271494482359,3.60069714573383
1.58,9,87,469.057735178275,3.58980563488935
1.58,9,90,436.046775168908,3.57677345055537
1.58,9,93,403.313482505629,3.56147027076373
1.58,9,96,370.923755493972,3.54373088612933
1.58,9,99,338.940388598977,3.5233325410127
1.58,9,102,307.429960646727,3.49996341337638
1.58,9,105,276.470345800279,3.47317737396662
1.58,9,108,246.158186775561,3.44232563580097
1.58,9,111,216.615599680792,3.4064474214877
1.58,9,114,187.995701074048,3.36408544952174
1.58,9,117,160.487547005266,3.31295926340997
1.58,9,120,134.323265833427,3.249360830591
1.58,9,123,109.794756953067,3.16699060804731
1.58,9,126,87.2974659201759,3.05466048623212
1.58,9,129,67.4415265696242,2.89194911701873
1.58,9,132,51.305481720104,2.64363844944067
1.58,9,135,40.7863474089644,2.27104478611384
1.58,9,138,37.9254124787537,1.81281761992768
1.58,9,141,42.017452319556,1.4174009636705
1.58,9,144,49.7148680838966,1.1526952709782
1.58,9,147,58.3462630648803,0.986808368638059
1.58,9,150,66.5872940625273,0.881406954416497
1.58,9,153,73.8509113246588,0.813380201955152
1.58,9,156,79.8869525745129,0.770138843507464
1.58,9,159,84.6085250536145,0.744776667660028
1.58,9,162,88.0172901263995,0.733439060498447
1.58,9,165,90.1670868883128,0.734012803920543
1.58,9,168,91.1433362817664,0.745490532595317
1.58,9,171,91.0515229377642,0.767684711576595
1.58,9,174,90.0142243009718,0.801125102405305
1.58,9,177,88.1776084127301,0.847036757387916
1.58,9,180,85.7271732296657,0.907309979482269
1.58,12,-180,85.7271732296658,0.959669857042098
1.58,12,-177,84.1044246934516,1.02946036686021
1.58,12,-174,82.4031600741835,1.11476469219899
1.58,12,-171,80.9272425286457,1.21659656420856
1.58,12,-168,80.0406429530088,1.33479032182693
1.58,12,-165,80.1375276256188,1.46723800758026
1.58,12,-162,81.5903755218346,1.60951667218526
1.58,12,-159,84.6897940445093,1.75536496569138
1.58,12,-156,89.6000946420397,1.89803826806823
1.58,12,-153,96.3492872668628,2.03189418365726
1.58,12,-150,104.851492057054,2.1533795228865
1.58,12,-147,114.943397786655,2.26112430630235
1.58,12,-144,126.417623318864,2.35544280703764
1.58,12,-141,139.046959110399,2.43768068244395
1.58,12,-138,152.60161513411,2.50966690381885
1.58,12,-135,166.863136627433,2.57333712399124
1.58,12,-132,181.636658332304,2.63050453763686
1.58,12,-129,196.761001920987,2.68273642668253
1.58,12,-126,212.115196430003,2.73130270550582
1.58,12,-123,227.620334320688,2.77717321836512
1.58,12,-120,243.236706754849,2.82104710452044
1.58,12,-117,258.957237929193,2.86340081567742
1.58,12,-114,274.798876142942,2.90454327851787
1.58,12,-111,290.793621701096,2.94466873602985
1.58,12,-108,306.980409393646,2.98390059804035
1.58,12,-105,323.398422623026,3.02232298384936
1.58,12,-102,340.081893000704,3.05999985811162
1.58,12,-99,357.056183038918,3.09698402953262
1.58,12,-96,374.334938699153,3.13331942488437
1.58,12,-93,391.918206414311,3.16904004008021
1.58,12,-90,409.791499430188,3.2041681919395
1.58,12,-87,427.925792600961,3.23871361814997
1.58,12,-84,446.278322232004,3.27267396425117
1.58,12,-81,464.793925447014,3.30603644261649
1.58,12,-78,483.406550875817,3.33877998608759
1.58,12,-75,502.040574677824,3.37087701019538
1.58,12,-72,520.611690338648,3.40229390022505
1.58,12,-69,539.027385411403,3.43298953599757
1.58,12,-66,557.187305067846,3.46291155331053
1.58,12,-63,574.984032636931,3.49199058420301
1.58,12,-60,592.304892099973,3.52013332460604
1.58,12,-57,609.035233782211,3.54721579028586
1.58,12,-54,625.063308939799,3.57307836112801
1.58,12,-51,640.286363003576,3.59752404927927
1.58,12,-48,654.61714100096,3.62032084500551
1.58,12,-45,667.989782095502,3.64120813143266
1.58,12,-42,680.364213845332,3.65990627915411
1.58,12,-39,691.728655511905,3.67612795019051
1.58,12,-36,702.100566071685,3.6895896180096
1.58,12,-33,711.527052908732,3.70002243694713
1.58,12,-30,720.086060962087,3.70718271263926
1.58,12,-27,727.88933119965,3.71086342599157
1.58,12,-24,735.087102770585,3.71090898787605
1.58,12,-21,741.873076467803,3.70723513356662
1.58,12,-18,748.4867604124,3.69985435209075
1.58,12,-15,755.2095929714,3.68890466608661
1.58,12,-12,762.351671636334,3.67467659959579
1.58,12,-9,770.227650464293,3.65763085465432
1.58,12,-6,779.123064392617,3.63839873941695
1.58,12,-3,789.255219649873,3.61775957124602
1.58,12,0,800.73488581428,3.59659402710053
1.58,12,3,813.535568760125,3.57581843148785
1.58,12,6,827.475936580758,3.55631010636816
1.58,12,9,842.218492536741,3.53883617546801
1.58,12,12,857.284737258988,3.52399689200181
1.58,12,15,872.084674254602,3.51219051103729
1.58,12,18,885.956997162149,3.50360176197105
1.58,12,21,898.215594746426,3.49821176781609
1.58,12,24,908.197827915252,3.49582465129723
1.58,12,27,915.310126750172,3.49610505527305
1.58,12,30,919.066764188673,3.49862092059428
1.58,12,33,919.118276283764,3.50288658956296
1.58,12,36,915.267029738937,3.50840227441917
1.58,12,39,907.468896937047,3.51468696450783
1.58,12,42,895.821732749908,3.52130288041468
1.58,12,45,880.543053042708,3.5278706074236
1.58,12,48,861.94062812621,3.53407504270959
1.58,12,51,840.380326064145,3.53966322714297
1.58,12,54,816.25534715407,3.54443591772576
1.58,12,57,789.960082142281,3.54823527841226
1.58,12,60,761.870487876033,3.55093122593614
1.58,12,63,732.331468433428,3.55240872321182
1.58,12,66,701.650594465095,3.55255771526385
1.58,12,69,670.096772085364,3.5512665850305
1.58,12,72,637.90221373981,3.54841914634996
1.58,12,75,605.266178176983,3.54389445480613
1.58,12,78,572.359292972464,3.53756821260779
1.58,12,81,539.327712866187,3.52931430456282
1.58,12,84,506.296797113732,3.51900499536849
1.58,12,87,473.374345401615,3.5065084685572
1.58,12,90,440.653680695042,3.49168260040215
1.58,12,93,408.216992289951,3.47436403560366
1.58,12,96,376.139347550352,3.4543516478042
1.58,12,99,344.493651528065,3.43138316821145
1.58,12,102,313.356602223579,3.40510290768195
1.58,12,105,282.815404049292,3.37501669010508
1.58,12,108,252.974746014709,3.34042670482975
1.58,12,111,223.963447368313,3.3003328461773
1.58,12,114,195.94038877272,3.25327623732513
1.58,12,117,169.100101995555,3.1970815231042
1.58,12,120,143.679996977175,3.12842179750265
1.58,12,123,119.974150912165,3.0420804386399
1.58,12,126,98.3635304463701,2.92974660535327
1.58,12,129,79.3788211150955,2.77837549852407
1.58,12,132,63.8068456769953,2.5696147357418
1.58,12,135,52.7642890321097,2.28733391964525
1.58,12,138,47.3576743603828,1.94513533969501
1.58,12,141,47.5799256065551,1.6067752782766
1.58,12,144,51.7876186874386,1.33464654824863
1.58,12,147,57.9019159468729,1.14063403048731
1.58,12,150,64.4491055137343,1.008166557158
1.58,12,153,70.6088735610135,0.919041604408151
1.58,12,156,75.9706665725205,0.860454846453764
1.58,12,159,80.3534832528174,0.824324619600742
1.58,12,162,83.7066487914906,0.805662598124206
1.58,12,165,86.0551701222624,0.801402008955479
1.58,12,168,87.4666435418077,0.809710195117651
1.58,12,171,88.0306137064607,0.829628914095586
1.58,12,174,87.8485606488286,0.86090956488367
1.58,12,177,87.034775380648,0.903939542390463
1.58,12,180,85.7271732296658,0.959669857042098
1.58,15,-180,85.7271732296657,1.01202973460193
1.58,15,-177,85.3033899645622,1.07447623048996
1.58,15,-174,84.7637839238113,1.14903920774923
1.58,15,-171,84.3031667158215,1.23625515401988
1.58,15,-168,84.1635690228154,1.3361011613847
1.58,15,-165,84.6226178422605,1.4475970461818
1.58,15,-162,85.9716205764302,1.56853633348995
1.58,15,-159,88.4867988052198,1.69548897425458
1.58,15,-156,92.3987046922787,1.82416789810445
1.58,15,-153,97.8658008652427,1.95010751526537
1.58,15,-150,104.957852906482,2.06943272365712
1.58,15,-147,113.652501698183,2.17943558113769
1.58,15,-144,123.844801749474,2.2787860223727
1.58,15,-141,135.366454570785,2.36739249204654
1.58,15,-138,148.010161712314,2.44605695247141
1.58,15,-135,161.554733126799,2.51608406258537
1.58,15,-132,175.787461004959,2.57894985094245
1.58,15,-129,190.521313551374,2.63607174769292
1.58,15,-126,205.605659340096,2.68867933596127
1.58,15,-123,220.930483038536,2.73776538081118
1.58,15,-120,236.425185907036,2.7840912932768
1.58,15,-117,252.053762110247,2.82822281269846
1.58,15,-114,267.808213982898,2.87057635746035
1.58,15,-111,283.701600505823,2.91146243354876
1.58,15,-108,299.761415673663,2.95111867183655
1.58,15,-105,316.02341862881,2.98973053114635
1.58,15,-102,332.525791322147,3.02744162761409
1.58,15,-99,349.303574746031,3.06435762696678
1.58,15,-96,366.383570690623,3.10054781705381
1.58,15,-93,383.78009668415,3.13604744104758
1.58,15,-90,401.492015556441,3.17086233816053
1.58,15,-87,419.501301120984,3.20497600656866
1.58,15,-84,437.773112345364,3.23835820462311
1.58,15,-81,456.257042831311,3.27097370770458
1.58,15,-78,474.889003888969,3.30278973893538
1.58,15,-75,493.593165381856,3.33378075219727
1.58,15,-72,512.283539361605,3.36392957531849
1.58,15,-69,530.865105039226,3.39322440017999
1.58,15,-66,549.234742562562,3.42165174316766
1.58,15,-63,567.28253726789,3.44918626126173
1.58,15,-60,584.894109726048,3.47577907377089
1.58,15,-57,601.954445103039,3.50134680109653
1.58,15,-54,618.353255272559,3.52576366598219
1.58,15,-51,633.991333300995,3.54885856651304
1.58,15,-48,648.786858871557,3.57041804672321
1.58,15,-45,662.680408304951,3.59019477934769
1.58,15,-42,675.637668269658,3.60791991075783
1.58,15,-39,687.649554733239,3.62331682786371
1.58,15,-36,698.730416505403,3.63611393013328
1.58,15,-33,708.915907662336,3.64605493309746
1.58,15,-30,718.262528544367,3.65290686495397
1.58,15,-27,726.850437127783,3.65646768747231
1.58,15,-24,734.78986197941,3.65657663917136
1.58,15,-21,742.229606842912,3.65313031545303
1.58,15,-18,749.364340253141,3.64610589119353
1.58,15,-15,756.43633816238,3.63559001704755
1.58,15,-12,763.727650346577,3.62180856320828
1.58,15,-9,771.540432499043,3.60514966865207
1.58,15,-6,780.166037883284,3.58617164771643
1.58,15,-3,789.846562544996,3.56558901040614
1.58,15,0,800.73488581428,3.5442341495407
1.58,15,3,812.860070158293,3.52299803457789
1.58,15,6,826.104078538088,3.50275859491923
1.58,15,9,840.193583763193,3.48430845108648
1.58,15,12,854.708023593302,3.46829333131196
1.58,15,15,869.102771909294,3.45516938441663
1.58,15,18,882.744715068586,3.44518314039836
1.58,15,21,894.956575799417,3.43837363345786
1.58,15,24,905.065754854371,3.43459314338201
1.58,15,27,912.453086594622,3.43354135531069
1.58,15,30,916.596759741764,3.43480724589452
1.58,15,33,917.106922934508,3.43791329971559
1.58,15,36,913.747365622959,3.44235742251253
1.58,15,39,906.442189112853,3.44764893147769
1.58,15,42,895.267396207628,3.45333613830096
1.58,15,45,880.429465539046,3.45902422061605
1.58,15,48,862.234770815765,3.46438324486554
1.58,15,51,841.054738032215,3.46914729224082
1.58,15,54,817.291683614696,3.47310655572133
1.58,15,57,791.34939669055,3.4760949036162
1.58,15,60,763.611021314912,3.47797563631155
1.58,15,63,734.425093677281,3.47862794964181
1.58,15,66,704.099108365043,3.47793600787051
1.58,15,69,672.898998251059,3.47578166496581
1.58,15,72,641.052497694127,3.4720409512184
1.58,15,75,608.754441508821,3.46658364842144
1.58,15,78,576.172466058807,3.45927473006341
1.58,15,81,543.452140897451,3.449976175391
1.58,15,84,510.721119456677,3.43854763699589
1.58,15,87,478.092357319543,3.4248445710837
1.58,15,90,445.666757941729,3.4087126415223
1.58,15,93,413.535756100939,3.38997740493705
1.58,15,96,381.784349277716,3.36842839575523
1.58,15,99,350.49496012282,3.34379664953963
1.58,15,102,319.752292312845,3.31572425428714
1.58,15,105,289.64907261558,3.28372341682654
1.58,15,108,260.292317379109,3.24712033953737
1.58,15,111,231.809611028578,3.2049752980184
1.58,15,114,204.354956881966,3.1559638674713
1.58,15,117,178.114204711003,3.09819441081301
1.58,15,120,153.311037630277,3.0289239685033
1.58,15,123,130.216134259042,2.94412508825613
1.58,15,126,109.164230064991,2.83788269851089
1.58,15,129,90.5847129720072,2.70178920269948
1.58,15,132,75.0434158405056,2.52523820811654
1.58,15,135,63.2522267332377,2.29937224070035
1.58,15,138,55.9032824601925,2.02848451672819
1.58,15,141,53.1834910639766,1.74210355466553
1.58,15,144,54.3339656910973,1.48306858476277
1.58,15,147,57.9490809280603,1.27718294294334
1.58,15,150,62.6881557910536,1.12584385582765
1.58,15,153,67.6237743594611,1.01936418359798
1.58,15,156,72.216245086082,0.947271933880922
1.58,15,159,76.1916308896672,0.901476171896313
1.58,15,162,79.4420281686852,0.876311034062185
1.58,15,165,81.9589683317699,0.867898745871598
1.58,15,168,83.7886446785484,0.873589770690506
1.58,15,171,85.0015760239092,0.89161362332144
1.58,15,174,85.6749272506159,0.920902587114322
1.58,15,177,85.8876538094943,0.961008672658444
1.58,15,180,85.7271732296657,1.01202973460193
1.58,18,-180,85.7271732296656,1.06438961216176
1.58,18,-177,86.5035167633434,1.11943271364136
1.58,18,-174,87.1324883538063,1.18358556868222
1.58,18,-171,87.7131914854533,1.25716941213891
1.58,18,-168,88.38526973036,1.34036740100989
1.58,18,-165,89.3288577673603,1.43299796669009
1.58,18,-162,90.7600230971519,1.53431811519608
1.58,18,-159,92.9216933302629,1.64286548287955
1.58,18,-156,96.0675529731454,1.75637925825423
1.58,18,-153,100.43628882623,1.87188640126524
1.58,18,-150,106.218212286552,1.98603150955279
1.58,18,-147,113.523335626409,2.09561399696228
1.58,18,-144,122.363030090484,2.19814156136129
1.58,18,-141,132.652517680047,2.29216757199151
1.58,18,-138,144.23212875918,2.37730638590783
1.58,18,-135,156.898501235938,2.45399574258467
1.58,18,-132,170.4359711985,2.52316084723213
1.58,18,-129,184.641524315732,2.58591117741438
1.58,18,-126,199.340710298727,2.64333251511005
1.58,18,-123,214.395044167248,2.69637927319863
1.58,18,-120,229.703136020424,2.74584278290342
1.58,18,-117,245.19820537488,2.79236384830006
1.58,18,-114,260.844087235005,2.8364623957029
1.58,18,-111,276.630826383506,2.87856615919751
1.58,18,-108,292.570019290168,2.91902981171646
1.58,18,-105,308.689570748661,2.95814346194249
1.58,18,-102,325.027568032723,2.99613397577608
1.58,18,-99,341.625366955388,3.03316414920695
1.58,18,-96,358.520447412869,3.06933407478201
1.58,18,-93,375.739884926971,3.10468714674871
1.58,18,-90,393.295279318287,3.13922102946275
1.58,18,-87,411.179699466012,3.17290225610828
1.58,18,-84,429.366759833595,3.20568222325302
1.58,18,-81,447.811495391069,3.23751215799102
1.58,18,-78,466.452387809353,3.26835493094065
1.58,18,-75,485.213806906348,3.29819212815094
1.58,18,-72,504.008286853064,3.32702543430057
1.58,18,-69,522.73840324133,3.35487209103627
1.58,18,-66,541.29843883267,3.38175500270489
1.58,18,-63,559.576369388583,3.40768894881884
1.58,18,-60,577.456818297143,3.43266520131279
1.58,18,-57,594.82543122343,3.45663740486926
1.58,18,-54,611.57462952408,3.47951160767847
1.58,18,-51,627.610059930356,3.50114267201174
1.58,18,-48,642.856510423244,3.52133799077459
1.58,18,-45,657.261870159843,3.53986776331061
1.58,18,-42,670.798055300274,3.55647950349281
1.58,18,-39,683.458709498335,3.57091349415393
1.58,18,-36,695.254700290296,3.58291598753469
1.58,18,-33,706.209551076419,3.59224821366693
1.58,18,-30,716.357466772126,3.59869140228588
1.58,18,-27,725.746135198097,3.60205033193165
1.58,18,-24,734.444946813342,3.60215946187654
1.58,18,-21,742.557045307056,3.59889570030808
1.58,18,-18,750.231442569975,3.59220004487819
1.58,18,-15,757.670152446967,3.58210709129566
1.58,18,-12,765.12553280954,3.56877768765013
1.58,18,-9,772.884886911554,3.55252702669467
1.58,18,-6,781.242391599104,3.53383934439443
1.58,18,-3,790.461679997693,3.5133618283089
1.58,18,0,800.73488581428,3.49187427198087
1.58,18,3,812.144923799808,3.47023645204697
1.58,18,6,824.637098851026,3.44932046088062
1.58,18,9,838.004279471019,3.42993858456156
1.58,18,12,851.887620566279,3.41277783747675
1.58,18,15,865.792819520806,3.39835016659041
1.58,18,18,879.120366550177,3.38696368881658
1.58,18,21,891.207070317246,3.37871637197644
1.58,18,24,901.3750828986,3.37351021104596
1.58,18,27,908.983668108208,3.3710815971424
1.58,18,30,913.478249640807,3.37104228626479
1.58,18,33,914.431164902248,3.37292503256735
1.58,18,36,911.569305286725,3.37622836911347
1.58,18,39,904.785503748634,3.38045598286253
1.58,18,42,894.132917028921,3.38514742897458
1.58,18,45,879.804275078228,3.38989838071858
1.58,18,48,862.100140792106,3.39437007047695
1.58,18,51,841.391704874034,3.39828892018076
1.58,18,54,818.083838448493,3.40143845856031
1.58,18,57,792.583183514942,3.40364634348244
1.58,18,60,765.274332391639,3.4047695395778
1.58,18,63,736.505154204924,3.40468040935843
1.58,18,66,706.580572409483,3.40325573989969
1.58,18,69,675.762917082347,3.40036973448932
1.58,18,72,644.276477165535,3.39589098689803
1.58,18,75,612.31397412437,3.38968263186681
1.58,18,78,580.043171964065,3.38160434345218
1.58,18,81,547.612508295726,3.37151463966875
1.58,18,84,515.155293709398,3.35927197575031
1.58,18,87,482.79256245633,3.34473326991319
1.58,18,90,450.635010475215,3.32774872074602
1.58,18,93,418.784620637041,3.30815199240701
1.58,18,96,387.336574006124,3.2857450290845
1.58,18,99,356.381918426469,3.26027686157545
1.58,18,102,326.011253854596,3.23141567100883
1.58,18,105,296.319439709869,3.1987128639012
1.58,18,108,267.411078910363,3.16155666829976
1.58,18,111,239.406343862709,3.11911039185017
1.58,18,114,212.446659353227,3.0702266472747
1.58,18,117,186.699944995631,3.01332359518212
1.58,18,120,162.365645136804,2.94620406176575
1.58,18,123,139.680664957043,2.86579950445432
1.58,18,126,118.928332925321,2.76784921363986
1.58,18,129,100.452456020693,2.64664251341787
1.58,18,132,84.6736612663977,2.4953030884422
1.58,18,135,72.0865461116655,2.30783829606805
1.58,18,138,63.1763355998062,2.08464528362718
1.58,18,141,58.1806902999737,1.83993328441497
1.58,18,144,56.7880769781893,1.60120502302304
1.58,18,147,58.1168422385566,1.3946818354834
1.58,18,150,61.0802336819257,1.23222268077314
1.58,18,153,64.7611452690648,1.11267895238384
1.58,18,156,68.5432345595514,1.02946275260519
1.58,18,159,72.076019704914,0.975511216395321
1.58,18,162,75.197869907529,0.944961722235013
1.58,18,165,77.8667539013403,0.933291850276174
1.58,18,168,80.1063587517772,0.937053388959341
1.58,18,171,81.966354047923,0.953629503578021
1.58,18,174,83.4969990915171,0.981109263250549
1.58,18,177,84.7389846490065,1.01824122108283
1.58,18,180,85.7271732296656,1.06438961216176
1.58,21,-180,85.7271732296657,1.11674948972159
1.58,21,-177,87.7014315810202,1.16435644586569
1.58,21,-174,89.5025323172465,1.2184466207213
1.58,21,-171,91.1460987313172,1.27932570606284
1.58,21,-168,92.6857351491542,1.34742261204082
1.58,21,-165,94.2200048158126,1.42313019285705
1.58,21,-162,95.8974403603118,1.50665527697197
1.58,21,-159,97.9188413862063,1.59783647038363
1.58,21,-156,100.532289671049,1.69591768391657
1.58,21,-153,104.01450816638,1.79934393942092
1.58,21,-150,108.635783204596,1.90572426959913
1.58,21,-147,114.614732814584,2.01209226316822
1.58,21,-144,122.078164012912,2.11543962889481
1.58,21,-141,131.041982894736,2.21330300624997
1.58,21,-138,141.419360972014,2.30413688324705
1.58,21,-135,153.049487654368,2.38735558039195
1.58,21,-132,165.733555705427,2.46312267231615
1.58,21,-129,179.266388682517,2.53205142813398
1.58,21,-126,193.458119519347,2.59494525677935
1.58,21,-123,208.1458538407,2.65263068644703
1.58,21,-120,223.198215548666,2.70587743456714
1.58,21,-117,238.516145346798,2.75537532957312
1.58,21,-114,254.032262425395,2.80173679689984
1.58,21,-111,269.709586442511,2.84550341998436
1.58,21,-108,285.539277156007,2.88714679141768
1.58,21,-105,301.536665124172,2.92706290237323
1.58,21,-102,317.735158974488,2.96556420390859
1.58,21,-99,334.178288733881,3.00287459220468
1.58,21,-96,350.910794678124,3.03913117086039
1.58,21,-93,367.97002325681,3.07439414413039
1.58,21,-90,385.378847273799,3.10866375824813
1.58,21,-87,403.140945179724,3.14190154491912
1.58,21,-84,421.238710106734,3.17405246136649
1.58,21,-81,439.633498408435,3.2050647144239
1.58,21,-78,458.267527854531,3.23490476040844
1.58,21,-75,477.066592345913,3.2635658570696
1.58,21,-72,495.942890917652,3.29106942126163
1.58,21,-69,514.797615403476,3.31745928981494
1.58,21,-66,533.523380432366,3.3427898456956
1.58,21,-63,552.006948483129,3.36710987378206
1.58,21,-60,570.132840875579,3.39044484529108
1.58,21,-57,587.788231690621,3.41278086676885
1.58,21,-54,604.869009029537,3.43405349685118
1.58,21,-51,621.286209474361,3.45414385082338
1.58,21,-48,636.97145180038,3.47288290946668
1.58,21,-45,651.879810349159,3.49006301997756
1.58,21,-42,665.988989631701,3.50545374606689
1.58,21,-39,679.294708824131,3.5188181146996
1.58,21,-36,691.80363531567,3.52992543773307
1.58,21,-33,703.526532276092,3.53855843465364
1.58,21,-30,714.47490585252,3.54451499607065
1.58,21,-27,724.663881523475,3.5476077264146
1.58,21,-24,734.1222271527,3.54766625448802
1.58,21,-21,742.907824464538,3.54454729399159
1.58,21,-18,751.124351034664,3.53815532928505
1.58,21,-15,758.933446548756,3.52847315514827
1.58,21,-12,766.556861387225,3.51559745635235
1.58,21,-9,774.265082315741,3.49977148028282
1.58,21,-6,782.352115506742,3.48140570142313
1.58,21,-3,791.099470390617,3.46107873150809
1.58,21,0,800.73488581428,3.43951439442104
1.58,21,3,811.392320766144,3.41753589921006
1.58,21,6,823.07918723969,3.39600294965862
1.58,21,9,835.655288035077,3.37574103261976
1.58,21,12,848.826165616386,3.35747327627456
1.58,21,15,862.152024269054,3.34176424310029
1.58,21,18,875.072054917772,3.32898246063083
1.58,21,21,886.942598898075,3.3192851617997
1.58,21,24,897.085955090602,3.31262524953242
1.58,21,27,904.844913203852,3.30877742786391
1.58,21,30,909.636726967109,3.30737816901903
1.58,21,33,910.9997380248,3.30797298665957
1.58,21,36,908.626568334208,3.31006441401243
1.58,21,39,902.379740808034,3.31315496912014
1.58,21,42,892.288436324692,3.31678091689873
1.58,21,45,878.528238299981,3.32053447768251
1.58,21,48,861.38842022343,3.32407400616881
1.58,21,51,841.232961463517,3.32712335494734
1.58,21,54,818.461701804542,3.32946295853026
1.58,21,57,793.476945380733,3.33091596567954
1.58,21,60,766.658840491678,3.33133290314908
1.58,21,63,738.350613116691,3.33057787614195
1.58,21,66,708.852793188211,3.32851834656354
1.58,21,69,678.424305641312,3.32501934238577
1.58,21,72,647.287799045038,3.3199418338494
1.58,21,75,615.636734803713,3.3131441889779
1.58,21,78,583.64232878507,3.30448518332394
1.58,21,81,551.459179650108,3.29382694630247
1.58,21,84,519.229137293829,3.28103635934377
1.58,21,87,487.083536504679,3.26598365148628
1.58,21,90,455.14429113753,3.24853718191536
1.58,21,93,423.524512381098,3.22855363133014
1.58,21,96,392.329313698649,3.20586305611272
1.58,21,99,361.657341213411,3.18024849019132
1.58,21,102,331.603368063866,3.15141994126359
1.58,21,105,302.262053919114,3.11898254608006
1.58,21,108,273.732729397915,3.08239804140225
1.58,21,111,246.124853564065,3.04093724285727
1.58,21,114,219.563657447937,2.99361867623425
1.58,21,117,194.195495166403,2.93912507067736
1.58,21,120,170.192655770514,2.87568646093292
1.58,21,123,147.757880387941,2.80092059241789
1.58,21,126,127.12943056187,2.71164062147662
1.58,21,129,108.587591403344,2.60370829443978
1.58,21,132,92.461060798855,2.4721936380428
1.58,21,135,79.1227529202158,2.31246905100362
1.58,21,138,68.945505833425,2.12319154385955
1.58,21,141,62.1743222929439,1.91110378752699
1.58,21,144,58.7266450396811,1.69360653784554
1.58,21,147,58.0793361388608,1.49303974692623
1.58,21,150,59.4097651428708,1.32582120727272
1.58,21,153,61.8863539788233,1.19752500725611
1.58,21,156,64.8698480551118,1.10592033476835
1.58,21,159,67.9586328029789,1.04568714778522
1.58,21,162,70.9478819029331,1.01117672485414
1.58,21,165,73.7663343099719,0.997371606500588
1.58,21,168,76.4165769446653,1.00003623955227
1.58,21,171,78.9268418757638,1.01567749215795
1.58,21,174,81.3184735490671,1.04153894695783
1.58,21,177,83.5915220338517,1.07563444775932
1.58,21,180,85.7271732296657,1.11674948972159
1.58,24,-180,85.7271732296656,1.16910936728142
1.58,24,-177,88.8937511797016,1.20927286453668
1.58,24,-174,91.8670319015885,1.25365974573073
1.58,24,-171,94.5903380662274,1.30270542867475
1.58,24,-168,97.0448744910881,1.35710236815075
1.58,24,-165,99.26069353563,1.41766127918781
1.58,24,-162,101.326636958544,1.48519419227938
1.58,24,-159,103.398638934092,1.56036010695768
1.58,24,-156,105.701922235231,1.64343058653923
1.58,24,-153,108.520063019261,1.73399590744516
1.58,24,-150,112.165523770031,1.83072326094166
1.58,24,-147,116.933453894228,1.93133623135004
1.58,24,-144,123.050805311738,2.03292636399558
1.58,24,-141,130.638962242934,2.13252200234084
1.58,24,-138,139.703531121415,2.22766343923206
1.58,24,-135,150.151621923026,2.31673679048413
1.58,24,-132,161.824973513736,2.39899438070509
1.58,24,-129,174.534462762982,2.47436405321571
1.58,24,-126,188.08676071666,2.54320057958789
1.58,24,-123,202.301055731665,2.60608151963676
1.58,24,-120,217.018328426184,2.66367785696813
1.58,24,-117,232.106703585959,2.71668480761152
1.58,24,-114,247.465166893043,2.76578543819419
1.58,24,-111,263.026107274751,2.81162572425275
1.58,24,-108,278.755908750709,2.8547910690096
1.58,24,-105,294.652582378906,2.89578353004425
1.58,24,-102,310.740003987542,2.93500364174758
1.58,24,-99,327.059231296882,2.97274127767448
1.58,24,-96,343.658155860495,3.00917806496964
1.58,24,-93,360.581121659893,3.04440107610255
1.58,24,-90,377.860045909866,3.07842509577756
1.58,24,-87,395.508107480904,3.11121935576541
1.58,24,-84,413.516413371931,3.14273438216648
1.58,24,-81,431.853417927661,3.17292524794941
1.58,24,-78,450.466415056342,3.20176862744431
1.58,24,-75,469.284240165656,3.22927221144813
1.58,24,-72,488.220416649665,3.2554760527319
1.58,24,-69,507.17630097341,3.28044626654679
1.58,24,-66,526.044201894494,3.30426231186478
1.58,24,-63,544.710815818149,3.32699989935829
1.58,24,-60,563.061470827799,3.34871235020855
1.58,24,-57,580.985495686246,3.36941375171307
1.58,24,-54,598.382525333041,3.38906723198076
1.58,24,-51,615.168864663106,3.40758088268344
1.58,24,-48,631.282430704765,3.42481228057819
1.58,24,-45,646.684604138028,3.44058047425965
1.58,24,-42,661.357795638793,3.45468227278574
1.58,24,-39,675.298714675497,3.46690841184367
1.58,24,-36,688.508960772655,3.47705531129657
1.58,24,-33,700.986085822771,3.48492991770543
1.58,24,-30,712.71900120072,3.49034815251894
1.58,24,-27,723.690970556707,3.49313071891038
1.58,24,-24,733.891348702482,3.49310211591131
1.58,24,-21,743.334237105783,3.49009863256977
1.58,24,-18,752.079353704937,3.48398864838726
1.58,24,-15,760.248761446291,3.47470450321904
1.58,24,-12,768.033363659479,3.46228087966491
1.58,24,-9,775.685242245687,3.44689147139469
1.58,24,-6,783.495267575794,3.42887468295861
1.58,24,-3,791.758821332817,3.40874054402751
1.58,24,0,800.73488581428,3.38715451686121
1.58,24,3,810.604623259632,3.36489841895396
1.58,24,6,821.43507147861,3.34281301816373
1.58,24,9,833.152407359386,3.32172998807602
1.58,24,12,845.528069557776,3.30240243363361
1.58,24,15,858.180106587344,3.28544321584506
1.58,24,18,870.591107132069,3.27127905842648
1.58,24,21,882.142495162639,3.26012604961406
1.58,24,24,892.162688825091,3.25198884067669
1.58,24,27,899.984036204276,3.24668207804825
1.58,24,30,905.001326577743,3.24386919184254
1.58,24,33,906.723784745852,3.2431113938384
1.58,24,36,904.813198168517,3.24391902998552
1.58,24,39,899.103139948373,3.24579820397929
1.58,24,42,889.597636932885,3.24828740922091
1.58,24,45,876.451296370992,3.25098124629388
1.58,24,48,859.935967290546,3.2535407023986
1.58,24,51,840.400764256705,3.25569158181837
1.58,24,54,818.232402861883,3.25721424172347
1.58,24,57,793.821452961572,3.25792861415405
1.58,24,60,767.537864870872,3.25767849445589
1.58,24,63,739.716682908969,3.25631831890853
1.58,24,66,710.652847069129,3.25370438531563
1.58,24,69,680.602744345763,3.24969104987344
1.58,24,72,649.789754664647,3.24413121519516
1.58,24,75,618.411274596464,3.23687963676094
1.58,24,78,586.645333883872,3.22779726738491
1.58,24,81,554.655692208271,3.21675492800468
1.58,24,84,522.595026815765,3.20363486394619
1.58,24,87,490.606383655786,3.18832906258036
1.58,24,90,458.823422111939,3.17073348937629
1.58,24,93,427.370142534307,3.15073764653907
1.58,24,96,396.360782513071,3.12820912289332
1.58,24,99,365.900449932373,3.1029731260595
1.58,24,102,336.086874641981,3.07478733333457
1.58,24,105,307.013442955726,3.0433126089569
1.58,24,108,278.773455259123,3.00807993020225
1.58,24,111,251.465334564914,2.96845289966387
1.58,24,114,225.198335202043,2.92358324618071
1.58,24,117,200.098198530287,2.87235385737621
1.58,24,120,176.312244953107,2.81330117155806
1.58,24,123,154.013641463065,2.74450926372224
1.58,24,126,133.404997448343,2.66347948551025
1.58,24,129,114.721654827818,2.56702024161505
1.58,24,132,98.2339936746801,2.4513077690146
1.58,24,135,84.2435864430098,2.31248473360609
1.58,24,138,73.0576569885778,2.14841948077769
1.58,24,141,64.9147438982008,1.96197411199772
1.58,24,144,59.8506690358336,1.76415915846016
1.58,24,147,57.5738628229084,1.5728736397554
1.58,24,150,57.4862633837628,1.40564077697527
1.58,24,153,58.8742510187341,1.27258477735809
1.58,24,156,61.1181006817245,1.17552798749177
1.58,24,159,63.7930151805962,1.11122113971307
1.58,24,162,66.6663279719997,1.07449589841784
1.58,24,165,69.645657525312,1.05993048568981
1.58,24,168,72.716140268014,1.06248782277682
1.58,24,171,75.8850023322449,1.07777087264025
1.58,24,174,79.1431050000072,1.10220565406889
1.58,24,177,82.4480328590228,1.13318574213768
1.58,24,180,85.7271732296656,1.16910936728142
1.58,27,-180,85.7271732296657,1.22146924484125
1.58,27,-177,90.077092501993,1.25420617920057
1.58,27,-174,94.2189899621387,1.28925742651584
1.58,27,-171,98.0341001608668,1.32728646610085
1.58,27,-168,101.442625627021,1.36924816193323
1.58,27,-165,104.416709976731,1.41625760139702
1.58,27,-162,106.992674556223,1.46950209702345
1.58,27,-159,109.282144412063,1.53013019086313
1.58,27,-156,111.478276676098,1.59906200730238
1.58,27,-153,113.850820930299,1.67670959998957
1.58,27,-150,116.724159803347,1.76266886445427
1.58,27,-147,120.437140009996,1.8555194546621
1.58,27,-144,125.29184370307,1.95288601105914
1.58,27,-141,131.506362453257,2.05181547034578
1.58,27,-138,139.187623439614,2.14934456316499
1.58,27,-135,148.331558569468,2.24301365244789
1.58,27,-132,158.845106982368,2.33113880138564
1.58,27,-129,170.577141105718,2.41282082742268
1.58,27,-126,183.347035103039,2.48779542942935
1.58,27,-123,196.966106409233,2.55624387780294
1.58,27,-120,211.252670880518,2.61863225755301
1.58,27,-117,226.043352434595,2.67559414265349
1.58,27,-114,241.202364891449,2.72784555271747
1.58,27,-111,256.628723494426,2.77611820596977
1.58,27,-108,272.260229922436,2.82110395244327
1.58,27,-105,288.073075375674,2.86341013253196
1.58,27,-102,304.076732933165,2.90352879844083
1.58,27,-99,320.30489408224,2.94182241121868
1.58,27,-96,336.804054132041,2.97852631330665
1.58,27,-93,353.621706774245,3.01376553162166
1.58,27,-90,370.795942062728,3.04758138204591
1.58,27,-87,388.347692135761,3.07996245371848
1.58,27,-84,406.276150117107,3.11087486321897
1.58,27,-81,424.55721228554,3.14028781967933
1.58,27,-78,443.144316138656,3.16819201434054
1.58,27,-75,461.970840997733,3.19460970746891
1.58,27,-72,480.953301328911,3.21959642873302
1.58,27,-69,499.994835117592,3.24323497063369
1.58,27,-66,518.98886476787,3.26562300524807
1.58,27,-63,537.823147154846,3.28685633469948
1.58,27,-60,556.384582303438,3.30701048997971
1.58,27,-57,574.564999347047,3.32612393033522
1.58,27,-54,592.267660913888,3.34418615588443
1.58,27,-51,609.413544875883,3.36113334508826
1.58,27,-48,625.945845374372,3.37685257856748
1.58,27,-45,641.8309325141,3.39119354718276
1.58,27,-42,657.054516849127,3.4039844463188
1.58,27,-39,671.613059302063,3.41504733485647
1.58,27,-36,685.502285670465,3.42420833987938
1.58,27,-33,698.706389905417,3.43130004163762
1.58,27,-30,711.192340713817,3.43615675285709
1.58,27,-27,722.913001118838,3.43860701234495
1.58,27,-24,733.820431727602,3.43846989723225
1.58,27,-21,743.887404898768,3.43556156651254
1.58,27,-18,753.131985573434,3.42971563994489
1.58,27,-15,761.638261581336,3.42081655070906
1.58,27,-12,769.56665356337,3.40884046823254
1.58,27,-9,777.149599880706,3.39389527510768
1.58,27,-6,784.671924302436,3.37625030440783
1.58,27,-3,792.438603615501,3.35634819476177
1.58,27,0,800.73488581428,3.33479463930138
1.58,27,3,809.784357308132,3.31232586398576
1.58,27,6,819.710019868171,3.28975727233442
1.58,27,9,830.502586078259,3.26791926607373
1.58,27,12,841.999713068822,3.24758787261191
1.58,27,15,853.879726198238,3.22941877689596
1.58,27,18,865.672826443227,3.21389358022282
1.58,27,21,876.791065682974,3.20128601546544
1.58,27,24,886.575385970376,3.19165295607267
1.58,27,27,894.354470072943,3.18485068037592
1.58,27,30,899.507225785005,3.18057218351665
1.58,27,33,901.519463967075,3.17839779806484
1.58,27,36,900.026193058461,3.17784989760766
1.58,27,39,894.833737119151,3.17844308077759
1.58,27,42,885.919863183716,3.17972340153475
1.58,27,45,873.414265429163,3.18129314699795
1.58,27,48,857.565076957169,3.18282067803802
1.58,27,51,838.698816113853,3.18403743360545
1.58,27,54,817.181067593098,3.18472600620806
1.58,27,57,793.383544442649,3.18470400631125
1.58,27,60,767.660671455012,3.18380819953546
1.58,27,63,740.336277940551,3.18188229047169
1.58,27,66,711.699014318076,3.17877011143482
1.58,27,69,682.004004266188,3.17431431972317
1.58,27,72,651.477983250372,3.16835941609975
1.58,27,75,620.325527204318,3.16075718336272
1.58,27,78,588.734656349843,3.15137249615334
1.58,27,81,556.880862542333,3.14008769825211
1.58,27,84,524.929287591399,3.1268041561869
1.58,27,87,493.035287412957,3.11144000166349
1.58,27,90,461.3439267425,3.09392339656908
1.58,27,93,429.989076244612,3.07418092042604
1.58,27,96,399.092765560831,3.05212097393193
1.58,27,99,368.765328143785,3.02761248287339
1.58,27,102,339.106700948492,3.00045965898849
1.58,27,105,310.209049187557,2.97037397749178
1.58,27,108,282.160693903356,2.93694457200472
1.58,27,111,255.051133954268,2.89960755340786
1.58,27,114,228.97677529937,2.85761302621809
1.58,27,117,204.046826555041,2.80998582569993
1.58,27,120,180.38874415205,2.75547298811131
1.58,27,123,158.152692878726,2.69246994673342
1.58,27,126,137.514761090963,2.61892378934838
1.58,27,129,118.678961153472,2.53223753253477
1.58,27,132,101.877723817536,2.42926796762967
1.58,27,135,87.3682888055643,2.30665474747416
1.58,27,138,75.4162566954635,2.16192819963202
1.58,27,141,66.2486199056057,1.99584493838222
1.58,27,144,59.9608472322233,1.81540190555356
1.58,27,147,56.4051781791849,1.63472118927831
1.58,27,150,55.1551791065708,1.47080396034286
1.58,27,153,55.6174267486979,1.33653194082516
1.58,27,156,57.2187439120806,1.23708205015564
1.58,27,159,59.5369086843523,1.17124969961922
1.58,27,162,62.3293173385486,1.13442133548199
1.58,27,165,65.4934080592528,1.12076222414036
1.58,27,168,69.0022146188709,1.12437560529564
1.58,27,171,72.8429876187966,1.13993759931477
1.58,27,174,76.9747399570373,1.163128429619
1.58,27,177,81.3112961556013,1.19089254698845
1.58,27,180,85.7271732296657,1.22146924484125
1.58,30,-180,85.7271732296657,1.27382912240108
1.58,30,-177,91.24808299162,1.29917935143382
1.58,30,-174,96.5513269931165,1.32526777405129
1.58,30,-171,101.465384954695,1.35304438809453
1.58,30,-168,105.859034047499,1.38370991930102
1.58,30,-165,109.65510038319,1.41859782798938
1.58,30,-162,112.843593786168,1.45911665612039
1.58,30,-159,115.493936295859,1.50668346083576
1.58,30,-156,117.763138932472,1.56259055344174
1.58,30,-153,119.894790432817,1.62777997234986
1.58,30,-150,122.203774342851,1.70255143523575
1.58,30,-147,125.044471594587,1.78629167588204
1.58,30,-144,128.765820527599,1.87735699208859
1.58,30,-141,133.663226018435,1.97321833376353
1.58,30,-138,139.940902054006,2.07086668342838
1.58,30,-135,147.694985406968,2.1673357970613
1.58,30,-132,156.918682307015,2.26014340255937
1.58,30,-129,167.522167665867,2.34752567283783
1.58,30,-126,179.357575510042,2.42846589298766
1.58,30,-123,192.242783971554,2.50259480718424
1.58,30,-120,205.982244194587,2.57004221722325
1.58,30,-117,220.385346173693,2.63128613477678
1.58,30,-114,235.282530628029,2.68701665728132
1.58,30,-111,250.538173525369,2.73801878243792
1.58,30,-108,266.058651566899,2.7850760774027
1.58,30,-105,281.794399856103,2.82889769719424
1.58,30,-102,297.735867732891,2.87007080425573
1.58,30,-99,313.904482725483,2.90903844104598
1.58,30,-96,330.340584392634,2.94610019489146
1.58,30,-93,347.090580003557,2.98143056553249
1.58,30,-90,364.195323404906,3.01510850062215
1.58,30,-87,381.681098430374,3.04715138876059
1.58,30,-84,399.55382966896,3.07754776178411
1.58,30,-81,417.796456480369,3.10628461058143
1.58,30,-78,436.368928541421,3.13336700497412
1.58,30,-75,455.210064827169,3.15882919201619
1.58,30,-72,474.240546202755,3.18273735579446
1.58,30,-69,493.366525506985,3.20518484603825
1.58,30,-66,512.48365084048,3.22628115707429
1.58,30,-63,531.481594064766,3.24613647469983
1.58,30,-60,550.249323645708,3.26484425664788
1.58,30,-57,568.681237643047,3.28246490444766
1.58,30,-54,586.683831829725,3.29901378538079
1.58,30,-51,604.181913154817,3.31445631950588
1.58,30,-48,621.122739532752,3.32871138543148
1.58,30,-45,637.476243946744,3.3416620986115
1.58,30,-42,653.230024314765,3.35317067042044
1.58,30,-39,668.379169137727,3.36309245937619
1.58,30,-36,682.912977695334,3.3712843594151
1.58,30,-33,696.802544332683,3.37760474895103
1.58,30,-30,709.994107276224,3.38190589983269
1.58,30,-27,722.412288466023,3.3840236660553
1.58,30,-24,733.974767917925,3.38377169348201
1.58,30,-21,744.616268042916,3.380947052434
1.58,30,-18,754.316295977952,3.37535102341297
1.58,30,-15,763.123247122106,3.36682393062038
1.58,30,-12,771.16794309272,3.35528821347495
1.58,30,-9,778.662256517798,3.34079094811859
1.58,30,-6,785.882131575027,3.32353659425872
1.58,30,-3,793.137664946354,3.30390270523755
1.58,30,0,800.73488581428,3.28243476174155
1.58,30,3,808.934204135425,3.25981987956396
1.58,30,6,817.909838034664,3.23684190393872
1.58,30,9,827.7139716966,3.21432218564208
1.58,30,12,838.249620699899,3.19305178130237
1.58,30,15,849.256875915889,3.17372257302185
1.58,30,18,860.317205825882,3.15686656346873
1.58,30,21,870.878713497082,3.14281304744403
1.58,30,24,880.301533310773,3.13167117703535
1.58,30,27,887.917977242902,3.12334059304584
1.58,30,30,893.098263317391,3.11754682262374
1.58,30,33,895.311046671998,3.11389319879605
1.58,30,36,894.169031577388,3.11191866012128
1.58,30,39,889.453274601452,3.11115121775416
1.58,30,42,881.11438683603,3.11114942818969
1.58,30,45,869.253454579056,3.1115278135228
1.58,30,48,854.088971970454,3.11196586335241
1.58,30,51,835.917668376663,3.11220333562132
1.58,30,54,815.076674468127,3.11202659625183
1.58,30,57,791.912466747834,3.11125146926078
1.58,30,60,766.759304205826,3.10970753113421
1.58,30,63,739.927294667519,3.10722727383637
1.58,30,66,711.698400329189,3.10364159426148
1.58,30,69,682.327814765155,3.09878121233214
1.58,30,72,652.048092080068,3.09248230612645
1.58,30,75,621.073893105891,3.08459405299333
1.58,30,78,589.60593219039,3.07498579573355
1.58,30,81,557.833433578071,3.06355197064055
1.58,30,84,525.935004746696,3.05021347434091
1.58,30,87,494.078248998995,3.03491462482995
1.58,30,90,462.418666841029,3.01761522942907
1.58,30,93,431.098461106365,2.99827755840815
1.58,30,96,400.245805126893,2.97684834143424
1.58,30,99,369.975002014215,2.95323633944602
1.58,30,102,340.3877994729,2.92728659141923
1.58,30,105,311.575962406115,2.898752947303
1.58,30,108,283.625061769842,2.86727067858807
1.58,30,111,256.6193079021,2.83233041498138
1.58,30,114,230.647120423203,2.79325304172515
1.58,30,117,205.806974873494,2.74916243659439
1.58,30,120,182.212930225724,2.69894958361587
1.58,30,123,159.999203904215,2.64121941845096
1.58,30,126,139.323304059792,2.57421479268549
1.58,30,129,120.367502286213,2.49572891826942
1.58,30,132,103.338449940308,2.40306604502953
1.58,30,135,88.4635694469491,2.29321773490664
1.58,30,138,75.9790364672866,2.16360006792902
1.58,30,141,66.0974040368781,2.01380724362384
1.58,30,144,58.940326676746,1.8483318478136
1.58,30,147,54.4445597014806,1.67845494557418
1.58,30,150,52.3048338563572,1.52013018552246
1.58,30,153,52.0331460588032,1.38778667782871
1.58,30,156,53.1159244711296,1.28915155811566
1.58,30,159,55.1548336802307,1.22475490759939
1.58,30,162,57.9160510194353,1.19038904295625
1.58,30,165,61.2995691199644,1.17965862711865
1.58,30,168,65.2725543886497,1.18568927973263
1.58,30,171,69.8032595408693,1.20222292649602
1.58,30,174,74.8173519135427,1.22433166131185
1.58,30,177,80.1841021239607,1.24875226299125
1.58,30,180,85.7271732296657,1.27382912240108
1.58,33,-180,85.7271732296658,1.32618899996091
1.58,33,-177,92.4033712699389,1.34421408798268
1.58,33,-174,98.8569129606716,1.36171501422535
1.58,33,-171,104.872065464422,1.37995339894512
1.58,33,-168,110.274309665238,1.40034746138891
1.58,33,-165,114.944171689626,1.42438095026662
1.58,33,-162,118.83060869382,1.45357914598662
1.58,33,-159,121.963535094345,1.48948273888245
1.58,33,-156,124.462770665932,1.53356603385266
1.58,33,-153,126.539319946617,1.58707185138197
1.58,33,-150,128.485072945583,1.65077051506623
1.58,33,-147,130.64891074538,1.72469285988367
1.58,33,-144,133.400629367243,1.80792724847099
1.58,33,-141,137.088321713244,1.89858373836853
1.58,33,-138,141.998136292857,1.99398734094137
1.58,33,-135,148.325394825263,2.09106953156701
1.58,33,-132,156.162124287145,2.18683603271701
1.58,33,-129,165.500401350047,2.27876475729268
1.58,33,-126,176.247134046232,2.36504146571456
1.58,33,-123,188.245492501565,2.44462113380634
1.58,33,-120,201.299580361125,2.51715690805554
1.58,33,-117,215.199927870315,2.58285310416901
1.58,33,-114,229.747375614429,2.64229011272601
1.58,33,-111,244.772674770034,2.69625445956419
1.58,33,-108,260.149482111129,2.74559426302184
1.58,33,-105,275.799526585945,2.79111032534332
1.58,33,-102,291.690177517277,2.83348569019711
1.58,33,-99,307.825943431778,2.87325119112577
1.58,33,-96,324.236229242777,2.91078095078815
1.58,33,-93,340.961866554538,2.9463097576611
1.58,33,-90,358.042588528825,2.97996363556064
1.58,33,-87,375.506944646668,3.01179558929669
1.58,33,-84,393.36537451491,3.04182014407449
1.58,33,-81,411.606479888512,3.07004239989481
1.58,33,-78,430.196066140798,3.09647935102629
1.58,33,-75,449.078299300402,3.12117277744943
1.58,33,-72,468.178314657941,3.14419397585951
1.58,33,-69,487.405763287793,3.16564110466439
1.58,33,-66,506.659026161396,3.18563025872904
1.58,33,-63,525.830074048638,3.20428183078634
1.58,33,-60,544.810088967328,3.22170435167951
1.58,33,-57,563.495865433747,3.23797868059829
1.58,33,-54,581.796606597597,3.2531457801276
1.58,33,-51,599.640085351646,3.26720094062745
1.58,33,-48,616.97650003749,3.28009595923661
1.58,33,-45,633.778107759937,3.29174855376629
1.58,33,-42,650.033249934993,3.30205580401605
1.58,33,-39,665.734853759403,3.31090664227386
1.58,33,-36,680.865635439788,3.31818836609816
1.58,33,-33,695.384310351972,3.32378432045088
1.58,33,-30,709.21813402244,3.32756381990702
1.58,33,-27,722.26625363537,3.32936956018473
1.58,33,-24,734.415539895286,3.32901027679696
1.58,33,-21,745.566614120615,3.32626589849514
1.58,33,-18,755.664153728281,3.32090892309413
1.58,33,-15,764.723693766952,3.31274058411097
1.58,33,-12,772.847769637635,3.30163557083124
1.58,33,-9,780.22704636906,3.28758628209833
1.58,33,-6,787.125856836186,3.27073755869819
1.58,33,-3,793.854823626033,3.25140517784009
1.58,33,0,800.73488581428,3.23007488418172
1.58,33,3,808.056990179162,3.2073818868888
1.58,33,6,816.040859411789,3.18407262710324
1.58,33,9,824.795942898729,3.16095144654178
1.58,33,12,834.288605204939,3.13881580950536
1.58,33,15,844.321228736613,3.11838605497877
1.58,33,18,854.52957745081,3.10023891696536
1.58,33,21,864.402987653202,3.08475621568725
1.58,33,24,873.327541711336,3.0720989296871
1.58,33,27,880.646760208153,3.06221175178648
1.58,33,30,885.729701894162,3.0548559901051
1.58,33,33,888.034419093513,3.04966222358444
1.58,33,36,887.156019881517,3.04619069702687
1.58,33,39,882.852509926689,3.04398761478299
1.58,33,42,875.046797634707,3.04262843207923
1.58,33,45,863.808239659033,3.04174355586317
1.58,33,48,849.320618285514,3.04102627213945
1.58,33,51,831.844772622343,3.04022629587447
1.58,33,54,811.683263588334,3.03913453480296
1.58,33,57,789.152092823044,3.03756524458623
1.58,33,60,764.561604146255,3.03534085314538
1.58,33,63,738.206184049397,3.03228280460548
1.58,33,66,710.360780705825,3.02820948490864
1.58,33,69,681.281668989872,3.02294029581733
1.58,33,72,651.209074327088,3.01630367100767
1.58,33,75,620.369886137229,3.00814638454713
1.58,33,78,588.979435774559,2.99834172041255
1.58,33,81,557.241982820666,2.98679464803651
1.58,33,84,525.350049262982,2.97344279260279
1.58,33,87,493.483038734575,2.95825252056359
1.58,33,90,461.805695583988,2.94120983990312
1.58,33,93,430.466935276722,2.92230610904791
1.58,33,96,399.59946096302,2.90151887271544
1.58,33,99,369.320419389511,2.87878858711511
1.58,33,102,339.733186894582,2.85399256021178
1.58,33,105,310.930246482057,2.82691797848582
1.58,33,108,282.997033280293,2.797236135768
1.58,33,111,256.016573457902,2.76447953478903
1.58,33,114,230.07468250323,2.72802202636535
1.58,33,117,205.265385838639,2.68705943796419
1.58,33,120,181.696082724316,2.64058461285828
1.58,33,123,159.491864227783,2.5873478339053
1.58,33,126,138.798422908549,2.52579452299604
1.58,33,129,119.783184161894,2.45398388451915
1.58,33,132,102.634423430089,2.36952897531519
1.58,33,135,87.5575424318693,2.26968503333171
1.58,33,138,74.7652012447531,2.15186989976113
1.58,33,141,64.4528923518797,2.01505613049644
1.58,33,144,56.7476106939593,1.86222977817632
1.58,33,147,51.6298193534026,1.70275111428394
1.58,33,150,48.8722095953735,1.55162073399312
1.58,33,153,48.0698485257461,1.42414518846072
1.58,33,156,48.7718468319682,1.32984348024463
1.58,33,159,50.6206780413488,1.27043864334214
1.58,33,162,53.4100088522683,1.24172100573984
1.58,33,165,57.05592971998,1.2364032174755
1.58,33,168,61.5257469008369,1.24644595538504
1.58,33,171,66.7687074627652,1.26469241355264
1.58,33,174,72.6750750736079,1.28584531732015
1.58,33,177,79.0692506821736,1.30676213308105
1.58,33,180,85.7271732296658,1.32618899996091
1.58,36,-180,85.7271732296657,1.37854887752074
1.58,36,-177,93.5396381072301,1.38933084510112
1.58,36,-174,101.128599874044,1.39861993286733
1.58,36,-171,108.241947999919,1.40798708463253
1.58,36,-168,114.668868350282,1.41903119992569
1.58,36,-165,120.253426314638,1.43333043810279
1.58,36,-162,124.907993894024,1.45245472381369
1.58,36,-159,128.625809646895,1.47797458684673
1.58,36,-156,131.49016710638,1.51142089191395
1.58,36,-153,133.67694619749,1.55417229208857
1.58,36,-150,135.447696427306,1.60727161251642
1.58,36,-147,137.132017697649,1.67119864246682
1.58,36,-144,139.100081946036,1.74565282232554
1.58,36,-141,141.728262005678,1.82941768625737
1.58,36,-138,145.362447909531,1.92037682071893
1.58,36,-135,150.284303074967,2.0157174898237
1.58,36,-132,156.685346035821,2.11229682050146
1.58,36,-129,164.652606909824,2.20708203409722
1.58,36,-126,174.16797410499,2.29754569226269
1.58,36,-123,185.121238820952,2.38191809701686
1.58,36,-120,197.334375841162,2.45925841734123
1.58,36,-117,210.592386471879,2.52936888958675
1.58,36,-114,224.674929296051,2.59261317569386
1.58,36,-111,239.383395034784,2.64970399473994
1.58,36,-108,254.559745700568,2.70150821699055
1.58,36,-105,270.095622610445,2.7488952917501
1.58,36,-102,285.932250341497,2.79263677907883
1.58,36,-99,302.05310831653,2.83335347236538
1.58,36,-96,318.472068188201,2.87150095177874
1.58,36,-93,335.219756549985,2.90738242153972
1.58,36,-90,352.330465018807,2.94117789119062
1.58,36,-87,369.831213337038,2.9729802943623
1.58,36,-84,387.733796092666,3.00283141026525
1.58,36,-81,406.029980878848,3.03075293212199
1.58,36,-78,424.689566423108,3.05677023090925
1.58,36,-75,443.660767921957,3.08092797263249
1.58,36,-72,462.872341565818,3.10329769796807
1.58,36,-69,482.236945411616,3.12397794378552
1.58,36,-66,501.65541113141,3.14308779101291
1.58,36,-63,521.021805102727,3.1607551534363
1.58,36,-60,540.229285773494,3.17710179660528
1.58,36,-57,559.176689734454,3.19222785696149
1.58,36,-54,577.775409517102,3.20619914316343
1.58,36,-51,595.95549877666,3.21904027632665
1.58,36,-48,613.669289395217,3.23073544377441
1.58,36,-45,630.890536166389,3.24123628112428
1.58,36,-42,647.607642492917,3.25047377559519
1.58,36,-39,663.811060518268,3.25836915625688
1.58,36,-36,679.477235746701,3.26483861750845
1.58,36,-33,694.55368890406,3.26978898062301
1.58,36,-30,708.95091192271,3.27310553077578
1.58,36,-27,722.545833699226,3.27463764502431
1.58,36,-24,735.1985937877,3.27419037036772
1.58,36,-21,746.780166542827,3.27152941116542
1.58,36,-18,757.204603159494,3.26640314167612
1.58,36,-15,766.457828293888,3.25857983336934
1.58,36,-12,774.615743707874,3.24789344191369
1.58,36,-9,781.847410067033,3.23428876092055
1.58,36,-6,788.402943434968,3.21785714902736
1.58,36,-3,794.588862325915,3.1988567845993
1.58,36,0,800.73488581428,3.17771500662189
1.58,36,3,807.155675756606,3.15501306733196
1.58,36,6,814.109928852579,3.13145461507679
1.58,36,9,821.759123493488,3.10781900148576
1.58,36,12,830.129875430251,3.08490089194911
1.58,36,15,839.086424317356,3.06344030487941
1.58,36,18,848.321173668445,3.04405182903824
1.58,36,21,857.369519258778,3.0271657324997
1.58,36,24,865.650163455807,3.01299373023601
1.58,36,27,872.525481472122,3.00152707184829
1.58,36,30,877.371001330506,2.99256623078817
1.58,36,33,879.640800349692,2.98577349531119
1.58,36,36,878.917186893326,2.9807352157473
1.58,36,39,874.937547220618,2.97702030149205
1.58,36,42,867.597021222336,2.97422485841505
1.58,36,45,856.930964142519,2.97199788247925
1.58,36,48,843.084605150423,2.97004804609416
1.58,36,51,826.278302968788,2.96813566486865
1.58,36,54,806.775522522704,2.96605624646272
1.58,36,57,784.857970194079,2.96362240126777
1.58,36,60,760.80934020708,2.96064959535217
1.58,36,63,734.906757565621,2.9569488902737
1.58,36,66,707.417697329118,2.95232725962467
1.58,36,69,678.599879958678,2.94659401445292
1.58,36,72,648.702063314413,2.9395707060353
1.58,36,75,617.964388278676,2.93110162620356
1.58,36,78,586.617688238519,2.92106243797571
1.58,36,81,554.881773329491,2.90936518628027
1.58,36,84,522.963085502584,2.89595865745362
1.58,36,87,491.052293494577,2.88082361207471
1.58,36,90,459.322395090206,2.86396278945971
1.58,36,93,427.927769533941,2.84538585679386
1.58,36,96,397.004431121447,2.82508977103053
1.58,36,99,366.671529175206,2.80303542729537
1.58,36,102,337.033966506613,2.77912198825123
1.58,36,105,308.185902070084,2.75316080558507
1.58,36,108,280.214875309422,2.72485110228248
1.58,36,111,253.206319126983,2.69375922119728
1.58,36,114,227.248264175571,2.65930188767713
1.58,36,117,202.436020280356,2.62073137481849
1.58,36,120,178.876526720736,2.57711694364714
1.58,36,123,156.691936935712,2.52731358820968
1.58,36,126,136.021946624029,2.46990873350854
1.58,36,129,117.024456935096,2.40314615086605
1.58,36,132,99.8742709328785,2.32485644876506
1.58,36,135,84.7591750335893,2.2324979540386
1.58,36,138,71.8710311807291,2.12355692289146
1.58,36,141,61.3855715607677,1.99673423637339
1.58,36,144,53.4207134421151,1.85424071604907
1.58,36,147,47.9710654639686,1.70440053166398
1.58,36,150,44.8512394065868,1.56173610903201
1.58,36,153,43.7150989406974,1.44219552062694
1.58,36,156,44.1722593401295,1.35640874431165
1.58,36,159,45.9205527901312,1.30650903236856
1.58,36,162,48.8001050408125,1.2875452933881
1.58,36,165,52.7565208056718,1.29076032207398
1.58,36,168,57.7614316767418,1.30669679910357
1.58,36,171,63.7427627526832,1.32743539552327
1.58,36,174,70.5522361494061,1.34770508121124
1.58,36,177,77.969549391238,1.3649191061286
1.58,36,180,85.7271732296657,1.37854887752074
1.58,39,-180,85.7271732296657,1.43090875508057
1.58,39,-177,94.6536076227076,1.43454884216667
1.58,39,-174,103.359254913111,1.43600027911901
1.58,39,-171,111.562829638404,1.43711898872984
1.58,39,-168,119.023363863277,1.43964229061948
1.58,39,-165,125.553461604817,1.44519576927422
1.58,39,-162,131.032796849215,1.45534337752704
1.58,39,-159,135.420740742163,1.47162545609977
1.58,39,-156,138.765671685506,1.49554977706208
1.58,39,-153,141.208237883129,1.52851968851892
1.58,39,-150,142.976655484439,1.57170084712837
1.58,39,-147,144.373595193784,1.62584336207096
1.58,39,-144,145.755644122862,1.6910891945022
1.58,39,-141,147.507115998517,1.76680561645745
1.58,39,-138,150.009955667726,1.85149433202141
1.58,39,-135,153.611247035038,1.94282877813023
1.58,39,-132,158.590559311262,2.03785797970273
1.58,39,-129,165.131577780609,2.13337086078461
1.58,39,-126,173.30467791546,2.22634595738128
1.58,39,-123,183.06651284984,2.31435811719936
1.58,39,-120,194.278165727107,2.39582277532733
1.58,39,-117,206.73730717832,2.47003078008358
1.58,39,-114,220.215818517224,2.53701121983642
1.58,39,-111,234.494233687877,2.59730497242937
1.58,39,-108,249.387105186915,2.65172829146007
1.58,39,-105,264.756959230208,2.70117646219981
1.58,39,-102,280.517415240728,2.74648705366263
1.58,39,-99,296.627808090684,2.78836188693175
1.58,39,-96,313.082362238376,2.82733691137602
1.58,39,-93,329.896912875783,2.86378617331082
1.58,39,-90,347.095644485782,2.89794668399516
1.58,39,-87,364.699573979968,2.92995324778316
1.58,39,-84,382.717744663537,2.95987513876696
1.58,39,-81,401.141455805494,2.9877493023401
1.58,39,-78,419.941395519373,3.01360710257899
1.58,39,-75,439.067275639841,3.03749331732211
1.58,39,-72,458.449458049922,3.05947709662461
1.58,39,-69,478.002080572863,3.07965514331465
1.58,39,-66,497.627307307984,3.09814775533827
1.58,39,-63,517.220494650892,3.11508887482423
1.58,39,-60,536.676186924992,3.13061204385145
1.58,39,-57,555.894801784173,3.1448350430324
1.58,39,-54,574.789524663956,3.15784660691116
1.58,39,-51,593.292318629211,3.16969847507508
1.58,39,-48,611.357296307842,3.18040478979067
1.58,39,-45,628.959415465107,3.18994854255068
1.58,39,-42,646.087007235567,3.19829203433352
1.58,39,-39,662.728249886544,3.2053862691547
1.58,39,-36,678.854089723,3.21117404405913
1.58,39,-33,694.402442644938,3.21558384609236
1.58,39,-30,709.269626779741,3.21851597205586
1.58,39,-27,723.313965839631,3.21982680087285
1.58,39,-24,736.373299317108,3.21931966962484
1.58,39,-21,748.293754127288,3.21674989689078
1.58,39,-18,758.963284185655,3.2118473629181
1.58,39,-15,768.34174756381,3.20435442819464
1.58,39,-12,776.480321354274,3.19407215241122
1.58,39,-9,783.526279026199,3.18090552096653
1.58,39,-6,789.713067987122,3.1648992318794
1.58,39,-3,795.338522118918,3.14625875662004
1.58,39,0,800.73488581428,3.12535512906206
1.58,39,3,806.233342398678,3.10271434768755
1.58,39,6,812.124378939686,3.0789924377991
1.58,39,9,818.61537579142,3.05493592399919
1.58,39,12,825.789101657643,3.03132705594343
1.58,39,15,833.570282030607,3.00891583442697
1.58,39,18,841.709576255762,2.98834663829706
1.58,39,21,849.792804629172,2.97009298110287
1.58,39,24,857.277722385719,2.95441542792063
1.58,39,27,863.553084780988,2.94135290859285
1.58,39,30,868.008425039389,2.9307483772091
1.58,39,33,870.100391054067,2.92230032173597
1.58,39,36,869.40329067245,2.91562589646216
1.58,39,39,865.636549367915,2.91032085181369
1.58,39,42,858.668069273128,2.90600501461276
1.58,39,45,848.497982271163,2.90234776762592
1.58,39,48,835.230599951765,2.89907378377158
1.58,39,51,819.042965357396,2.8959537524172
1.58,39,54,800.156710509182,2.89278721371704
1.58,39,57,778.816970863246,2.88938474008777
1.58,39,60,755.279111753827,2.88555499285696
1.58,39,63,729.801869783545,2.88109947326671
1.58,39,66,702.644531833257,2.87581503768435
1.58,39,69,674.065801733143,2.8695022073943
1.58,39,72,644.322632161366,2.86197631175946
1.58,39,75,613.668120321188,2.85307848165426
1.58,39,78,582.348303815741,2.84268411778864
1.58,39,81,550.598216020427,2.83070729632881
1.58,39,84,518.637838725764,2.81710033737183
1.58,39,87,486.668649900557,2.80184830633545
1.58,39,90,454.871356738167,2.78495854905071
1.58,39,93,423.405188031668,2.76644557643682
1.58,39,96,392.408855451729,2.74631183829728
1.58,39,99,362.003036814639,2.7245252485501
1.58,39,102,332.294035020273,2.700994757514
1.58,39,105,303.378160490275,2.67554571286916
1.58,39,108,275.346387178692,2.64789699082663
1.58,39,111,248.288924363377,2.61764159106857
1.58,39,114,222.299474712015,2.58423121686419
1.58,39,117,197.479041121667,2.54696306183975
1.58,39,120,173.939147784102,2.5049637237626
1.58,39,123,151.804262024032,2.45716178315634
1.58,39,126,131.213114818116,2.40223959147698
1.58,39,129,112.318594842507,2.33856179214928
1.58,39,132,95.2858833294533,2.26410493371288
1.58,39,135,80.2881666348841,2.17648201818866
1.58,39,138,67.4978777170991,2.07329802020923
1.58,39,141,57.068247944191,1.95326656258574
1.58,39,144,49.0967354159828,1.81847998380635
1.58,39,147,43.568530597679,1.67718686690512
1.58,39,150,40.3092691093084,1.54423818545424
1.58,39,153,39.0086395533588,1.43633647416623
1.58,39,156,39.3345798098733,1.36455694553031
1.58,39,159,41.0565425703845,1.33030757541074
1.58,39,162,44.081915660147,1.32666061360919
1.58,39,165,48.3979713115262,1.34245715721687
1.58,39,168,53.9804909046687,1.36653594153408
1.58,39,171,60.7295092752538,1.3905690290843
1.58,39,174,68.453383411142,1.40995235059565
1.58,39,177,76.8878106259257,1.42321968008964
1.58,39,180,85.7271732296657,1.43090875508057
1.58,42,-180,85.7271732296657,1.4832686326404
1.58,42,-177,95.7420586431121,1.47988608282894
1.58,42,-174,105.541793962269,1.47387112817962
1.58,42,-171,114.822553812024,1.46732304592825
1.58,42,-168,123.318714896176,1.46207241554384
1.58,42,-165,130.815855341712,1.4597522622924
1.58,42,-162,137.164466537274,1.46188458637248
1.58,42,-159,142.29282518387,1.46994182442774
1.58,42,-156,146.216543833004,1.48536033162954
1.58,42,-153,149.042415185066,1.50949785327968
1.58,42,-150,150.965223488736,1.54353932348535
1.58,42,-147,152.257691693548,1.58836394692213
1.58,42,-144,153.254895752583,1.64439089687572
1.58,42,-141,154.33461826077,1.7114232918418
1.58,42,-138,155.894069438512,1.78851600863511
1.58,42,-135,158.322042111889,1.87390742486185
1.58,42,-132,161.965770678893,1.96507220803982
1.58,42,-129,167.095041643454,2.05894668048492
1.58,42,-126,173.871275119342,2.15232315531913
1.58,42,-123,182.332038889552,2.24231865807837
1.58,42,-120,192.3979673591,2.32676409684923
1.58,42,-117,203.90063539294,2.4043909498987
1.58,42,-114,216.622289570542,2.47479269873387
1.58,42,-111,230.335973517477,2.53822941716137
1.58,42,-108,244.837320562995,2.59537462087931
1.58,42,-105,259.964032824,2.64708194431661
1.58,42,-102,275.603121960697,2.69421043438786
1.58,42,-99,291.688354859903,2.73751611881697
1.58,42,-96,308.191212767401,2.77760061695318
1.58,42,-93,325.108576920646,2.81490162993662
1.58,42,-90,342.449769214811,2.84971019076939
1.58,42,-87,360.22481753414,2.88220210000629
1.58,42,-84,378.435072833554,2.9124741957743
1.58,42,-81,397.06668259957,2.94057916011009
1.58,42,-78,416.086962174533,2.96655506357737
1.58,42,-75,435.443398274441,2.99044765821427
1.58,42,-72,455.064848800625,3.01232459015466
1.58,42,-69,474.864455143874,3.03228141342387
1.58,42,-66,494.743845495218,3.05043982690678
1.58,42,-63,514.598344188676,3.06693919020091
1.58,42,-60,534.323023000635,3.08192322231665
1.58,42,-57,553.819395419727,3.09552473189939
1.58,42,-54,573.002237592862,3.10785189876739
1.58,42,-51,591.805418969265,3.11897952436107
1.58,42,-48,610.184962384173,3.12894741657032
1.58,42,-45,628.117262387451,3.13776571517681
1.58,42,-42,645.590955472631,3.14542414658935
1.58,42,-39,662.592597338852,3.15190009052616
1.58,42,-36,679.088776174494,3.15716019689288
1.58,42,-33,695.009688829567,3.16115273811848
1.58,42,-30,710.240314502469,3.16379232060892
1.58,42,-27,724.624203447577,3.1649431567344
1.58,42,-24,737.981533477175,3.16440953353095
1.58,42,-21,750.138583238375,3.16194098216751
1.58,42,-18,760.961928713885,3.15725526747252
1.58,42,-15,770.389087947268,3.15007655982542
1.58,42,-12,778.448605078393,3.14018142344519
1.58,42,-9,785.265972537258,3.12744331391673
1.58,42,-6,791.055701472631,3.11186756225111
1.58,42,-3,796.102496905369,3.09361237423128
1.58,42,0,800.73488581428,3.07299525150223
1.58,42,3,805.293178894509,3.05048638662646
1.58,42,6,810.091998701369,3.02669000091488
1.58,42,9,815.377771621537,3.00231227242757
1.58,42,12,821.284433183574,2.97811321166129
1.58,42,15,827.794929375234,2.954842346573
1.58,42,18,834.719033087045,2.93316465140583
1.58,42,21,841.696798870466,2.9135904902214
1.58,42,24,848.231092592494,2.89642642187443
1.58,42,27,853.744304607761,2.88175956394638
1.58,42,30,857.647283792494,2.86947835043301
1.58,42,33,859.405624387724,2.85932176791073
1.58,42,36,858.590412397598,2.85094221373998
1.58,42,39,854.906042093663,2.8439659643301
1.58,42,42,848.194399731962,2.83803897637769
1.58,42,45,838.420336062473,2.83285202007629
1.58,42,48,825.646457287328,2.82814557317637
1.58,42,51,810.005470925142,2.82369976574696
1.58,42,54,791.676243625117,2.81931706435236
1.58,42,57,770.866591035672,2.81480523113393
1.58,42,60,747.802897515925,2.80996598786372
1.58,42,63,722.724781436002,2.80459178991916
1.58,42,66,695.882376880611,2.79847024860106
1.58,42,69,667.53410802934,2.79139379074974
1.58,42,72,637.943617132512,2.78317137219625
1.58,42,75,607.375363910901,2.77363928331458
1.58,42,78,576.089104010762,2.76266888047064
1.58,42,81,544.333889167048,2.75017001219516
1.58,42,84,512.342415258121,2.73608968318868
1.58,42,87,480.326519126806,2.72040599358535
1.58,42,90,448.47444569407,2.70311763727143
1.58,42,93,416.9502303691,2.68422935865203
1.58,42,96,385.895223960202,2.6637338852572
1.58,42,99,355.431481968141,2.64159106789312
1.58,42,102,325.66649746264,2.61770528788989
1.58,42,105,296.698619125745,2.59190255094551
1.58,42,108,268.622488858911,2.56390889158206
1.58,42,111,241.533951730598,2.53333148071342
1.58,42,114,215.534090976581,2.49964283859303
1.58,42,117,190.732246640768,2.46216656120033
1.58,42,120,167.248011136264,2.42006003535242
1.58,42,123,145.212220656678,2.37228654933341
1.58,42,126,124.766899729299,2.3175683592149
1.58,42,129,106.06401483633,2.25431926850917
1.58,42,132,89.2627245781337,2.18058252986223
1.58,42,135,74.5243279168276,2.09407189738727
1.58,42,138,62.0027329104989,1.99256434633489
1.58,42,141,51.8255015609129,1.87510446262208
1.58,42,144,44.0584016370149,1.74444696968198
1.58,42,147,38.6547845738237,1.61002407355375
1.58,42,150,35.4225373796039,1.48826865734513
1.58,42,153,34.068061968319,1.39708105499863
1.58,42,156,34.3226244161242,1.3472209525201
1.58,42,159,36.0527582548241,1.33762943137886
1.58,42,162,39.2592255198614,1.35729774763899
1.58,42,165,43.9797837835702,1.39115442286582
1.58,42,168,50.1852106324607,1.4261129376833
1.58,42,171,57.7337904590754,1.45424304199723
1.58,42,174,66.3833121674812,1.47263405880232
1.58,42,177,75.8268478707677,1.48165972544259
1.58,42,180,85.7271732296657,1.4832686326404
1.58,45,-180,85.7271732296657,1.53562851020023
1.58,45,-177,96.8018361464528,1.52535938212603
1.58,45,-174,107.66921542182,1.51224520515247
1.58,45,-171,118.00906483522,1.49857389838528
1.58,45,-168,127.536131186397,1.48622332163222
1.58,45,-165,136.013052523591,1.47679987379751
1.58,45,-162,143.264459240964,1.47175798227649
1.58,45,-159,149.19031677357,1.47247939399545
1.58,45,-156,153.775951139491,1.48030186282672
1.58,45,-153,157.096559374877,1.49649661230737
1.58,45,-150,159.315210713943,1.52220218016801
1.58,45,-147,160.674860553371,1.55832679951292
1.58,45,-144,161.48597492807,1.60543114209393
1.58,45,-141,162.11130728411,1.66359991765953
1.58,45,-138,162.947953774833,1.73231094980625
1.58,45,-135,164.40478746772,1.81032281297941
1.58,45,-132,166.87264920228,1.8956286715752
1.58,45,-129,170.687343466291,1.98554587948108
1.58,45,-126,176.0914926058,2.076990922348
1.58,45,-123,183.206782177236,2.16690839830799
1.58,45,-120,192.027671256677,2.25272449467501
1.58,45,-117,202.439861143423,2.33266422681864
1.58,45,-114,214.25677882014,2.40584147343812
1.58,45,-111,227.261765502533,2.47214265559869
1.58,45,-108,241.244750858147,2.53199621316394
1.58,45,-105,256.027164280147,2.58612423767024
1.58,45,-102,271.473905216135,2.63533748646109
1.58,45,-99,287.49441734614,2.68039625338002
1.58,45,-96,304.036199948569,2.72193430746659
1.58,45,-93,321.074118254816,2.76043202405467
1.58,45,-90,338.598302813303,2.7962226946252
1.58,45,-87,356.602672798412,2.8295179976536
1.58,45,-84,375.075390271704,2.86044190081809
1.58,45,-81,393.991937946661,2.88906551845799
1.58,45,-78,413.311033153733,2.91543814941112
1.58,45,-75,432.97323901659,2.93961173046284
1.58,45,-72,452.901902418063,2.96165731609642
1.58,45,-69,473.005939797057,2.98167311709864
1.58,45,-66,493.184009119232,2.99978435049039
1.58,45,-63,513.32972140525,3.01613591222197
1.58,45,-60,533.337667415006,3.03087980216992
1.58,45,-57,553.110015928777,3.04416020539212
1.58,45,-54,572.563140804372,3.0560998120246
1.58,45,-51,591.633144196383,3.0667908495898
1.58,45,-48,610.278483843029,3.07629302901082
1.58,45,-45,628.477629552389,3.08463821455221
1.58,45,-42,646.220266589805,3.09183878420222
1.58,45,-39,663.492275956649,3.09789455084961
1.58,45,-36,680.257248607746,3.10279303785537
1.58,45,-33,696.439703408183,3.10650045856576
1.58,45,-30,711.91622841984,3.10894527333366
1.58,45,-27,726.519523116246,3.11000075753918
1.58,45,-24,740.056822822745,3.10947529363609
1.58,45,-21,752.339632444721,3.10711772887309
1.58,45,-18,763.217944453728,3.1026405522887
1.58,45,-15,772.610751162169,3.09575783831727
1.58,45,-12,780.526176406506,3.08623033505903
1.58,45,-9,787.068109166918,3.07390847167988
1.58,45,-6,792.430074699965,3.0587657593716
1.58,45,-3,796.879428363939,3.04091895791894
1.58,45,0,800.73488581428,3.0206353739424
1.58,45,3,804.338466111536,2.99832956253399
1.58,45,6,808.020994597694,2.97455048694607
1.58,45,9,812.060539681225,2.94995695091184
1.58,45,12,816.636463998553,2.92527692378497
1.58,45,15,821.786836571231,2.90124845336117
1.58,45,18,827.380624897635,2.87854689072998
1.58,45,21,833.115288734927,2.85771182601062
1.58,45,24,838.544369271415,2.83909181468368
1.58,45,27,843.130760973522,2.82282179915235
1.58,45,30,846.313632262449,2.80883810384339
1.58,45,33,847.5737028942,2.79692408899799
1.58,45,36,846.483624144235,2.78677142496748
1.58,45,39,842.736025994583,2.77804010426856
1.58,45,42,836.148761699049,2.77040402703824
1.58,45,45,826.652542242597,2.76357571080133
1.58,45,48,814.269029564853,2.75731063472712
1.58,45,51,799.087297072094,2.75139691174109
1.58,45,54,781.244182611234,2.74563837600569
1.58,45,57,760.910831031383,2.739838754104
1.58,45,60,738.284952252124,2.73379213550549
1.58,45,63,713.5867455447,2.727281687892
1.58,45,66,687.056121451022,2.72008565199595
1.58,45,69,658.949391746829,2.71198784424394
1.58,45,72,629.534480299596,2.70278936643788
1.58,45,75,599.084545833353,2.69231868538237
1.58,45,78,567.870513082563,2.68043820978548
1.58,45,81,536.15334505606,2.66704649538081
1.58,45,84,504.176992566863,2.65207596051862
1.58,45,87,472.162881645554,2.63548640187163
1.58,45,90,440.306593832743,2.61725472652869
1.58,45,93,408.777100746371,2.59736130466524
1.58,45,96,377.718573168137,2.57577334399055
1.58,45,99,347.254440046782,2.55242579234338
1.58,45,102,317.493073864337,2.52720050576365
1.58,45,105,288.534278036804,2.49990469823543
1.58,45,108,260.475693571274,2.47024984388148
1.58,45,111,233.418344479806,2.4378319839175
1.58,45,114,207.47078036951,2.40211352023003
1.58,45,117,182.751580496987,2.36240485150631
1.58,45,120,159.390261031382,2.3178417228126
1.58,45,123,137.526792927246,2.26735177533885
1.58,45,126,117.309950880832,2.20960410033274
1.58,45,129,98.8945654758367,2.14294508273381
1.58,45,132,82.4373881139997,2.0653571295953
1.58,45,135,68.0904743830755,1.97456309665008
1.58,45,138,55.9892880573005,1.86857637300549
1.58,45,141,46.2300822299866,1.7472281067658
1.58,45,144,38.8309610077458,1.61507741785566
1.58,45,147,33.6851946589478,1.4845927185106
1.58,45,150,30.5519509557804,1.37568506988034
1.58,45,153,29.1428644002444,1.3083600789775
1.58,45,156,29.2768366069506,1.29233416743198
1.58,45,159,30.9669284399839,1.32142814421767
1.58,45,162,34.3464527845071,1.37667646507449
1.58,45,165,39.5045412245495,1.43639668674002
1.58,45,168,46.3794164174093,1.48565085770232
1.58,45,171,54.7613146024232,1.51864532632135
1.58,45,174,64.3470858272225,1.53580227061581
1.58,45,177,74.7894710350866,1.54023429054983
1.58,45,180,85.7271732296657,1.53562851020023
1.58,48,-180,85.7271732296658,1.58798838776006
1.58,48,-177,97.8298627148271,1.57098439818307
1.58,48,-174,109.734634178924,1.55113317220161
1.58,48,-171,121.110462138162,1.53084711660342
1.58,48,-168,131.657142070843,1.512006207959
1.58,48,-165,141.118264466745,1.49616141345538
1.58,48,-162,149.295861402661,1.48468162645309
1.58,48,-159,156.064433721606,1.47884532223517
1.58,48,-156,161.381719675169,1.47987869586615
1.58,48,-153,165.294080230789,1.48894601122651
1.58,48,-150,167.935630061046,1.50710245183617
1.58,48,-147,169.521739541664,1.53522174475115
1.58,48,-144,170.338587599164,1.57390839081285
1.58,48,-141,170.730427908808,1.62339853920003
1.58,48,-138,171.084886045694,1.68344970586461
1.58,48,-135,171.814474893235,1.75322632925883
1.58,48,-132,173.331184748773,1.83121127917849
1.58,48,-129,176.0125286444,1.91520380379265
1.58,48,-126,180.162562832803,2.00247171110369
1.58,48,-123,185.977696651461,2.09007742779097
1.58,48,-120,193.529447439353,2.17530357448674
1.58,48,-117,202.771305598548,2.25603183977226
1.58,48,-114,213.567100491961,2.33094548094883
1.58,48,-111,225.730363013881,2.39951878631385
1.58,48,-108,239.062602574572,2.46185027154829
1.58,48,-105,253.38218353801,2.51843332181097
1.58,48,-102,268.540804571992,2.56994108893251
1.58,48,-99,284.428591194847,2.61706527239785
1.58,48,-96,300.970752004469,2.66041716058115
1.58,48,-93,318.119132232114,2.70048203882894
1.58,48,-90,335.841573038883,2.73761208851054
1.58,48,-87,354.111280033165,2.77204316000407
1.58,48,-84,372.897688594409,2.80392356891764
1.58,48,-81,392.159689008959,2.83334633429344
1.58,48,-78,411.841564209951,2.86037918189041
1.58,48,-75,431.871595430287,2.88508889037962
1.58,48,-72,452.163009085523,2.90755816205552
1.58,48,-69,472.616786476612,2.92789430500853
1.58,48,-66,493.125847700048,2.94622985752613
1.58,48,-63,513.580226234282,2.96271610826934
1.58,48,-60,533.872976397056,2.97751140041272
1.58,48,-57,553.906546500782,2.99076707117147
1.58,48,-54,573.599061045387,3.00261453535021
1.58,48,-51,592.889373775864,3.01315689303861
1.58,48,-48,611.73910576849,3.0224671579288
1.58,48,-45,630.129623738717,3.0305928191012
1.58,48,-42,648.052545444822,3.03756364666531
1.58,48,-39,665.494114031425,3.04339764256195
1.58,48,-36,682.416327298135,3.04810008399921
1.58,48,-33,698.740079033652,3.05165327498735
1.58,48,-30,714.336509335313,3.05399917474932
1.58,48,-27,729.031377073513,3.05502152576843
1.58,48,-24,742.623675587227,3.05453615937644
1.58,48,-21,754.915186830953,3.05229653727365
1.58,48,-18,765.744095244446,3.04801685122984
1.58,48,-15,775.014691299146,3.04140923273426
1.58,48,-12,782.716962610092,3.03222728155462
1.58,48,-9,788.933533705316,3.02030687336513
1.58,48,-6,793.835148657846,3.00559728544888
1.58,48,-3,797.667901543737,2.98817986009808
1.58,48,0,800.73488581428,2.96827549638257
1.58,48,3,803.37256067944,2.94624396290664
1.58,48,6,805.919943812694,2.92257629940799
1.58,48,9,808.678988461533,2.89787756852335
1.58,48,12,811.868143679656,2.87283416405601
1.58,48,15,815.576750593785,2.84816134347981
1.58,48,18,819.73226924763,2.82453375390043
1.58,48,21,824.092021549061,2.80251136756758
1.58,48,24,828.265189464894,2.78247945145863
1.58,48,27,831.76156126759,2.76461928567362
1.58,48,30,834.055275452479,2.74891662456213
1.58,48,33,834.648172058404,2.73520241642729
1.58,48,36,833.119322380559,2.72321108496306
1.58,48,39,829.153269413396,2.71263901293487
1.58,48,42,822.546620014851,2.70318935597853
1.58,48,45,813.198258166728,2.6945962781802
1.58,48,48,801.09109362607,2.68662906583468
1.58,48,51,786.27279252908,2.67908202437938
1.58,48,54,768.840341796057,2.67175845242899
1.58,48,57,748.930071243722,2.66445634616039
1.58,48,60,726.712197604079,2.65696076028055
1.58,48,63,702.387702087682,2.64904431494583
1.58,48,66,676.185335017586,2.64047444209213
1.58,48,69,648.357264379036,2.63102432925581
1.58,48,72,619.172809237467,2.62048423098386
1.58,48,75,588.910469542915,2.60867050163762
1.58,48,78,557.848952878753,2.59543080635249
1.58,48,81,526.258125976656,2.58064500720062
1.58,48,84,494.390854686525,2.56422191913899
1.58,48,87,462.476601608831,2.54609242284955
1.58,48,90,430.717460458978,2.52619940654333
1.58,48,93,399.287037209064,2.50448485784168
1.58,48,96,368.332255259897,2.48087430604789
1.58,48,99,337.977792877278,2.45525882757406
1.58,48,102,308.332503101999,2.42747498226291
1.58,48,105,279.496883732578,2.39728325497489
1.58,48,108,251.570525395051,2.364345658014
1.58,48,111,224.658516283742,2.32820287425919
1.58,48,114,198.876024360525,2.28825045965083
1.58,48,117,174.350654120628,2.24371206631949
1.58,48,120,151.222578689986,2.19360565774681
1.58,48,123,129.642754530855,2.13669749013449
1.58,48,126,109.769626415383,2.07144176158728
1.58,48,129,91.7645316157078,1.99592010851743
1.58,48,132,75.7853751518443,1.90784447010418
1.58,48,135,61.976783245919,1.8048064965521
1.58,48,138,50.4525275339456,1.68518227449407
1.58,48,141,41.2635957836712,1.55032136575239
1.58,48,144,34.3498201116823,1.40821133209779
1.58,48,147,29.499604401845,1.27660500047333
1.58,48,150,26.3852033784699,1.1809852775312
1.58,48,153,24.7233846136046,1.14527905500732
1.58,48,156,24.4792276496145,1.17937553415019
1.58,48,159,25.9153453816673,1.26928828081051
1.58,48,162,29.3732657641263,1.38012789484881
1.58,48,165,34.9780762113769,1.47752462553873
1.58,48,168,42.5685931527285,1.54547344125082
1.58,48,171,51.8187613598414,1.58400851281067
1.58,48,174,62.3500516362396,1.5995134942531
1.58,48,177,73.7784806992291,1.59893739152085
1.58,48,180,85.7271732296658,1.58798838776006
1.58,51,-180,85.7271732296658,1.64034826531989
1.58,51,-177,98.8231499182086,1.6167756672813
1.58,51,-174,111.731315621352,1.59054388152984
1.58,51,-171,124.115054881806,1.56411934335818
1.58,51,-168,135.66363032408,1.53934102832811
1.58,51,-165,146.105388454257,1.51768047725741
1.58,51,-162,155.223055983388,1.50040898431636
1.58,51,-159,162.868615671208,1.48869631708051
1.58,51,-156,168.975064394719,1.48365373733111
1.58,51,-153,173.562925152474,1.48633205274955
1.58,51,-150,176.740606196449,1.49768672607896
1.58,51,-147,178.699130770782,1.51852233046622
1.58,51,-144,179.702805751094,1.54942554451539
1.58,51,-141,180.077519327453,1.59068978300151
1.58,51,-138,180.197317343544,1.6422292669059
1.58,51,-135,180.468071380512,1.70348265664637
1.58,51,-132,181.305595678707,1.77332226616929
1.58,51,-129,183.106161911332,1.85001135463405
1.58,51,-126,186.210993119174,1.93126980231424
1.58,51,-123,190.871759231847,2.01448886151248
1.58,51,-120,197.22761811877,2.09706938743062
1.58,51,-117,205.302279965117,2.17678218688678
1.58,51,-114,215.022155109959,2.25202578318255
1.58,51,-111,226.248584441985,2.32190878172333
1.58,51,-108,238.813416581143,2.38616848949542
1.58,51,-105,252.548834171195,2.44499436489887
1.58,51,-102,267.306777752735,2.49883209369791
1.58,51,-99,282.967537752048,2.54821927393972
1.58,51,-96,299.439628867079,2.59367328167639
1.58,51,-93,316.653962512237,2.63563047595084
1.58,51,-90,334.555209719121,2.67442564018277
1.58,51,-87,353.092669029385,2.71029809215057
1.58,51,-84,372.212262817454,2.74341240854253
1.58,51,-81,391.850636937834,2.77388463002729
1.58,51,-78,411.931787734652,2.80180778000979
1.58,51,-75,432.366204174731,2.82727296186521
1.58,51,-72,453.052203922552,2.85038405105752
1.58,51,-69,473.878978579715,2.87126517713458
1.58,51,-66,494.730853820309,2.89006103966304
1.58,51,-63,515.492382121552,2.90693088924691
1.58,51,-60,536.054017352487,2.92203788988436
1.58,51,-57,556.318111678667,2.93553649649316
1.58,51,-54,576.204682952401,2.94756110544877
1.58,51,-51,595.655821504432,2.95821909262067
1.58,51,-48,614.636975759988,2.9675900832316
1.58,51,-45,633.133136226086,2.97573097150253
1.58,51,-42,651.13861921485,2.98268351956472
1.58,51,-39,668.640939584805,2.98847952065184
1.58,51,-36,685.601784130994,2.99313873170704
1.58,51,-33,701.940368243429,2.99665755674099
1.58,51,-30,717.525237220947,2.99899098258182
1.58,51,-27,732.179036302782,3.00003452766668
1.58,51,-24,745.697128477286,2.999614731564
1.58,51,-21,757.876525080701,2.99749484539301
1.58,51,-18,768.548284601534,2.99339756183861
1.58,51,-15,777.605766407452,2.98704097637699
1.58,51,-12,785.023139296299,2.97817991940825
1.58,51,-9,790.862260552683,2.96664391445666
1.58,51,-6,795.269590160315,2.95236542735335
1.58,51,-3,798.466441198253,2.93539645777054
1.58,51,0,800.73488581428,2.91591561882274
1.58,51,3,802.398877649639,2.89422937547696
1.58,51,6,803.79774006947,2.87076901072437
1.58,51,9,805.249404587599,2.84608029817847
1.58,51,12,807.004631985292,2.82079904534364
1.58,51,15,809.19952460079,2.79560639449506
1.58,51,18,811.818553866633,2.77116456765312
1.58,51,21,814.680576695746,2.74804392840604
1.58,51,24,817.454679114751,2.72665978074168
1.58,51,27,819.703366203556,2.70723689943606
1.58,51,30,820.942006683895,2.68981086001407
1.58,51,33,820.699392938069,2.67426251588523
1.58,51,36,818.565999434363,2.66037183784387
1.58,51,39,814.222429990096,2.64787374303374
1.58,51,42,807.447648871997,2.63650155355126
1.58,51,45,798.11212803194,2.62601070182399
1.58,51,48,786.16348479583,2.61618291781174
1.58,51,51,771.611494124429,2.60681679166771
1.58,51,54,754.516654117108,2.59771301395833
1.58,51,57,734.983334614019,2.58866180942013
1.58,51,60,713.156226829287,2.5794371718611
1.58,51,63,689.217875434976,2.5697989809657
1.58,51,66,663.385322878044,2.55950124065369
1.58,51,69,635.90475881404,2.54830321397297
1.58,51,72,607.043992019947,2.53598015428868
1.58,51,75,577.083233389195,2.52233119708267
1.58,51,78,546.305031267916,2.5071831814069
1.58,51,81,514.984311365595,2.49039021855862
1.58,51,84,483.379447202442,2.47182944970245
1.58,51,87,451.725190357632,2.45139359983537
1.58,51,90,420.228139658707,2.42898077427721
1.58,51,93,389.065211442515,2.40448165799775
1.58,51,96,358.385273994735,2.37776405233049
1.58,51,99,328.313735641781,2.34865462238917
1.58,51,102,298.959470212066,2.31691782507775
1.58,51,105,270.42310092278,2.28223212583866
1.58,51,108,242.805434283608,2.24416359736768
1.58,51,111,216.214814400997,2.20213660788241
1.58,51,114,190.772382296343,2.15540039892011
1.58,51,117,166.614631524973,2.10298900529351
1.58,51,120,143.893136997667,2.04367087543022
1.58,51,123,122.771735922306,1.97588590939604
1.58,51,126,103.421571290082,1.89767721771792
1.58,51,129,86.0140524978471,1.80665631581943
1.58,51,132,70.7106438046804,1.70012138144559
1.58,51,135,57.6460914863813,1.57561734964716
1.58,51,138,46.8985518171417,1.43246598883633
1.58,51,141,38.4402100198724,1.27477550242563
1.58,51,144,32.0782026060857,1.11527662500029
1.58,51,147,27.4380907885458,0.976949736962039
1.58,51,150,24.0699482546023,0.889607900587536
1.58,51,153,21.6937347037977,0.883302716754315
1.58,51,156,20.4807544966852,0.978012165930908
1.58,51,159,21.1301917332102,1.15880714818621
1.58,51,162,24.3947553699006,1.35922633467374
1.58,51,165,30.4096717803392,1.51350958737619
1.58,51,168,38.7600080763071,1.60604718274945
1.58,51,171,48.9138937281483,1.65061762983442
1.58,51,174,60.3978500890914,1.66382764307731
1.58,51,177,72.7966612263393,1.65776179021306
1.58,51,180,85.7271732296658,1.64034826531989
1.58,54,-180,85.7271732296658,1.69270814287972
1.58,54,-177,99.7788095495904,1.66274664125176
1.58,54,-174,113.65270956949,1.63048459685485
1.58,54,-171,127.011417509831,1.59836837636288
1.58,54,-168,139.537873625958,1.56815575630817
1.58,54,-165,150.948954140779,1.54121929355506
1.58,54,-162,161.011450034204,1.51872529764417
1.58,54,-159,169.557883076599,1.5017344953493
1.58,54,-156,176.499441266871,1.49124625995882
1.58,54,-153,181.833854411569,1.48820065018756
1.58,54,-150,185.647153401326,1.49345102241
1.58,54,-147,188.109581487024,1.50771905952145
1.58,54,-144,189.466952588745,1.53154103622103
1.58,54,-141,190.029043135776,1.56520887910458
1.58,54,-138,190.155961012683,1.60870460418335
1.58,54,-135,190.242099202336,1.66162675227819
1.58,54,-132,190.696066991699,1.72311703250977
1.58,54,-129,191.915089517084,1.79181389137256
1.58,54,-126,194.254615725095,1.86587617754462
1.58,54,-123,197.997733556305,1.94311505020973
1.58,54,-120,203.332136059851,2.02123354757316
1.58,54,-117,210.341997330814,2.09811616735337
1.58,54,-114,219.017447217921,2.17207598394764
1.58,54,-111,229.277927412001,2.2419840342661
1.58,54,-108,241.001447684296,2.30726223109236
1.58,54,-105,254.051583267077,2.36777548982625
1.58,54,-102,268.296944727794,2.42368142651842
1.58,54,-99,283.621495000547,2.47528744223369
1.58,54,-96,299.926809105846,2.5229427363885
1.58,54,-93,317.128704956282,2.56697221484103
1.58,54,-90,335.150908166562,2.60764665622943
1.58,54,-87,353.918024289714,2.64517850252493
1.58,54,-84,373.349452208844,2.67973252494722
1.58,54,-81,393.355205211995,2.71144279161598
1.58,54,-78,413.834022496301,2.74043009857972
1.58,54,-75,434.673701979132,2.76681640387906
1.58,54,-72,455.753287231418,2.79073449602058
1.58,54,-69,476.946608760305,2.81233218926297
1.58,54,-66,498.126707353175,2.83177103528368
1.58,54,-63,519.17080694108,2.84922018353146
1.58,54,-60,539.965644397912,2.86484679765278
1.58,54,-57,560.412943664673,2.87880528143913
1.58,54,-54,580.434510203084,2.89122815194416
1.58,54,-51,599.975835455507,2.90222124510644
1.58,54,-48,619.006493893084,2.91186470509114
1.58,54,-45,637.515448469077,2.920218986078
1.58,54,-42,655.500121911876,2.92733258973548
1.58,54,-39,672.949900536094,2.93324665449015
1.58,54,-36,689.827197491224,2.93799195171456
1.58,54,-33,706.051315729408,2.94157671901713
1.58,54,-30,721.490922899988,2.94396818465182
1.58,54,-27,735.969255856791,2.94507461802296
1.58,54,-24,749.282524520657,2.94473616818442
1.58,54,-21,761.227767495208,2.94273064874052
1.58,54,-18,771.633446378063,2.93879558998099
1.58,54,-15,780.385656467985,2.93266244200658
1.58,54,-12,787.445069788169,2.92409510944097
1.58,54,-9,792.853434073928,2.91292447858579
1.58,54,-6,796.731753071898,2.89907328131517
1.58,54,-3,799.27350894525,2.88257014610468
1.58,54,0,800.73488581428,2.86355574126291
1.58,54,3,801.420872264798,2.84228528122575
1.58,54,6,801.663532371951,2.81912931485794
1.58,54,9,801.788927044626,2.79456973741973
1.58,54,12,802.073097102614,2.76918353919311
1.58,54,15,802.693841553584,2.74360672698468
1.58,54,18,803.69039689508,2.71847702018746
1.58,54,21,804.943976484583,2.6943641848091
1.58,54,24,806.187023504976,2.67170546441082
1.58,54,27,807.039917641152,2.65076474200108
1.58,54,30,807.065074717769,2.63162639906153
1.58,54,33,805.823909243169,2.61422237863464
1.58,54,36,802.923443442402,2.59838016124536
1.58,54,39,798.044987643328,2.58387478622998
1.58,54,42,790.95426606549,2.57047033726907
1.58,54,45,781.497764227428,2.55794302992305
1.58,54,48,769.592365416686,2.54608573042754
1.58,54,51,755.214534074827,2.53469954704207
1.58,54,54,738.392588873609,2.52358060883634
1.58,54,57,719.202599279666,2.51250931672043
1.58,54,60,697.766384295366,2.50124636763341
1.58,54,63,674.249442838802,2.48953630610023
1.58,54,66,648.857118462407,2.47711658865139
1.58,54,69,621.828269716204,2.46372882515102
1.58,54,72,593.426622918464,2.4491289481396
1.58,54,75,563.930548475762,2.43309405651904
1.58,54,78,533.622215600786,2.41542495161891
1.58,54,81,502.777072242995,2.3959444255065
1.58,54,84,471.6545044789,2.37449191385284
1.58,54,87,440.49042691586,2.35091517647295
1.58,54,90,409.492445347691,2.32505937786921
1.58,54,93,378.838074186007,2.29675353714605
1.58,54,96,348.676240140261,2.26579400411727
1.58,54,99,319.131946662415,2.23192450332061
1.58,54,102,290.31354511383,2.19481235095196
1.58,54,105,262.321638634908,2.1540205585396
1.58,54,108,235.2583385354,2.10897549989729
1.58,54,111,209.23549621957,2.05892948309782
1.58,54,114,184.380693152401,2.00291698710607
1.58,54,117,160.840155126921,1.93970304609759
1.58,54,120,138.778242176031,1.86772399091207
1.58,54,123,118.373543525833,1.78502871160725
1.58,54,126,99.8115918775271,1.68925215649831
1.58,54,129,83.2734383047628,1.57770962241391
1.58,54,132,68.9174295656157,1.44781248354992
1.58,54,135,56.8487227846991,1.29815665270549
1.58,54,138,47.0703302999223,1.13062716434588
1.58,54,141,39.4198924534834,0.953183467306926
1.58,54,144,33.5270045701042,0.781511600393625
1.58,54,147,28.8544944697852,0.637626208319022
1.58,54,150,24.8572401550908,0.547453737943215
1.58,54,153,21.2283645022175,0.543100521530149
1.58,54,156,18.2302403248843,0.668751570357096
1.58,54,159,17.0865554738314,0.95283835426915
1.58,54,162,19.5166717955904,1.29753034166276
1.58,54,165,25.8124558557421,1.54261535797413
1.58,54,168,34.9628718666829,1.66804876054597
1.58,54,171,46.0556812169886,1.71881885594525
1.58,54,174,58.496416877313,1.72880657336254
1.58,54,177,71.8467727002223,1.71669876515533
1.58,54,180,85.7271732296658,1.69270814287972
1.58,57,-180,85.7271732296659,1.74506802043954
1.58,57,-177,100.694064630916,1.70890972630253
1.58,57,-174,115.492483986416,1.67096118611586
1.58,57,-171,129.78844664454,1.63357320288851
1.58,57,-168,143.262595488811,1.5983856457636
1.58,57,-165,155.624101301603,1.56665660381558
1.58,57,-162,166.62727525129,1.53944379015234
1.58,57,-159,176.088331646305,1.51770222261166
1.58,57,-156,183.899607720641,1.5023266213135
1.58,57,-153,190.038985592962,1.49415474436503
1.58,57,-150,194.573234845183,1.49394424589082
1.58,57,-147,197.655183366463,1.50233394685554
1.58,57,-144,199.515619633172,1.51979780101511
1.58,57,-141,200.451289043387,1.54659587986713
1.58,57,-138,200.810118100997,1.58272294979588
1.58,57,-135,200.974037476845,1.62785463949106
1.58,57,-132,201.339002026635,1.6812965732366
1.58,57,-129,202.29177860309,1.74195286344726
1.58,57,-126,204.18433357119,1.80834078893633
1.58,57,-123,207.308930501835,1.87867712711209
1.58,57,-120,211.879016992391,1.95104030482242
1.58,57,-117,218.020923485277,2.02357748083616
1.58,57,-114,225.778628804752,2.09469873936958
1.58,57,-111,235.129602911059,2.16320258140178
1.58,57,-108,246.006386880332,2.2283075138637
1.58,57,-105,258.317756048953,2.28960247296551
1.58,57,-102,271.964899932283,2.34695197101635
1.58,57,-99,286.850696182793,2.40039358470368
1.58,57,-96,302.882510161374,2.45005318235092
1.58,57,-93,319.97035457344,2.4960880342657
1.58,57,-90,338.022675406399,2.53865656323514
1.58,57,-87,356.941783464959,2.57790780420451
1.58,57,-84,376.620363459626,2.61398251234964
1.58,57,-81,396.939827633095,2.64701928166593
1.58,57,-78,417.770699623275,2.6771612839276
1.58,57,-75,438.974794070996,2.70456123723385
1.58,57,-72,460.408723038593,2.72938353586369
1.58,57,-69,481.928208008403,2.75180316814852
1.58,57,-66,503.392777926557,2.77200142489041
1.58,57,-63,524.670620602386,2.7901588026921
1.58,57,-60,545.643503417865,2.80644612502543
1.58,57,-57,566.211634367245,2.82101565534208
1.58,57,-54,586.297986768244,2.83399450437875
1.58,57,-51,605.851008448657,2.84548246121078
1.58,57,-48,624.844056341962,2.85555518419985
1.58,57,-45,643.269797581803,2.86427160128725
1.58,57,-42,661.128627500659,2.87168210422861
1.58,57,-39,678.41197135697,2.87783281455073
1.58,57,-36,695.083693621203,2.88276189331122
1.58,57,-33,711.064740590329,2.88648682655826
1.58,57,-30,726.226470047683,2.88898588541434
1.58,57,-27,740.396276805715,2.89018059190432
1.58,57,-24,753.375528470212,2.88992707366226
1.58,57,-21,764.965887586714,2.88802187722104
1.58,57,-18,774.99754340429,2.88422302981448
1.58,57,-15,783.352847953179,2.87828199434529
1.58,57,-12,789.981281388627,2.86997885572546
1.58,57,-9,794.905306082894,2.85915291249909
1.58,57,-6,798.219665279343,2.84572374072659
1.58,57,-3,800.087501319338,2.82970233296497
1.58,57,0,800.73488581428,2.81119586370308
1.58,57,3,800.44202099457,2.79041084942872
1.58,57,6,799.526657264226,2.76765698562182
1.58,57,9,798.31539840708,2.743348773636
1.58,57,12,797.102459000784,2.71799718040975
1.58,57,15,796.101833697587,2.69218270091024
1.58,57,18,795.404536733729,2.66650646012063
1.58,57,21,794.954043092728,2.6415258738599
1.58,57,24,794.54867777886,2.61769065959457
1.58,57,27,793.871064863885,2.59529775807683
1.58,57,30,792.535950962392,2.57447771081395
1.58,57,33,790.142833742824,2.5552133704087
1.58,57,36,786.32057012832,2.53738069495112
1.58,57,39,780.756298485289,2.52079581903986
1.58,57,42,773.207650101025,2.50525391660093
1.58,57,45,763.502457536643,2.49055153782888
1.58,57,48,751.532376386303,2.47649166125532
1.58,57,51,737.246022550432,2.46287660320349
1.58,57,54,720.644600157073,2.44949652303464
1.58,57,57,701.780167998032,2.43612050714619
1.58,57,60,680.754877543957,2.42249426847799
1.58,57,63,657.719104946322,2.40834499348665
1.58,57,66,632.867050486048,2.39339116978522
1.58,57,69,606.429429621899,2.3773539994557
1.58,57,72,578.663769064351,2.35996718588584
1.58,57,75,549.843296082996,2.34098295383268
1.58,57,78,520.245499757865,2.3201734765026
1.58,57,81,490.141318693794,2.29732792629566
1.58,57,84,459.785737917254,2.27224587899258
1.58,57,87,429.41044536142,2.24472778160449
1.58,57,90,399.219103358819,2.21456281856872
1.58,57,93,369.385675204699,2.18151402950382
1.58,57,96,340.056045536913,2.14530016672017
1.58,57,99,311.352852912088,2.10557365518671
1.58,57,102,283.383034727623,2.06189412871536
1.58,57,105,256.247143389003,2.01369726344036
1.58,57,108,230.04913529659,1.96025890730385
1.58,57,111,204.905162927886,1.90065486571382
1.58,57,114,180.949969312064,1.83371763119515
1.58,57,117,158.33976240112,1.75799420383468
1.58,57,120,137.250794855261,1.67171694757503
1.58,57,123,117.873042589222,1.5728178171745
1.58,57,126,100.398036687751,1.45905352839821
1.58,57,129,84.9988108732071,1.32836953980768
1.58,57,132,71.7984591164952,1.17968653810914
1.58,57,135,60.8242744715572,1.01422528674719
1.58,57,138,51.9522595254045,0.837075508698504
1.58,57,141,44.8656880453066,0.657998157302782
1.58,57,144,39.0677112923472,0.490402866435333
1.58,57,147,33.9701661802557,0.349234896123335
1.58,57,150,29.0327083977469,0.25092536281223
1.58,57,153,23.9182607416988,0.219643691309837
1.58,57,156,18.7313176494827,0.306368355012498
1.58,57,159,14.6783795992192,0.618055472088797
1.58,57,162,14.9648546866704,1.16073992861377
1.58,57,165,21.2044135071298,1.56163110349685
1.58,57,168,31.1886025946742,1.7324770968925
1.58,57,171,43.2544410201992,1.78902917058659
1.58,57,174,56.65197605778,1.79451212079025
1.58,57,177,70.931541679991,1.77573788138087
1.58,57,180,85.7271732296659,1.74506802043954
1.58,60,-180,85.7271732296658,1.79742789799938
1.58,60,-177,101.56626010878,1.75527632253126
1.58,60,-174,117.244558303898,1.71197828811776
1.58,60,-171,132.435419560952,1.66971399742377
1.58,60,-168,146.821026920484,1.62997250982725
1.58,60,-165,160.106592036253,1.59388565220848
1.58,60,-162,172.037468796339,1.56240196966341
1.58,60,-159,182.416780638333,1.53637668846652
1.58,60,-156,191.120939818399,1.51660966256018
1.58,60,-153,198.110721463443,1.50384796557945
1.58,60,-150,203.436342001688,1.49876474461982
1.58,60,-147,207.236024013379,1.50192385239276
1.58,60,-144,209.728481254869,1.51373774245351
1.58,60,-141,211.200369988465,1.53442356200331
1.58,60,-138,211.989917598494,1.56396017192013
1.58,60,-135,212.467748122016,1.60204856871833
1.58,60,-132,213.015671931228,1.64808109483635
1.58,60,-129,214.004285787634,1.7011301761859
1.58,60,-126,215.770874447155,1.75997137935109
1.58,60,-123,218.600101978149,1.82315272612046
1.58,60,-120,222.710615463214,1.88910924890149
1.58,60,-117,228.250147566763,1.95630281516946
1.58,60,-114,235.299785222959,2.02335338039919
1.58,60,-111,243.885515189227,2.08912914456626
1.58,60,-108,253.993237419871,2.15277965443038
1.58,60,-105,265.583051166581,2.21371742653675
1.58,60,-102,278.599735112713,2.27156830700742
1.58,60,-99,292.978208448883,2.32611351365449
1.58,60,-96,308.644503500247,2.37723990909742
1.58,60,-93,325.513861567269,2.42490558298726
1.58,60,-90,343.487865771597,2.46912012046991
1.58,60,-87,362.452224378477,2.509934970519
1.58,60,-84,382.276204668929,2.5474387426538
1.58,60,-81,402.814057676066,2.58175362768084
1.58,60,-78,423.908244060712,2.61303100305877
1.58,60,-75,445.393948737013,2.64144570828906
1.58,60,-72,467.104264146869,2.66718915145022
1.58,60,-69,488.87549913543,2.69046150329979
1.58,60,-66,510.552276340632,2.71146314255353
1.58,60,-63,531.992325270929,2.73038560283935
1.58,60,-60,553.071029225129,2.74740269701036
1.58,60,-57,573.685698740224,2.76266312050091
1.58,60,-54,593.759146041104,2.77628626899749
1.58,60,-51,613.241513020079,2.78836277524838
1.58,60,-48,632.108763085682,2.79896009780001
1.58,60,-45,650.356230429315,2.80813155602086
1.58,60,-42,667.98650341264,2.8159252227314
1.58,60,-39,684.99272477996,2.82238812671986
1.58,60,-36,701.340603398925,2.82756218985721
1.58,60,-33,716.954074677798,2.83147134722345
1.58,60,-30,731.709605197112,2.83410335361885
1.58,60,-27,745.442160598387,2.83539300935965
1.58,60,-24,757.962375896763,2.83521420163125
1.58,60,-21,769.080884206372,2.8333856752004
1.58,60,-18,778.633671885262,2.82969080072261
1.58,60,-15,786.502683533422,2.8239068288879
1.58,60,-12,792.628477799062,2.815836244335
1.58,60,-9,797.015230255646,2.80533300497979
1.58,60,-6,799.731021457241,2.79231948714897
1.58,60,-3,800.906748766225,2.7767944344095
1.58,60,0,800.73488581428,2.75883598614325
1.58,60,3,799.465802013714,2.73860493486897
1.58,60,6,797.396565380947,2.71635084166727
1.58,60,9,794.847194835376,2.69241845677261
1.58,60,12,792.123080845961,2.66724676402631
1.58,60,15,789.468602346555,2.64135135856472
1.58,60,18,787.022858917145,2.61528505619532
1.58,60,21,784.790516518907,2.58958073004952
1.58,60,24,782.637249887743,2.56468989799426
1.58,60,27,780.311356462273,2.54093481375229
1.58,60,30,777.484525279533,2.51848773055642
1.58,60,33,773.7994804532,2.49738064292477
1.58,60,36,768.912256509071,2.47753776913409
1.58,60,39,762.521334676139,2.45881658994986
1.58,60,42,754.382050103756,2.44104342557282
1.58,60,45,744.309710641408,2.42403484869909
1.58,60,48,732.177070432151,2.40760342557014
1.58,60,51,717.911102521183,2.39155218580403
1.58,60,54,701.491570201417,2.37566499735656
1.58,60,57,682.951279280996,2.35969946877976
1.58,60,60,662.376283295913,2.34338621026459
1.58,60,63,639.904076832992,2.32643487885528
1.58,60,66,615.718587862468,2.30854478913723
1.58,60,69,590.041895504955,2.28941667145867
1.58,60,72,563.123491195431,2.26876236289613
1.58,60,75,535.228322486745,2.24631031205513
1.58,60,78,506.624856777839,2.22180612487346
1.58,60,81,477.574170695848,2.19500845643876
1.58,60,84,448.320802151021,2.16568109436958
1.58,60,87,419.085903292368,2.1335820703869
1.58,60,90,390.063111506306,2.09845025413025
1.58,60,93,361.417453194408,2.05998938863771
1.58,60,96,333.287434892964,2.01784916814918
1.58,60,99,305.790208188511,1.97160290054297
1.58,60,102,279.029320294319,1.92072159963787
1.58,60,105,253.104136851538,1.86454501798901
1.58,60,108,228.119638981813,1.80225121833113
1.58,60,111,204.195045407063,1.73282810445123
1.58,60,114,181.469644413349,1.65505371559342
1.58,60,117,160.104314252189,1.56749862302233
1.58,60,120,140.277348243116,1.4685757466007
1.58,60,123,122.173215529231,1.35668192961639
1.58,60,126,105.962718200054,1.23049735116162
1.58,60,129,91.7730612745441,1.08951091445009
1.58,60,132,79.6480541557753,0.934768301138612
1.58,60,135,69.504318308925,0.769635101221846
1.58,60,138,61.0992821155458,0.600100381677373
1.58,60,141,54.0335170362006,0.434166178708255
1.58,60,144,47.8002893669531,0.280515579937266
1.58,60,147,41.8691715640307,0.147546695324525
1.58,60,150,35.7734493715889,0.0442422390490759
1.58,60,153,29.1870274760237,-0.015132330480382
1.58,60,156,22.0370213235237,0.00417270567229323
1.58,60,159,14.934727545884,0.213131736145632
1.58,60,162,11.2797956273364,0.880896293048412
1.58,60,165,16.6113328595008,1.56387613019381
1.58,60,168,27.451318221827,1.80084752314768
1.58,60,171,40.5220044366071,1.86174630785584
1.58,60,174,54.8710229167356,1.86100356122598
1.58,60,177,70.0536507960694,1.83486676635685
1.58,60,180,85.7271732296658,1.79742789799938
1.58,63,-180,85.7271732296657,1.84978777555921
1.58,63,-177,102.39287315904,1.80185686350535
1.58,63,-174,118.903136175234,1.75353945573061
1.58,63,-171,134.942054280433,1.70677209162456
1.58,63,-168,150.196979499255,1.66286403405874
1.58,63,-165,164.37285906032,1.62281232706404
1.58,63,-162,177.209637819416,1.58745817928368
1.58,63,-159,188.50058318032,1.55756466705123
1.58,63,-156,198.109026734354,1.53384786550993
1.58,63,-153,205.981110172629,1.51697701924637
1.58,63,-150,212.152698075359,1.50755375041735
1.58,63,-147,216.749481745707,1.50607815345856
1.58,63,-144,219.980195448918,1.51290825009312
1.58,63,-141,222.123611762907,1.5282180696813
1.58,63,-138,223.510504707947,1.55195895568352
1.58,63,-135,224.502110883499,1.58382915916356
1.58,63,-132,225.466894364549,1.62325834266245
1.58,63,-129,226.757726663324,1.66941501564506
1.58,63,-126,228.691887078437,1.72124377800601
1.58,63,-123,231.536327814416,1.77753353557591
1.58,63,-120,235.500092710529,1.83700818414199
1.58,63,-117,240.734473072036,1.89842193710506
1.58,63,-114,247.339711886952,1.96063830211731
1.58,63,-111,255.375503503301,2.0226775427662
1.58,63,-108,264.871862367404,2.08372948854608
1.58,63,-105,275.837416885663,2.14314025284351
1.58,63,-102,288.263542284455,2.20038725499962
1.58,63,-99,302.124369441965,2.2550556016228
1.58,63,-96,317.373996037921,2.30682292950365
1.58,63,-93,333.942834602365,2.3554531854908
1.58,63,-90,351.7349285811,2.40079546831063
1.58,63,-87,370.627464820458,2.44278294500401
1.58,63,-84,390.472922201461,2.48142824046681
1.58,63,-81,411.103597115152,2.51681407854605
1.58,63,-78,432.337795297153,2.54907998219617
1.58,63,-75,453.986812715765,2.57840683730384
1.58,63,-72,475.861904134852,2.60500110249339
1.58,63,-69,497.780682800293,2.62907984885546
1.58,63,-66,519.572720250202,2.65085718504909
1.58,63,-63,541.084412382941,2.67053235836824
1.58,63,-60,562.183314802951,2.68828002341401
1.58,63,-57,582.76200697593,2.70424362556675
1.58,63,-54,602.741088184776,2.7185331256247
1.58,63,-51,622.070274789415,2.73122794443565
1.58,63,-48,640.726084166556,2.7423848184481
1.58,63,-45,658.704677280746,2.75204846326406
1.58,63,-42,676.009392898301,2.76026126388036
1.58,63,-39,692.634280268935,2.76706762476595
1.58,63,-36,708.54696231303,2.7725098655271
1.58,63,-33,723.675504303319,2.77661560309175
1.58,63,-30,737.903740394243,2.77938035323382
1.58,63,-27,751.077433482673,2.78075187565615
1.58,63,-24,763.020342223481,2.78062307023711
1.58,63,-21,773.556105759106,2.77883763549734
1.58,63,-18,782.530266373513,2.77520826526973
1.58,63,-15,789.827473903474,2.7695428071448
1.58,63,-12,795.381586167716,2.76167138544835
1.58,63,-9,799.179672923048,2.75146797058507
1.58,63,-6,801.263181559404,2.73886298462597
1.58,63,-3,801.729515609814,2.72384787116426
1.58,63,0,800.73488581428,2.70647610858342
1.58,63,3,798.49567531651,2.68686607732832
1.58,63,6,795.282743235108,2.66520871915102
1.58,63,9,791.403037232839,2.64177788302118
1.58,63,12,787.166412898997,2.61693604190978
1.58,63,15,782.841645019744,2.5911258232409
1.58,63,18,778.611571395038,2.56484082038502
1.58,63,21,774.539954386556,2.53857714038259
1.58,63,24,770.560097921081,2.51277649825914
1.58,63,27,766.488282218664,2.48777710538916
1.58,63,30,762.05689052154,2.46378658124776
1.58,63,33,756.956524469229,2.44088250810911
1.58,63,36,750.875637313872,2.41903574618611
1.58,63,39,743.529813883125,2.39814448441184
1.58,63,42,734.678398420301,2.37806589228137
1.58,63,45,724.130964692528,2.35863641921433
1.58,63,48,711.748392647344,2.33967836284268
1.58,63,51,697.442852915766,2.32099613454207
1.58,63,54,681.178832403907,2.30236864740649
1.58,63,57,662.974949625693,2.28354402465998
1.58,63,60,642.904857947186,2.26424031403654
1.58,63,63,621.095396216897,2.24415264613048
1.58,63,66,597.72098521648,2.22296466875856
1.58,63,69,572.99442879906,2.20036085096998
1.58,63,72,547.155194460642,2.17603639589233
1.58,63,75,520.45665989663,2.14970257188142
1.58,63,78,493.153757142067,2.12108665022973
1.58,63,81,465.492121910327,2.08992680405748
1.58,63,84,437.699474229905,2.05596298287872
1.58,63,87,409.979652034326,2.0189248851323
1.58,63,90,382.509526006092,1.97851785710162
1.58,63,93,355.438898864694,1.93440710899715
1.58,63,96,328.893360011876,1.88620033177138
1.58,63,99,302.979862159323,1.83342884497839
1.58,63,102,277.794484853033,1.7755279558459
1.58,63,105,253.43147413713,1.711818368243
1.58,63,108,229.992260763924,1.64149239018135
1.58,63,111,207.592839493617,1.56361162530167
1.58,63,114,186.367703216615,1.47712721374755
1.58,63,117,166.468498785535,1.3809397567832
1.58,63,120,148.055719843489,1.27402282399782
1.58,63,123,131.28215086194,1.15563682368097
1.58,63,126,116.267712032066,1.02564769901723
1.58,63,129,103.067423935767,0.884919949736132
1.58,63,132,91.6379874563974,0.735668270747792
1.58,63,135,81.8132515854525,0.581566980568405
1.58,63,138,73.3011281689267,0.427439709734463
1.58,63,141,65.7094313692579,0.278569820570657
1.58,63,144,58.5956226915548,0.139981707913184
1.58,63,147,51.5242467032101,0.0162010250098833
1.58,63,150,44.1158961731818,-0.0880015650139336
1.58,63,153,36.0838999932843,-0.16497528556506
1.58,63,156,27.2793019515525,-0.19591083723625
1.58,63,159,17.8589076241217,-0.115484872402972
1.58,63,162,9.63006658535827,0.402234757726992
1.58,63,165,12.0767919823757,1.53291611505514
1.58,63,168,23.7688175466794,1.87554484155587
1.58,63,171,37.8719146182315,1.93755768812632
1.58,63,174,53.160294795579,1.92833443462625
1.58,63,177,69.2157272493053,1.8940709003278
1.58,63,180,85.7271732296657,1.84978777555921
1.58,66,-180,85.7271732296656,1.90214765311903
1.58,66,-177,103.171523020201,1.84866085540921
1.58,66,-174,120.462737436004,1.79564727812854
1.58,66,-171,137.298571118522,1.74472992421632
1.58,66,-168,153.374929896428,1.69701313438223
1.58,66,-165,168.400090191809,1.65335347733222
1.58,66,-162,182.112107530109,1.61448848031385
1.58,66,-159,194.297597971343,1.58109771823773
1.58,66,-156,204.809541714102,1.55382490226658
1.58,66,-153,213.581638044758,1.53327411803356
1.58,66,-150,220.637088607287,1.51998807900046
1.58,66,-147,226.090367844692,1.51441441307226
1.58,66,-144,230.141373764799,1.51686532667087
1.58,66,-141,233.062210208554,1.52747597836345
1.58,66,-138,235.177689025325,1.54616759714573
1.58,66,-135,236.841459526696,1.57262262349979
1.58,66,-132,238.41044313325,1.60627998118845
1.58,66,-129,240.220829540997,1.64635728869938
1.58,66,-126,242.569000797835,1.6919018703333
1.58,66,-123,245.700091170132,1.74186414495802
1.58,66,-120,249.805368120892,1.7951785035296
1.58,66,-117,255.027544562615,1.85083288807937
1.58,66,-114,261.471189962006,1.90791205139867
1.58,66,-111,269.214335297294,1.96560966717227
1.58,66,-108,278.317556060241,2.023216015752
1.58,66,-105,288.828129746501,2.08009535575673
1.58,66,-102,300.778749526043,2.13566755749601
1.58,66,-99,314.182054885652,2.18940310147463
1.58,66,-96,329.023369528632,2.24083257096671
1.58,66,-93,345.254269727933,2.28956508641294
1.58,66,-90,362.78903114215,2.33530716163331
1.58,66,-87,381.50495991605,2.37787450145219
1.58,66,-84,401.246526825468,2.41719283803049
1.58,66,-81,421.832418273903,2.45328790100556
1.58,66,-78,443.064235077865,2.48626740509655
1.58,66,-75,464.735580253428,2.51629893276851
1.58,66,-72,486.640562437509,2.54358712452095
1.58,66,-69,508.581166560574,2.5683524407724
1.58,66,-66,530.373381435579,2.59081267243125
1.58,66,-63,551.852301556524,2.61116779010686
1.58,66,-60,572.876516499442,2.62958868481112
1.58,66,-57,593.331882057329,2.64621058791206
1.58,66,-54,613.134253383485,2.66113201412855
1.58,66,-51,632.230136113122,2.6744195432488
1.58,66,-48,650.593815835879,2.68611751341766
1.58,66,-45,668.219739298203,2.69626003945848
1.58,66,-42,685.109959945032,2.70488140198984
1.58,66,-39,701.258175799816,2.71202064032872
1.58,66,-36,716.633686324467,2.71771768934427
1.58,66,-33,731.169609828674,2.72200143792076
1.58,66,-30,744.759204589073,2.72487356627944
1.58,66,-27,757.262003227491,2.72629435457985
1.58,66,-24,768.518409499777,2.72617658793839
1.58,66,-21,778.368713303048,2.72439103841936
1.58,66,-18,786.671397445693,2.72078285279148
1.58,66,-15,793.316667231415,2.71519429881998
1.58,66,-12,798.233836498874,2.70748736249959
1.58,66,-9,801.394239365356,2.69756043910784
1.58,66,-6,802.813174858568,2.68535647739708
1.58,66,-3,802.554001005888,2.67086406607362
1.58,66,0,800.73488581428,2.65411623102359
1.58,66,3,797.535062676302,2.63519250344873
1.58,66,6,793.194631347287,2.6142274530637
1.58,66,9,788.001786549021,2.59142409334341
1.58,66,12,782.264594712324,2.56706542818035
1.58,66,15,776.270199371057,2.54151466821322
1.58,66,18,770.240242747477,2.51519650790115
1.58,66,21,764.294437642821,2.48855851433339
1.58,66,24,758.432686275599,2.46202046644088
1.58,66,27,752.540250809068,2.43592578683037
1.58,66,30,746.412876451683,2.41050923109765
1.58,66,33,739.792971449903,2.38588848097745
1.58,66,36,732.406325179724,2.36207779416209
1.58,66,39,723.991423042378,2.33901431527469
1.58,66,42,714.318239473614,2.31658524268533
1.58,66,45,703.197900484236,2.29464684821513
1.58,66,48,690.487005935202,2.27303203322686
1.58,66,51,676.090290900672,2.25154866235546
1.58,66,54,659.963511007601,2.22997414637665
1.58,66,57,642.11631413498,2.20805196122091
1.58,66,60,622.613527441505,2.18549368549176
1.58,66,63,601.573167761266,2.16198712406885
1.58,66,66,579.160313028666,2.13720851430854
1.58,66,69,555.577144378489,2.11083547392051
1.58,66,72,531.050419865671,2.08255736280972
1.58,66,75,505.818081799708,2.05208072657566
1.58,66,78,480.116632459245,2.01912890167959
1.58,66,81,454.170518249802,1.98343617146875
1.58,66,84,428.18426241051,1.94473773260095
1.58,66,87,402.337648640752,1.90275705411785
1.58,66,90,376.783957049048,1.85719207871277
1.58,66,93,351.651078730314,1.80770135623801
1.58,66,96,327.045222267916,1.753890899961
1.58,66,99,303.056797205417,1.69530259049489
1.58,66,102,279.767858801091,1.63140553267359
1.58,66,105,257.26020923197,1.56159302295412
1.58,66,108,235.622905065284,1.48518973472835
1.58,66,111,214.957594052241,1.40147624645686
1.58,66,114,195.379901604039,1.30974064953929
1.58,66,117,177.015136894245,1.20936843260773
1.58,66,120,159.987046441264,1.09997948796965
1.58,66,123,144.399401349583,0.981610589168075
1.58,66,126,130.312042218236,0.854918813675569
1.58,66,129,117.715566380335,0.721348068003489
1.58,66,132,106.511397751517,0.583174241449938
1.58,66,135,96.504857768568,0.443357109818238
1.58,66,138,87.4162019560012,0.30520154129509
1.58,66,141,78.9084065649685,0.171940195949416
1.58,66,144,70.6239780986316,0.0464233152964105
1.58,66,147,62.2205747790963,-0.0689005116893721
1.58,66,150,53.3983317013277,-0.17153207958678
1.58,66,153,43.9183354068259,-0.257581292008117
1.58,66,156,33.6204744820337,-0.317797755998097
1.58,66,159,22.4765000081213,-0.321242360530565
1.58,66,162,11.0107421515575,-0.0929680521561958
1.58,66,165,7.70664861888747,1.41630885010614
1.58,66,168,20.1646289333149,1.96050196921061
1.58,66,171,35.3196572758641,2.01714573981572
1.58,66,174,51.5267279816721,1.9965486994386
1.58,66,177,68.4203303147111,1.95333343036053
1.58,66,180,85.7271732296656,1.90214765311903
1.58,69,-180,85.7271732296656,1.95450753067886
1.58,69,-177,103.899980276899,1.89569691536288
1.58,69,-174,121.918229022807,1.83830348438587
1.58,69,-171,139.495755308723,1.78357097713238
1.58,69,-168,156.340115218605,1.73237736665101
1.58,69,-165,172.166347570179,1.68543541442044
1.58,69,-162,186.714049208235,1.64338390608439
1.58,69,-159,199.766314080028,1.60682796200297
1.58,69,-156,211.168371863962,1.57634992259719
1.58,69,-153,220.843419566614,1.55250019904932
1.58,69,-150,228.803251764629,1.535773437967
1.58,69,-147,235.151792393351,1.52657414129306
1.58,69,-144,240.080396970032,1.52517593455537
1.58,69,-141,243.854747896811,1.53167967711109
1.58,69,-138,246.794277827873,1.54597741424206
1.58,69,-135,249.246290301853,1.56773107192387
1.58,69,-132,251.558154482158,1.59637518433327
1.58,69,-129,254.051797196371,1.63114982122851
1.58,69,-126,257.004735522555,1.67116235649131
1.58,69,-123,260.6407316451,1.71546667719632
1.58,69,-120,265.130884836844,1.76314058380052
1.58,69,-117,270.603254104755,1.81334139263851
1.58,69,-114,277.156916183664,1.86532756612033
1.58,69,-111,284.875521206349,1.91844708976413
1.58,69,-108,293.836145832881,1.97210512090825
1.58,69,-105,304.111173840797,2.02572911430842
1.58,69,-102,315.763312344908,2.0787476465118
1.58,69,-99,328.835900040772,2.13059140601541
1.58,69,-96,343.341810159998,2.1807151166449
1.58,69,-93,359.254270111304,2.22863149309108
1.58,69,-90,376.501976943849,2.27394526326897
1.58,69,-87,394.969447347196,2.31637710686469
1.58,69,-84,414.502152627779,2.35577224548437
1.58,69,-81,434.915056463164,2.39209372862312
1.58,69,-78,456.002835645624,2.42540414102751
1.58,69,-75,477.55023237278,2.45584080711891
1.58,69,-72,499.341462383111,2.48358906318783
1.58,69,-69,521.16818240464,2.50885680589498
1.58,69,-66,542.836035497879,2.53185220671805
1.58,69,-63,564.170110868362,2.55276568717573
1.58,69,-60,585.019676475528,2.57175699940893
1.58,69,-57,605.262233208689,2.58894824017811
1.58,69,-54,624.80637902007,2.60442340865062
1.58,69,-51,643.592387165299,2.6182343679261
1.58,69,-48,661.589130580735,2.63041175249439
1.58,69,-45,678.786343537345,2.64097783523388
1.58,69,-42,695.182321676781,2.64995730450294
1.58,69,-39,710.768787804489,2.65738203387976
1.58,69,-36,725.51618852527,2.66328763287309
1.58,69,-33,739.363361096398,2.66770251850172
1.58,69,-30,752.214760238265,2.67063336559237
1.58,69,-27,763.946299557943,2.67205266894941
1.58,69,-24,774.418102407555,2.67189377795806
1.58,69,-21,783.490265514452,2.67005614330413
1.58,69,-18,791.037151916352,2.66641971206747
1.58,69,-15,796.957070428414,2.6608640411252
1.58,69,-12,801.176870482479,2.65328619200419
1.58,69,-9,803.65371443346,2.64361245165672
1.58,69,-6,804.37770925596,2.63180199109037
1.58,69,-3,803.378340879317,2.61784444251662
1.58,69,0,800.73488581428,2.60175635346376
1.58,69,3,796.587327670643,2.58358213103085
1.58,69,6,791.141539958278,2.56340286814737
1.58,69,9,784.662226756955,2.54135199093325
1.58,69,12,777.450022741533,2.51763172439711
1.58,69,15,769.804515518578,2.49252127642215
1.58,69,18,761.980720259369,2.46636842054864
1.58,69,21,754.150106959128,2.4395613870105
1.58,69,24,746.376740917896,2.41248586922797
1.58,69,27,738.614375194237,2.38547873466775
1.58,69,30,730.723463739862,2.35879191493019
1.58,69,33,722.501164840378,2.33257571334149
1.58,69,36,713.714928245332,2.30688271310419
1.58,69,39,704.131709972373,2.28168587992115
1.58,69,42,693.538805014252,2.25690082932366
1.58,69,45,681.756456517586,2.23240347395352
1.58,69,48,668.644968827673,2.20803879260223
1.58,69,51,654.10939851615,2.18362158151736
1.58,69,54,638.103579059344,2.15893347988009
1.58,69,57,620.633419023702,2.13372131516615
1.58,69,60,601.758168589187,2.10770025538521
1.58,69,63,581.58816785007,2.08056257408357
1.58,69,66,560.2783252234,2.05199032462133
1.58,69,69,538.017701108343,2.02166874592094
1.58,69,72,515.016544617511,1.989297036926
1.58,69,75,491.492622055689,1.95459400368679
1.58,69,78,467.658631449152,1.91729751312887
1.58,69,81,443.712062134211,1.87715816662928
1.58,69,84,419.828254430336,1.83392874061946
1.58,69,87,396.156842415631,1.7873515273336
1.58,69,90,372.821345931162,1.73714574594531
1.58,69,93,349.921447185148,1.68299685425633
1.58,69,96,327.537397289701,1.62454915556206
1.58,69,99,305.735960641222,1.56140287383919
1.58,69,102,284.577229867833,1.49311710977701
1.58,69,105,264.121475656774,1.41922088529802
1.58,69,108,244.43494031584,1.33923569101267
1.58,69,111,225.593220997719,1.25271409294817
1.58,69,114,207.680765868545,1.15929912297342
1.58,69,117,190.785215994113,1.05880699202957
1.58,69,120,174.986054361604,0.951329535378291
1.58,69,123,160.338364305008,0.8373419146175
1.58,69,126,146.854308784153,0.717787437284878
1.58,69,129,134.486681183791,0.594101739176595
1.58,69,132,123.119611905127,0.468143674433577
1.58,69,135,112.570317862656,0.342027211448609
1.58,69,138,102.602555858489,0.217890551071375
1.58,69,141,92.9484868227328,0.0976736522245135
1.58,69,144,83.3331102929292,-0.017016539617348
1.58,69,147,73.4956857461917,-0.124888018703134
1.58,69,150,63.2051996123131,-0.224725817747288
1.58,69,153,52.2703000262123,-0.314760027486904
1.58,69,156,40.5471546477848,-0.390931426930217
1.58,69,159,27.9548906965982,-0.440364390528392
1.58,69,162,14.5661816132347,-0.397378230192368
1.58,69,165,3.98954598328544,0.968119642552634
1.58,69,168,16.6725310340926,2.06258717769057
1.58,69,171,32.8829153391794,2.1012849673927
1.58,69,174,49.9773987248018,2.06567623369736
1.58,69,177,67.6699379926597,2.01263501809301
1.58,69,180,85.7271732296656,1.95450753067886
1.58,72,-180,85.7271732296656,2.0068674082387
1.58,72,-177,104.576175516971,1.94297280860935
1.58,72,-174,123.26485456995,1.88150903056
1.58,72,-171,141.525020113526,1.82327970295635
1.58,72,-168,159.078637878673,1.76891839187354
1.58,72,-165,175.650718587374,1.71899260149739
1.58,72,-162,190.985681276381,1.67404809855314
1.58,72,-159,204.866113985208,1.63462448059171
1.58,72,-156,217.131976261615,1.60125273725433
1.58,72,-153,227.697724893638,1.5744392764931
1.58,72,-150,236.564717419201,1.55463898290137
1.58,72,-147,243.826558386713,1.5422196217972
1.58,72,-144,249.665749719635,1.53742068447413
1.58,72,-141,254.341046077255,1.54031157470583
1.58,72,-138,258.166270710005,1.55075662881105
1.58,72,-135,261.48293450039,1.56839678193562
1.58,72,-132,264.63057017905,1.59265773972056
1.58,72,-129,267.919763100203,1.62279019380027
1.58,72,-126,271.612828706547,1.65793856276089
1.58,72,-123,275.915567775632,1.69722385775981
1.58,72,-120,280.980730381771,1.73981908714165
1.58,72,-117,286.920629946814,1.78499686230326
1.58,72,-114,293.823962027919,1.83213883592342
1.58,72,-111,301.771162149021,1.88071063360037
1.58,72,-108,310.843713077076,1.93021755599116
1.58,72,-105,321.125138348962,1.98016105340743
1.58,72,-102,332.694124445045,2.03001298920599
1.58,72,-99,345.612452956733,2.07921622161998
1.58,72,-96,359.911601085963,2.12720979958676
1.58,72,-93,375.581769363291,2.17346893486127
1.58,72,-90,392.565931270193,2.21754649460666
1.58,72,-87,410.759813732513,2.2591044788672
1.58,72,-84,430.017144655178,2.29792906321754
1.58,72,-81,450.158501709681,2.33392854674926
1.58,72,-78,470.981807701714,2.36711771210857
1.58,72,-75,492.272810583929,2.39759383552393
1.58,72,-72,513.814499406294,2.42550932140703
1.58,72,-69,535.39508041479,2.45104470417234
1.58,72,-66,556.814669130045,2.4743844872563
1.58,72,-63,577.891110320507,2.49569745379784
1.58,72,-60,598.465251674739,2.5151226890466
1.58,72,-57,618.405590615772,2.5327622983047
1.58,72,-54,637.611626813973,2.54868130881838
1.58,72,-51,656.01474316154,2.5629142771221
1.58,72,-48,673.575318337772,2.57547674903213
1.58,72,-45,690.275285650898,2.58637833649184
1.58,72,-42,706.106512747683,2.59563340572028
1.58,72,-39,721.056878737488,2.60326579709297
1.58,72,-36,735.097177023931,2.60930581931938
1.58,72,-33,748.172313423754,2.61378054235436
1.58,72,-30,760.199313845008,2.61670112130359
1.58,72,-27,771.072584545404,2.61805230669152
1.58,72,-24,780.674461230257,2.61778867336529
1.58,72,-21,788.887405775405,2.61583957323222
1.58,72,-18,795.604083593732,2.61212141389668
1.58,72,-15,800.733115338878,2.60655302451912
1.58,72,-12,804.200876223256,2.59906879741702
1.58,72,-9,805.952116059473,2.58962546417425
1.58,72,-6,805.953185491626,2.57820133744797
1.58,72,-3,804.200610825924,2.56479042376953
1.58,72,0,800.73488581428,2.54939647590393
1.58,72,3,795.655756000491,2.53203257580924
1.58,72,6,789.132563680449,2.51272978024
1.58,72,9,781.402839505379,2.49155428182247
1.58,72,12,772.754891666804,2.46862787695192
1.58,72,15,763.495070357988,2.44414321698888
1.58,72,18,753.905946675951,2.4183651542914
1.58,72,21,744.205553704633,2.39161330113736
1.58,72,24,734.518234819242,2.36422770551047
1.58,72,27,724.864111669823,2.33652642068428
1.58,72,30,715.168154443134,2.30876719421684
1.58,72,33,705.283961583061,2.28112357217603
1.58,72,36,695.024081315752,2.2536794402221
1.58,72,39,684.188980861538,2.22643879797128
1.58,72,42,672.589736048759,2.19934292123077
1.58,72,45,660.063270589414,2.17228666412062
1.58,72,48,646.481727364114,2.14512876626435
1.58,72,51,631.758445507763,2.11769547872864
1.58,72,54,615.852280287775,2.08978036563034
1.58,72,57,598.770559367377,2.06114449288331
1.58,72,60,580.569807488071,2.03152034777447
1.58,72,63,561.353061543373,2.00062062500673
1.58,72,66,541.263141109173,1.9681506428767
1.58,72,69,520.472234757887,1.93382154331499
1.58,72,72,499.169106780874,1.89736099765211
1.58,72,75,477.545762080192,1.85851881476216
1.58,72,78,455.785410239806,1.81706624520497
1.58,72,81,434.053135046202,1.77278939337479
1.58,72,84,412.490011466495,1.72547852794795
1.58,72,87,391.210744079107,1.67491590206888
1.58,72,90,370.30439802675,1.62086484647306
1.58,72,93,349.837528474643,1.56306248555436
1.58,72,96,329.858960738559,1.50121772489739
1.58,72,99,310.405532721054,1.43501551932122
1.58,72,102,291.508163062159,1.36412814396303
1.58,72,105,273.197562372432,1.28823435308216
1.58,72,108,255.508746003862,1.2070477184682
1.58,72,111,238.483316535926,1.12035555179415
1.58,72,114,222.168429628503,1.02806883352028
1.58,72,117,206.61164016647,0.93028069627907
1.58,72,120,191.851591408785,0.827325967029901
1.58,72,123,177.905724625112,0.71982805529991
1.58,72,126,164.757535011207,0.608714926441015
1.58,72,129,152.346790908468,0.495187196758802
1.58,72,132,140.565924429538,0.380631627384835
1.58,72,135,129.264226046333,0.266490994399373
1.58,72,138,118.259017002153,0.154119131875673
1.58,72,141,107.350773209298,0.0446586409257998
1.58,72,144,96.3383577849154,-0.0610255332547387
1.58,72,147,85.0314147246051,-0.162334923455549
1.58,72,150,73.2589120806777,-0.258831145966182
1.58,72,153,60.8746687071314,-0.349985988096725
1.58,72,156,47.7616784035951,-0.434582069403762
1.58,72,159,33.8374930624656,-0.50873653249282
1.58,72,162,19.0681413111446,-0.554619675758701
1.58,72,165,3.74881469574444,-0.238433553454953
1.58,72,168,13.3472616367706,2.19461299314817
1.58,72,171,30.5818171480457,2.19082303531652
1.58,72,174,48.5194466174213,2.13572777254882
1.58,72,177,66.9669329918095,2.07195373153964
1.58,72,180,85.7271732296656,2.0068674082387
1.58,75,-180,85.7271732296657,2.05922728579852
1.58,75,-177,105.198207288615,1.99049548434914
1.58,75,-174,124.498262376927,1.92526417219063
1.58,75,-171,143.378469634877,1.86384144765416
1.58,75,-168,161.577578070979,1.80660149892636
1.58,75,-165,178.833494031081,1.75396652675403
1.58,75,-162,194.898533599697,1.70639532198543
1.58,75,-159,209.557654642211,1.66437035341932
1.58,75,-156,222.647932902068,1.62837993561573
1.58,75,-153,234.076771399284,1.598894029871
1.58,75,-150,243.835965180419,1.57633330386893
1.58,75,-147,252.008867405061,1.5610320491008
1.58,75,-144,258.768534190131,1.55319704608148
1.58,75,-141,264.365851501997,1.55286685028151
1.58,75,-138,269.108223067561,1.559879006478
1.58,75,-135,273.331280622327,1.57385514352968
1.58,75,-132,277.367920905683,1.59421360093128
1.58,75,-129,281.520188678008,1.62021420638707
1.58,75,-126,286.039437142623,1.65103015392719
1.58,75,-123,291.118429886354,1.68583111627698
1.58,75,-120,296.895917186259,1.72385548217649
1.58,75,-117,303.470768362754,1.76445218885984
1.58,75,-114,310.920267663736,1.80708347011535
1.58,75,-111,319.316551003754,1.85129380355508
1.58,75,-108,328.736428663227,1.8966611488297
1.58,75,-105,339.262363539841,1.9427503835049
1.58,75,-102,350.975216131269,1.98908538572447
1.58,75,-99,363.941651697451,2.03514782490119
1.58,75,-96,378.200242854713,2.08040092093168
1.58,75,-93,393.750108358958,2.12432869217418
1.58,75,-90,410.544660097591,2.16647787792394
1.58,75,-87,428.491268511099,2.20649118688931
1.58,75,-84,447.456062145788,2.24412522661633
1.58,75,-81,467.272113530882,2.27925189515651
1.58,75,-78,487.749058741919,2.31184607537219
1.58,75,-75,508.682589881197,2.34196433116876
1.58,75,-72,529.862949226642,2.36971931733607
1.58,75,-69,551.082246767319,2.39525368946214
1.58,75,-66,572.140902526691,2.41871626256378
1.58,75,-63,592.853659421063,2.44024242684891
1.58,75,-60,613.055396351945,2.45994037043056
1.58,75,-57,632.606475368295,2.47788421502723
1.58,75,-54,651.396770847873,2.4941144513743
1.58,75,-51,669.347122508166,2.50864494369845
1.58,75,-48,686.406997935825,2.52147440776298
1.58,75,-45,702.547796745728,2.53259906946221
1.58,75,-42,717.752398589578,2.54202272473836
1.58,75,-39,732.002895105957,2.54976107739392
1.58,75,-36,745.269398898164,2.55583907291188
1.58,75,-33,757.502861073807,2.56028246954229
1.58,75,-30,768.633733856653,2.56310714307516
1.58,75,-27,778.576379769268,2.5643106097221
1.58,75,-24,787.237118287749,2.56386943514241
1.58,75,-21,794.522630023229,2.56174382473104
1.58,75,-18,800.34572124972,2.55788772068101
1.58,75,-15,804.62716208234,2.55226041274599
1.58,75,-12,807.294744873082,2.54483499991291
1.58,75,-9,808.282759999492,2.53560035908586
1.58,75,-6,807.53571580773,2.52455612260475
1.58,75,-3,805.018829945557,2.51170343328477
1.58,75,0,800.73488581428,2.4970365983441
1.58,75,3,794.743536335786,2.48054116071441
1.58,75,6,787.176496527786,2.46220200875689
1.58,75,9,778.241574837512,2.4420214427488
1.58,75,12,768.210718757522,2.4200427801251
1.58,75,15,757.391739267485,2.39637166984443
1.58,75,18,746.088696200814,2.37118634679245
1.58,75,21,734.560087903802,2.34473054491079
1.58,75,24,722.985223354805,2.317288354038
1.58,75,27,711.446766522112,2.2891469305618
1.58,75,30,699.932307397053,2.26055760575692
1.58,75,33,688.352084234841,2.23170617605701
1.58,75,36,676.566007750928,2.20269888073723
1.58,75,39,664.412244503738,2.17356410730245
1.58,75,42,651.731536159097,2.14426449362753
1.58,75,45,638.384700901283,2.11471206136637
1.58,75,48,624.26368430952,2.08478050536522
1.58,75,51,609.298022459357,2.05431227989091
1.58,75,54,593.458525887762,2.02312162103492
1.58,75,57,576.759008338581,1.99099661163225
1.58,75,60,559.255831535697,1.95770336153403
1.58,75,63,541.044549294996,1.92299382728682
1.58,75,66,522.25318268321,1.88661670613855
1.58,75,69,503.03240568327,1.84832915585957
1.58,75,72,483.543746932236,1.80790639316535
1.58,75,75,463.947447918122,1.76514662972162
1.58,75,78,444.391681161928,1.71987006260367
1.58,75,81,425.00445203702,1.67191227785664
1.58,75,84,405.888861473936,1.62111393421733
1.58,75,87,387.121724797679,1.56730954918297
1.58,75,90,368.755021051515,1.51031840170981
1.58,75,93,350.819388988491,1.44994004804358
1.58,75,96,333.328877008711,1.3859560024849
1.58,75,99,316.286289235245,1.3181381572153
1.58,75,102,299.688606549766,1.24626384073724
1.58,75,105,283.53198798622,1.17013716145092
1.58,75,108,267.815748317987,1.08961626261502
1.58,75,111,252.544545410362,1.00464586140101
1.58,75,114,237.72796775135,0.915293394358677
1.58,75,117,223.376978024638,0.821784910003751
1.58,75,120,209.497341127991,0.724533834501001
1.58,75,123,196.081142820051,0.624153103009629
1.58,75,126,183.098443123651,0.521440857300109
1.58,75,129,170.491516034686,0.417333745111441
1.58,75,132,158.173623740324,0.312829954323467
1.58,75,135,146.032890776227,0.208893958177
1.58,75,138,133.94013756292,0.106362125151666
1.58,75,141,121.758334734271,0.00586912990728246
1.58,75,144,109.351247759013,-0.0921910805628751
1.58,75,147,96.5898263187794,-0.187666460937271
1.58,75,150,83.3563319321583,-0.280618101950609
1.58,75,153,69.547295265634,-0.371280757746635
1.58,75,156,55.0766594499747,-0.460051870944901
1.58,75,159,39.8799310063085,-0.547629950956605
1.58,75,162,23.9193231397951,-0.636027692580425
1.58,75,165,7.19102392881224,-0.744923115088832
1.58,75,168,10.2919706711589,2.38199918168674
1.58,75,171,28.4391093459516,2.28663409174145
1.58,75,174,47.1599790945532,2.20668947194331
1.58,75,177,66.313588267817,2.13126499118697
1.58,75,180,85.7271732296657,2.05922728579852
1.58,78,-180,85.7271732296657,2.11158716335835
1.58,78,-177,105.764349288032,2.03827111007203
1.58,78,-174,125.614531417144,1.96956852393847
1.58,78,-171,145.048960357901,1.90524237160558
1.58,78,-168,163.825111351828,1.84539518475491
1.58,78,-165,181.696367617156,1.79030475311931
1.58,78,-162,198.425762676429,1.74034883650013
1.58,78,-159,213.803342363523,1.69596029786277
1.58,78,-156,227.665629816445,1.65759190073644
1.58,78,-153,239.914701370001,1.6256825744946
1.58,78,-150,250.533773064038,1.60062175352346
1.58,78,-147,259.596138270091,1.58271081384577
1.58,78,-144,267.264876326367,1.57212278023566
1.58,78,-141,273.7819779837,1.56886420412221
1.58,78,-138,279.447322905865,1.57274624925296
1.58,78,-135,284.590071129502,1.58337429001275
1.58,78,-132,289.537051906197,1.60016464156634
1.58,78,-129,294.583991995455,1.6223917090335
1.58,78,-126,299.975241915746,1.64925937655449
1.58,78,-123,305.895722965358,1.67998054744149
1.58,78,-120,312.475545552865,1.71384378279892
1.58,78,-117,319.80425400236,1.75024947709658
1.58,78,-114,327.949230774773,1.7887088079274
1.58,78,-111,336.972256885792,1.82881166891778
1.58,78,-108,346.939567979589,1.87017925211168
1.58,78,-105,357.923288654246,1.91241974043288
1.58,78,-102,369.994922009747,1.95510183954667
1.58,78,-99,383.213756001014,1.99775299857373
1.58,78,-96,397.614068760578,2.03988037075254
1.58,78,-93,413.19473584785,2.08100584342274
1.58,78,-90,429.913557070564,2.12070370437854
1.58,78,-87,447.686921882511,2.15863089136119
1.58,78,-84,466.393957668902,2.19454387413543
1.58,78,-81,485.883479512445,2.22830090396123
1.58,78,-78,505.981975774095,2.25985189690871
1.58,78,-75,526.501334643556,2.28921991572966
1.58,78,-72,547.245727820763,2.31647837542041
1.58,78,-69,568.017716395887,2.34172746074488
1.58,78,-66,588.624019548506,2.36507246656847
1.58,78,-63,608.881393117515,2.3866061601642
1.58,78,-60,628.622723546698,2.40639678175344
1.58,78,-57,647.702885262052,2.42448273035767
1.58,78,-54,666.003357990165,2.44087413219294
1.58,78,-51,683.434314458481,2.45556033472649
1.58,78,-48,699.933080032971,2.46852111883855
1.58,78,-45,715.458598661128,2.47973847074866
1.58,78,-42,729.982658349205,2.48920554869579
1.58,78,-39,743.479759248481,2.49693029972195
1.58,78,-36,755.91816180716,2.50293294810024
1.58,78,-33,767.254439082101,2.50723876274307
1.58,78,-30,777.432704528931,2.50986928566588
1.58,78,-27,786.387962435693,2.51083578315699
1.58,78,-24,794.051445255955,2.51013772535449
1.58,78,-21,800.355113368524,2.50776692451436
1.58,78,-18,805.23311962641,2.50371543572546
1.58,78,-15,808.619831153358,2.49798350326722
1.58,78,-12,810.446244810101,2.49058352836257
1.58,78,-9,810.638333977825,2.48153746559889
1.58,78,-6,809.121146551799,2.47086775889948
1.58,78,-3,805.830965559887,2.45858489584732
1.58,78,0,800.73488581428,2.44467672078427
1.58,78,3,793.853741919342,2.42910492760018
1.58,78,6,785.281748817215,2.41181240085265
1.58,78,9,775.195622660913,2.39274172010835
1.58,78,12,763.847861486876,2.3718611386209
1.58,78,15,751.54294232265,2.34919093372143
1.58,78,18,738.60025225584,2.32482149470506
1.58,78,21,725.311904973203,2.29891585645947
1.58,78,24,711.905539598746,2.27169373730353
1.58,78,27,698.520853500543,2.24340026109629
1.58,78,30,685.204378728999,2.21426796209713
1.58,78,33,671.921531237096,2.18448281087335
1.58,78,36,658.580422579435,2.1541627783678
1.58,78,39,645.059934497672,2.12335208694168
1.58,78,42,631.235407500318,2.09202854691327
1.58,78,45,616.998007206678,2.06011784036606
1.58,78,48,602.26687433636,2.02750834571209
1.58,78,51,586.995284200353,1.9940624074757
1.58,78,54,571.172752429705,1.95962318047032
1.58,78,57,554.824596158066,1.92401869411632
1.58,78,60,538.009573902994,1.88706570438273
1.58,78,63,520.8155415942,1.84857524339794
1.58,78,66,503.352919414225,1.80836020490678
1.58,78,69,485.746127796397,1.76624369537979
1.58,78,72,468.123733135045,1.72206593894652
1.58,78,75,450.608507456812,1.67568756769834
1.58,78,78,433.308728648706,1.62698806797482
1.58,78,81,416.311788867552,1.5758595975079
1.58,78,84,399.680658905093,1.52219781600068
1.58,78,87,383.453178061371,1.46589231432833
1.58,78,90,367.643693871302,1.40681942427126
1.58,78,93,352.246370694368,1.34483966544268
1.58,78,96,337.239512479251,1.27980111394735
1.58,78,99,322.59039877759,1.21154894863916
1.58,78,102,308.260271912055,1.13994066746272
1.58,78,105,294.209128303676,1.0648660680856
1.58,78,108,280.399840607102,0.986270877589255
1.58,78,111,266.800962279477,0.904182525453041
1.58,78,114,253.387513694584,0.818735630566107
1.58,78,117,240.139286582801,0.730193263135025
1.58,78,120,227.036787846894,0.638958418630932
1.58,78,123,214.055735894787,0.545569404184774
1.58,78,126,201.16169275242,0.450674141338094
1.58,78,129,188.306576995007,0.354982308361911
1.58,78,132,175.42824397789,0.259200059316808
1.58,78,135,162.453197334394,0.163957654582342
1.58,78,138,149.301323565637,0.0697430990662036
1.58,78,141,135.890923032399,-0.0231469396327681
1.58,78,144,122.142564931832,-0.114634220466304
1.58,78,147,107.981248862686,-0.204870017789828
1.58,78,150,93.3374642716403,-0.294252653767516
1.58,78,153,78.1484313823291,-0.383507667511845
1.58,78,156,62.3608524171729,-0.473990703612217
1.58,78,159,45.9363296714965,-0.568826711178457
1.58,78,162,28.8630630267778,-0.67848709167567
1.58,78,165,11.2290157518703,-0.88076097965163
1.58,78,168,7.73090753422509,-3.60842535708547
1.58,78,171,26.4801246586324,-3.8936566991065
1.58,78,174,45.9059567902599,-4.00466789582502
1.58,78,177,65.7120523779083,-4.09264372724798
1.58,78,180,85.7271732296657,-4.17159814382123
1.58,81,-180,85.7271732296656,2.16394704091819
1.58,81,-177,106.273056712827,2.0863051042979
1.58,81,-174,126.610195042636,2.01442110788259
1.58,81,-171,146.53016031244,1.9474693710601
1.58,81,-168,165.810628339648,1.88527079048779
1.58,81,-165,184.222649990484,1.82796013389599
1.58,81,-162,201.542503454677,1.77583960647571
1.58,81,-159,217.56787475765,1.72929886904465
1.58,81,-156,232.137053994278,1.68876064019813
1.58,81,-153,245.148671121921,1.65463627614294
1.58,81,-150,256.578644940687,1.62728489199397
1.58,81,-147,266.49078434639,1.60697359719566
1.58,81,-144,275.038031698111,1.59383914418815
1.58,81,-141,282.452692052276,1.58785413342952
1.58,81,-138,289.026001127883,1.58880385126217
1.58,81,-135,295.07971217499,1.59628165284504
1.58,81,-132,300.934484237506,1.60970971313657
1.58,81,-129,306.881042596475,1.62838670628076
1.58,81,-126,313.159742885352,1.65155541553631
1.58,81,-123,319.952120325878,1.67847498766444
1.58,81,-120,327.384758851987,1.7084791639509
1.58,81,-117,335.542480378713,1.74100592003411
1.58,81,-114,344.485628287547,1.77559398039993
1.58,81,-111,354.265799682103,1.81185292950689
1.58,81,-108,364.935705569251,1.84942130689299
1.58,81,-105,376.5512423314,1.88792874159015
1.58,81,-102,389.16644237013,1.92697430863297
1.58,81,-99,402.823934793368,1.96612618026814
1.58,81,-96,417.544395633541,2.00494017100706
1.58,81,-93,433.318120307832,2.04298940353464
1.58,81,-90,450.100627868849,2.07989540992783
1.58,81,-87,467.812677257615,2.11535244019428
1.58,81,-84,486.343816025478,2.14914027629722
1.58,81,-81,505.557948984154,2.18112470298661
1.58,81,-78,525.299455753107,2.21124764036838
1.58,81,-75,545.398901553453,2.23951032339953
1.58,81,-72,565.678066088074,2.26595308349487
1.58,81,-69,585.954574832612,2.29063482177915
1.58,81,-66,606.046668737419,2.31361464891996
1.58,81,-63,625.778531247239,2.33493761411169
1.58,81,-60,644.986167966816,2.35462591590612
1.58,81,-57,663.523269397128,2.37267633085271
1.58,81,-54,681.266008704559,2.389063709683
1.58,81,-51,698.11556097392,2.40374932387821
1.58,81,-48,713.997422989002,2.41669182250975
1.58,81,-45,728.857353036773,2.42785792095753
1.58,81,-42,742.654737236597,2.43723001594174
1.58,81,-39,755.355064282237,2.44480885121382
1.58,81,-36,766.923557288468,2.45061097489828
1.58,81,-33,777.321611605778,2.45466252713798
1.58,81,-30,786.506566005906,2.45699218850166
1.58,81,-27,794.43389102702,2.457626329037
1.58,81,-24,801.059741165565,2.45658834896488
1.58,81,-21,806.341573630693,2.45390224557163
1.58,81,-18,810.235438892278,2.44959834027458
1.58,81,-15,812.6903555052,2.44371773217216
1.58,81,-12,813.642208769078,2.43631205005095
1.58,81,-9,813.01097927799,2.42743658896285
1.58,81,-6,810.705084156059,2.4171374801507
1.58,81,-3,806.634938757005,2.4054362395597
1.58,81,0,800.73488581428,2.39231684322444
1.58,81,3,792.989313156143,2.37772065138201
1.58,81,6,783.456267451484,2.36155286760523
1.58,81,9,772.281189835705,2.34370116328661
1.58,81,12,759.695039283511,2.3240634029595
1.58,81,15,745.99478374784,2.30257805487656
1.58,81,18,731.509052006479,2.27924892186854
1.58,81,21,716.556174560362,2.25415623832482
1.58,81,24,701.404354626098,2.22744941080918
1.58,81,27,686.24326374483,2.19932214431493
1.58,81,30,671.17295372288,2.16997652726171
1.58,81,33,656.210821032861,2.13958632772226
1.58,81,36,641.312407753756,2.10826949917007
1.58,81,39,626.398866535152,2.07607585812269
1.58,81,42,611.383733252225,2.04299013793369
1.58,81,45,596.193754934057,2.00894582456764
1.58,81,48,580.781610082638,1.97384312279833
1.58,81,51,565.131074386226,1.937565256404
1.58,81,54,549.256704984731,1.89998995858424
1.58,81,57,533.200340353839,1.86099590839179
1.58,81,60,517.026079983636,1.82046580467589
1.58,81,63,500.814544602077,1.77828825907733
1.58,81,66,484.656613498713,1.73435996649292
1.58,81,69,468.646677810839,1.68858833913245
1.58,81,72,452.875639120816,1.64089369509351
1.58,81,75,437.424176043444,1.59120966532742
1.58,81,78,422.356967490071,1.53948084205111
1.58,81,81,407.718491779669,1.48565761157846
1.58,81,84,393.530750798713,1.42968917411887
1.58,81,87,379.792927189503,1.37151653034306
1.58,81,90,366.482712487259,1.31106745358931
1.58,81,93,353.558929200591,1.24825515651658
1.58,81,96,340.965102085918,1.18298169988931
1.58,81,99,328.633727659206,1.11514645838432
1.58,81,102,316.491034475593,1.04465935942212
1.58,81,105,304.461946171767,0.971458171885479
1.58,81,108,292.474767487085,0.895528685514527
1.58,81,111,280.464918492753,0.816925959747006
1.58,81,114,268.37700560453,0.735793815900179
1.58,81,117,256.16477074041,0.652378572866433
1.58,81,120,243.789008617708,0.567032216944038
1.58,81,123,231.214215602556,0.480200502549707
1.58,81,126,218.405223690233,0.392393496465622
1.58,81,129,205.325082471968,0.304139758785186
1.58,81,132,191.934886765377,0.215929728686024
1.58,81,135,178.195331953989,0.128157271951853
1.58,81,138,164.068976179954,0.0410690623735824
1.58,81,141,149.52194183097,-0.0452714678557298
1.58,81,144,134.524244489888,-0.131005679726505
1.58,81,147,119.048848430498,-0.21649810001139
1.58,81,150,103.070432624958,-0.302382693239968
1.58,81,153,86.5653069723813,-0.389713671664221
1.58,81,156,69.5139373403534,-0.480440490699037
1.58,81,159,51.9080282083352,-0.579024687445884
1.58,81,162,33.7707029662978,-0.699614018623728
1.58,81,165,15.2886080847949,-0.926524856170004
1.58,81,168,6.15218737344426,-3.14593838264084
1.58,81,171,24.7323335272065,-3.783081884487
1.58,81,174,44.7640610249231,-3.93205282391518
1.58,81,177,65.1643349412236,-4.03343158208048
1.58,81,180,85.7271732296656,-4.1192382662614
1.58,84,-180,85.7271732296656,2.21630691847801
1.58,84,-177,106.722971722238,2.13460216769196
1.58,84,-174,127.482262031897,2.05982039179692
1.58,84,-171,147.816604624361,1.99051000133644
1.58,84,-168,167.524853174321,1.9262021904885
1.58,84,-165,186.397489457822,1.86689018136377
1.58,84,-162,204.226242231644,1.8128053135222
1.58,84,-159,220.818821830055,1.76429915981838
1.58,84,-156,236.017632864408,1.72176832795307
1.58,84,-153,249.719985177155,1.68559843506676
1.58,84,-150,261.896229790853,1.65611778046468
1.58,84,-147,272.601851054587,1.63355691171546
1.58,84,-144,281.980103927803,1.6180134742833
1.58,84,-141,290.253308421585,1.60942449152818
1.58,84,-138,297.703157673227,1.60755071397483
1.58,84,-135,304.642885780769,1.61197891082048
1.58,84,-132,311.386230152337,1.62214652295612
1.58,84,-129,318.219128181437,1.6373882430228
1.58,84,-126,325.379526533134,1.65699700413785
1.58,84,-123,333.048548540123,1.68028572315796
1.58,84,-120,341.353172513611,1.70663454462977
1.58,84,-117,350.377566642021,1.7355128005564
1.58,84,-114,360.178322116763,1.76647364294162
1.58,84,-111,370.798557743495,1.79912831178601
1.58,84,-108,382.277115873703,1.83311254375358
1.58,84,-105,394.651215616064,1.86805809937553
1.58,84,-102,407.95317561254,1.9035785016593
1.58,84,-99,422.203467404122,1.93927195210401
1.58,84,-96,437.403006599187,1.97473843999477
1.58,84,-93,453.52720756043,2.00960417262856
1.58,84,-90,470.523239793325,2.04354546957175
1.58,84,-87,488.310642944253,2.07630585738883
1.58,84,-84,506.784464242257,2.10770311127052
1.58,84,-81,525.819649514519,2.13762606592129
1.58,84,-78,545.275551687502,2.16602321880226
1.58,84,-75,564.999921774503,2.19288618761913
1.58,84,-72,584.832340042469,2.21823118925812
1.58,84,-69,604.607484651569,2.24208130143867
1.58,84,-66,624.158775337749,2.2644516930375
1.58,84,-63,643.32274513279,2.28533941176876
1.58,84,-60,661.944070238755,2.3047186846289
1.58,84,-57,679.880695322015,2.32254194798604
1.58,84,-54,697.008130225719,2.33874596231388
1.58,84,-51,713.221937024833,2.35326147554229
1.58,84,-48,728.437752924129,2.36602418427271
1.58,84,-45,742.588844040656,2.37698445890372
1.58,84,-42,755.621949699875,2.38611364562794
1.58,84,-39,767.492752456043,2.39340575919305
1.58,84,-36,778.162405863773,2.39887480833994
1.58,84,-33,787.596034478267,2.40254939700692
1.58,84,-30,795.763113771068,2.40446708509149
1.58,84,-27,802.638530261837,2.40467088443111
1.58,84,-24,808.20243388834,2.40320916236205
1.58,84,-21,812.437150601457,2.40013848595995
1.58,84,-18,815.320537933712,2.39552722165831
1.58,84,-15,816.816943701256,2.38945672555756
1.58,84,-12,816.868729211742,2.38201722289708
1.58,84,-9,815.392377752879,2.37329704876913
1.58,84,-6,812.282923893296,2.3633663602779
1.58,84,-3,807.428630695357,2.35225889859756
1.58,84,0,800.73488581428,2.33995696566461
1.58,84,3,792.153041405754,2.32638485649797
1.58,84,6,781.707461074887,2.31141443232768
1.58,84,9,769.513287809219,2.29488369490248
1.58,84,12,755.778870760505,2.27662578974198
1.58,84,15,740.790204798727,2.25650261356777
1.58,84,18,724.879325811704,2.23443498631809
1.58,84,21,708.383079413683,2.21042105273635
1.58,84,24,691.601611160552,2.18453685584425
1.58,84,27,674.766204480719,2.15691778032536
1.58,84,30,658.023430063814,2.12772550245134
1.58,84,33,641.437781943391,2.09710990544641
1.58,84,36,625.009770074637,2.06517691110894
1.58,84,39,608.702691993529,2.03197058439538
1.58,84,42,592.470182014968,1.99747245124115
1.58,84,45,576.27811077265,1.96161524578349
1.58,84,48,560.11745261209,1.92430455864433
1.58,84,51,544.007965230574,1.88544107354521
1.58,84,54,527.994840043786,1.84493781326335
1.58,84,57,512.141422962612,1.80272979985177
1.58,84,60,496.520829117035,1.75877641656741
1.58,84,63,481.208304209397,1.71305861736948
1.58,84,66,466.27510238164,1.66557366319878
1.58,84,69,451.783864605627,1.61632952246901
1.58,84,72,437.785133466039,1.56534001871342
1.58,84,75,424.314645658603,1.51262082437621
1.58,84,78,411.39121545173,1.45818586226932
1.58,84,81,399.01519360508,1.40204366630313
1.58,84,84,387.167577262957,1.34419361381157
1.58,84,87,375.80986429207,1.28462241863615
1.58,84,90,364.884738152214,1.22330165413206
1.58,84,93,354.317671524338,1.16018725995624
1.58,84,96,344.019540410277,1.09522198016712
1.58,84,99,333.890299637757,1.02834152119924
1.58,84,102,323.823636919343,0.959484907646122
1.58,84,105,313.712287232857,0.888608989995467
1.58,84,108,303.453412013736,0.815706239182768
1.58,84,111,292.953250363452,0.740823836831322
1.58,84,114,282.130269443902,0.664080795530691
1.58,84,117,270.91635590571,0.585678796816398
1.58,84,120,259.256146798102,0.505902154796122
1.58,84,123,247.105194341054,0.4251033110521
1.58,84,126,234.428009497204,0.343672726215963
1.58,84,129,221.196914945897,0.26199554491835
1.58,84,132,207.392058983745,0.180400928688564
1.58,84,135,193.002168907683,0.0991121072096649
1.58,84,138,178.025076280764,0.0182048225036809
1.58,84,141,162.467055096747,-0.06242169102195
1.58,84,144,146.340605289873,-0.14306405692158
1.58,84,147,129.661194737534,-0.2242390011661
1.58,84,150,112.444214574717,-0.306748758009475
1.58,84,153,94.7037280094089,-0.391875556579895
1.58,84,156,76.4546719388576,-0.481953436728483
1.58,84,159,57.7213204162628,-0.582209488766161
1.58,84,162,38.564761843115,-0.708362426684976
1.58,84,165,19.2517973074296,-0.940583925931599
1.58,84,168,6.17120704582435,-2.58561589832778
1.58,84,171,23.2241934896984,-3.66466014904976
1.58,84,174,43.7405468062376,-3.85876906498326
1.58,84,177,64.6722925160585,-3.97431604837373
1.58,84,180,85.7271732296656,-4.06687838870157
1.58,87,-180,85.7271732296655,2.26866679603785
1.58,87,-177,107.112927952181,2.18316631256632
1.58,87,-174,128.228234629684,2.10576431854066
1.58,87,-171,148.903746158764,2.03435240235517
1.58,87,-168,168.959957131332,1.96816553010464
1.58,87,-165,188.208091220998,1.9070565734253
1.58,87,-162,206.457194487983,1.85118964025973
1.58,87,-159,223.527218457678,1.80088193617677
1.58,87,-156,239.267086193267,1.75650644442082
1.58,87,-153,253.575219997984,1.71842366044907
1.58,87,-150,266.418672514169,1.68692987103398
1.58,87,-147,277.846469312512,1.66221679072867
1.58,87,-144,287.993383983436,1.64434090441919
1.58,87,-141,297.072110305071,1.63320337055168
1.58,87,-138,305.354295997045,1.62854324438396
1.58,87,-135,313.143518919538,1.62994735858267
1.58,87,-132,320.745275141736,1.63687849947715
1.58,87,-129,328.439771327205,1.64871938529014
1.58,87,-126,336.462470641414,1.66482474577637
1.58,87,-123,344.995138537711,1.68457011820874
1.58,87,-120,354.167274702469,1.70738619991871
1.58,87,-117,364.065244251085,1.73277221968275
1.58,87,-114,374.744928862964,1.76028889339806
1.58,87,-111,386.243642549143,1.78953796448384
1.58,87,-108,398.588208944649,1.82013856373545
1.58,87,-105,411.79792329556,1.85170988540109
1.58,87,-102,425.882952515241,1.88386589648099
1.58,87,-99,440.840002397793,1.91622281240234
1.58,87,-96,456.647510191332,1.9484157521175
1.58,87,-93,473.262235668234,1.98011859692361
1.58,87,-90,490.618227448137,2.01106098415953
1.58,87,-87,508.628156636019,2.04103807989458
1.58,87,-84,527.186299765122,2.06991131342114
1.58,87,-81,546.172195317227,2.09760064302856
1.58,87,-78,565.454162631513,2.12407055120279
1.58,87,-75,584.892285612992,2.1493126981755
1.58,87,-72,604.340908882558,2.17332818029214
1.58,87,-69,623.650993025,2.19611193066243
1.58,87,-66,642.672736763989,2.21764118845257
1.58,87,-63,661.258702446815,2.23786925874965
1.58,87,-60,679.267363765342,2.25672501417832
1.58,87,-57,696.566666646207,2.27411776588847
1.58,87,-54,713.03699720237,2.28994631244534
1.58,87,-51,728.572985851531,2.30411028360937
1.58,87,-48,743.08386506275,2.31652150146169
1.58,87,-45,756.492558094308,2.32711314424527
1.58,87,-42,768.734133002146,2.33584509375567
1.58,87,-39,779.754493299573,2.34270489539309
1.58,87,-36,789.510022124878,2.34770500142113
1.58,87,-33,797.968320324104,2.35087801392126
1.58,87,-30,805.109349646338,2.35227210423179
1.58,87,-27,810.925553024678,2.35194842873761
1.58,87,-24,815.419270793903,2.34998123481116
1.58,87,-21,818.596280790948,2.34645980588637
1.58,87,-18,820.455567164482,2.34148999157315
1.58,87,-15,820.977145303968,2.33519239730213
1.58,87,-12,820.111357232025,2.32769476912961
1.58,87,-9,817.773842204806,2.31911772612504
1.58,87,-6,813.849880789254,2.30955533509439
1.58,87,-3,808.209889591888,2.2990543166687
1.58,87,0,800.73488581428,2.28759708810478
1.58,87,3,791.347554181762,2.27509383557036
1.58,87,6,780.042131536549,2.26138729085241
1.58,87,9,766.905535654824,2.24627121952088
1.58,87,12,752.123437947793,2.22952039647151
1.58,87,15,735.96817150154,2.21092670200609
1.58,87,18,718.769763493577,2.19033361414827
1.58,87,21,700.875840190835,2.16766058507644
1.58,87,24,682.609351893375,2.1429103124294
1.58,87,27,664.233878703502,2.11615599725435
1.58,87,30,645.934224741102,2.08751150759333
1.58,87,33,627.815596797961,2.05709294644874
1.58,87,36,609.919358768796,2.02498304865748
1.58,87,39,592.249027495114,1.9912086586385
1.58,87,42,574.798263314443,1.95573675672271
1.58,87,45,557.573473956649,1.91848825605792
1.58,87,48,540.606551618356,1.87936361306811
1.58,87,51,523.956859538319,1.83827181024557
1.58,87,54,507.704598917334,1.79515473796189
1.58,87,57,491.939354225609,1.75000163032337
1.58,87,60,476.747795736854,1.70285176643625
1.58,87,63,462.203563412224,1.6537869503228
1.58,87,66,448.360859830588,1.60291748116141
1.58,87,69,435.251829808872,1.5503660432722
1.58,87,72,422.886802941449,1.49625329873676
1.58,87,75,411.256066258145,1.44068745264516
1.58,87,78,400.331938225907,1.38375833615057
1.58,87,81,390.070332707884,1.32553518278289
1.58,87,84,380.411520627833,1.26606658189306
1.58,87,87,371.28026135943,1.20538113138269
1.58,87,90,362.58579796713,1.1434879247336
1.58,87,93,354.222353802214,1.08037692178582
1.58,87,96,346.07072420209,1.01602015054126
1.58,87,99,338.001337664643,0.950375260162075
1.58,87,102,329.878804419816,0.883392949937121
1.58,87,105,321.56755333002,0.815029118318682
1.58,87,108,312.937794790935,0.745261271773281
1.58,87,111,303.870867614608,0.674107064952029
1.58,87,114,294.263131816081,0.60164124304598
1.58,87,117,284.027970611779,0.528006252205161
1.58,87,120,273.096050812936,0.453411872868988
1.58,87,123,261.414532170794,0.378120704397988
1.58,87,126,248.946152669211,0.302419075682167
1.58,87,129,235.668895027536,0.226576348811202
1.58,87,132,221.576332433115,0.150798572969997
1.58,87,135,206.67806278331,0.0751838854091307
1.58,87,138,190.999260057425,-0.000313921215263323
1.58,87,141,174.578548200425,-0.0759110895330118
1.58,87,144,157.464088517383,-0.152013391113336
1.58,87,147,139.708645788998,-0.229245942113133
1.58,87,150,121.365071500611,-0.308532656086906
1.58,87,153,102.483924644518,-0.391319348451362
1.58,87,156,83.1151418861727,-0.480201512314196
1.58,87,159,63.3174050381724,-0.580864986254849
1.58,87,162,43.1912930162699,-0.709645997707288
1.58,87,165,23.0704958136667,-0.940769716500521
1.58,87,168,7.62651054599441,-2.15496417883812
1.58,87,171,21.9830134219722,-3.53891660850007
1.58,87,174,42.841087287399,-3.78497693764725
1.58,87,177,64.2376152153156,-3.91533144687246
1.58,87,180,85.7271732296655,-4.01451851114174
1.58,90,-180,85.7271732296654,2.32102667359768
1.58,90,-177,107.441954040932,2.23200089081988
1.58,90,-174,128.846123239616,2.15225032752687
1.58,90,-171,149.787999934179,2.07898522643992
1.58,90,-168,170.109663685545,2.01113900673982
1.58,90,-165,189.643926724027,1.94842478177083
1.58,90,-162,208.21867156645,1.89094178910392
1.58,90,-159,225.66814157979,1.83897514168641
1.58,90,-156,241.850250449635,1.79287540463747
1.58,90,-153,256.66729264744,1.75297777275349
1.58,90,-150,270.085859026522,1.71954528839796
1.58,90,-147,282.151122494604,1.69272943245325
1.58,90,-144,292.991386272278,1.67254516150741
1.58,90,-141,302.810808192423,1.65885960940896
1.58,90,-138,311.870988989351,1.65139494898929
1.58,90,-135,320.46482032363,1.6497459052484
1.58,90,-132,328.887802431983,1.65341067395645
1.58,90,-129,337.412406336296,1.66183087438985
1.58,90,-126,346.269886744484,1.67443306256212
1.58,90,-123,355.641676121652,1.69066314136741
1.58,90,-120,365.659888377655,1.71000690488459
1.58,90,-117,376.414359309292,1.73199450056153
1.58,90,-114,387.962613153611,1.75619187641944
1.58,90,-111,400.339303081561,1.78218606345748
1.58,90,-108,413.562760417929,1.80957207660276
1.58,90,-105,427.637798800352,1.83794733747612
1.58,90,-102,442.555317201567,1.86691594382531
1.58,90,-99,458.29012849871,1.89610134165218
1.58,90,-96,474.798647402452,1.92516326529172
1.58,90,-93,492.017697150997,1.95381384710261
1.58,90,-90,509.865010095828,1.98182850580605
1.58,90,-87,528.241318303839,2.00904901691452
1.58,90,-84,547.033487540562,2.035378274972
1.58,90,-81,566.118022640304,2.06076803735803
1.58,90,-78,585.364407128329,2.08520206771591
1.58,90,-75,604.638001852389,2.10867754815094
1.58,90,-72,623.802478710289,2.13118754891169
1.58,90,-69,642.721914555016,2.15270691086238
1.58,90,-66,661.262689857659,2.17318324236667
1.58,90,-63,679.295256644353,2.19253393645337
1.58,90,-60,696.695724879748,2.21064923355472
1.58,90,-57,713.347137098282,2.22740046543098
1.58,90,-54,729.14031122334,2.24265183179188
1.58,90,-51,743.974248608609,2.25627352775941
1.58,90,-48,757.756299101485,2.2681538981296
1.58,90,-45,770.402470795277,2.27820862742934
1.58,90,-42,781.838360021323,2.28638575968946
1.58,90,-39,792.001050764994,2.29266641993074
1.58,90,-36,800.841941455812,2.29706220239389
1.58,90,-33,808.329857822378,2.29961096877689
1.58,90,-30,814.453187660118,2.3003729867477
1.58,90,-27,819.219401849836,2.29942881762405
1.58,90,-24,822.650476425282,2.29687924058981
1.58,90,-21,824.773548467554,2.29284611225859
1.58,90,-18,825.607547110677,2.287471889652
1.58,90,-15,825.14820997102,2.28091509123576
1.58,90,-12,823.35530041462,2.27333956959374
1.58,90,-9,820.146408114493,2.26489711929284
1.58,90,-6,815.401022066493,2.25570522704348
1.58,90,-3,808.976538313597,2.24582395110004
1.58,90,0,800.73488581428,2.23523721054495
1.58,90,3,790.57530194409,2.22384367011235
1.58,90,6,778.466413002059,2.21146088335232
1.58,90,9,764.469983165144,2.19784377122157
1.58,90,12,748.749888929479,2.18271541733772
1.58,90,15,731.562919511733,2.16580512096624
1.58,90,18,713.232243267492,2.14688624008418
1.58,90,21,694.108772922061,2.12580526311116
1.58,90,24,674.528986352339,2.10249452348681
1.58,90,27,654.778916763354,2.07696447175385
1.58,90,30,635.072433255717,2.04927700375152
1.58,90,33,615.547881805528,2.01950734184053
1.58,90,36,596.281894535545,1.98770596703248
1.58,90,39,577.314503583478,1.95387221389467
1.58,90,42,558.67719623527,1.91794719118594
1.58,90,45,540.415871690165,1.87982735623316
1.58,90,48,522.603327552521,1.83939385896394
1.58,90,51,505.339682704531,1.7965487083437
1.58,90,54,488.742678316451,1.75124775418257
1.58,90,57,472.932115862807,1.70352220990302
1.58,90,60,458.013394273434,1.65348413142455
1.58,90,63,444.064335171719,1.60131578823162
1.58,90,66,431.127742889068,1.54724697859033
1.58,90,69,419.21010940166,1.49152692481861
1.58,90,72,408.285176733985,1.4343977661338
1.58,90,75,398.300124505675,1.37607493084729
1.58,90,78,389.182061894155,1.31673664776972
1.58,90,81,380.843095238697,1.2565217523117
1.58,90,84,373.183182932461,1.1955328119914
1.58,90,87,366.090935254529,1.13384097554929
1.58,90,90,359.443214407601,1.07148977195554
1.58,90,93,353.104709336931,1.00849682297558
1.58,90,96,346.928585452977,0.944854341178742
1.58,90,99,340.758914421178,0.880530647877055
1.58,90,102,334.435008652875,0.815475275977496
1.58,90,105,327.797187659673,0.74962938989968
1.58,90,108,320.693058863149,0.68294150078172
1.58,90,111,312.983237577785,0.615386305998311
1.58,90,114,304.545618865609,0.546982591478299
1.58,90,117,295.277800133764,0.477805120787693
1.58,90,120,285.097873057785,0.407985731349298
1.58,90,123,273.944309202197,0.337700587474842
1.58,90,126,261.775816610314,0.267143406719805
1.58,90,129,248.571739502022,0.196487751777493
1.58,90,132,234.332929870259,0.125844151087114
1.58,90,135,219.082361469776,0.0552188771405487
1.58,90,138,202.864454819855,-0.0155200318217861
1.58,90,141,185.742344498967,-0.0866678548699378
1.58,90,144,167.793062466348,-0.158704843243224
1.58,90,147,149.101504537292,-0.232332020981903
1.58,90,150,129.75472534568,-0.308562113815991
1.58,90,153,109.838428226986,-0.388962770468209
1.58,90,156,89.4378646532619,-0.476317855967264
1.58,90,159,68.6476102514547,-0.576605949830084
1.58,90,162,47.6089831325166,-0.706352644885465
1.58,90,165,26.7153293604637,-0.934229672917938
1.58,90,168,9.77836528908506,-1.89104931538613
1.58,90,171,21.0317504297476,-3.40730267449369
1.58,90,174,42.0706183384806,-3.7108788927499
1.58,90,177,63.8618143786271,-3.85651392638804
1.58,90,180,85.7271732296654,-3.96215863358191
1.58,93,-180,85.7271732296655,2.37338655115751
1.58,93,-177,107.709276130144,2.28110862040312
1.58,93,-174,129.334457453067,2.19927536908458
1.58,93,-171,150.466780012848,2.12439756774803
1.58,93,-168,170.96934136677,2.05510268787184
1.58,93,-165,190.696924914822,1.99096380378185
1.58,93,-162,209.497420776714,1.93201619937294
1.58,93,-159,227.221247370265,1.87851370608642
1.58,93,-156,243.737842213472,1.83078457342655
1.58,93,-153,258.956438787084,1.78913809837793
1.58,93,-150,272.846533934062,1.7538033590321
1.58,93,-147,285.452747789548,1.72489171502846
1.58,93,-144,296.899688021863,1.70237854618155
1.58,93,-141,307.384785905839,1.6861014344074
1.58,93,-138,317.160134679384,1.67577271373961
1.58,93,-135,326.507124221893,1.67100392621489
1.58,93,-132,335.709245622643,1.67133823530127
1.58,93,-129,345.028395633908,1.67628498347597
1.58,93,-126,354.688489976445,1.68534963832908
1.58,93,-123,364.867830716145,1.69805346878416
1.58,93,-120,375.699307754166,1.71394051819783
1.58,93,-117,387.275862111247,1.73257364103108
1.58,93,-114,399.658054487505,1.7535247897664
1.58,93,-111,412.881012385657,1.77636602858174
1.58,93,-108,426.959115144029,1.80066661350827
1.58,93,-105,441.888037516836,1.82599864155943
1.58,93,-102,457.644782217411,1.85195047491523
1.58,93,-99,474.186842816383,1.87814455794188
1.58,93,-96,491.451627624307,1.90425505637754
1.58,93,-93,509.356902569444,1.93002104676301
1.58,93,-90,527.80251638068,1.95525236790291
1.58,93,-87,546.673261577437,1.97982708645638
1.58,93,-84,565.842502923089,2.00368124925453
1.58,93,-81,585.176162972409,2.02679284499349
1.58,93,-78,604.536715320153,2.04916257832081
1.58,93,-75,623.786913545694,2.07079423980496
1.58,93,-72,642.793026111095,2.09167726349656
1.58,93,-69,661.42735411507,2.11177360802938
1.58,93,-66,679.569818592947,2.13101044398309
1.58,93,-63,697.108466510176,2.14927932374128
1.58,93,-60,713.938889719402,2.16644160736686
1.58,93,-57,729.962770508392,2.18233901617081
1.58,93,-54,745.086013339513,2.19680742602824
1.58,93,-51,759.217123208463,2.20969155643986
1.58,93,-48,772.266572475686,2.22085819218231
1.58,93,-45,784.147802213574,2.23020604144296
1.58,93,-42,794.780202867084,2.23767121218693
1.58,93,-39,804.093925044415,2.24322837372215
1.58,93,-36,812.035750825105,2.24688867482655
1.58,93,-33,818.574638119687,2.24869611993763
1.58,93,-30,823.705119366388,2.24872415176038
1.58,93,-27,827.446693749417,2.24707359865465
1.58,93,-24,829.837856255867,2.2438720537961
1.58,93,-21,830.92449490201,2.23927347479251
1.58,93,-18,830.743919855019,2.23345576418637
1.58,93,-15,829.307432227693,2.22661376399518
1.58,93,-12,826.585615298505,2.21894577714959
1.58,93,-9,822.500924773875,2.21063340715284
1.58,93,-6,816.931300504257,2.2018167725961
1.58,93,-3,809.726382487994,2.19256927746882
1.58,93,0,800.73488581428,2.18287733298512
1.58,93,3,789.838546647991,2.17263025309238
1.58,93,6,776.985719924283,2.16162397697473
1.58,93,9,762.216958302361,2.14957969910378
1.58,93,12,745.676089810408,2.13617546227193
1.58,93,15,727.603278596461,2.12108581252375
1.58,93,18,708.310662702405,2.10402221714486
1.58,93,21,688.145438048124,2.08476569835921
1.58,93,24,667.448569859469,2.063183756553
1.58,93,27,646.518629276553,2.03922670359203
1.58,93,30,625.588968624825,2.01290380977031
1.58,93,33,604.822726114668,1.98424581160661
1.58,93,36,584.325057001885,1.95326504029957
1.58,93,39,564.16720836837,1.91992560858087
1.58,93,42,544.414201949782,1.88413307771234
1.58,93,45,525.147783804399,1.84574701027195
1.58,93,48,506.478668277393,1.8046130842766
1.58,93,51,488.54585287488,1.76060613945375
1.58,93,54,471.504580048324,1.71367287390759
1.58,93,57,455.50731177656,1.66386322795173
1.58,93,60,440.683301420148,1.61134253070471
1.58,93,63,427.121927687829,1.55638156342719
1.58,93,66,414.863233158642,1.49932758308576
1.58,93,69,403.896710107944,1.44056430358826
1.58,93,72,394.167058367313,1.38047112788323
1.58,93,75,385.584073529669,1.31939074384998
1.58,93,78,378.033366525033,1.25761018419894
1.58,93,81,371.385210127941,1.19535542418082
1.58,93,84,365.500063683221,1.13279558349846
1.58,93,87,360.230726017708,1.07005110210135
1.58,93,90,355.422166282645,1.00720102457054
1.58,93,93,350.910632060092,0.944286964529454
1.58,93,96,346.523589669281,0.881314200353181
1.58,93,99,342.081535234335,0.818252518204484
1.58,93,102,337.401950313422,0.755040141669138
1.58,93,105,332.304918731543,0.691593232570465
1.58,93,108,326.619395336858,0.627821417568491
1.58,93,111,320.188963141938,0.563647323078776
1.58,93,114,312.876159634596,0.499025989703781
1.58,93,117,304.565000838828,0.433958946076644
1.58,93,120,295.161981456379,0.36849803469919
1.58,93,123,284.596322524521,0.302735829736499
1.58,93,126,272.820348878008,0.236782302033005
1.58,93,129,259.810526009868,0.170730530663072
1.58,93,132,245.569007520609,0.104616773572465
1.58,93,135,230.12486782306,0.0383811740341427
1.58,93,138,213.533886561437,-0.0281658553108328
1.58,93,141,195.876015909461,-0.0953703606093299
1.58,93,144,177.250419486674,-0.163760492849826
1.58,93,147,157.768903832461,-0.234089034346277
1.58,93,150,137.549314359616,-0.307434562414182
1.58,93,153,116.710907003731,-0.385459937204207
1.58,93,156,95.37425933322,-0.471094817918363
1.58,93,159,73.6710092302675,-0.570522815789346
1.58,93,162,51.7844525648347,-0.700282114098227
1.58,93,165,30.1644453406567,-0.924377784544835
1.58,93,168,12.1598540020663,-1.72692827461641
1.58,93,171,20.3851436860705,-3.27228098957248
1.58,93,174,41.433194262542,-3.63671694570314
1.58,93,177,63.5462116023098,-3.79790105970149
1.58,93,180,85.7271732296655,-3.90979875602208
1.58,96,-180,85.7271732296655,2.42574642871733
1.58,96,-177,107.914319315678,2.33049161042473
1.58,96,-174,129.692293131289,2.24683591240393
1.58,96,-171,150.938527647042,2.17057889220163
1.58,96,-168,171.53608094227,2.10003835878222
1.58,96,-165,191.361637736915,2.03464597946443
1.58,96,-162,210.283924736225,1.97437242606452
1.58,96,-159,228.17124617915,1.91943959684376
1.58,96,-156,244.907131608509,1.87015257921254
1.58,96,-153,260.411070748329,1.82679405125488
1.58,96,-150,274.659275872749,1.78955930161259
1.58,96,-147,287.699696062186,1.75852159169746
1.58,96,-144,299.656670773719,1.73362133120764
1.58,96,-141,310.723353986807,1.71467386910673
1.58,96,-138,321.143398493912,1.70139103478803
1.58,96,-135,331.186174243085,1.69341110792413
1.58,96,-132,341.121093592798,1.69033101757974
1.58,96,-129,351.196134759732,1.69173418146123
1.58,96,-126,361.623766743264,1.69720851097445
1.58,96,-123,372.575001481004,1.70635206285932
1.58,96,-120,384.18011792656,1.71876783506938
1.58,96,-117,396.533337445637,1.73405273527561
1.58,96,-114,409.698568417993,1.75178736661707
1.58,96,-111,423.714066702577,1.77153244011325
1.58,96,-108,438.595023836256,1.79283486538932
1.58,96,-105,454.334207694968,1.81524309321385
1.58,96,-102,470.901492601167,1.83832835303689
1.58,96,-99,488.243312684351,1.86170689109695
1.58,96,-96,506.282858942966,1.88505837802803
1.58,96,-93,524.921442083494,1.90813696283152
1.58,96,-90,544.041076440518,1.93077334821647
1.58,96,-87,563.508121888017,1.95286811075391
1.58,96,-84,583.177748002396,1.97437787742351
1.58,96,-81,602.898978156258,1.9952967686496
1.58,96,-78,622.520041228041,2.01563580061719
1.58,96,-75,641.893660918882,2.03540285939094
1.58,96,-72,660.881770521495,2.05458555103057
1.58,96,-69,679.359032543522,2.0731387714205
1.58,96,-66,697.214563098241,2.09097825082463
1.58,96,-63,714.351475893385,2.107980615958
1.58,96,-60,730.684268067346,2.12398970067862
1.58,96,-57,746.134588352721,2.13882799815119
1.58,96,-54,760.626415323773,2.15231141269565
1.58,96,-51,774.081973268458,2.16426500386945
1.58,96,-48,786.419706722751,2.17453736676493
1.58,96,-45,797.555279411806,2.18301172577705
1.58,96,-42,807.405905139124,2.18961266626441
1.58,96,-39,815.897478694456,2.19430848554059
1.58,96,-36,822.973125489476,2.19711012249823
1.58,96,-33,828.601121558211,2.1980682368633
1.58,96,-30,832.779834937195,2.19727005790543
1.58,96,-27,835.537549907208,2.19483706337642
1.58,96,-24,836.925825982379,2.19092351384733
1.58,96,-21,837.00636890559,2.18571465385836
1.58,96,-18,835.833061494455,2.17942241921432
1.58,96,-15,833.432474566277,2.17227620343005
1.58,96,-12,829.787390429927,2.1645069470001
1.58,96,-9,824.828143997004,2.1563245196389
1.58,96,-6,818.435588122538,2.14789065197823
1.58,96,-3,810.45721904618,2.13929179468719
1.58,96,0,800.73488581428,2.13051745542529
1.58,96,3,789.139352187871,2.12144931313926
1.58,96,6,775.604704920743,2.11186475827838
1.58,96,9,760.154942823362,2.10145588842119
1.58,96,12,742.916336073578,2.08986197687686
1.58,96,15,724.112098673006,2.07671053392949
1.58,96,18,704.039913380337,2.06165973118394
1.58,96,21,683.036951346515,2.04443367064792
1.58,96,24,661.44020016832,2.02484241260148
1.58,96,27,639.55122100783,2.00278140580016
1.58,96,30,617.613337939933,1.97820994354672
1.58,96,33,595.805830859042,1.95111435649068
1.58,96,36,574.254887919631,1.92146674210641
1.58,96,39,553.056413276052,1.88919199543835
1.58,96,42,532.302827099508,1.85415380747579
1.58,96,45,512.105606772318,1.81616492324276
1.58,96,48,492.60735782214,1.77502025470781
1.58,96,51,473.980718358679,1.73054542924371
1.58,96,54,456.41516393199,1.68264933432598
1.58,96,57,440.095772240769,1.63136782341354
1.58,96,60,425.179629737502,1.5768872910518
1.58,96,63,411.775615900702,1.51954136640659
1.58,96,66,399.931914005843,1.45978085652854
1.58,96,69,389.633201415106,1.39812444661293
1.58,96,72,380.806773259298,1.33510282410089
1.58,96,75,373.334672542601,1.27120960771904
1.58,96,78,367.067877736422,1.20686846258976
1.58,96,81,361.838921907248,1.14241908174802
1.58,96,84,357.470663521998,1.07811841216161
1.58,96,87,353.780669242625,1.01415003165899
1.58,96,90,350.582170649608,0.950634659732093
1.58,96,93,347.683409393996,0.887637513104308
1.58,96,96,344.887274285412,0.825171891596297
1.58,96,99,341.992596313001,0.763201359820251
1.58,96,102,338.797592455388,0.701644165146866
1.58,96,105,335.105066711919,0.640382907762879
1.58,96,108,330.728363084485,0.579280442953717
1.58,96,111,325.496877810165,0.518200403617043
1.58,96,114,319.260191184406,0.457028467133207
1.58,96,117,311.890452711221,0.395689237386423
1.58,96,120,303.283326247205,0.334153742890548
1.58,96,123,293.358309606585,0.272434091413158
1.58,96,126,282.059361498362,0.210564431620364
1.58,96,129,269.35641345398,0.148570373449078
1.58,96,132,255.247641527681,0.0864315127632734
1.58,96,135,239.761638145366,0.0240427975698416
1.58,96,138,222.958230677779,-0.0388205238816012
1.58,96,141,204.926875467205,-0.102533203613598
1.58,96,144,185.782278139644,-0.167651217651125
1.58,96,147,165.657867375958,-0.234961775799711
1.58,96,150,144.698627228377,-0.305594100950592
1.58,96,153,123.05542342509,-0.381290374673405
1.58,96,156,100.883769759695,-0.465102937952006
1.58,96,159,78.3531649032227,-0.563378026354156
1.58,96,162,55.6900792124966,-0.692614522979326
1.58,96,165,33.4002431396393,-0.9130609154652
1.58,96,168,14.5697078079902,-1.61714001881854
1.58,96,171,20.0462364636893,-3.13714034064009
1.58,96,174,40.9318671081416,-3.56276697223578
1.58,96,177,63.2919293960322,-3.73953136713236
1.58,96,180,85.7271732296655,-3.85743887846225
1.58,99,-180,85.7271732296656,2.47810630627716
1.58,99,-177,108.056708033327,2.3801513850433
1.58,99,-174,129.919215301571,2.29492794765706
1.58,99,-171,151.20272958286,2.2175189663927
1.58,99,-168,171.808753790572,2.14592939205817
1.58,99,-165,191.6353729803,2.07944687407449
1.58,99,-162,210.572647473392,2.01797514437106
1.58,99,-159,228.508296035066,1.96170205732698
1.58,99,-156,245.342500893867,1.91090785177126
1.58,99,-153,261.008490160484,1.86584792427005
1.58,99,-150,275.493314707266,1.82668503945461
1.58,99,-147,288.852560665326,1.79345843944315
1.58,99,-144,301.214223751172,1.76608087768863
1.58,99,-141,312.770149280375,1.74435559145303
1.58,99,-138,323.757096313544,1.72800543114895
1.58,99,-135,334.432257532576,1.71670624620921
1.58,99,-132,345.049051235201,1.7101167604695
1.58,99,-129,355.838065386233,1.70789842284577
1.58,99,-126,366.995766591474,1.70972164602596
1.58,99,-123,378.680961483857,1.71525905169559
1.58,99,-120,391.016936152112,1.72417048286712
1.58,99,-117,404.096249015353,1.73608704889657
1.58,99,-114,417.985373834113,1.75060141759381
1.58,99,-111,432.727435161705,1.76726913021906
1.58,99,-108,448.3425969874,1.78562195228304
1.58,99,-105,464.826737331313,1.80519058312683
1.58,99,-102,482.149565953264,1.82553158845465
1.58,99,-99,500.253305512598,1.84625274461889
1.58,99,-96,519.052667832396,1.86703195605424
1.58,99,-93,538.436398252947,1.88762689135021
1.58,99,-90,558.270338585402,1.90787468595197
1.58,99,-87,578.401830299346,1.92768285716672
1.58,99,-84,598.665272078371,1.94701368165331
1.58,99,-81,618.888634607148,1.96586471836833
1.58,99,-78,638.900624671415,1.98424811479282
1.58,99,-75,658.537964874824,2.00217103174781
1.58,99,-72,677.651986484882,2.01961912004615
1.58,99,-69,696.113550272988,2.03654455047034
1.58,99,-66,713.815346899359,2.05285963619039
1.58,99,-63,730.670963537229,2.06843655799797
1.58,99,-60,746.610718330378,2.08311307823755
1.58,99,-57,761.57503042762,2.09670342458584
1.58,99,-54,775.50680141115,2.10901282536296
1.58,99,-51,788.344707816892,2.11985363521192
1.58,99,-48,800.019278036003,2.12906077732989
1.58,99,-45,810.453103333529,2.13650446757116
1.58,99,-42,819.565602712194,2.14209887404491
1.58,99,-39,827.281626550836,2.14580634679845
1.58,99,-36,833.542101550568,2.14763785046847
1.58,99,-33,838.314142077898,2.14765094137974
1.58,99,-30,841.597781194476,2.14594681197738
1.58,99,-27,843.426827208899,2.14266749014812
1.58,99,-24,843.862345835968,2.13799332675837
1.58,99,-21,842.978803135273,2.13213971738018
1.58,99,-18,840.844745082375,2.12535101520588
1.58,99,-15,837.501662368822,2.11788927631936
1.58,99,-12,832.945916408903,2.11001618128213
1.58,99,-9,827.118804741798,2.10196821411379
1.58,99,-6,819.908709634978,2.09392752085108
1.58,99,-3,811.166845112314,2.08599303044304
1.58,99,0,800.73488581428,2.07815757786546
1.58,99,3,788.479576845419,2.07029644014413
1.58,99,6,774.32722741163,2.06217093419169
1.58,99,9,758.29047928275,2.05344801365494
1.58,99,12,740.481132123945,2.04373375582674
1.58,99,15,721.105797753384,2.03261576328212
1.58,99,18,700.445041138969,2.01970722193109
1.58,99,21,678.820535004399,2.00468410840368
1.58,99,24,656.557665402269,1.98730741685756
1.58,99,27,633.952174485177,1.96742481850559
1.58,99,30,611.248354527877,1.94495088033628
1.58,99,33,588.633134574013,1.91983086794027
1.58,99,36,566.245960330009,1.89199834004057
1.58,99,39,544.200033575871,1.86133919701752
1.58,99,42,522.60764982355,1.82767354468009
1.58,99,45,501.601865111247,1.79076218538186
1.58,99,48,481.348440871028,1.75033836176526
1.58,99,51,462.04512950618,1.70615927738678
1.58,99,54,443.908795084841,1.65806705014164
1.58,99,57,427.153736664337,1.60604575127837
1.58,99,60,411.966390460391,1.55026066150133
1.58,99,63,398.482119906757,1.49106863442252
1.58,99,66,386.76902321058,1.42899488045656
1.58,99,69,376.821743239528,1.36468046331056
1.58,99,72,368.565599454106,1.29881329754732
1.58,99,75,361.868742815841,1.23205967816876
1.58,99,78,356.558316514407,1.16501125059345
1.58,99,81,352.436322602475,1.09815502716334
1.58,99,84,349.291981871653,1.03186536305398
1.58,99,87,346.909234571068,0.966410655287762
1.58,99,90,345.069878980052,0.901965846439072
1.58,99,93,343.554073728488,0.838624049314538
1.58,99,96,342.14028630256,0.776404719871385
1.58,99,99,340.606348318117,0.715259606093478
1.58,99,102,338.732393634228,0.655079765688951
1.58,99,105,336.305494511595,0.595706889388134
1.58,99,108,333.125102522497,0.536950446248491
1.58,99,111,329.008135827513,0.478609670471147
1.58,99,114,323.792760196509,0.420497058318719
1.58,99,117,317.340469044855,0.362458551331846
1.58,99,120,309.536755559236,0.304385361761537
1.58,99,123,300.291220426079,0.246213546310896
1.58,99,126,289.538136120762,0.187909722258378
1.58,99,129,277.238180841526,0.12944417592356
1.58,99,132,263.381348151535,0.0707552019716433
1.58,99,135,247.990219938891,0.0117099146027579
1.58,99,138,231.122243120388,-0.0479338076989753
1.58,99,141,212.869667527078,-0.108562777919327
1.58,99,144,193.356427475892,-0.17074653582665
1.58,99,147,172.732255135675,-0.235295398024296
1.58,99,150,151.165352805755,-0.303380449962924
1.58,99,153,128.835835631352,-0.376815296417319
1.58,99,156,105.933285322874,-0.458764792128814
1.58,99,159,82.6654196246423,-0.555722580066295
1.58,99,162,59.3029313645983,-0.684160137167422
1.58,99,165,36.4082682402757,-0.901380658298989
1.58,99,168,16.9191340031288,-1.53890657999768
1.58,99,171,20.0046875558392,-3.00552273110419
1.58,99,174,40.5686018869958,-3.48932991607258
1.58,99,177,63.099883688365,-3.6814437785384
1.58,99,180,85.7271732296656,-3.80507900090242
1.58,102,-180,85.7271732296657,2.53046618383699
1.58,102,-177,108.136265375848,2.43008890631002
1.58,102,-174,130.015336681799,2.34354698282009
1.58,102,-171,151.259925586944,2.26520778363696
1.58,102,-168,171.788048780578,2.19276063038779
1.58,102,-165,191.518288692899,2.12534520673519
1.58,102,-162,210.362216954383,2.06279424517412
1.58,102,-159,228.228298936344,2.00525798058869
1.58,102,-156,245.035867451436,1.95298932215651
1.58,102,-153,260.735431799693,1.90621583648234
1.58,102,-150,275.329169194606,1.86507012740774
1.58,102,-147,288.884861972451,1.82956346473104
1.58,102,-144,301.538411609797,1.79959077674071
1.58,102,-141,313.483708139149,1.77495586700858
1.58,102,-138,324.952582234046,1.75540611974536
1.58,102,-135,336.190303588009,1.74066665560333
1.58,102,-132,347.432735550215,1.73046547091091
1.58,102,-129,358.889850042446,1.72454409618533
1.58,102,-126,370.737641803633,1.72265267844844
1.58,102,-123,383.117668139455,1.7245331130802
1.58,102,-120,396.141439409845,1.72989738233989
1.58,102,-117,409.896194792578,1.7384093888007
1.58,102,-114,424.449172978006,1.74967705379712
1.58,102,-111,439.848860461312,1.76325801739099
1.58,102,-108,456.123223122689,1.77867820722613
1.58,102,-105,473.276042261542,1.79545913102487
1.58,102,-102,491.282911449463,1.81314788981191
1.58,102,-99,510.088263104416,1.83134389414165
1.58,102,-96,529.604265341933,1.84971776493192
1.58,102,-93,549.711882668974,1.86802017726641
1.58,102,-90,570.264034954939,1.88608065471335
1.58,102,-87,591.090650114622,1.90379797421543
1.58,102,-84,612.005386246586,1.92112469525429
1.58,102,-81,632.813756641788,1.93804848876414
1.58,102,-78,653.322229192161,1.95457267026005
1.58,102,-75,673.347585052409,1.97069789933854
1.58,102,-72,692.725497430671,1.98640657222507
1.58,102,-69,711.317075815347,2.00165107853179
1.58,102,-66,729.012162622262,2.01634680275347
1.58,102,-63,745.728560086162,2.03037045483873
1.58,102,-60,761.407092063935,2.04356392721773
1.58,102,-57,776.003331229716,2.05574334415959
1.58,102,-54,789.477709583673,2.06671231496267
1.58,102,-51,801.786307624854,2.07627774493498
1.58,102,-48,812.874668722593,2.08426609332352
1.58,102,-45,822.676428922968,2.0905378946562
1.58,102,-42,831.117478124114,2.09499878312333
1.58,102,-39,838.125013561703,2.09760611197326
1.58,102,-36,843.639527658785,2.09837129978614
1.58,102,-33,847.626803709553,2.09735892167172
1.58,102,-30,850.086620007885,2.09468397720146
1.58,102,-27,851.055223609715,2.09050853001194
1.58,102,-24,850.59973972346,2.08503806496583
1.58,102,-21,848.804402390572,2.07851672218806
1.58,102,-18,845.750545095009,2.07121950927933
1.58,102,-15,841.494245134606,2.06343919840302
1.58,102,-12,836.046839824619,2.05546628488168
1.58,102,-9,829.363712166969,2.04756215650683
1.58,102,-6,821.345475163269,2.03992804352851
1.58,102,-3,811.853067155007,2.03267454689402
1.58,102,0,800.73488581428,2.02579770030563
1.58,102,3,787.860867820246,2.01916711199227
1.58,102,6,773.156333654129,2.01252983996567
1.58,102,9,756.628111886098,2.00553081852556
1.58,102,12,738.377046150782,1.99774753738681
1.58,102,15,718.59404942345,1.98873381262071
1.58,102,18,697.5406311776,1.97806527347668
1.58,102,21,675.518389023662,1.96537803113565
1.58,102,24,652.834493951243,1.95039241945411
1.58,102,27,629.771064463243,1.93291617282842
1.58,102,30,606.565204179997,1.91282591413337
1.58,102,33,583.403546503672,1.89003146597154
1.58,102,36,560.431169742431,1.86443255923157
1.58,102,39,537.77091355337,1.8358801756649
1.58,102,42,515.546637943,1.8041540559232
1.58,102,45,493.903492851642,1.7689641969947
1.58,102,48,473.019696338372,1.72997878373088
1.58,102,51,453.10691822053,1.68687536135137
1.58,102,54,434.399226949365,1.6394070180844
1.58,102,57,417.133005058153,1.58747129283602
1.58,102,60,401.521953834668,1.53116697952435
1.58,102,63,387.732187333162,1.47082413062139
1.58,102,66,375.862366773137,1.40699681591031
1.58,102,69,365.932726638673,1.34041694309589
1.58,102,72,357.884735303588,1.27191853644223
1.58,102,75,351.59047029997,1.20235073024622
1.58,102,78,346.868432300209,1.13249989430544
1.58,102,81,343.501350843458,1.06303564578509
1.58,102,84,341.251928892839,0.9944852614084
1.58,102,87,339.874096079179,0.927231507077895
1.58,102,90,339.119379996746,0.86152405660028
1.58,102,93,338.739642135082,0.79749514744773
1.58,102,96,338.488188489698,0.735173981520042
1.58,102,99,338.121119254468,0.674498885125257
1.58,102,102,337.400012512361,0.61532934188158
1.58,102,105,336.096060840367,0.557460899481164
1.58,102,108,333.994979599165,0.500644889278114
1.58,102,111,330.901624604877,0.444612721350028
1.58,102,114,326.643363059392,0.389102164800727
1.58,102,117,321.071744231352,0.333881258687873
1.58,102,120,314.062709171989,0.278764825512827
1.58,102,123,305.516195603221,0.22361920522889
1.58,102,126,295.356277963972,0.16835271940008
1.58,102,129,283.532772401326,0.112892086679534
1.58,102,132,270.024554222717,0.0571477735165341
1.58,102,135,254.843921867165,0.000973104379144686
1.58,102,138,238.040587620373,-0.0558780850541091
1.58,102,141,219.703649183815,-0.113793224141546
1.58,102,144,199.960352593654,-0.173346644155991
1.58,102,147,178.971455811038,-0.235365906387029
1.58,102,150,156.924214495639,-0.301060617994911
1.58,102,153,134.02520075972,-0.37231402513478
1.58,102,156,110.496677904801,-0.452402216174174
1.58,102,159,86.5844461676796,-0.547967911357889
1.58,102,162,62.6042162145587,-0.675500314096239
1.58,102,165,39.1768303648877,-0.890052066369519
1.58,102,168,19.1648113028613,-1.48070162513306
1.58,102,171,20.237824084148,-2.88080917259667
1.58,102,174,40.3442379025382,-3.41672038155077
1.58,102,177,62.9707783439588,-3.62367704800488
1.58,102,180,85.7271732296657,-3.75271912334259
1.58,105,-180,85.7271732296656,2.58282606139682
1.58,105,-177,108.153011349602,2.48030459614863
1.58,105,-174,129.981291709883,2.392688035688
1.58,105,-171,151.111704461874,2.3136354851599
1.58,105,-168,171.476485518545,2.24051827379865
1.58,105,-165,191.013444634114,2.17232280520233
1.58,105,-162,209.655536174133,2.10880498815412
1.58,105,-159,227.333088025868,2.05007237293997
1.58,105,-156,243.986954845564,1.99634723421065
1.58,105,-153,259.588417480815,1.94782879891709
1.58,105,-150,274.159077545855,1.90462280157045
1.58,105,-147,287.783549637548,1.86672026876623
1.58,105,-144,300.610050506044,1.83401027760387
1.58,105,-141,312.838127754843,1.80631205536172
1.58,105,-138,324.697012191382,1.7834127700373
1.58,105,-135,336.420761398585,1.76509940552133
1.58,105,-132,348.226651735895,1.75117655528972
1.58,105,-129,360.301379526209,1.74146675991142
1.58,105,-126,372.796537715917,1.73579534283108
1.58,105,-123,385.83179285021,1.73396611974591
1.58,105,-120,399.502209674928,1.73573654047013
1.58,105,-117,413.885717518446,1.74080029195202
1.58,105,-114,429.047635737787,1.74878267045154
1.58,105,-111,445.04088203367,1.75925023575931
1.58,105,-108,461.902235471927,1.77173257404847
1.58,105,-105,479.64622744333,1.7857513366613
1.58,105,-102,498.258643137564,1.80085060094792
1.58,105,-99,517.691342870579,1.81662306423458
1.58,105,-96,537.859481433282,1.8327282418743
1.58,105,-93,558.641557315415,1.84890102181854
1.58,105,-90,579.882273607356,1.86495094078794
1.58,105,-87,601.397972999837,1.8807539279921
1.58,105,-84,622.98432572684,1.89623887864893
1.58,105,-81,644.425866852046,1.91137141045537
1.58,105,-78,665.506802964694,1.92613678981364
1.58,105,-75,686.022225219765,1.94052355297185
1.58,105,-72,705.788548014488,1.95450896784365
1.58,105,-69,724.651771369726,1.96804725636097
1.58,105,-66,742.492184920602,1.98106140090088
1.58,105,-63,759.224497328194,1.99343929812361
1.58,105,-60,774.793102109687,2.0050348714768
1.58,105,-57,789.163173356739,2.01567439503848
1.58,105,-54,802.309299948223,2.02516767301622
1.58,105,-51,814.204125893095,2.03332293839768
1.58,105,-48,824.809700886972,2.03996358675794
1.58,105,-45,834.073811535424,2.04494442197688
1.58,105,-42,841.932495471935,2.04816518488817
1.58,105,-39,848.318457892311,2.04957981357571
1.58,105,-36,853.173557520723,2.04920095897721
1.58,105,-33,856.462284070549,2.04710037774355
1.58,105,-30,858.182535234592,2.0434065257466
1.58,105,-27,858.370226055778,2.03830068436784
1.58,105,-24,857.095380342569,2.0320122267245
1.58,105,-21,854.449232394375,2.02481243426316
1.58,105,-18,850.524176267806,2.01700512027819
1.58,105,-15,845.390619587993,2.00891181933809
1.58,105,-12,839.076298521124,2.0008499292022
1.58,105,-9,831.553809867218,1.99310400593006
1.58,105,-6,822.740711763535,1.9858929272848
1.58,105,-3,812.51371031948,1.97933794650801
1.58,105,0,800.73488581428,1.9734378227458
1.58,105,3,787.284657888189,1.96805672213928
1.58,105,6,772.094248570816,1.96292855238664
1.58,105,9,755.170362839191,1.95767841679855
1.58,105,12,736.606645414243,1.95185866220618
1.58,105,15,716.579623596298,1.94499410977031
1.58,105,18,695.330451449819,1.93662889819069
1.58,105,21,673.136957144075,1.92636632711861
1.58,105,24,650.282557078263,1.91389363395237
1.58,105,27,627.029084865822,1.89898614816755
1.58,105,30,603.599351804189,1.88148964860501
1.58,105,33,580.172568711181,1.86128511754799
1.58,105,36,556.892318803737,1.83824488212822
1.58,105,39,533.883582284578,1.81219176461445
1.58,105,42,511.273322383168,1.78287250945476
1.58,105,45,489.208826642369,1.74995375365622
1.58,105,48,467.869177729726,1.71304430087887
1.58,105,51,447.467249533822,1.67174261182398
1.58,105,54,428.241760485365,1.62570382725335
1.58,105,57,410.440715683604,1.57471635302185
1.58,105,60,394.298935402213,1.51877419864881
1.58,105,63,380.013371016052,1.4581288357762
1.58,105,66,367.720514433124,1.39330528527623
1.58,105,69,357.48013857071,1.32507337746368
1.58,105,72,349.268512399409,1.25437651640034
1.58,105,75,342.982076544538,1.18223311879817
1.58,105,78,338.449915762176,1.1096341185047
1.58,105,81,335.451250332041,1.03745903975237
1.58,105,84,333.733478635512,0.966423800406587
1.58,105,87,333.027216438027,0.897061038024604
1.58,105,90,333.056691450684,0.829724541870675
1.58,105,93,333.545816543805,0.764606388322326
1.58,105,96,334.221529978326,0.701757744136529
1.58,105,99,334.816283535959,0.641109027193248
1.58,105,102,335.07104985414,0.582489329131527
1.58,105,105,334.739317020167,0.525647168910301
1.58,105,108,333.591673296543,0.470274595067561
1.58,105,111,331.420069744915,0.416035057121488
1.58,105,114,328.040817620615,0.362593252719889
1.58,105,117,323.295792219246,0.309643165396437
1.58,105,120,317.052001895328,0.256929364723205
1.58,105,123,309.200381070017,0.204256740647321
1.58,105,126,299.655095214357,0.151485303700196
1.58,105,129,288.3545794959,0.0985092454730818
1.58,105,132,275.264908563862,0.045222427268985
1.58,105,135,260.38508786521,-0.00852519173578056
1.58,105,138,243.752857212329,-0.0629751173567594
1.58,105,141,225.449057312866,-0.118509103168359
1.58,105,144,205.598820883526,-0.175702699154243
1.58,105,147,184.368789883329,-0.235399751563917
1.58,105,150,161.96093850767,-0.298849606132687
1.58,105,153,138.605113484633,-0.368008054776717
1.58,105,156,114.554363601118,-0.446267360262843
1.58,105,159,90.0919185410463,-0.540431829074296
1.58,105,162,65.5789772444096,-0.667071148922554
1.58,105,165,41.696899342939,-0.879577778257844
1.58,105,168,21.2841221818377,-1.43632832239571
1.58,105,171,20.7142203204729,-2.76560464769016
1.58,105,174,40.2585023399698,-3.34525349123387
1.58,105,177,62.9051017858468,-3.56626913839952
1.58,105,180,85.7271732296656,-3.70035924578276
1.58,108,-180,85.7271732296655,2.63518593895665
1.58,108,-177,108.107160091344,2.530798357676
1.58,108,-174,129.818226023861,2.44234562157502
1.58,108,-171,150.760688045467,2.36279227432056
1.58,108,-168,170.878402447432,2.28918976229406
1.58,108,-165,190.126807679312,2.2203645669535
1.58,108,-162,208.459817690399,2.15598818055195
1.58,108,-159,225.830498041611,2.09611886612988
1.58,108,-156,242.203400837948,2.04094402604741
1.58,108,-153,257.57390256499,1.990633872595
1.58,108,-150,271.987190736369,1.94527116325132
1.58,108,-147,285.549267631513,1.90483564941348
1.58,108,-144,298.425093348585,1.86922417652344
1.58,108,-141,310.823645010251,1.83828799435313
1.58,108,-138,322.974207257862,1.8118708060938
1.58,108,-135,335.100835875598,1.78983504404181
1.58,108,-132,347.401854742047,1.77206959559521
1.58,108,-129,360.038826992979,1.75847875035321
1.58,108,-126,373.135871784976,1.74895785081052
1.58,108,-123,386.786890599758,1.74336439261163
1.58,108,-120,401.066303635401,1.74149347365522
1.58,108,-117,416.038697440126,1.743064118123
1.58,108,-114,431.764074852057,1.74771941065766
1.58,108,-111,448.297440653793,1.75503983137301
1.58,108,-108,465.683418683385,1.76456648166941
1.58,108,-105,483.947879390947,1.77582937703725
1.58,108,-102,503.088957483978,1.78837570525562
1.58,108,-99,523.069514106493,1.80179374476931
1.58,108,-96,543.81239523505,1.81572965243837
1.58,108,-93,565.199103312073,1.82989607636984
1.58,108,-90,587.071945818244,1.8440730594472
1.58,108,-87,609.239401632129,1.85810267425694
1.58,108,-84,631.484283746702,1.87187920926904
1.58,108,-81,653.574161571583,1.88533664251245
1.58,108,-78,675.273345777893,1.89843481627094
1.58,108,-75,696.35550103793,1.91114537901634
1.58,108,-72,716.615674136383,1.92343833429375
1.58,108,-69,735.880302394502,1.93526998667931
1.58,108,-66,754.01372755388,1.94657317225498
1.58,108,-63,770.920002165263,1.95725080334274
1.58,108,-60,786.539400266689,1.96717379534956
1.58,108,-57,800.839988426458,1.97618422388862
1.58,108,-54,813.805705749221,1.98410398842262
1.58,108,-51,825.423363634769,1.99074836851345
1.58,108,-48,835.671495309172,1.99594285062065
1.58,108,-45,844.513822141828,1.99954080751668
1.58,108,-42,851.899191616838,2.00143936465913
1.58,108,-39,857.768330825967,2.00159126098824
1.58,108,-36,862.06598727196,2.00001159281044
1.58,108,-33,864.755433791129,1.99677962739195
1.58,108,-30,865.831328306877,1.99203686783426
1.58,108,-27,865.326869905074,1.98598281917119
1.58,108,-24,863.312224283345,1.97886931529576
1.58,108,-21,859.883200402255,1.97099306239061
1.58,108,-18,855.141761651192,1.96268480413112
1.58,108,-15,849.172511408149,1.95429291514744
1.58,108,-12,842.021036217093,1.94615982052125
1.58,108,-9,833.680244268962,1.93859150142423
1.58,108,-6,824.089293381215,1.93182295728323
1.58,108,-3,813.146627863959,1.92598487793922
1.58,108,0,800.73488581428,1.92107794518598
1.58,108,3,786.75216419816,1.91696060773192
1.58,108,6,771.142379519126,1.91335400635307
1.58,108,9,753.917744942247,1.90986460682722
1.58,108,12,735.168514737421,1.90602177586974
1.58,108,15,715.058389326493,1.90132459822013
1.58,108,18,693.807378652741,1.8952901037144
1.58,108,21,671.666646825828,1.8874941519506
1.58,108,24,648.891354883282,1.87759694103726
1.58,108,27,625.717548338197,1.86534774597453
1.58,108,30,602.347764233949,1.85056783850621
1.58,108,33,578.947614752123,1.83311566903184
1.58,108,36,555.652780027513,1.81284285070165
1.58,108,39,532.583404960802,1.78955190238029
1.58,108,42,509.861510440218,1.76296645734945
1.58,108,45,487.626945282171,1.73272211297045
1.58,108,48,466.048357181633,1.69838232386047
1.58,108,51,445.327073534575,1.65947973498235
1.58,108,54,425.693124190982,1.61557955112455
1.58,108,57,407.393686838829,1.56635777486276
1.58,108,60,390.675103067634,1.51168311432014
1.58,108,63,375.760534793391,1.45168741456077
1.58,108,66,362.826373286237,1.38680723595811
1.58,108,69,351.981381850981,1.31778137318974
1.58,108,72,343.252660020267,1.24559772594301
1.58,108,75,336.581354014054,1.17139684427032
1.58,108,78,331.828669543235,1.0963532138252
1.58,108,81,328.790004264713,1.02156175798989
1.58,108,84,327.213119014893,0.94795246406778
1.58,108,87,326.816022469464,0.876243430422129
1.58,108,90,327.301555695949,0.806929224079021
1.58,108,93,328.367681185062,0.740293410184828
1.58,108,96,329.714213315058,0.676433122801979
1.58,108,99,331.047572759674,0.615287291971287
1.58,108,102,332.08504976287,0.556665086861869
1.58,108,105,332.559349827821,0.500274711773504
1.58,108,108,332.223328881886,0.445753975598077
1.58,108,111,330.854191692839,0.39270335221546
1.58,108,114,328.256247332657,0.340720408342557
1.58,108,117,324.261624037098,0.289432403787159
1.58,108,120,318.729018634739,0.238522334148694
1.58,108,123,311.54134887702,0.187743266876925
1.58,108,126,302.603778989506,0.136916845233861
1.58,108,129,291.843702808973,0.0859142344442615
1.58,108,132,279.213733070805,0.0346209637186133
1.58,108,135,264.69765187271,-0.0171100266273964
1.58,108,138,248.318004314183,-0.0695116593214514
1.58,108,141,230.14310364344,-0.122958703728568
1.58,108,144,210.291108609484,-0.17802909805018
1.58,108,147,188.929656332987,-0.235586222293654
1.58,108,150,166.27105743412,-0.296924032983689
1.58,108,153,142.564958890597,-0.36407727023405
1.58,108,156,118.092847815521,-0.440563693574361
1.58,108,159,93.1742326100965,-0.533368916085632
1.58,108,162,68.2159150831818,-0.659215466564892
1.58,108,165,43.9621194565943,-0.870340028788793
1.58,108,168,23.2654655826704,-1.40225179505063
1.58,108,171,21.3985081709761,-2.66149570641961
1.58,108,174,40.31007677231,-3.27523118375994
1.58,108,177,62.9031257411752,-3.50925659506352
1.58,108,180,85.7271732296655,-3.64799936822293
1.58,111,-180,85.7271732296654,2.68754581651648
1.58,111,-177,107.999116078214,2.58156959608143
1.58,111,-174,129.527781413242,2.49251373722947
1.58,111,-171,150.21050293936,2.41266832182186
1.58,111,-168,169.999918949493,2.33876364482466
1.58,111,-165,188.867209590658,2.26945840690693
1.58,111,-162,206.786539372526,2.20433035083207
1.58,111,-159,223.734316113443,2.14338024071975
1.58,111,-156,239.700697503565,2.08675524676114
1.58,111,-153,254.708204220742,2.03459539907659
1.58,111,-150,268.829502599653,1.9869645040814
1.58,111,-147,282.196324710157,1.94384067946393
1.58,111,-144,294.994710332813,1.90514323587227
1.58,111,-141,307.446927536167,1.87077334839914
1.58,111,-138,319.785276260913,1.8406493392052
1.58,111,-135,332.225560082786,1.81472386850002
1.58,111,-132,344.947546791902,1.7929787915415
1.58,111,-129,358.086751832718,1.77540164814779
1.58,111,-126,371.737777437634,1.76195318573882
1.58,111,-123,385.965837682567,1.75253654982076
1.58,111,-120,400.821169959675,1.74697630332865
1.58,111,-117,416.35113622363,1.74501116741213
1.58,111,-114,432.606509659954,1.746300314393
1.58,111,-111,449.640816631648,1.7504403126999
1.58,111,-108,467.503743158869,1.75698857952752
1.58,111,-105,486.230936970549,1.76548908893935
1.58,111,-102,505.832903470968,1.77549669260004
1.58,111,-99,526.285319392567,1.78659741439665
1.58,111,-96,547.522337077042,1.79842322658465
1.58,111,-93,569.433661594448,1.81066088071098
1.58,111,-90,591.865557468572,1.82305517424979
1.58,111,-87,614.625541190052,1.83540749676444
1.58,111,-84,637.490295388045,1.84757063908479
1.58,111,-81,660.216209815617,1.85944076975145
1.58,111,-78,682.551824987219,1.87094732193078
1.58,111,-75,704.251271969337,1.88204141500893
1.58,111,-72,725.087562832019,1.89268344005722
1.58,111,-69,744.86434420762,1.90283059376111
1.58,111,-66,763.424586475511,1.9124254164663
1.58,111,-63,780.654776568554,1.92138668036096
1.58,111,-60,796.483629198137,1.92960413611615
1.58,111,-57,810.875167023835,1.93693849449296
1.58,111,-54,823.817149186893,1.94322746963285
1.58,111,-51,835.30700335364,1.94829774070074
1.58,111,-48,845.338288792097,1.95198147953035
1.58,111,-45,853.890942570083,1.95413500026129
1.58,111,-42,860.927933465712,1.95465652952577
1.58,111,-39,866.399504635071,1.95350035501091
1.58,111,-36,870.254222507284,1.9506856562348
1.58,111,-33,872.454055663431,1.94629976819718
1.58,111,-30,872.989244864746,1.9404968773315
1.58,111,-27,871.888283607177,1.93349365764854
1.58,111,-24,869.219185730648,1.92556289885908
1.58,111,-21,865.080322364302,1.91702498095648
1.58,111,-18,859.582026859232,1.90823572569038
1.58,111,-15,852.823113515143,1.89956848101784
1.58,111,-12,844.868495103325,1.89138886960869
1.58,111,-9,835.7344204218,1.88402254946127
1.58,111,-6,825.386168923256,1.87771903164122
1.58,111,-3,813.749710629529,1.87261704182775
1.58,111,0,800.73488581428,1.86871806762615
1.58,111,3,786.264389183791,1.86587407796543
1.58,111,6,770.301331892099,1.86379311281547
1.58,111,9,752.868810241593,1.86206319216001
1.58,111,12,734.057358457256,1.86019155216907
1.58,111,15,714.0194826889,1.85765319581478
1.58,111,18,692.953619238653,1.8539406075493
1.58,111,21,671.082040320897,1.84860566660572
1.58,111,24,648.62807661394,1.84128572092041
1.58,111,27,625.797553594709,1.8317086349906
1.58,111,30,602.767826707413,1.81967603764936
1.58,111,33,579.685697479785,1.80502895110593
1.58,111,36,556.673357369183,1.787604086362
1.58,111,39,533.839895702308,1.76719116424571
1.58,111,42,511.29518626479,1.74350125074868
1.58,111,45,489.163136490138,1.71615375867713
1.58,111,48,467.591996036406,1.68468647185181
1.58,111,51,446.760201586848,1.64858963027155
1.58,111,54,426.876768930026,1.60736217808327
1.58,111,57,408.17554676951,1.56058548226483
1.58,111,60,390.903005710305,1.50800658320961
1.58,111,63,375.299984742346,1.44961901383685
1.58,111,66,361.57907973841,1.38572517117289
1.58,111,69,349.900875100335,1.31696246088972
1.58,111,72,340.353356230084,1.24427917107369
1.58,111,75,332.938839261945,1.16885702082176
1.58,111,78,327.57120471137,1.09199304588701
1.58,111,81,324.083493138206,1.01496685160073
1.58,111,84,322.243145060004,0.938922836474388
1.58,111,87,321.770604980055,0.864788776126763
1.58,111,90,322.357235348291,0.793237376802974
1.58,111,93,323.680077327809,0.724684253055699
1.58,111,96,325.412936977009,0.659309539964581
1.58,111,99,327.234653379883,0.597091086265026
1.58,111,102,328.83583346358,0.537841618941051
1.58,111,105,329.9249600404,0.481246887772982
1.58,111,108,330.234021169361,0.426904567264673
1.58,111,111,329.523119950011,0.374364223419659
1.58,111,114,327.583219679254,0.323167522421756
1.58,111,117,324.236385845214,0.272885970017426
1.58,111,120,319.33354430294,0.223151717598585
1.58,111,123,312.75066575873,0.173676124433512
1.58,111,126,304.385075190074,0.124251378723012
1.58,111,129,294.153899590361,0.0747327009783296
1.58,111,132,281.996239032678,0.0250020070193167
1.58,111,135,267.879471933121,-0.0250827550375117
1.58,111,138,251.80854132127,-0.0757466411128542
1.58,111,141,233.835738214573,-0.12736064359059
1.58,111,144,214.06801355109,-0.180510286385085
1.58,111,147,192.669502312004,-0.236085078543176
1.58,111,150,169.858585049029,-0.295431178031099
1.58,111,153,145.90108765477,-0.36067115326631
1.58,111,156,121.104241592992,-0.435460667633624
1.58,111,159,95.8222447044984,-0.526991393507022
1.58,111,162,70.5072724821429,-0.652216616403136
1.58,111,165,45.96888104642,-0.862652878253879
1.58,111,168,25.1041469154542,-1.37635757633744
1.58,111,171,22.2558853712069,-2.56909165090035
1.58,111,174,40.4967112463563,-3.2069292352889
1.58,111,177,62.9649060521125,-3.4526739289937
1.58,111,180,85.7271732296654,-3.5956394906631
1.58,114,-180,85.7271732296655,2.73990569407631
1.58,114,-177,107.829469376343,2.63261723929497
1.58,114,-174,129.112076340691,2.54318584156456
1.58,114,-171,149.465739974353,2.46325366002655
1.58,114,-168,168.848871283807,2.3892294257031
1.58,114,-165,187.246257081288,2.31959517226766
1.58,114,-162,204.651322055365,2.25382388734639
1.58,114,-159,221.064114899722,2.19184892596389
1.58,114,-156,236.501965923212,2.1337704787197
1.58,114,-153,251.017210414277,2.079696288434
1.58,114,-150,264.713503056828,2.02967477366344
1.58,114,-147,277.752328060254,1.98369206552076
1.58,114,-144,290.34496989813,1.9417051061386
1.58,114,-141,302.73089708727,1.90368380656691
1.58,114,-138,315.148692962884,1.86964046129107
1.58,114,-135,327.808230196042,1.83963425168608
1.58,114,-132,340.871931102763,1.81375031431701
1.58,114,-129,354.449347723244,1.79206259363381
1.58,114,-126,368.604598965949,1.77459412974804
1.58,114,-123,383.372285612594,1.76128675025209
1.58,114,-120,398.775651235578,1.75198652834591
1.58,114,-117,414.841231045263,1.74644527646087
1.58,114,-114,431.606366029797,1.74433426779889
1.58,114,-111,449.118651740763,1.74526496382008
1.58,114,-108,467.428650552516,1.74881206646945
1.58,114,-105,486.578488119789,1.75453562485019
1.58,114,-102,506.589237701256,1.76200038448918
1.58,114,-99,527.449554559334,1.77079166662804
1.58,114,-96,549.107242841349,1.78052770892522
1.58,114,-93,571.464638950906,1.79086865779342
1.58,114,-90,594.37806094029,1.80152241224257
1.58,114,-87,617.66115549202,1.81224742056268
1.58,114,-84,641.09173893823,1.82285243507174
1.58,114,-81,664.421601766246,1.83319320305099
1.58,114,-78,687.388643832768,1.84316614269642
1.58,114,-75,709.730560245445,1.85269922851946
1.58,114,-72,731.199069060372,1.86174058815413
1.58,114,-69,751.573378613369,1.87024567745808
1.58,114,-66,770.671319054538,1.87816431369828
1.58,114,-63,788.356455830111,1.88542922713132
1.58,114,-60,804.539732216505,1.89194801259627
1.58,114,-57,819.17487542893,1.89760026996071
1.58,114,-54,832.247936181509,1.90224118408663
1.58,114,-51,843.762715745213,1.90571178362259
1.58,114,-48,853.725092585783,1.90785478671203
1.58,114,-45,862.129943894207,1.90853364392133
1.58,114,-42,868.95410733112,1.90765158477104
1.58,114,-39,874.15753575658,1.905167530068
1.58,114,-36,877.692684893814,1.9011066994782
1.58,114,-33,879.519765709599,1.89556526459912
1.58,114,-30,879.623488269111,1.88870982617526
1.58,114,-27,878.026001759985,1.88077319414567
1.58,114,-24,874.791343474274,1.87204761490767
1.58,114,-21,870.0188750702,1.86287542006768
1.58,114,-18,863.826419618968,1.85363571465001
1.58,114,-15,856.327180019027,1.84472501788504
1.58,114,-12,847.606885640733,1.8365303594333
1.58,114,-9,837.708048681225,1.82939531084235
1.58,114,-6,826.626388213036,1.8235821961426
1.58,114,-3,814.320896479297,1.81923619640911
1.58,114,0,800.73488581428,1.81635819006632
1.58,114,3,785.822123531793,1.81479244236622
1.58,114,6,769.570936185296,1.81423287603218
1.58,114,9,752.02023360917,1.81424830025878
1.58,114,12,733.264183473663,1.81432341288578
1.58,114,15,713.445636463759,1.81390924903424
1.58,114,18,692.741224154995,1.81247455140978
1.58,114,21,671.342605726768,1.80954879839075
1.58,114,24,649.438471889579,1.80474878501422
1.58,114,27,627.200916285068,1.79778379577599
1.58,114,30,604.778158758848,1.78843899571332
1.58,114,33,582.293878296295,1.77654153509341
1.58,114,36,559.852036170188,1.76191762577845
1.58,114,39,537.545335293207,1.74435048989538
1.58,114,42,515.465413815811,1.72354839745788
1.58,114,45,493.713268884032,1.69912960672305
1.58,114,48,472.408837650331,1.67062793016792
1.58,114,51,451.698781838862,1.63751979891022
1.58,114,54,431.761266915432,1.59927152244782
1.58,114,57,412.806159250839,1.55540373596432
1.58,114,60,395.069015460494,1.5055680853704
1.58,114,63,378.797861989439,1.4496282254165
1.58,114,66,364.233141861569,1.38773303237497
1.58,114,69,351.583069940962,1.32036583123784
1.58,114,72,340.998403778675,1.24835236938122
1.58,114,75,332.551554435424,1.17281565484504
1.58,114,78,326.224412180691,1.09507862175283
1.58,114,81,321.907162907819,1.01653187621908
1.58,114,84,319.407429099582,0.938495461806256
1.58,114,87,318.466537842297,0.862103950980373
1.58,114,90,318.778668089496,0.788233284190148
1.58,114,93,320.009274441653,0.717472428569886
1.58,114,96,321.810841957472,0.65013111199826
1.58,114,99,323.835680455595,0.586270459991065
1.58,114,102,325.746403622109,0.52574513485803
1.58,114,105,327.224808090078,0.468249967971414
1.58,114,108,327.979360230279,0.413367973799887
1.58,114,111,327.750868754691,0.360618580583546
1.58,114,114,326.315565433724,0.309504865803844
1.58,114,117,323.484957575531,0.259557241804728
1.58,114,120,319.102472610717,0.210369337233199
1.58,114,123,313.037905775104,0.161620710757437
1.58,114,126,305.181655709599,0.113081308440898
1.58,114,129,295.441248243786,0.0645946234744333
1.58,114,132,283.742329547042,0.016040012861429
1.58,114,135,270.035055498334,-0.03272160450799
1.58,114,138,254.304941269199,-0.0819121906719557
1.58,114,141,236.585466070299,-0.131905857187687
1.58,114,144,216.96883218696,-0.183303980502665
1.58,114,147,195.611720908215,-0.237031159548825
1.58,114,150,172.734619360605,-0.294495138887178
1.58,114,153,148.615939751469,-0.35791681902908
1.58,114,156,123.585754916105,-0.431104366960371
1.58,114,159,98.0310179653474,-0.521484042528857
1.58,114,162,72.4487571282997,-0.646321470091217
1.58,114,165,47.716426317228,-0.856793782395537
1.58,114,168,26.8005215690314,-1.35733604149195
1.58,114,171,23.2553463412694,-2.48823993204289
1.58,114,174,40.8153752702276,-3.1405861800065
1.58,114,177,63.0902854206519,-3.39655302983986
1.58,114,180,85.7271732296655,-3.54327961310327
1.58,117,-180,85.7271732296656,2.79226557163614
1.58,117,-177,107.598989985691,2.68393975868401
1.58,117,-174,128.573682213338,2.59435483391341
1.58,117,-171,148.531901685196,2.51453806480202
1.58,117,-168,167.434722855799,2.44057737993825
1.58,117,-165,185.278195539533,2.37076850522181
1.58,117,-162,202.073732580036,2.30446711243304
1.58,117,-159,217.844974978823,2.24152744298674
1.58,117,-156,232.637575982454,2.18199423949879
1.58,117,-153,246.535881225615,2.12593935452655
1.58,117,-150,259.677560432229,2.07339819130926
1.58,117,-147,272.257468731215,2.02437377291267
1.58,117,-144,284.51607463162,1.9788756614715
1.58,117,-141,296.713984488249,1.93696187839392
1.58,117,-138,309.099647469355,1.8987593794191
1.58,117,-135,321.879918460227,1.86445213771032
1.58,117,-132,335.201912038365,1.8342412597195
1.58,117,-129,349.150290464365,1.80829272750567
1.58,117,-126,363.758767689002,1.78669100985629
1.58,117,-123,379.030370371002,1.76941127226718
1.58,117,-120,394.959279637067,1.75631371862291
1.58,117,-117,411.547999236187,1.74715584396882
1.58,117,-114,428.81621011622,1.74161478256359
1.58,117,-111,446.800655374556,1.73931228365995
1.58,117,-108,465.547710455429,1.73983737548177
1.58,117,-105,485.101477859128,1.74276469064793
1.58,117,-102,505.490385807396,1.74766861846143
1.58,117,-99,526.714739581109,1.75413453680942
1.58,117,-96,548.736884945359,1.76176846484004
1.58,117,-93,571.474892871554,1.77020592508757
1.58,117,-90,594.800106841096,1.77912003267074
1.58,117,-87,618.538530880288,1.7882281869557
1.58,117,-84,642.475834508534,1.79729642051975
1.58,117,-81,666.365640671524,1.80614049317108
1.58,117,-78,689.940668639457,1.81462312869827
1.58,117,-75,712.926153326725,1.82264726709561
1.58,117,-72,735.054702374321,1.83014575119289
1.58,117,-69,756.081375956756,1.83706842262346
1.58,117,-66,775.797350601137,1.84336812221651
1.58,117,-63,794.040212918341,1.84898751439333
1.58,117,-60,810.698936104307,1.85384888846484
1.58,117,-57,825.712118419275,1.8578490037079
1.58,117,-54,839.059182225375,1.86086051751628
1.58,117,-51,850.745801380275,1.86274052419988
1.58,117,-48,860.786460336295,1.86334535807981
1.58,117,-45,869.188211373943,1.86254940652193
1.58,117,-42,875.939875534749,1.86026470515852
1.58,117,-39,881.009857180832,1.85645796565481
1.58,117,-36,884.353533631579,1.85116253785003
1.58,117,-33,885.928377353099,1.84448431965075
1.58,117,-30,885.712398406954,1.83660214184819
1.58,117,-27,883.720042316242,1.82776397732986
1.58,117,-24,880.009982827403,1.81828008822186
1.58,117,-21,874.681435415858,1.80851310480249
1.58,117,-18,867.859155740048,1.79886369508708
1.58,117,-15,859.671076042221,1.78974980705699
1.58,117,-12,850.225233363422,1.78157810803377
1.58,117,-9,839.593182039466,1.77470828567695
1.58,117,-6,827.805125672447,1.76941367811037
1.58,117,-3,814.858179649929,1.76584416282114
1.58,117,0,800.73488581428,1.76399831250649
1.58,117,3,785.425951115718,1.76371103869095
1.58,117,6,768.950285918264,1.76466050811093
1.58,117,9,751.366929207785,1.76639469144614
1.58,117,12,732.776558467844,1.76837422016425
1.58,117,15,713.313662054493,1.77002492053793
1.58,117,18,693.132881709691,1.77079106956875
1.58,117,21,672.393886466137,1.77017971092205
1.58,117,24,651.248508202854,1.76778777512569
1.58,117,27,629.83234267253,1.76330726433933
1.58,117,30,608.261325147745,1.7565086371352
1.58,117,33,586.632509429284,1.74720740515882
1.58,117,36,565.027720334603,1.7352224013281
1.58,117,39,543.518914239906,1.72033531932531
1.58,117,42,522.174684650132,1.70225996312796
1.58,117,45,501.067918569752,1.68062695971047
1.58,117,48,480.284696761831,1.65498659018485
1.58,117,51,459.933958587634,1.62482984647539
1.58,117,54,440.156437685313,1.58962628922006
1.58,117,57,421.130436427365,1.54887659872172
1.58,117,60,403.071697087485,1.5021771337919
1.58,117,63,386.225260170691,1.4492923232154
1.58,117,66,370.84872357911,1.39022756062984
1.58,117,69,357.188358258854,1.32529072300155
1.58,117,72,345.451541323672,1.25512640277837
1.58,117,75,335.780330491996,1.18070681722128
1.58,117,78,328.231194413092,1.10327024258102
1.58,117,81,322.764672629692,1.0242115937301
1.58,117,84,319.246323011963,0.944945271860724
1.58,117,87,317.457569224943,0.866769620643726
1.58,117,90,317.11307809643,0.790760065239644
1.58,117,93,317.880778378921,0.717706051475955
1.58,117,96,319.401469421091,0.648092433533074
1.58,117,99,321.306404850234,0.58211589334558
1.58,117,102,323.232433064332,0.519723805506488
1.58,117,105,324.834783731108,0.460664916799744
1.58,117,108,325.797453367398,0.404544971378234
1.58,117,111,325.840721856178,0.350883429586631
1.58,117,114,324.725045971986,0.299168653818854
1.58,117,117,322.250729185092,0.248908507270444
1.58,117,120,318.253458339811,0.199672015601011
1.58,117,123,312.596893509179,0.15111662474277
1.58,117,126,305.164643287169,0.102995674265347
1.58,117,129,295.854654459086,0.05514264066068
1.58,117,132,284.578819979348,0.0074323394778313
1.58,117,135,271.26926953568,-0.0402765692999229
1.58,117,138,255.89064908867,-0.0882107366434334
1.58,117,141,238.455493009043,-0.136756849540963
1.58,117,144,219.038481109843,-0.186542363365366
1.58,117,147,197.785589757089,-0.238537292646282
1.58,117,150,174.915941128885,-0.294221315517203
1.58,117,153,150.717153522767,-0.355925134521754
1.58,117,156,125.539183601577,-0.427625659535944
1.58,117,159,99.7995788931141,-0.517015408982842
1.58,117,162,74.0394936916849,-0.641756862458773
1.58,117,165,49.2069827721011,-0.853023754462123
1.58,117,168,28.3591298610563,-1.34435617084584
1.58,117,171,24.3714218313921,-2.41828782723995
1.58,117,174,41.2624313414328,-3.07639500928152
1.58,117,177,63.2788978912216,-3.34092262788122
1.58,117,180,85.7271732296656,-3.49091973554344
1.58,120,-180,85.7271732296656,2.84462544919597
1.58,120,-177,107.308621350393,2.7355351900234
1.58,120,-174,127.915595663043,2.6460130306566
1.58,120,-171,147.415338327592,2.56651092375899
1.58,120,-168,165.768449938245,2.49279832955366
1.58,120,-165,182.979729072409,2.42297463444276
1.58,120,-162,199.077018195716,2.35626426206623
1.58,120,-159,214.107107985207,2.29242875803283
1.58,120,-156,228.144629905083,2.23144683991081
1.58,120,-153,241.307568103914,2.17334869443481
1.58,120,-150,253.770062773862,2.11815701470579
1.58,120,-147,265.763488081988,2.06589891195873
1.58,120,-144,277.561174607592,2.01665065527179
1.58,120,-141,289.448826697299,1.97057799877902
1.58,120,-138,301.688667968298,1.92794478351793
1.58,120,-135,314.488047009481,1.88908066803786
1.58,120,-132,327.981615634093,1.85431866523001
1.58,120,-129,342.231155133525,1.82392574537697
1.58,120,-126,357.241024047167,1.79804980936272
1.58,120,-123,372.982624984414,1.77669599025923
1.58,120,-120,389.419769497,1.75973197668522
1.58,120,-117,406.528266061966,1.74691284252393
1.58,120,-114,424.30617775969,1.7379132756041
1.58,120,-111,442.774438183469,1.7323576162237
1.58,120,-108,461.96980607147,1.72984274667239
1.58,120,-105,481.933143360322,1.72995318044659
1.58,120,-102,502.695948074783,1.73227045966087
1.58,120,-99,524.267436987106,1.73637994721004
1.58,120,-96,546.62369489309,1.74187764746378
1.58,120,-93,569.699757199299,1.74837842018038
1.58,120,-90,593.385058871012,1.755525511289
1.58,120,-87,617.522437108294,1.76300021069505
1.58,120,-84,641.910744790109,1.7705299162729
1.58,120,-81,666.311043470018,1.77789294349109
1.58,120,-78,690.456233894318,1.78491891541887
1.58,120,-75,714.063787951848,1.79148428887566
1.58,120,-72,736.85091726951,1.79750334381408
1.58,120,-69,758.5510346327,1.80291567660086
1.58,120,-66,778.929793376734,1.80767183787031
1.58,120,-63,797.798485097189,1.81171919997302
1.58,120,-60,815.022380583153,1.81499036432162
1.58,120,-57,830.521968328748,1.81739632904528
1.58,120,-54,844.266127496281,1.81882612834185
1.58,120,-51,856.257985195083,1.8191536787717
1.58,120,-48,866.516177418777,1.81825121756543
1.58,120,-45,875.055852988258,1.81600728502829
1.58,120,-42,881.874380778716,1.81234613702721
1.58,120,-39,886.94590745573,1.80724520972775
1.58,120,-36,890.226668187301,1.80074796953767
1.58,120,-33,891.669801090748,1.79297090491946
1.58,120,-30,891.245301370108,1.78410491601181
1.58,120,-27,888.958757397372,1.77441222226287
1.58,120,-24,884.862480738269,1.76421973931131
1.58,120,-21,879.054812243224,1.75390883001829
1.58,120,-18,871.667194380399,1.74390008049923
1.58,120,-15,862.842784620254,1.73463116810054
1.58,120,-12,852.713403042503,1.72652662394952
1.58,120,-9,841.38224411853,1.71996039520254
1.58,120,-6,828.917701655006,1.71521491896427
1.58,120,-3,815.35961996621,1.71244282999715
1.58,120,0,800.73488581428,1.71163843494666
1.58,120,3,785.076255772439,1.71262526014169
1.58,120,6,768.437785568274,1.71506353888469
1.58,120,9,750.902196952166,1.71847805061749
1.58,120,12,732.578941971599,1.72230291923884
1.58,120,15,713.595068146372,1.72593645326682
1.58,120,18,694.082959418075,1.72879658137139
1.58,120,21,674.169118583688,1.73036670885355
1.58,120,24,653.966731353369,1.7302234863096
1.58,120,27,633.572713345603,1.72804195161254
1.58,120,30,613.068234525148,1.72357878246197
1.58,120,33,592.520950426676,1.71663937059879
1.58,120,36,571.987475460546,1.70703758185925
1.58,120,39,551.515696343054,1.69455763597239
1.58,120,42,531.147728691187,1.67892576378197
1.58,120,45,510.924986931114,1.65979617403993
1.58,120,48,490.896518069215,1.63675264000156
1.58,120,51,471.130464985053,1.60932471466592
1.58,120,54,451.726791164578,1.57701665784122
1.58,120,57,432.827989079237,1.5393473868427
1.58,120,60,414.624061956111,1.49590034432402
1.58,120,63,397.348851468966,1.4463820179944
1.58,120,66,381.266544033629,1.39068599520658
1.58,120,69,366.64938015281,1.32895560763816
1.58,120,72,353.749616354706,1.26163334103062
1.58,120,75,342.770178102395,1.18948164487546
1.58,120,78,333.838897979903,1.1135608507765
1.58,120,81,326.990616380063,1.0351578623616
1.58,120,84,322.159796316818,0.955672886077773
1.58,120,87,319.184053929953,0.87648519054619
1.58,120,90,317.816833528663,0.798825661516627
1.58,120,93,317.746096981353,0.723680203859022
1.58,120,96,318.615695285021,0.65173647877084
1.58,120,99,320.046795645943,0.583373606099117
1.58,120,102,321.657727691547,0.518685880787704
1.58,120,105,323.081325195971,0.457528874819716
1.58,120,108,323.979068887203,0.39957777770682
1.58,120,111,324.051241389176,0.34439066746152
1.58,120,114,323.042233819775,0.291471531939067
1.58,120,117,320.74042217086,0.240328500034194
1.58,120,120,316.972821356595,0.190522191231751
1.58,120,123,311.595942652795,0.141698304314178
1.58,120,126,304.485582277107,0.0935987160637408
1.58,120,129,295.52911592114,0.0460473328593079
1.58,120,132,284.623716683856,-0.00108923679989248
1.58,120,135,271.682481766042,-0.0479616097627572
1.58,120,138,256.648016868847,-0.0948105351568561
1.58,120,141,239.510421476675,-0.142046003051868
1.58,120,144,220.324917267303,-0.190332608378502
1.58,120,147,199.224355694101,-0.240696563191842
1.58,120,150,176.423676221522,-0.294700122807245
1.58,120,153,152.216701737853,-0.354795796260784
1.58,120,156,126.970412703296,-0.425146860571352
1.58,120,159,101.130694198424,-0.513746712636085
1.58,120,162,75.2820065035248,-0.638741988189994
1.58,120,165,50.4459253120263,-0.851600803077429
1.58,120,168,29.7882965993872,-1.3368806980255
1.58,120,171,25.5847076411035,-2.35830826163897
1.58,120,174,41.8338152236591,-3.01449811982292
1.58,120,177,63.530174822531,-3.28580782194252
1.58,120,180,85.7271732296656,-3.43855985798361
1.58,123,-180,85.7271732296658,2.8969853267558
1.58,123,-177,106.959473114771,2.78740115498657
1.58,123,-174,127.141207172795,2.69815214124047
1.58,123,-171,146.123173217847,2.61916109033445
1.58,123,-168,163.862404519369,2.54588337379175
1.58,123,-165,180.369800605177,2.47621207666293
1.58,123,-162,195.687780315533,2.40922534008987
1.58,123,-159,209.885395796727,2.34457651068239
1.58,123,-156,223.066335374274,2.28216517523454
1.58,123,-153,235.383190077361,2.22197111830185
1.58,123,-150,247.048372140121,2.16400150369113
1.58,123,-147,258.332396059761,2.10831192719275
1.58,123,-144,269.544850153138,2.05505767006012
1.58,123,-141,281.000528921321,2.00453173987905
1.58,123,-138,292.979684279719,1.95715894428422
1.58,123,-135,305.694267643733,1.91343902764119
1.58,123,-132,319.270076540111,1.87385722064932
1.58,123,-129,333.748868071929,1.8387947599997
1.58,123,-126,349.107564413065,1.80846851578037
1.58,123,-123,365.286740048045,1.78291249622984
1.58,123,-120,382.21931778504,1.76199605352459
1.58,123,-117,399.852443372446,1.74546313166461
1.58,123,-114,418.159162462701,1.73297585216248
1.58,123,-111,437.139991606287,1.72415082735314
1.58,123,-108,456.816687199427,1.71858340532013
1.58,123,-105,477.22128300088,1.71586060767657
1.58,123,-102,498.383184283989,1.71556666681821
1.58,123,-99,520.316355448113,1.71728585805734
1.58,123,-96,543.00788710853,1.72060638917739
1.58,123,-93,566.408713706858,1.72512727999412
1.58,123,-90,590.426997377807,1.7304682187934
1.58,123,-87,614.924605562718,1.73628090002031
1.58,123,-84,639.717074951919,1.7422596167113
1.58,123,-81,664.577389235039,1.74814890406699
1.58,123,-78,689.243752285951,1.75374661160304
1.58,123,-75,713.431274184259,1.7589016527071
1.58,123,-72,736.847070272875,1.76350660808824
1.58,123,-69,759.207690451975,1.76748619337631
1.58,123,-66,780.257097878642,1.77078326815652
1.58,123,-63,799.782756013823,1.77334452877608
1.58,123,-60,817.6270160852,1.77510825002299
1.58,123,-57,833.691219115822,1.77599635364054
1.58,123,-54,847.930948875309,1.77591260236892
1.58,123,-51,860.342674727053,1.77474780232868
1.58,123,-48,870.944259297248,1.77239161653454
1.58,123,-45,879.753828136176,1.76874920066796
1.58,123,-42,886.772542119144,1.76375978181
1.58,123,-39,891.976287336433,1.75741393607668
1.58,123,-36,895.319073859473,1.74976687995095
1.58,123,-33,896.747503427884,1.74094636023885
1.58,123,-30,896.222061238459,1.73115511808471
1.58,123,-27,893.738479101436,1.7206687272229
1.58,123,-24,889.34204774073,1.70982946990128
1.58,123,-21,883.129878744332,1.69903596236896
1.58,123,-18,875.240146876119,1.68872712872895
1.58,123,-15,865.831872743788,1.67935869626838
1.58,123,-12,855.062101077117,1.67137125196991
1.58,123,-9,843.068048087551,1.66515105930077
1.58,123,-6,829.959601431859,1.66098760500576
1.58,123,-3,815.823351876891,1.65903415903744
1.58,123,0,800.73488581428,1.65927855738683
1.58,123,3,784.773229769702,1.66153058160997
1.58,123,6,768.031207465862,1.66542991930702
1.58,123,9,750.617895324548,1.67047525498555
1.58,123,12,732.653069883605,1.67607111220017
1.58,123,15,714.25679550932,1.68158526398953
1.58,123,18,695.538754162273,1.68640670531638
1.58,123,21,676.591200960738,1.68999337179934
1.58,123,24,657.487197547704,1.69190072702504
1.58,123,27,638.283255429707,1.6917868486905
1.58,123,30,619.023863382383,1.68939543103532
1.58,123,33,599.745182132537,1.68452326973806
1.58,123,36,580.47638506614,1.67698165960201
1.58,123,39,561.239060917553,1.66656106542452
1.58,123,42,542.046839792146,1.65300592435117
1.58,123,45,522.908098593878,1.63600277944792
1.58,123,48,503.833830357801,1.61518157449502
1.58,123,51,484.850767502782,1.59012793077132
1.58,123,54,466.017448363103,1.56040394598512
1.58,123,57,447.439120968609,1.52557611229071
1.58,123,60,429.276920850074,1.48525040566445
1.58,123,63,411.747787379308,1.43911534437147
1.58,123,66,395.113661333061,1.38699295680527
1.58,123,69,379.660891693658,1.32889476056107
1.58,123,72,365.672776409833,1.26507542119897
1.58,123,75,353.399365670879,1.19607210860103
1.58,123,78,343.028987355191,1.1227150672935
1.58,123,81,334.665523638569,1.04609721269415
1.58,123,84,328.314425745163,0.967498939618763
1.58,123,87,323.878959332329,0.888276901966362
1.58,123,90,321.16647803724,0.809737141164314
1.58,123,93,319.903014678084,0.733017892875126
1.58,123,96,319.753544831724,0.659003336142317
1.58,123,99,320.345066329601,0.58827913560856
1.58,123,102,321.289965773669,0.521129359569918
1.58,123,105,322.207640062476,0.457566700331831
1.58,123,108,322.74271918737,0.397385137279452
1.58,123,111,322.578454914455,0.340224841363363
1.58,123,114,321.444081175839,0.285640938340267
1.58,123,117,319.115476119024,0.233169060511904
1.58,123,120,315.409431779779,0.182380928473328
1.58,123,123,310.173215354825,0.132923069595354
1.58,123,126,303.272558876716,0.0845323279797187
1.58,123,129,294.582182511079,0.0370240768140705
1.58,123,132,283.982839138371,-0.00974681768848369
1.58,123,135,271.367338991544,-0.0559473662464523
1.58,123,138,256.655327372731,-0.101841947900564
1.58,123,141,239.813633327164,-0.147874582177743
1.58,123,144,220.876968891853,-0.1947578896843
1.58,123,147,199.963552128258,-0.243584790174743
1.58,123,150,177.282084367765,-0.296010605999667
1.58,123,153,153.130096463622,-0.354621992847182
1.58,123,156,127.888962265936,-0.423787605473281
1.58,123,159,102.030682586213,-0.511839394292307
1.58,123,162,76.1822401771226,-0.637498276127922
1.58,123,165,51.4419713881031,-0.852789034012378
1.58,123,168,31.0999515484536,-1.33455365263634
1.58,123,171,26.8816105911248,-2.30726057990201
1.58,123,174,42.5252080429506,-2.95498555285452
1.58,123,177,63.8433520629944,-3.23122968713518
1.58,123,180,85.7271732296658,-3.38619998042378
1.58,126,-180,85.7271732296656,2.94934520431563
1.58,126,-177,106.552813215152,2.83953488340266
1.58,126,-174,126.254266460304,2.75076324479873
1.58,126,-171,144.66321840478,2.67247672389885
1.58,126,-168,161.730156426264,2.59982356723336
1.58,126,-165,177.469336582763,2.53048122996791
1.58,126,-162,191.935597006657,2.46336581414447
1.58,126,-159,205.218863723705,2.3980050776378
1.58,126,-156,217.451299456165,2.33420342448948
1.58,126,-153,228.820316523829,2.27187764622559
1.58,126,-150,239.577665311819,2.21101215612682
1.58,126,-147,250.035045428615,2.15169121502453
1.58,126,-144,260.541409475031,2.09415847798719
1.58,126,-141,271.444696572835,2.03885313822367
1.58,126,-138,283.047825515119,1.98638732916759
1.58,126,-135,295.572064720377,1.937459993225
1.58,126,-132,309.13867271455,1.89273481857909
1.58,126,-129,323.772966117021,1.85272631234778
1.58,126,-126,339.427071245975,1.81773031366021
1.58,126,-123,356.012261246232,1.78781132576693
1.58,126,-120,373.430813902109,1.76283549564208
1.58,126,-117,391.600036584679,1.74252639429448
1.58,126,-114,410.465325185492,1.72652183651255
1.58,126,-111,430.002801641694,1.71441811664532
1.58,126,-108,450.214167374994,1.70579715120183
1.58,126,-105,471.116903038726,1.70023869607108
1.58,126,-102,492.732411834666,1.69732316821365
1.58,126,-99,515.073829912101,1.69663113814499
1.58,126,-96,538.13450514428,1.69774422565639
1.58,126,-93,561.877773128937,1.70024991186362
1.58,126,-90,586.228594115365,1.70375050716606
1.58,126,-87,611.067697788556,1.70787477072805
1.58,126,-84,636.228955709721,1.71228975285056
1.58,126,-81,661.500666064431,1.71671033821574
1.58,126,-78,686.631254940778,1.72090451476786
1.58,126,-75,711.339562188491,1.72469330075669
1.58,126,-72,735.329377668349,1.72794526889859
1.58,126,-69,758.307222118004,1.73056652740815
1.58,126,-66,780.001570327656,1.73248775346012
1.58,126,-63,800.180933638077,1.73365037988439
1.58,126,-60,818.667708714775,1.73399427733041
1.58,126,-57,835.344780668397,1.73344920380224
1.58,126,-54,850.152804613179,1.73193185187089
1.58,126,-51,863.077924029698,1.72934947964697
1.58,126,-48,874.132109998316,1.72560992866465
1.58,126,-45,883.330657780341,1.7206365289045
1.58,126,-42,890.672800950916,1.71438533369471
1.58,126,-39,896.131167285706,1.70686170342148
1.58,126,-36,899.653646695762,1.69813366398948
1.58,126,-33,901.177607498463,1.68834053231774
1.58,126,-30,900.652383156322,1.67769650165143
1.58,126,-27,898.062989262088,1.66648959056061
1.58,126,-24,893.447343494499,1.65507622250618
1.58,126,-21,886.901314918819,1.64387086647731
1.58,126,-18,878.570124375825,1.63332925363696
1.58,126,-15,868.629419315932,1.62392347678385
1.58,126,-12,857.262857444769,1.61610830734033
1.58,126,-9,844.643807001562,1.61028026867814
1.58,126,-6,830.926491907268,1.60673369599777
1.58,126,-3,816.247593277578,1.60562018695541
1.58,126,0,800.73488581428,1.606918679827
1.58,126,3,784.516883787344,1.61042258468134
1.58,126,6,767.727756421657,1.61574811674072
1.58,126,9,750.504636276041,1.62236461212137
1.58,126,12,732.978391348796,1.62964354735934
1.58,126,15,715.262043390761,1.63691883157705
1.58,126,18,697.441901433935,1.64354772650119
1.58,126,21,679.574926422374,1.64896079717945
1.58,126,24,661.692814266219,1.65269152318019
1.58,126,27,643.810327922071,1.6543813321728
1.58,126,30,625.933858403987,1.65376221846676
1.58,126,33,608.066619281694,1.65062449325425
1.58,126,36,590.208963193644,1.64477977981065
1.58,126,39,572.355074614923,1.63602859249896
1.58,126,42,554.489510676404,1.62413853419437
1.58,126,45,536.587728917721,1.60883492265128
1.58,126,48,518.623504014728,1.58980218280981
1.58,126,51,500.583467116071,1.56669272226497
1.58,126,54,482.486000731206,1.53914043875808
1.58,126,57,464.399609189063,1.50677782688965
1.58,126,60,446.455450643973,1.46925771571695
1.58,126,63,428.85001777312,1.42628187557253
1.58,126,66,411.836378791196,1.37763837778383
1.58,126,69,395.705012821088,1.32324747401441
1.58,126,72,380.757284101552,1.26321214755609
1.58,126,75,367.275596073966,1.19786513119877
1.58,126,78,355.494302710606,1.12780044662113
1.58,126,81,345.574867378435,1.05387632501104
1.58,126,84,337.587906725502,0.977179599081433
1.58,126,87,331.503829068365,0.898949865853687
1.58,126,90,327.192789705523,0.820472895455359
1.58,126,93,324.433624451903,0.742962501783733
1.58,126,96,322.93037992697,0.667453860274507
1.58,126,99,322.334225958471,0.594727366234157
1.58,126,102,322.268064175857,0.525272872633739
1.58,126,105,322.351042205728,0.459294045441975
1.58,126,108,322.220337129723,0.396745342763416
1.58,126,111,321.547896393593,0.337390908727109
1.58,126,114,320.050344405968,0.280874402607177
1.58,126,117,317.491097674767,0.226789656271128
1.58,126,120,313.67497842427,0.17474285191775
1.58,126,123,308.437211691456,0.124397538605874
1.58,126,126,301.630309999955,0.0754950592295827
1.58,126,129,293.113424924958,0.0278458016910204
1.58,126,132,282.748647667684,-0.018708676756314
1.58,126,135,270.407117966561,-0.0643573520813705
1.58,126,138,255.984906453864,-0.109396498518422
1.58,126,141,239.425402725163,-0.154313789284512
1.58,126,144,220.742638931534,-0.199879781497865
1.58,126,147,200.039611162508,-0.247263835200306
1.58,126,150,177.517526264389,-0.29822444412662
1.58,126,153,153.475701315536,-0.35549509473398
1.58,126,156,128.3076017572,-0.423670415827236
1.58,126,159,102.509278606543,-0.511461922756749
1.58,126,162,76.7496290324081,-0.638257658798334
1.58,126,165,52.2074143003302,-0.856864531921572
1.58,126,168,32.309542559806,-1.33712619627766
1.58,126,171,28.2536802048659,-2.26408982732471
1.58,126,174,43.3321879776669,-2.89789620274923
1.58,126,177,64.2174780241546,-3.17720497259958
1.58,126,180,85.7271732296656,-3.33384010286395
1.58,129,-180,85.7271732296656,3.00170508187546
1.58,129,-177,106.090059406325,2.89193323651749
1.58,129,-174,125.258845098067,2.80383676880465
1.58,129,-171,143.043881889878,2.72644511694214
1.58,129,-168,159.386317251076,2.65460954133206
1.58,129,-165,174.300961326391,2.58578384111399
1.58,129,-162,187.852604230756,2.5187061176345
1.58,129,-159,200.150106766256,2.45275942531622
1.58,129,-156,211.352777164199,2.3876336253898
1.58,129,-153,221.682211993392,2.32316509664412
1.58,129,-150,231.429745559601,2.25930234043902
1.58,129,-147,240.949683928073,2.19615241105191
1.58,129,-144,250.63317102172,2.13405213503464
1.58,129,-141,260.865470825498,2.07360445660941
1.58,129,-138,271.977273842725,2.01563795218252
1.58,129,-135,284.204523827799,1.96108623045839
1.58,129,-132,297.668905836654,1.91082582049963
1.58,129,-129,312.383441891574,1.86553127757611
1.58,129,-126,328.278588866381,1.82559326851802
1.58,129,-123,345.238337556016,1.79111179191383
1.58,129,-120,363.135152419462,1.7619460296941
1.58,129,-117,381.856049321232,1.73778933930646
1.58,129,-114,401.316954084554,1.71824178893931
1.58,129,-111,421.466386181761,1.7028644512632
1.58,129,-108,442.281474468959,1.69121131887643
1.58,129,-105,463.759517783189,1.68284243344092
1.58,129,-102,485.907508097613,1.67732525703344
1.58,129,-99,508.731023184164,1.67423153803045
1.58,129,-96,532.223180545503,1.67313525130493
1.58,129,-93,556.354088814137,1.67361472784862
1.58,129,-90,581.061336570662,1.67525964037256
1.58,129,-87,606.242304739143,1.67768160312678
1.58,129,-84,631.749276843946,1.68052603720549
1.58,129,-81,657.388336487088,1.68348267521581
1.58,129,-78,682.922852842605,1.68629248189565
1.58,129,-75,708.08197386964,1.68874960330441
1.58,129,-72,732.573985277362,1.69069796811343
1.58,129,-69,756.10365823291,1.69202314257386
1.58,129,-66,778.39183935323,1.69264085146581
1.58,129,-63,799.194659498826,1.69248414626535
1.58,129,-60,818.319101309709,1.69149148476122
1.58,129,-57,835.631606012884,1.68959794508455
1.58,129,-54,851.057225866942,1.68673139552977
1.58,129,-51,864.568643076058,1.68281467101954
1.58,129,-48,876.166918751111,1.67777373567726
1.58,129,-45,885.858440736482,1.67155063056873
1.58,129,-42,893.634284251493,1.66411902758906
1.58,129,-39,899.458234674651,1.65549976598177
1.58,129,-36,903.267669255152,1.64577400926901
1.58,129,-33,904.987733660609,1.63509248653611
1.58,129,-30,904.554922662679,1.623680227981
1.58,129,-27,901.942843649141,1.61183674218408
1.58,129,-24,897.181983039845,1.59993142090964
1.58,129,-21,890.367269958713,1.58839325694129
1.58,129,-18,881.651530084715,1.57769329257461
1.58,129,-15,871.2279083734,1.56831827425193
1.58,129,-12,859.307988962969,1.56073519693606
1.58,129,-9,846.103136277498,1.5553486508014
1.58,129,-6,831.814236209963,1.55245545113688
1.58,129,-3,816.630654093385,1.55220302970016
1.58,129,0,800.73488581428,1.55455880226717
1.58,129,3,784.307058212614,1.55929698115506
1.58,129,6,767.524140706784,1.56600720074538
1.58,129,9,750.551997462268,1.57412606375026
1.58,129,12,733.532540716564,1.58298851325377
1.58,129,15,716.571160351278,1.59189135910007
1.58,129,18,699.729889374825,1.60015758604958
1.58,129,21,683.029372862109,1.60718891946547
1.58,129,24,666.458913507928,1.61249666344323
1.58,129,27,649.990528098705,1.61570666810658
1.58,129,30,633.591557535844,1.61654138666066
1.58,129,33,617.231431365389,1.61478764452365
1.58,129,36,600.881129915234,1.61026099437986
1.58,129,39,584.507415032948,1.60277600276416
1.58,129,42,568.066522213223,1.59212767179055
1.58,129,45,551.502614766686,1.57808442658774
1.58,129,48,534.754623089779,1.56038959673167
1.58,129,51,517.771819819747,1.53876718361295
1.58,129,54,500.534960885301,1.51292889162208
1.58,129,57,483.077442499737,1.48258190796182
1.58,129,60,465.500515663258,1.4474393771936
1.58,129,63,447.978142175647,1.40723684798488
1.58,129,66,430.749816916757,1.3617577024007
1.58,129,69,414.102549441584,1.31086879035805
1.58,129,72,398.345280393747,1.25456455097634
1.58,129,75,383.779871697673,1.19301430533326
1.58,129,78,370.672563774738,1.12660383821758
1.58,129,81,359.228915154926,1.05595989988872
1.58,129,84,349.574274542319,0.981946266052121
1.58,129,87,341.741121350485,0.905623786145772
1.58,129,90,335.664159349245,0.828174595597202
1.58,129,93,331.183627243569,0.750800494977556
1.58,129,96,328.056651826443,0.674613704631238
1.58,129,99,325.975560781446,0.60054107841895
1.58,129,102,324.591076679981,0.529259065395381
1.58,129,105,323.537515216396,0.461168193134835
1.58,129,108,322.456723288353,0.396406429619055
1.58,129,111,321.017598220636,0.334893669298322
1.58,129,114,318.928631998925,0.276395878398441
1.58,129,117,315.942015699017,0.2205963867772
1.58,129,120,311.849388623607,0.167162158393215
1.58,129,123,306.47117919854,0.115793946631245
1.58,129,126,299.643300425289,0.0662512987390805
1.58,129,129,291.206148167442,0.0183470472667257
1.58,129,132,281.000768068447,-0.0280887489053361
1.58,129,135,268.875353373673,-0.0732697673813978
1.58,129,138,254.70218488154,-0.117530095145653
1.58,129,141,238.401699338676,-0.161408753410792
1.58,129,144,219.967894911488,-0.205742613151496
1.58,129,147,199.488806187568,-0.251786135452419
1.58,129,150,177.157647706828,-0.301410652624723
1.58,129,153,153.274184024358,-0.357509669344131
1.58,129,156,128.242058232688,-0.424926292336969
1.58,129,159,102.579566846955,-0.512796272965936
1.58,129,162,76.9972281781136,-0.641269750411576
1.58,129,165,52.7583981142729,-0.864118335248679
1.58,129,168,33.4359610766444,-1.34440307059554
1.58,129,171,29.6967727629004,-2.227780396861
1.58,129,174,44.2503531154381,-2.84322142688406
1.58,129,177,64.651422344155,-3.12374589536098
1.58,129,180,85.7271732296656,-3.28148022530412
1.58,132,-180,85.7271732296656,3.0540649594353
1.58,132,-177,105.572770328771,2.94459273148278
1.58,132,-174,124.159296910177,2.85736247140684
1.58,132,-171,141.274067792331,2.78105251140759
1.58,132,-168,156.846348892055,2.7102310667377
1.58,132,-165,170.888686298561,2.64212233025028
1.58,132,-162,183.473045677891,2.57527091861618
1.58,132,-159,194.724687365468,2.50889469330425
1.58,132,-156,204.827907795946,2.44254607758074
1.58,132,-153,214.036898570213,2.37595778989824
1.58,132,-150,222.681910944363,2.30902149692589
1.58,132,-147,231.160605729883,2.24185272418584
1.58,132,-144,239.908891602361,2.17487938441634
1.58,132,-141,249.353772007221,2.10888307356249
1.58,132,-138,259.859428392645,2.04494115665775
1.58,132,-135,271.682581290627,1.98426597829059
1.58,132,-132,284.950917686332,1.92799263029002
1.58,132,-129,299.669654399824,1.87699327118707
1.58,132,-126,315.750825234488,1.83177713202682
1.58,132,-123,333.053215365486,1.79248895224461
1.58,132,-120,351.420481789561,1.75897829087581
1.58,132,-117,370.709298424295,1.73089738243828
1.58,132,-114,390.804936035379,1.7077927758452
1.58,132,-111,411.625868028093,1.68917243818367
1.58,132,-108,433.120847120829,1.67454464470914
1.58,132,-105,455.261823099319,1.6634337903839
1.58,132,-102,478.035008716845,1.65538164918184
1.58,132,-99,501.431228443545,1.64994243435046
1.58,132,-96,525.435932103156,1.64667801274272
1.58,132,-93,550.019061816643,1.64515700033326
1.58,132,-90,575.125184975314,1.64495894837271
1.58,132,-87,600.664689871838,1.64568283768133
1.58,132,-84,626.507149986812,1.64695783580107
1.58,132,-81,652.478062175349,1.64845377912024
1.58,132,-78,678.360017046607,1.64988902896902
1.58,132,-75,703.898984698546,1.65103403232353
1.58,132,-72,728.815819066521,1.65170986699712
1.58,132,-69,752.822313203506,1.65178205103825
1.58,132,-66,775.640211412618,1.65115077498686
1.58,132,-63,797.020619549859,1.649739357854
1.58,132,-60,816.760495775694,1.64748306415039
1.58,132,-57,834.712701319471,1.64432041299702
1.58,132,-54,850.786790249875,1.64018874887133
1.58,132,-51,864.939474745645,1.63502514809209
1.58,132,-48,877.156301695353,1.62877278710306
1.58,132,-45,887.42885904126,1.62139186757404
1.58,132,-42,895.733826319798,1.61287333101984
1.58,132,-39,902.020451136618,1.60325316047668
1.58,132,-36,906.211094414437,1.59262518781977
1.58,132,-33,908.21566732233,1.5811508849219
1.58,132,-30,907.956248466044,1.56906526196973
1.58,132,-27,905.394576427738,1.55667831983929
1.58,132,-24,900.553948704587,1.54437130589138
1.58,132,-21,893.528953873823,1.53258648142653
1.58,132,-18,884.480802170662,1.52180873040189
1.58,132,-15,873.621091387419,1.51253769625833
1.58,132,-12,861.190545991646,1.50525052626055
1.58,132,-9,847.440049222858,1.50035752880457
1.58,132,-6,832.618906369915,1.49815545205022
1.58,132,-3,816.970944600455,1.49878488436363
1.58,132,0,800.73488581428,1.50219892470734
1.58,132,3,784.14343553192,1.50814963486053
1.58,132,6,767.416647898236,1.51619691823437
1.58,132,9,750.748746737135,1.52574135207871
1.58,132,12,734.291832611441,1.536078131069
1.58,132,15,718.142571251345,1.54646420265625
1.58,132,18,702.337621877202,1.5561863958837
1.58,132,21,686.860352768633,1.56461695098567
1.58,132,24,671.656884190439,1.57124574070789
1.58,132,27,656.655841715463,1.57568510658812
1.58,132,30,641.785012239795,1.57765111173726
1.58,132,33,626.979779521094,1.57693097425921
1.58,132,36,612.181956750185,1.5733483637675
1.58,132,39,597.331839514791,1.56673593780669
1.58,132,42,582.359264695171,1.55691952155383
1.58,132,45,567.180003634797,1.54371306042965
1.58,132,48,551.701760167083,1.52692001476824
1.58,132,51,535.840267533088,1.50633626254705
1.58,132,54,519.542026721915,1.48175150386629
1.58,132,57,502.807617241574,1.45294926642163
1.58,132,60,485.709096501447,1.41970831464539
1.58,132,63,468.396711315874,1.38180951765128
1.58,132,66,451.093126754069,1.33905179827591
1.58,132,69,434.076462115091,1.29127902627668
1.58,132,72,417.655617299587,1.2384171726019
1.58,132,75,402.142199244782,1.18051815481108
1.58,132,78,387.82293322611,1.11780392023325
1.58,132,81,374.935305765945,1.05070186357774
1.58,132,84,363.647992893942,0.979861391938464
1.58,132,87,354.046859314749,0.906142380621012
1.58,132,90,346.12708745441,0.830570352572307
1.58,132,93,339.792060366661,0.754260450285367
1.58,132,96,334.859543830044,0.678320917179757
1.58,132,99,331.075153273113,0.603753629592031
1.58,132,102,328.132031197535,0.531371081679649
1.58,132,105,325.694411747878,0.461745101902003
1.58,132,108,323.42176231978,0.39519428811925
1.58,132,111,320.989827420835,0.331808067003263
1.58,132,114,318.105314083053,0.27149823266142
1.58,132,117,314.512129366099,0.2140648566314
1.58,132,120,309.988865670737,0.159262217157649
1.58,132,123,304.339360358028,0.106851190190061
1.58,132,126,297.380186251317,0.0566271608545777
1.58,132,129,288.930234130386,0.00841706391756317
1.58,132,132,278.807484985782,-0.0379547217130987
1.58,132,135,266.836308725336,-0.0827257688320859
1.58,132,138,252.865480049789,-0.126270895773848
1.58,132,141,236.793582490549,-0.169185723632568
1.58,132,144,218.595920196247,-0.212379951677692
1.58,132,147,198.346536246438,-0.257200600197185
1.58,132,150,176.230805340508,-0.305641133050126
1.58,132,153,152.548135274082,-0.360769000712278
1.58,132,156,127.710840878084,-0.427700555588404
1.58,132,159,102.258004964359,-0.516044328639406
1.58,132,162,76.9419198284007,-0.646808133798253
1.58,132,165,53.1152333011498,-0.874856222907754
1.58,132,168,34.5014188698638,-1.35620030487177
1.58,132,171,31.2101873590259,-2.19738049091614
1.58,132,174,45.2754111456882,-2.79091037293764
1.58,132,177,65.1438848474859,-3.07086003227954
1.58,132,180,85.7271732296656,-3.22912034774429
1.58,135,-180,85.7271732296656,3.10642483699512
1.58,135,-177,105.002636228491,2.99750956727805
1.58,135,-174,122.960216738563,2.91132942933157
1.58,135,-171,139.363071009448,2.83628390738602
1.58,135,-168,154.126359719085,2.76667655612788
1.58,135,-165,167.257579445781,2.69949895822121
1.58,135,-162,178.832800074101,2.63308811266066
1.58,135,-159,188.990520618743,2.56647543514155
1.58,135,-156,197.936967932501,2.49904950033687
1.58,135,-153,205.956285119522,2.43040937300985
1.58,135,-150,213.415955389339,2.36035911465795
1.58,135,-147,220.757006423702,2.28899683577795
1.58,135,-144,228.462465014884,2.21682922290101
1.58,135,-141,237.005880584541,2.1448265879114
1.58,135,-138,246.791494734893,2.07435097909043
1.58,135,-135,258.103837288632,2.00694920566041
1.58,135,-132,271.082778815823,1.94407660263543
1.58,135,-129,285.730290993702,1.88685561544695
1.58,135,-126,301.942834123875,1.83594840422827
1.58,135,-123,319.555461950379,1.79155879226241
1.58,135,-120,338.383525180883,1.75352458444033
1.58,135,-117,358.253126799274,1.72144360197871
1.58,135,-114,379.017946616566,1.69478926115133
1.58,135,-111,400.564619256418,1.67299414672239
1.58,135,-108,422.810646038397,1.65549850238746
1.58,135,-105,445.698486264116,1.64177063287189
1.58,135,-102,469.188139480705,1.63130943811481
1.58,135,-99,493.249165633069,1.62363858704691
1.58,135,-96,517.85224210616,1.61829944198936
1.58,135,-93,542.960153116586,1.61484706280442
1.58,135,-90,568.518387005558,1.61285108262214
1.58,135,-87,594.446001328309,1.61190123342108
1.58,135,-84,620.627847522084,1.61161592991056
1.58,135,-81,646.90946768168,1.61165163014209
1.58,135,-78,673.095929749808,1.61171064388378
1.58,135,-75,698.95555976542,1.6115455409067
1.58,135,-72,724.228979250452,1.61095914253389
1.58,135,-69,748.643075353741,1.60980005175116
1.58,135,-66,771.92855605907,1.60795459046025
1.58,135,-63,793.838689409526,1.60533671002143
1.58,135,-60,814.165942659467,1.60187782422985
1.58,135,-57,832.752891779984,1.59751854184153
1.58,135,-54,849.494340989921,1.59220395826256
1.58,135,-51,864.329272268581,1.58588355544323
1.58,135,-48,877.22385393078,1.57851595197097
1.58,135,-45,888.149625108468,1.57007788836994
1.58,135,-42,897.063139797832,1.5605761119585
1.58,135,-39,903.8937950727,1.55006041677241
1.58,135,-36,908.544735877104,1.5386360738454
1.58,135,-33,910.907906947648,1.52647416048408
1.58,135,-30,910.889687040364,1.5138186141423
1.58,135,-27,908.439801367323,1.50098892890204
1.58,135,-24,903.574918706029,1.48837718450914
1.58,135,-21,896.39016656574,1.47643774206183
1.58,135,-18,887.056113467544,1.46566788186503
1.58,135,-15,875.803822864083,1.45657833081579
1.58,135,-12,862.904245046227,1.4496541914307
1.58,135,-9,848.648946710723,1.44530897271221
1.58,135,-6,833.336794345271,1.44383662248793
1.58,135,-3,817.266983470892,1.44536803048838
1.58,135,0,800.73488581428,1.44983904714751
1.58,135,3,784.025553587761,1.45697658158221
1.58,135,6,767.401224028197,1.46630775715798
1.58,135,9,751.083073667672,1.47719414679351
1.58,135,12,735.231766989727,1.48888854387663
1.58,135,15,719.933712359049,1.50060607243242
1.58,135,18,705.198976872873,1.51159651134465
1.58,135,21,690.972825746203,1.52120304840332
1.58,135,24,677.157706571501,1.52889595039588
1.58,135,27,663.638595793303,1.53427712795222
1.58,135,30,650.303666202513,1.53706027224714
1.58,135,33,637.054512268468,1.53703750791184
1.58,135,36,623.804622408279,1.53404507885101
1.58,135,39,610.469571782939,1.52793750876189
1.58,135,42,596.955652896874,1.51857391758426
1.58,135,45,583.154155524702,1.50581446284834
1.58,135,48,568.946158420734,1.48952149750507
1.58,135,51,554.218534941061,1.46955995318648
1.58,135,54,538.887587270438,1.44579405651905
1.58,135,57,522.923906294617,1.41808108869919
1.58,135,60,506.371580693366,1.38626574569544
1.58,135,63,489.35664936126,1.35017974349473
1.58,135,66,472.082811169472,1.30965061190499
1.58,135,69,454.815648789879,1.2645217296381
1.58,135,72,437.858940596021,1.21468327610177
1.58,135,75,421.527506738458,1.16011138805308
1.58,135,78,406.120555167036,1.10091061702769
1.58,135,81,391.898205344492,1.03735287837694
1.58,135,84,379.06247444076,0.969904686446654
1.58,135,87,367.743078360839,0.899234137414744
1.58,135,90,357.988155205005,0.826190701621948
1.58,135,93,349.760294331039,0.75175516958584
1.58,135,96,342.938594572684,0.676963874762921
1.58,135,99,337.327382017645,0.602818835406825
1.58,135,102,332.671435323442,0.530200750312288
1.58,135,105,328.676245929046,0.459802227211465
1.58,135,108,325.030468175862,0.392093667215429
1.58,135,111,321.426855352462,0.327325795395697
1.58,135,114,317.57801830922,0.265564020611865
1.58,135,117,313.22438018717,0.206743130569493
1.58,135,120,308.133566689965,0.150727345819703
1.58,135,123,302.092790142617,0.097360479698878
1.58,135,126,294.897997350287,0.0464935927986493
1.58,135,129,286.34496124561,-0.00201728074183715
1.58,135,132,276.22745166892,-0.0483439430365131
1.58,135,135,264.345829454659,-0.0927435066469891
1.58,135,138,250.526237611043,-0.135631276161382
1.58,135,141,234.647056299614,-0.177662087159957
1.58,135,144,216.66677494321,-0.219822981762787
1.58,135,147,196.646943234649,-0.26355976882329
1.58,135,150,174.765745313612,-0.310997071285273
1.58,135,153,151.321872421382,-0.365391193521693
1.58,135,156,126.735201609586,-0.432159063103185
1.58,135,159,101.564553647401,-0.521434324669799
1.58,135,162,76.6047077638787,-0.655175664061757
1.58,135,165,53.3027441638042,-0.889394524623316
1.58,135,168,35.5312222570821,-1.37230950318892
1.58,135,171,32.7958424600758,-2.17201008703564
1.58,135,174,46.4032352912794,-2.74087633881932
1.58,135,177,65.6934045357677,-3.01855030814536
1.58,135,180,85.7271732296656,-3.17676047018446
1.58,138,-180,85.7271732296656,-3.12440059262463
1.58,138,-177,104.381469445135,-3.23250565493767
1.58,138,-174,121.666398214065,-3.31745927372267
1.58,138,-171,137.320468050028,-3.39106243854167
1.58,138,-168,151.242891499266,-3.45925279703751
1.58,138,-165,163.433419476948,-3.52527048268424
1.58,138,-162,173.968893196818,-3.59099781395631
1.58,138,-159,182.997258795825,-3.65761088446891
1.58,138,-156,190.742662414891,-3.72591447801016
1.58,138,-153,197.515401133206,-3.79648058066405
1.58,138,-150,203.717361711166,-3.86963561091695
1.58,138,-147,209.832118408996,-3.94534029465313
1.58,138,-144,216.391966601235,-4.02303652941744
1.58,138,-141,223.922394638666,-4.10156368257277
1.58,138,-138,232.875458277943,-4.17923571125641
1.58,138,-135,243.571766715455,-4.25409982129864
1.58,138,-132,256.17022352201,-4.32429607960869
1.58,138,-129,270.673876213382,-4.38837765618582
1.58,138,-126,286.965413765553,-4.44548087000272
1.58,138,-123,304.856181473547,-4.49532290361145
1.58,138,-120,324.132346223889,-4.53808105596164
1.58,138,-117,344.588286359065,-4.57423027963821
1.58,138,-114,366.044909692263,-4.60439640420491
1.58,138,-111,388.355725918359,-4.62925100663194
1.58,138,-108,411.405310734405,-4.64945010111382
1.58,138,-105,435.104228816362,-4.66560713087037
1.58,138,-102,459.382877165841,-4.67828784639299
1.58,138,-99,484.185125389744,-4.68801615909978
1.58,138,-96,509.461630730275,-4.69528302929393
1.58,138,-93,535.162419993008,-4.70055346787271
1.58,138,-90,561.228597200662,-4.7042692983972
1.58,138,-87,587.583574191632,-4.70684732357063
1.58,138,-84,614.124764379642,-4.70867395593768
1.58,138,-81,640.717045977426,-4.71009820203024
1.58,138,-78,667.189403398375,-4.71142513949461
1.58,138,-75,693.335969654409,-4.71291175340706
1.58,138,-72,718.922215502088,-4.71476632690948
1.58,138,-69,743.696266529379,-4.71715169854649
1.58,138,-66,767.404313895553,-4.72019181287726
1.58,138,-63,789.807944155004,-4.72398028608647
1.58,138,-60,810.700211760528,-4.72858930618445
1.58,138,-57,829.916801407784,-4.73407713137774
1.58,138,-54,847.339077236326,-4.74049271244827
1.58,138,-51,862.887412999952,-4.7478764679586
1.58,138,-48,876.505778737892,-4.75625688030565
1.58,138,-45,888.141480867117,-4.76564324012352
1.58,138,-42,897.72620133719,-4.77601543182923
1.58,138,-39,905.165022931337,-4.78731203489707
1.58,138,-36,910.338380159789,-4.79941818728351
1.58,138,-33,913.118098586881,-4.81215468429122
1.58,138,-30,913.394053550562,-4.82526980427915
1.58,138,-27,911.10421534365,-4.83843548328891
1.58,138,-24,906.259519276145,-4.85124969620856
1.58,138,-21,898.956771469806,-4.86324704465794
1.58,138,-18,889.37703422075,-4.87391927263473
1.58,138,-15,877.77187385295,-4.88274644947349
1.58,138,-12,864.443390100505,-4.88923785160741
1.58,138,-9,849.724602249516,-4.89297946473133
1.58,138,-6,833.964421709966,-4.89368306275678
1.58,138,-3,817.517405530047,-4.89123047677952
1.58,138,0,800.73488581428,-4.88570613759191
1.58,138,3,783.95281946053,-4.87741126024222
1.58,138,6,767.47355444324,-4.8668543090131
1.58,138,9,751.542822833288,-4.85471517496671
1.58,138,12,736.327531388402,-4.84178530186454
1.58,138,15,721.901948067232,-4.82889228519517
1.58,138,18,708.248310565041,-4.81682309161436
1.58,138,21,695.273190043241,-4.80626196182689
1.58,138,24,682.835255994118,-4.79775535116116
1.58,138,27,670.776019479981,-4.79170785942441
1.58,138,30,658.944426924658,-4.78840357152566
1.58,138,33,647.208992600667,-4.78804067607758
1.58,138,36,635.456211465197,-4.79076600682298
1.58,138,39,623.579245453097,-4.79669995469759
1.58,138,42,611.464346101354,-4.80594867034876
1.58,138,45,598.982953654672,-4.81860656413815
1.58,138,48,585.994878527136,-4.83475540239417
1.58,138,51,572.363558494071,-4.85446593407401
1.58,138,54,557.979858856442,-4.87780482891222
1.58,138,57,542.787880831571,-4.90484571085818
1.58,138,60,526.805652807932,-4.93568012730901
1.58,138,63,510.135303402072,-4.97042337074809
1.58,138,66,492.960459779484,-5.00921103173466
1.58,138,69,475.53194150315,-5.05218423022897
1.58,138,72,458.145252633483,-5.09946381302464
1.58,138,75,441.114352469243,-5.15111589391562
1.58,138,78,424.745760167742,-5.20711278750028
1.58,138,81,409.315737038204,-5.26729470798985
1.58,138,84,395.051791472088,-5.33133863824705
1.58,138,87,382.118662398793,-5.39874136371601
1.58,138,90,370.608557499658,-5.46882327703409
1.58,138,93,360.535681697642,-5.54075739554272
1.58,138,96,351.835605050192,-5.61362356492332
1.58,138,99,344.37026754016,-5.68648155287906
1.58,138,102,337.939007065304,-5.75845059418026
1.58,138,105,332.294886395064,-5.82877963508317
1.58,138,108,327.164155629735,-5.89689397741682
1.58,138,111,322.265527668807,-5.96241010143144
1.58,138,114,317.325618755489,-6.02511898184227
1.58,138,117,312.087679519532,-6.08494630855808
1.58,138,120,306.31251675046,-6.14190345006706
1.58,138,123,299.772865452848,-6.19604469674567
1.58,138,126,292.244760753725,-6.24744417832046
1.58,138,129,283.500910432702,-6.29620045962737
1.58,138,132,273.311016180035,-6.34246963162581
1.58,138,135,261.452190588565,-6.38652116025573
1.58,138,138,247.72949612142,-6.42880775998596
1.58,138,141,232.003252378011,-6.47004357037807
1.58,138,144,214.217401261188,-6.51129551707336
1.58,138,147,194.422838324859,-6.55411323479628
1.58,138,150,172.791534840074,-6.60076137384325
1.58,138,153,149.621439906913,-6.65470116703767
1.58,138,156,125.339248415289,-6.72168015387491
1.58,138,159,100.522930677492,-6.81241260513422
1.58,138,162,76.0111102282229,-6.94989367631119
1.58,138,165,53.3506260724929,-7.19123602199148
1.58,138,168,36.5533949425654,-7.67565232323435
1.58,138,171,34.4575218423523,-8.43404612289087
1.58,138,174,47.6298888417594,-8.97618886725061
1.58,138,177,66.298368384194,-9.25000038164693
1.58,138,180,85.7271732296656,-9.40758589980422
1.58,141,-180,85.7271732296657,-3.0720407150648
1.58,141,-177,103.711194786101,-3.1790866738262
1.58,141,-174,120.282791199679,-3.26264531281065
1.58,141,-171,135.156005819744,-3.33463397643052
1.58,141,-168,148.212700294686,-3.40120239471262
1.58,141,-165,159.442339481381,-3.46581661902661
1.58,141,-162,168.918999696658,-3.53058625627325
1.58,141,-159,176.795681504274,-3.59691441083486
1.58,141,-156,183.309464242851,-3.66583083212405
1.58,141,-153,188.791757025397,-3.73812347875574
1.58,141,-150,193.674724432593,-3.81430642915995
1.58,141,-147,198.482674741257,-3.89446111914426
1.58,141,-144,203.799075248034,-3.97802734247664
1.58,141,-141,210.207529939384,-4.06366704180258
1.58,141,-138,218.217283565902,-4.14932868255377
1.58,141,-135,228.194993182241,-4.23256066767986
1.58,141,-132,240.326281835161,-4.31098154225691
1.58,141,-129,254.619044097625,-4.38271535083048
1.58,141,-126,270.942218837153,-4.4466293806248
1.58,141,-123,289.081077387719,-4.50233676043834
1.58,141,-120,308.789436518706,-4.55003814907089
1.58,141,-117,329.827152322509,-4.5903093390549
1.58,141,-114,351.980504379824,-4.62391197809754
1.58,141,-111,375.06901651582,-4.65165964350982
1.58,141,-108,398.944166161397,-4.67433980836238
1.58,141,-105,423.484639131866,-4.69267834542378
1.58,141,-102,448.590903313459,-4.70733095371125
1.58,141,-99,474.180050383609,-4.71888864429282
1.58,141,-96,500.180665409237,-4.72788830053441
1.58,141,-93,526.527058554671,-4.73482277472123
1.58,141,-90,553.152383131204,-4.74014765523288
1.58,141,-87,579.980703638443,-4.74428381669234
1.58,141,-84,606.918700763513,-4.74761627365038
1.58,141,-81,633.84820752659,-4.75049075277448
1.58,141,-78,660.621040111579,-4.75320978821782
1.58,141,-75,687.057553407515,-4.75603005212694
1.58,141,-72,712.949979189166,-4.75916214043059
1.58,141,-69,738.070881327899,-4.76277329767871
1.58,141,-66,762.1860256802,-4.76699278059147
1.58,141,-63,785.069753795999,-4.77191891521476
1.58,141,-60,806.519853657985,-4.77762652391876
1.58,141,-57,826.368343577166,-4.78417332519069
1.58,141,-54,844.484941264372,-4.79160409915474
1.58,141,-51,860.771507010854,-4.79995177467718
1.58,141,-48,875.148268729207,-4.8092350331527
1.58,141,-45,887.535516832723,-4.81945246768337
1.58,141,-42,897.836691262511,-4.83057374749213
1.58,141,-39,905.929342424844,-4.84252860838016
1.58,141,-36,911.668753489638,-4.85519483179103
1.58,141,-33,914.905319915255,-4.86838670770782
1.58,141,-30,915.512252729807,-4.88184581426439
1.58,141,-27,913.416500904023,-4.89523626693725
1.58,141,-24,908.624504219286,-4.90814679440149
1.58,141,-21,901.23612041511,-4.92010190048673
1.58,141,-18,891.444164445246,-4.93058375279421
1.58,141,-15,879.521728391366,-4.93906517320918
1.58,141,-12,865.802785640537,-4.94505229791475
1.58,141,-9,850.662143824627,-4.94813348495932
1.58,141,-6,834.498548347705,-4.94802933686808
1.58,141,-3,817.720969218304,-4.94463757868119
1.58,141,0,800.73488581428,-4.93806601515174
1.58,141,3,783.924523730714,-4.92864684509425
1.58,141,6,767.629144785047,-4.91692655317766
1.58,141,9,752.115723825163,-4.9036282518603
1.58,141,12,737.554488342323,-4.88958843323437
1.58,141,15,724.005445258696,-4.87567705761953
1.58,141,18,711.421865027909,-4.86271622470163
1.58,141,21,699.671383864079,-4.85141480107715
1.58,141,24,688.569271792639,-4.84233217398088
1.58,141,27,677.914267469178,-4.83587496845645
1.58,141,30,667.516941788645,-4.83232023479822
1.58,141,33,657.213831821632,-4.8318518134479
1.58,141,36,646.86611246506,-4.8345957067096
1.58,141,39,636.347170126437,-4.84064474543227
1.58,141,42,625.527083642354,-4.85006992109775
1.58,141,45,614.26251566387,-4.86292215534913
1.58,141,48,602.397909950128,-4.87923151684257
1.58,141,51,589.779359073088,-4.89901020265059
1.58,141,54,576.277840077496,-4.92226203940502
1.58,141,57,561.815353993225,-4.9489969634548
1.58,141,60,546.386745175492,-4.97924590776213
1.58,141,63,530.071552066303,-5.01307070108442
1.58,141,66,513.033299367389,-5.0505647349581
1.58,141,69,495.506973325196,-5.09184237268512
1.58,141,72,477.777946344389,-5.13701743648586
1.58,141,75,460.156737819003,-5.18617304499107
1.58,141,78,442.953713509779,-5.23932642319393
1.58,141,81,426.456600843063,-5.29639318597777
1.58,141,84,410.912196497617,-5.35715620098923
1.58,141,87,396.512457362513,-5.42124453835925
1.58,141,90,383.384629717624,-5.48812797886502
1.58,141,93,371.585187645657,-5.55713149999455
1.58,141,96,361.097828284158,-5.62747143807551
1.58,141,99,351.836150963886,-5.69831049991261
1.58,141,102,343.651512072288,-5.76882343266034
1.58,141,105,336.34573956448,-5.83826099108344
1.58,141,108,329.687131504915,-5.90599904140728
1.58,141,111,323.426979454212,-5.97156318467225
1.58,141,114,317.313341240924,-6.03462622393261
1.58,141,117,311.099319171475,-6.09498374288843
1.58,141,120,304.544682548654,-6.15251936131132
1.58,141,123,297.411916590951,-6.20717399749993
1.58,141,126,289.459992132767,-6.25893198728717
1.58,141,129,280.440520732412,-6.30783172243046
1.58,141,132,270.100831032685,-6.35400138076727
1.58,141,135,258.196691155041,-6.397714140505
1.58,141,138,244.51439915894,-6.43945502644358
1.58,141,141,228.898824935713,-6.47999546023496
1.58,141,144,211.281905320589,-6.52048300422883
1.58,141,147,191.70590563573,-6.56257505853079
1.58,141,150,170.337738481129,-6.60868509996725
1.58,141,153,147.474812705313,-6.66249662779081
1.58,141,156,123.5502254836,-6.73012043091519
1.58,141,159,99.1610046639804,-6.82290863758537
1.58,141,162,75.1916558314949,-6.96496242443578
1.58,141,165,53.2937710824783,-7.21431250790235
1.58,141,168,37.5981093717257,-7.69951374509882
1.58,141,171,36.2001999125522,-8.41637803514948
1.58,141,174,48.9516226665267,-8.9303392497225
1.58,141,177,66.9570197658258,-9.19883357777915
1.58,141,180,85.7271732296657,-9.35522602224439
1.58,144,-180,85.7271732296657,-3.01968083750497
1.58,144,-177,102.993839904182,-3.12542337982128
1.58,144,-174,118.814459593703,-3.2074269467955
1.58,144,-171,132.879490214834,-3.27763588807245
1.58,144,-168,145.052534597653,-3.34237672301273
1.58,144,-165,155.310463803294,-3.40532969642609
1.58,144,-162,163.720937472211,-3.46883445335065
1.58,144,-159,170.437091500773,-3.53453719059049
1.58,144,-156,175.703001933543,-3.60372451945071
1.58,144,-153,179.864834047173,-3.67745199864666
1.58,144,-150,183.379418021853,-3.75649455839236
1.58,144,-147,186.808727682254,-3.84114247274453
1.58,144,-144,190.78888307704,-3.93091451195257
1.58,144,-141,195.968703198717,-4.02433268057271
1.58,144,-138,202.92615093232,-4.11893994175554
1.58,144,-135,212.08627075659,-4.21166462105259
1.58,144,-132,223.670275361893,-4.29943932555536
1.58,144,-129,237.693864383083,-4.37980954556534
1.58,144,-126,254.009708004507,-4.45128074820341
1.58,144,-123,272.371345261418,-4.51333376752303
1.58,144,-120,292.494039613601,-4.56621240942474
1.58,144,-117,314.098220453032,-4.61063825098949
1.58,144,-114,336.932827534381,-4.64756104798116
1.58,144,-111,360.783016817226,-4.67798588050164
1.58,144,-108,385.468740588569,-4.70287409650484
1.58,144,-105,410.839648530403,-4.72309827247752
1.58,144,-102,436.769562222003,-4.73943051723234
1.58,144,-99,463.151697972266,-4.75254830928833
1.58,144,-96,489.894415907562,-4.76304743966579
1.58,144,-93,516.916674070799,-4.77145583100862
1.58,144,-90,544.14243093714,-4.77824492764739
1.58,144,-87,571.493725750669,-4.78383734533838
1.58,144,-84,598.88282012439,-4.78861083598671
1.58,144,-81,626.204396117629,-4.79289951103723
1.58,144,-78,653.329222731642,-4.79699371961419
1.58,144,-75,680.100818919016,-4.80114001227251
1.58,144,-72,706.336385404951,-4.80554229808651
1.58,144,-69,731.832617605144,-4.81036474641119
1.58,144,-66,756.375986538961,-4.81573636443263
1.58,144,-63,779.755840878009,-4.82175666250587
1.58,144,-60,801.777544846268,-4.82850150944758
1.58,144,-57,822.272241616746,-4.83602820207018
1.58,144,-54,841.100132814076,-4.84437887356622
1.58,144,-51,858.145608828779,-4.85358155601975
1.58,144,-48,873.304983794605,-4.86364842501635
1.58,144,-45,886.470348686279,-4.87457097698759
1.58,144,-42,897.515175688533,-4.88631216618871
1.58,144,-39,906.287799550903,-4.8987959193657
1.58,144,-36,912.617226897145,-4.91189497852988
1.58,144,-33,916.332152360863,-4.92541865253236
1.58,144,-30,917.2897232966,-4.93910267511251
1.58,144,-27,915.407121628671,-4.95260381902443
1.58,144,-24,910.687865619038,-4.96550203873572
1.58,144,-21,903.236437000881,-4.97731255502495
1.58,144,-18,893.258743150181,-4.9875093519931
1.58,144,-15,881.050368388314,-4.99556005331129
1.58,144,-12,866.977644786066,-5.00097029231983
1.58,144,-9,851.457033989232,-5.00333386119574
1.58,144,-6,834.936180521605,-5.00238347586434
1.58,144,-3,817.876563751386,-4.99803605772956
1.58,144,0,800.73488581428,-4.99042589271157
1.58,144,3,783.939854877511,-4.97991882999809
1.58,144,6,767.863400547228,-4.96710131052801
1.58,144,9,752.789613150445,-4.95274057066623
1.58,144,12,738.888637076534,-4.93771778481638
1.58,144,15,726.203984671862,-4.92294356682126
1.58,144,18,714.659044566973,-4.90927221671653
1.58,144,21,704.082743624676,-4.89743335584156
1.58,144,24,694.247916598541,-4.88799483825147
1.58,144,27,684.911806810413,-4.88136058585684
1.58,144,30,675.847954019937,-4.87779594605528
1.58,144,33,666.862380086117,-4.8774661933409
1.58,144,36,657.792839348262,-4.8804732489761
1.58,144,39,648.495714339302,-4.88688070748282
1.58,144,42,638.828891706272,-4.89672482832022
1.58,144,45,628.639507261441,-4.91001580658327
1.58,144,48,617.762874760742,-4.92673687293471
1.58,144,51,606.034392261504,-4.94684789775191
1.58,144,54,593.311509586704,-4.97029636337986
1.58,144,57,579.499552111284,-4.99703406389118
1.58,144,60,564.574230840381,-5.02703475654557
1.58,144,63,548.595011374955,-5.0603071754528
1.58,144,66,531.706388788902,-5.0968990471667
1.58,144,69,514.127375477905,-5.13689005222271
1.58,144,72,496.132093143532,-5.18037407088833
1.58,144,75,478.025640855931,-5.22743292786942
1.58,144,78,460.119324402252,-5.27810503387614
1.58,144,81,442.708273810067,-5.33235293285165
1.58,144,84,426.05305646636,-5.39003403722457
1.58,144,87,410.36567804694,-5.45087894127394
1.58,144,90,395.79969441701,-5.51448159599033
1.58,144,93,382.444085747503,-5.58030496472637
1.58,144,96,370.320858596903,-5.64770404544792
1.58,144,99,359.386673713865,-5.71596504765351
1.58,144,102,349.538779302007,-5.78435546280997
1.58,144,105,340.62497432555,-5.85217608569801
1.58,144,108,332.456350978165,-5.91880450884293
1.58,144,111,324.820576383794,-5.98372147830485
1.58,144,114,317.492996452819,-6.04651662606229
1.58,144,117,310.243274788076,-6.10687684022092
1.58,144,120,302.836678684494,-6.16456647387675
1.58,144,123,295.031148945503,-6.21941154441939
1.58,144,126,286.57326656422,-6.27129892300015
1.58,144,129,277.197363604032,-6.32019666803333
1.58,144,132,266.631716646233,-6.36619509073168
1.58,144,135,254.613914721583,-6.4095628604887
1.58,144,138,240.91466164072,-6.45081141495831
1.58,144,141,225.366476747414,-6.49076603859162
1.58,144,144,207.892057912441,-6.53065426919345
1.58,144,147,188.527149439455,-6.57224429884697
1.58,144,150,167.434826567879,-6.61810725706742
1.58,144,153,144.912305611216,-6.67216750221459
1.58,144,156,121.398972042347,-6.74093382734432
1.58,144,159,97.5113411613438,-6.836452414485
1.58,144,162,74.1824762569875,-6.98397099699462
1.58,144,165,53.1724938002021,-7.24207192443144
1.58,144,168,38.6969038736107,-7.72663570816621
1.58,144,171,38.0294489850396,-8.40151586505545
1.58,144,174,50.364851187367,-8.88635870004159
1.58,144,177,67.6674663774826,-9.14822496382273
1.58,144,180,85.7271732296657,-9.30286614468456
1.58,147,-180,85.7271732296658,-2.96732095994514
1.58,147,-177,102.231525794204,-3.07152055339848
1.58,147,-174,117.266540188567,-3.15181775652617
1.58,147,-171,130.500676434845,-3.22009002191859
1.58,147,-168,141.77891402508,-3.282798795228
1.58,147,-165,151.063541692626,-3.34381987840606
1.58,147,-162,158.412155113396,-3.40571883992363
1.58,147,-159,163.972709550155,-3.47039525785582
1.58,147,-156,167.989479264857,-3.53942194639975
1.58,147,-153,170.815686531733,-3.61417809660922
1.58,147,-150,172.925505372253,-3.69578914183932
1.58,147,-147,174.913839110317,-3.78487486258165
1.58,147,-144,177.470115813672,-3.88115954583473
1.58,147,-141,181.316376523738,-3.98310418612568
1.58,147,-138,187.113612741258,-4.08781657386937
1.58,147,-135,195.360958391931,-4.19144634381755
1.58,147,-132,206.325913357592,-4.29000500059719
1.58,147,-129,220.033957801211,-4.38024290396051
1.58,147,-126,236.315664546166,-4.46017640906414
1.58,147,-123,254.883091144722,-4.52912716749243
1.58,147,-120,275.403278792819,-4.58742449299863
1.58,147,-117,297.550195246122,-4.63600803772038
1.58,147,-114,321.032070506732,-4.67609018186856
1.58,147,-111,345.599994569053,-4.70893093791366
1.58,147,-108,371.045790884547,-4.73571430318897
1.58,147,-105,397.195655366566,-4.75749481825474
1.58,147,-102,423.903442385315,-4.77518539145923
1.58,147,-99,451.04512728929,-4.78956609420863
1.58,147,-96,478.514377617451,-4.80130151867764
1.58,147,-93,506.218390373946,-4.81095973365925
1.58,147,-90,534.073067167287,-4.81902925045632
1.58,147,-87,561.99698554516,-4.82593247103221
1.58,147,-84,589.904250725558,-4.83203538773729
1.58,147,-81,617.696967034518,-4.83765411850635
1.58,147,-78,645.258579373841,-4.84305929605904
1.58,147,-75,672.449564854024,-4.84847942301963
1.58,147,-72,699.106802781209,-4.85410411198597
1.58,147,-69,725.047369228752,-4.86008775250905
1.58,147,-66,750.07652977951,-4.86655372008697
1.58,147,-63,773.998508764546,-4.87359888940449
1.58,147,-60,796.627508590922,-4.88129800378576
1.58,147,-57,817.795852614438,-4.8897073785268
1.58,147,-54,837.356421309645,-4.89886741357461
1.58,147,-51,855.177932636445,-4.90880338995793
1.58,147,-48,871.133897992746,-4.91952400370896
1.58,147,-45,885.088643733875,-4.9310171111431
1.58,147,-42,896.885696068582,-4.94324234090834
1.58,147,-39,906.344173423315,-4.95612068086361
1.58,147,-36,913.267144310062,-4.96952188592808
1.58,147,-33,917.462485527013,-4.98325145285056
1.58,147,-30,918.772705677985,-4.99703973861485
1.58,147,-27,917.107009010016,-5.01053630671538
1.58,147,-24,912.467882790469,-5.02331257266296
1.58,147,-21,904.966167812465,-5.0348751885998
1.58,147,-18,894.822242783904,-5.04469137453256
1.58,147,-15,882.355052989585,-5.05222572355219
1.58,147,-12,867.963496019474,-5.05698617253272
1.58,147,-9,852.105049750193,-5.05857519337804
1.58,147,-6,835.274578699819,-5.05674106585793
1.58,147,-3,817.983215973677,-5.05142331194215
1.58,147,0,800.73488581428,-5.0427857702714
1.58,147,3,783.997913575114,-5.03123033465503
1.58,147,6,768.171703740133,-5.01738473462077
1.58,147,9,753.552643651479,-5.00206026131862
1.58,147,12,740.307039985049,-4.98618113498681
1.58,147,15,728.459692416639,-4.9706955260927
1.58,147,18,717.903534799592,-4.95648574985149
1.58,147,21,708.429582945837,-4.94429741648401
1.58,147,24,699.769879482301,-4.93470196843346
1.58,147,27,691.642109785734,-4.92809596052234
1.58,147,30,683.784667604021,-4.9247288093065
1.58,147,33,675.974880338772,-4.9247436767572
1.58,147,36,668.029141834905,-4.92821591462605
1.58,147,39,659.789597982551,-4.93517894272293
1.58,147,42,651.105835193611,-4.94563534839155
1.58,147,45,641.820657797722,-4.95955783623453
1.58,147,48,631.766593881771,-4.97688794797325
1.58,147,51,620.775376734009,-4.99753956696889
1.58,147,54,608.697991567697,-5.02141032638125
1.58,147,57,595.429506988747,-5.04839941709669
1.58,147,60,580.93172651922,-5.07842703311353
1.58,147,63,565.247746186327,-5.11144978579916
1.58,147,66,548.505116087226,-5.14746760682177
1.58,147,69,530.90742265257,-5.18651996672581
1.58,147,72,512.716712670534,-5.22867164628266
1.58,147,75,494.230619076998,-5.27399016787287
1.58,147,78,475.758188991687,-5.32251812076892
1.58,147,81,457.59757069422,-5.37424409916744
1.58,147,84,440.017432117248,-5.42907604323755
1.58,147,87,423.242787803045,-5.48682062883241
1.58,147,90,407.445143305533,-5.54717203512536
1.58,147,93,392.736608118548,-5.60971276159642
1.58,147,96,379.167733180724,-5.67392785107516
1.58,147,99,366.729012095129,-5.73923168537318
1.58,147,102,355.355955044366,-5.80500367033628
1.58,147,105,344.937242765067,-5.87062646104468
1.58,147,108,335.324768941435,-5.93551915299634
1.58,147,111,326.343690199284,-5.9991591176215
1.58,147,114,317.800342372341,-6.06108999507641
1.58,147,117,309.4863784411,-6.12091865274594
1.58,147,120,301.178784904283,-6.17830868296058
1.58,147,123,292.637215346979,-6.23298022223639
1.58,147,126,283.601709932961,-6.28472440508351
1.58,147,129,273.794627345149,-6.33343607229006
1.58,147,132,262.930016605577,-6.37916253529874
1.58,147,135,250.731734308719,-6.42216226045022
1.58,147,138,236.958984033949,-6.46296792851686
1.58,147,141,221.435576974815,-6.50245486660031
1.58,147,144,204.077972268901,-6.54192910881845
1.58,147,147,184.917555917815,-6.58327208356736
1.58,147,150,164.114802914061,-6.6292215684189
1.58,147,153,141.967189732683,-6.6839624931399
1.58,147,156,118.920569943849,-6.75443747984019
1.58,147,159,95.6119083893122,-6.85343723770609
1.58,147,162,73.0259707789943,-7.00734853666095
1.58,147,165,53.0325565003497,-7.2747026705962
1.58,147,168,39.8816913131484,-7.75646775359623
1.58,147,171,39.950928841627,-8.3888458924318
1.58,147,174,51.8661126245193,-8.84408283131358
1.58,147,177,68.4276875929504,-9.09816041327356
1.58,147,180,85.7271732296658,-9.25050626712473
1.58,150,-180,85.7271732296658,-2.91496108238531
1.58,150,-177,101.42645751975,-3.01738313738366
1.58,150,-174,115.644203276408,-3.09583190114043
1.58,150,-171,128.029162957158,-3.16202033565255
1.58,150,-168,138.407911976449,-3.22249613706372
1.58,150,-165,146.726581071139,-3.28130423214759
1.58,150,-162,153.029211198043,-3.34122342285873
1.58,150,-159,157.4530556282,-3.40440830686677
1.58,150,-156,160.235098336426,-3.4727406107737
1.58,150,-153,161.726617210098,-3.5479791362808
1.58,150,-150,162.409861478642,-3.63170388190254
1.58,150,-147,162.905664476884,-3.72502299947932
1.58,150,-144,163.955837391434,-3.82805674458082
1.58,150,-141,166.364242024669,-3.93935348158803
1.58,150,-138,170.892705833232,-4.05558608821564
1.58,150,-135,178.135026502784,-4.17191966690914
1.58,150,-132,188.418671008414,-4.28310100609885
1.58,150,-129,201.779843330369,-4.38476361630814
1.58,150,-126,218.016991136744,-4.47425857298825
1.58,150,-123,236.786096217453,-4.55073195458147
1.58,150,-120,257.692770728226,-4.61468168154427
1.58,150,-117,280.355838372232,-4.66738020966714
1.58,150,-114,304.439387123488,-4.71040716858947
1.58,150,-111,329.661740171034,-4.74535658142146
1.58,150,-108,355.791640454402,-4.77368834469455
1.58,150,-105,382.639487099299,-4.79667190434103
1.58,150,-102,410.048212276348,-4.81537991895674
1.58,150,-99,437.885725489814,-4.83070518301658
1.58,150,-96,466.039093289511,-4.84338600101008
1.58,150,-93,494.409711170738,-4.85403249970927
1.58,150,-90,522.908498387864,-4.86315037265393
1.58,150,-87,551.450408509373,-4.87116068080936
1.58,150,-84,579.948092841728,-4.87841549934836
1.58,150,-81,608.305182074623,-4.88520985821667
1.58,150,-78,636.410184020682,-4.8917907556264
1.58,150,-75,664.132278503621,-4.89836410011751
1.58,150,-72,691.320208164927,-4.90510031806165
1.58,150,-69,717.804961386295,-4.91213913352834
1.58,150,-66,743.406062971749,-4.91959378270802
1.58,150,-63,767.940202589025,-4.92755473864773
1.58,150,-60,791.229947800147,-4.9360929118804
1.58,150,-57,813.109796661281,-4.94526221677128
1.58,150,-54,833.427172910893,-4.95510128159934
1.58,150,-51,852.037297732536,-4.96563389010728
1.58,150,-48,868.792978669186,-4.97686751284191
1.58,150,-45,883.532641994292,-4.98878915404534
1.58,150,-42,896.071547279909,-5.00135788827219
1.58,150,-39,906.201257599123,-5.01449402071499
1.58,150,-36,913.700717196126,-5.02806575091875
1.58,150,-33,918.359036524556,-5.04187533712612
1.58,150,-30,920.006336257995,-5.05564771485795
1.58,150,-27,918.546152841713,-5.06902499853726
1.58,150,-24,913.982123501311,-5.081570095146
1.58,150,-21,906.433314130705,-5.09278175874326
1.58,150,-18,896.135958719826,-5.10212194432431
1.58,150,-15,883.433099040275,-5.10905453586376
1.58,150,-12,868.756092243556,-5.11309276417908
1.58,150,-9,852.602263828385,-5.11385120816569
1.58,150,-6,835.511265515417,-5.11109731052679
1.58,150,-3,818.04009689818,-5.10479666615032
1.58,150,0,800.73488581428,-5.09514564783123
1.58,150,3,784.097726657494,-5.08258423980014
1.58,150,6,768.549485303594,-5.06778210075739
1.58,150,9,754.393477549575,-5.05159345883813
1.58,150,12,741.788205994136,-5.03498263984428
1.58,150,15,730.737678804349,-5.01893092873116
1.58,150,18,721.104246983055,-5.00434334576739
1.58,150,21,712.642472044075,-4.9919760339182
1.58,150,24,705.046002233471,-4.98239898263359
1.58,150,27,697.995632854212,-4.97599703409591
1.58,150,30,691.197097704137,-4.97300009850407
1.58,150,33,684.401244535813,-4.97352647681387
1.58,150,36,677.405317025886,-4.97762323068874
1.58,150,39,670.039913436449,-4.98529327574065
1.58,150,42,662.149978569532,-4.99650697175238
1.58,150,45,653.578915683062,-5.01120292971614
1.58,150,48,644.162662703446,-5.02928614417457
1.58,150,51,633.736417079542,-5.05063076680794
1.58,150,54,622.152182689176,-5.07509102001693
1.58,150,57,609.301917641262,-5.10251910647527
1.58,150,60,595.139670172956,-5.13278558345117
1.58,150,63,579.696818342567,-5.1657965827751
1.58,150,66,563.086822273597,-5.2015032883551
1.58,150,69,545.498814486293,-5.239901302982
1.58,150,72,527.181932657088,-5.28101992649333
1.58,150,75,508.423875655453,-5.3249032520956
1.58,150,78,489.527534665475,-5.37158612383096
1.58,150,81,470.788940733568,-5.42106845308397
1.58,150,84,452.478647131867,-5.47329136723244
1.58,150,87,434.827517095158,-5.52811834983034
1.58,150,90,418.017048784138,-5.58532401288873
1.58,150,93,402.173947756663,-5.64459235840881
1.58,150,96,387.368556654295,-5.70552518911356
1.58,150,99,373.616757304691,-5.7676596393153
1.58,150,102,360.884853735186,-5.83049182151764
1.58,150,105,349.096616797898,-5.89350192598639
1.58,150,108,338.14119437747,-5.95617562496703
1.58,150,111,327.880211402749,-6.01801800131254
1.58,150,114,318.152420037476,-6.0785594408322
1.58,150,117,308.774939666949,-6.1373570520693
1.58,150,120,299.541424363871,-6.19399853557527
1.58,150,123,290.21906358674,-6.24811631788195
1.58,150,126,280.547562068279,-6.29941738339491
1.58,150,129,270.243543332474,-6.34772935061964
1.58,150,132,259.012859100363,-6.39305826077356
1.58,150,135,246.571261215717,-6.43565118042721
1.58,150,138,232.671485373563,-6.47605922126816
1.58,150,141,217.132876595903,-6.51520474582244
1.58,150,144,199.86894098259,-6.55447082201544
1.58,150,147,180.908950569278,-6.59585449808815
1.58,150,150,160.412042430296,-6.64226957898932
1.58,150,153,138.67651788777,-6.698182073955
1.58,150,156,116.155187372886,-6.77100341571995
1.58,150,159,93.5069391756429,-6.87430606995745
1.58,150,162,71.7714868424913,-7.03553358209891
1.58,150,165,52.9248586942847,-7.31227474453625
1.58,150,168,41.1836029997972,-7.78835688863966
1.58,150,171,41.9699582823197,-8.37781363852217
1.58,150,174,53.4520190970347,-8.80334192512139
1.58,150,177,69.2355412184937,-9.04862225263743
1.58,150,180,85.7271732296658,-9.1981463895649
1.58,153,-180,85.7271732296657,-2.86260120482549
1.58,153,-177,100.580915274657,-2.96301620032448
1.58,153,-174,113.952615674363,-3.03948404671863
1.58,153,-171,125.474291124925,-3.10345299231712
1.58,153,-168,134.954945784373,-3.16150144601682
1.58,153,-165,142.323485899733,-3.21780852394111
1.58,153,-162,147.607243390572,-3.27534334319298
1.58,153,-159,150.927298976888,-3.33650528905153
1.58,153,-156,152.505443358171,-3.40349568162317
1.58,153,-153,152.680862164775,-3.47850150167466
1.58,153,-150,151.932464590634,-3.56366938436855
1.58,153,-147,150.896965127666,-3.66079549173715
1.58,153,-144,150.364798575236,-3.77067364618877
1.58,153,-141,151.229982553221,-3.89220338167999
1.58,153,-138,154.377255218706,-4.02169447975982
1.58,153,-135,160.522913252348,-4.15306675775796
1.58,153,-132,170.073117442979,-4.27928634766019
1.58,153,-129,183.07475016804,-4.39437490222141
1.58,153,-126,199.278550275066,-4.4947696692265
1.58,153,-123,218.263980801244,-4.57945397598799
1.58,153,-120,239.558643586444,-4.64924912000811
1.58,153,-117,262.716821563756,-4.70593988017141
1.58,153,-114,287.355891745287,-4.75161759939901
1.58,153,-111,313.164068649345,-4.78830618944288
1.58,153,-108,339.893305459971,-4.81779652468641
1.58,153,-105,367.346813094839,-4.84160016834491
1.58,153,-102,395.366390308147,-4.86096022624079
1.58,153,-99,423.821763815154,-4.8768844933541
1.58,153,-96,452.602309844387,-4.89018392661744
1.58,153,-93,481.610574332208,-4.9015091131015
1.58,153,-90,510.756696090206,-4.91138202756558
1.58,153,-87,539.952981633083,-4.92022243463879
1.58,153,-84,569.108309085586,-4.92836918257587
1.58,153,-81,598.122577569014,-4.9360970165954
1.58,153,-78,626.881897541105,-4.94362967282455
1.58,153,-75,655.255484097621,-4.95114999740691
1.58,153,-72,683.095154464394,-4.95880772841566
1.58,153,-69,710.237894261873,-4.96672544252261
1.58,153,-66,736.511194919246,-4.9750030591885
1.58,153,-63,761.739949271263,-4.98372123341867
1.58,153,-60,785.752910590107,-4.99294392272374
1.58,153,-57,808.386414162703,-5.002720313204
1.58,153,-54,829.483513975818,-5.01308606540466
1.58,153,-51,848.887983807007,-5.02406348785949
1.58,153,-48,866.434541514702,-5.0356598673766
1.58,153,-45,881.938617726023,-5.04786298160269
1.58,153,-42,895.19025006979,-5.06063301362932
1.58,153,-39,905.95656457575,-5.07389079875121
1.58,153,-36,913.995533566904,-5.08750347082713
1.58,153,-33,919.080631120565,-5.10126983678076
1.58,153,-30,921.03260821096,-5.11490878630184
1.58,153,-27,919.752126621615,-5.1280543971421
1.58,153,-24,915.246420986065,-5.14026096917063
1.58,153,-21,907.644761007672,-5.15102007136443
1.58,153,-18,897.200605278166,-5.15979004237948
1.58,153,-15,884.2816698176,-5.16603657492164
1.58,153,-12,869.351326012453,-5.16928138439865
1.58,153,-9,852.945028867486,-5.16915476094007
1.58,153,-6,835.644034223095,-5.16544703579335
1.58,153,-3,818.046527924387,-5.15815337733111
1.58,153,0,800.73488581428,-5.14750552539106
1.58,153,3,784.23826053633,-5.13398318068864
1.58,153,6,768.99229204209,-5.11829781286522
1.58,153,9,755.301459791477,-5.10134438504463
1.58,153,12,743.31242458867,-5.08412310878531
1.58,153,15,733.006575649877,-5.06764269540922
1.58,153,18,724.216078209113,-5.05282460216652
1.58,153,21,716.661211580223,-5.04042956535581
1.58,153,24,710.000431048829,-5.03102112731931
1.58,153,27,703.881095035198,-5.02496856986511
1.58,153,30,697.979427999893,-5.02247949568288
1.58,153,33,692.022467952903,-5.02364543798575
1.58,153,36,685.79070428525,-5.02848416599115
1.58,153,39,679.105779985681,-5.03696822399249
1.58,153,42,671.811326644095,-5.04903734788511
1.58,153,45,663.755821318383,-5.06459935290013
1.58,153,48,654.784371636606,-5.08352759145586
1.58,153,51,644.742495009455,-5.10566252061703
1.58,153,54,633.490682637172,-5.13082133507356
1.58,153,57,620.925188806143,-5.15881507109484
1.58,153,60,606.998922188719,-5.18946909367435
1.58,153,63,591.736720255536,-5.22264154777503
1.58,153,66,575.241228284862,-5.25823512573133
1.58,153,69,557.688267301848,-5.29619954202037
1.58,153,72,539.313076241002,-5.33652442348375
1.58,153,75,520.390488946727,-5.37922421425016
1.58,153,78,501.212687991016,-5.42431786867761
1.58,153,81,482.067795808861,-5.47180658444716
1.58,153,84,463.221607674547,-5.52165277922574
1.58,153,87,444.903683925197,-5.57376311292227
1.58,153,90,427.29812991909,-5.62797770445125
1.58,153,93,410.53883526485,-5.68406679563322
1.58,153,96,394.708668183636,-5.74173494288082
1.58,153,99,379.841968469941,-5.80063141266279
1.58,153,102,365.929494047324,-5.86036406894381
1.58,153,105,352.924687833573,-5.92051316902684
1.58,153,108,340.749827448408,-5.98064173466036
1.58,153,111,329.300511548762,-6.04030092107485
1.58,153,114,318.44726486258,-6.0990318541864
1.58,153,117,308.033936686139,-6.15636875661644
1.58,153,120,297.873907678478,-6.2118502982291
1.58,153,123,287.746506144772,-6.26504557706195
1.58,153,126,277.396892155628,-6.31559758469142
1.58,153,129,266.542498824098,-6.36328169666968
1.58,153,132,254.887792784344,-6.40807228164495
1.58,153,135,242.147000558131,-6.45020972204955
1.58,153,138,228.072280775849,-6.49026456582274
1.58,153,141,212.483366717432,-6.52920531000949
1.58,153,144,195.294438465194,-6.56849163888854
1.58,153,147,176.535045651054,-6.61023925048475
1.58,153,150,156.364335174498,-6.65754799714848
1.58,153,153,135.082161441158,-6.71518560276958
1.58,153,156,113.149120473505,-6.79106318046656
1.58,153,159,91.2479258800396,-6.89954738963943
1.58,153,162,70.4759139941536,-7.0689462291907
1.58,153,165,52.9046335794298,-7.35468852446613
1.58,153,168,42.631752484126,-7.82156610288247
1.58,153,171,44.0911676781254,-8.3679221795835
1.58,153,174,55.1192015548969,-8.7639651095617
1.58,153,177,70.0887696697398,-8.99958963513871
1.58,153,180,85.7271732296657,-9.14578651200507
1.58,156,-180,85.7271732296656,-2.81024132726566
1.58,156,-177,99.6972458755278,-2.90842489829397
1.58,156,-174,112.196906810913,-2.98278927184298
1.58,156,-171,122.845052283224,-3.04441640522558
1.58,156,-168,131.434578056816,-3.09985320185238
1.58,156,-165,137.876701189277,-3.15336907992939
1.58,156,-162,142.179425726517,-3.20808889721726
1.58,156,-159,144.442556988156,-3.26663138800872
1.58,156,-156,144.864770573828,-3.33150952409385
1.58,156,-153,143.762194224455,-3.40536873477549
1.58,156,-150,141.596773825779,-3.49102909214474
1.58,156,-147,139.00709329688,-3.59120990932836
1.58,156,-144,136.823707134328,-3.70776858863255
1.58,156,-141,136.037059051285,-3.84040850065055
1.58,156,-138,137.681809842194,-3.98530648608955
1.58,156,-135,142.63574794703,-4.13482668861707
1.58,156,-132,151.411253112672,-4.27935279726059
1.58,156,-129,164.064848607454,-4.41049640769141
1.58,156,-126,180.275784908097,-4.52342110309093
1.58,156,-123,199.518841248322,-4.61703086720468
1.58,156,-120,221.22382715194,-4.69275280225203
1.58,156,-117,244.871677715662,-4.75316279002981
1.58,156,-114,270.032541812234,-4.80106027031621
1.58,156,-111,296.368947145078,-4.83901185356365
1.58,156,-108,323.623081226748,-4.86919273361943
1.58,156,-105,351.599256575884,-4.89337469525443
1.58,156,-102,380.146904282592,-4.91297163059234
1.58,156,-99,409.14619411544,-4.92909980378485
1.58,156,-96,438.49667172822,-4.94263552872861
1.58,156,-93,468.108464465405,-4.95426475034787
1.58,156,-90,497.895306254052,-4.96452380071031
1.58,156,-87,527.768699869953,-4.97383221079079
1.58,156,-84,557.632841292174,-4.98251881784143
1.58,156,-81,587.380338809603,-4.99084234817469
1.58,156,-78,616.889123699549,-4.99900748404242
1.58,156,-75,646.021134901127,-5.00717724037044
1.58,156,-72,674.623269986004,-5.01548232083018
1.58,156,-69,702.530699157309,-5.02402801898538
1.58,156,-66,729.572001919086,-5.03289918785167
1.58,156,-63,755.574876168668,-5.04216379269462
1.58,156,-60,780.370641190435,-5.05187551849742
1.58,156,-57,803.795688715725,-5.06207573949799
1.58,156,-54,825.6886343121,-5.07279482200036
1.58,156,-51,845.88320080365,-5.08405226298765
1.58,156,-48,864.198573230122,-5.09585472495309
1.58,156,-45,880.430586303497,-5.10819085626536
1.58,156,-42,894.347993376301,-5.1210221121374
1.58,156,-39,905.697679354043,-5.13426968601953
1.58,156,-36,914.220852822617,-5.14779895606216
1.58,156,-33,919.679368647951,-5.1614041666661
1.58,156,-30,921.888281096841,-5.17479695926505
1.58,156,-27,920.748601249074,-5.18760251823096
1.58,156,-24,916.273860585616,-5.19936641960254
1.58,156,-21,908.605624989456,-5.20957390780154
1.58,156,-18,898.015931415493,-5.21768158048475
1.58,156,-15,884.897579671017,-5.22315969655046
1.58,156,-12,869.745154825312,-5.2255418607473
1.58,156,-9,853.129966117516,-5.22447784686594
1.58,156,-6,835.670957985893,-5.21978469892246
1.58,156,-3,818.001986721759,-5.21149064115271
1.58,156,0,800.73488581428,-5.19986540295089
1.58,156,3,784.418433874178,-5.18542954284608
1.58,156,6,769.495847012977,-5.16893542016325
1.58,156,9,756.266768990574,-5.15131545286332
1.58,156,12,744.862045974005,-5.13360031605167
1.58,156,15,735.238966984116,-5.11681935974678
1.58,156,18,727.200485343235,-5.10190344047819
1.58,156,21,720.435507487068,-5.08961165430624
1.58,156,24,714.571315613573,-5.08049630348644
1.58,156,27,709.22609871908,-5.07490785904491
1.58,156,30,704.05043985932,-5.07302963095174
1.58,156,33,698.750761308923,-5.07492530581777
1.58,156,36,693.093440627653,-5.08058300786839
1.58,156,39,686.893679121243,-5.08994538262873
1.58,156,42,679.996730500319,-5.1029231350731
1.58,156,45,672.259990108288,-5.11939628859563
1.58,156,48,663.542755383223,-5.1392110399896
1.58,156,51,653.707015392348,-5.16217984692575
1.58,156,54,642.628669497046,-5.18808917484338
1.58,156,57,630.215345391174,-5.2167149980628
1.58,156,60,616.42530592361,-5.24784260881451
1.58,156,63,601.282037593102,-5.28128568928735
1.58,156,66,584.880688415616,-5.31690003277583
1.58,156,69,567.384888791791,-5.35458906524295
1.58,156,72,549.014854216876,-5.39430049067354
1.58,156,75,530.029387808834,-5.43601524546695
1.58,156,78,510.705152809024,-5.47973115620117
1.58,156,81,491.316412109167,-5.52544422083036
1.58,156,84,472.117638268165,-5.57313040690986
1.58,156,87,453.330378444502,-5.62273044100632
1.58,156,90,435.134837482478,-5.67413936276628
1.58,156,93,417.665979333954,-5.72720168763194
1.58,156,96,401.013535479084,-5.78171190487858
1.58,156,99,385.225040381009,-5.8374188517886
1.58,156,102,370.310774266782,-5.8940315312397
1.58,156,105,356.249250614395,-5.95122362093815
1.58,156,108,342.991730395917,-6.00863471358767
1.58,156,111,330.464361859842,-6.06586841244249
1.58,156,114,318.567113757611,-6.12249039539127
1.58,156,117,307.169734060949,-6.17803237114255
1.58,156,120,296.10632387793,-6.23200898391709
1.58,156,123,285.171318048736,-6.28395298636691
1.58,156,126,274.120161595187,-6.33346942623546
1.58,156,129,262.677388822205,-6.38030392651658
1.58,156,132,250.553196736632,-6.42441630102988
1.58,156,135,237.467473405919,-6.46605136574227
1.58,156,138,223.178352191868,-6.50580490988341
1.58,156,141,207.511351820975,-6.54469393407138
1.58,156,144,190.385316403218,-6.58425646191506
1.58,156,147,171.832685213548,-6.62673131804285
1.58,156,150,152.014139428296,-6.67541522704052
1.58,156,153,131.232060016791,-6.73539706527785
1.58,156,156,109.956022291383,-6.81510901649959
1.58,156,159,88.8946897365658,-6.92968259224292
1.58,156,162,69.2040229970069,-7.10794479027281
1.58,156,165,53.0300020845918,-7.40162306363469
1.58,156,168,44.2520363293282,-7.85530577667865
1.58,156,171,46.3182302056632,-8.3587306930721
1.58,156,174,56.8642537169124,-8.72578376815574
1.58,156,177,70.9850056261281,-8.95103893611086
1.58,156,180,85.7271732296656,-9.09342663444524
1.58,159,-180,85.7271732296656,-2.75788144970583
1.58,159,-177,98.7778547710088,-2.85361443541358
1.58,159,-174,110.382138469302,-2.92576294759925
1.58,159,-171,120.150004351627,-2.98494121909217
1.58,159,-168,127.860333114418,-3.0375961932615
1.58,159,-165,133.406870694924,-3.08803464122822
1.58,159,-162,136.776414483913,-3.13948993048143
1.58,159,-159,138.043123662381,-3.19475643603076
1.58,159,-156,137.375140866366,-3.2566248912261
1.58,159,-153,135.054321018161,-3.32819651916704
1.58,159,-150,131.510056281955,-3.41304324888423
1.58,159,-147,127.363977138322,-3.51505674970949
1.58,159,-144,123.470843275997,-3.63767797458926
1.58,159,-141,120.918285180804,-3.78216682209308
1.58,159,-138,120.92286949428,-3.94513497809981
1.58,159,-135,124.580502639908,-4.11708259669605
1.58,159,-132,132.553166690594,-4.28451087628484
1.58,159,-129,144.904532623805,-4.43525519310071
1.58,159,-126,161.20468171876,-4.56267274919673
1.58,159,-123,180.784050527701,-4.66584200362591
1.58,159,-120,202.9517850422,-4.74731333728276
1.58,159,-117,227.109087673175,-4.81088545631182
1.58,159,-114,252.781957831961,-4.86032713905234
1.58,159,-111,279.613980187839,-4.8988739331309
1.58,159,-108,307.34496776648,-4.92913070644425
1.58,159,-105,335.787289343924,-4.9531340487645
1.58,159,-102,364.804355909887,-4.97245645169957
1.58,159,-99,394.292606515622,-4.98830656457815
1.58,159,-96,424.167077934772,-5.00161233633927
1.58,159,-93,454.350137565505,-5.0130862292419
1.58,159,-90,484.762800386361,-5.0232754032511
1.58,159,-87,515.318109193717,-5.03260021805917
1.58,159,-84,545.916260884168,-5.04138384982672
1.58,159,-81,576.441422613977,-5.04987512256157
1.58,159,-78,606.760392960664,-5.05826607308531
1.58,159,-75,636.723321643128,-5.06670535308899
1.58,159,-72,666.166539858896,-5.07530830997799
1.58,159,-69,694.917169825516,-5.08416445312458
1.58,159,-66,722.798657824928,-5.0933429607926
1.58,159,-63,749.635873142852,-5.10289684610309
1.58,159,-60,775.258152316747,-5.11286628780232
1.58,159,-57,799.498854319719,-5.123281363624
1.58,159,-54,822.190748719773,-5.13416398230011
1.58,159,-51,843.157833769549,-5.14552828361239
1.58,159,-48,862.205702549999,-5.15737836720556
1.58,159,-45,879.113875828847,-5.16970217763399
1.58,159,-42,893.634060040631,-5.18246090648928
1.58,159,-39,905.497655649202,-5.1955743683775
1.58,159,-36,914.433967514145,-5.20890421101031
1.58,159,-33,920.197858899809,-5.22223809732562
1.58,159,-30,922.602858402447,-5.23527871266517
1.58,159,-27,921.553919317577,-5.24764134187343
1.58,159,-24,917.07381877954,-5.25886282972595
1.58,159,-21,909.318645516791,-5.26842320969073
1.58,159,-18,898.580370522736,-5.27577951044873
1.58,159,-15,885.277122491021,-5.28040958895578
1.58,159,-12,869.933540318369,-5.2818625647856
1.58,159,-9,853.153960025928,-5.27981162081749
1.58,159,-6,835.590400282087,-5.27410440203258
1.58,159,-3,817.906112761684,-5.2648055997334
1.58,159,0,800.73488581428,-5.25222528051072
1.58,159,3,784.63712933576,-5.23692546000879
1.58,159,6,770.056102471276,-5.2196976425933
1.58,159,9,757.280543890998,-5.20150738871441
1.58,159,12,746.421704484936,-5.18340933594074
1.58,159,15,737.411711531138,-5.16644576763974
1.58,159,18,730.025876767059,-5.15154932750286
1.58,159,21,723.925363501415,-5.13947110275682
1.58,159,24,718.71109366717,-5.13074765657156
1.58,159,27,713.977161215756,-5.12570802144531
1.58,159,30,709.353118882733,-5.12451002277666
1.58,159,33,704.528546947798,-5.12718920223328
1.58,159,36,699.258663002974,-5.13370427694656
1.58,159,39,693.354694179463,-5.14396873313422
1.58,159,42,686.666017287099,-5.15786573180064
1.58,159,45,679.062004930777,-5.17525009125187
1.58,159,48,670.420130476178,-5.1959447779523
1.58,159,51,660.623867055855,-5.21973946697578
1.58,159,54,649.570345748007,-5.24639601355293
1.58,159,57,637.184706170248,-5.27566169610458
1.58,159,60,623.436343181009,-5.30728759508085
1.58,159,63,608.352098880503,-5.34104762532309
1.58,159,66,592.0226639856,-5.37675378004534
1.58,159,69,574.6004884813,-5.41426454861006
1.58,159,72,556.289670670321,-5.45348541170722
1.58,159,75,537.329989766368,-5.49436209012949
1.58,159,78,517.978116046319,-5.5368684401626
1.58,159,81,498.489037098347,-5.58099146438132
1.58,159,84,479.100100205377,-5.62671593375766
1.58,159,87,460.019130088519,-5.67401073951799
1.58,159,90,441.417149284961,-5.72281843110037
1.58,159,93,423.425489364023,-5.773048531737
1.58,159,96,406.136571902012,-5.82457423895843
1.58,159,99,389.607296917852,-5.87723116820515
1.58,159,102,373.863727110539,-5.93081616415934
1.58,159,105,358.905586181662,-5.98508427112799
1.58,159,108,344.709084001383,-6.03974306552327
1.58,159,111,331.226891063512,-6.09444576097227
1.58,159,114,318.38483067284,-6.14878729839737
1.58,159,117,306.076009616981,-6.20230990382799
1.58,159,120,294.154402936225,-6.25452490519173
1.58,159,123,282.430878459838,-6.30495497496785
1.58,159,126,270.674800753599,-6.35319579521298
1.58,159,129,258.623447690881,-6.39899051729665
1.58,159,132,245.999707339026,-6.44230733713578
1.58,159,135,232.53650400382,-6.48341239368894
1.58,159,138,218.004849319833,-6.52293756628595
1.58,159,141,202.241818137974,-6.56195478594811
1.58,159,144,185.175231790904,-6.60208523070602
1.58,159,147,166.843304254439,-6.64569746377718
1.58,159,150,147.410049059319,-6.69629649888052
1.58,159,153,127.181678282165,-6.75930809557904
1.58,159,156,106.638282845651,-6.84368891463748
1.58,159,159,86.5164072573499,-6.9652404916266
1.58,159,162,68.0283025491184,-7.15276441020227
1.58,159,165,53.359799119164,-7.45249499562751
1.58,159,168,46.0661007160039,-7.88877419401198
1.58,159,171,48.6536675660914,-8.34985285245422
1.58,159,174,58.6836783148772,-8.68863422984709
1.58,159,177,71.921777248241,-8.90294415856008
1.58,159,180,85.7271732296656,-9.04106675688541
1.58,162,-180,85.7271732296656,-2.70552157214599
1.58,162,-177,97.8251986413789,-2.7985900234914
1.58,162,-174,108.513278725085,-2.86842058981407
1.58,162,-171,117.397199638905,-2.92506021458377
1.58,162,-168,124.244532636881,-2.97478192209923
1.58,162,-165,128.932513738321,-3.02186812290391
1.58,162,-162,131.425786829782,-3.06960045203005
1.58,162,-159,131.769613585064,-3.12088468952348
1.58,162,-156,130.095328550126,-3.17872237777091
1.58,162,-153,126.639917207801,-3.24661734921443
1.58,162,-150,121.783432567285,-3.32890804927019
1.58,162,-147,116.106547990206,-3.43087147054362
1.58,162,-144,110.461609995469,-3.55816682381122
1.58,162,-141,106.022476605549,-3.71481239872696
1.58,162,-138,104.222408300024,-3.89912713959036
1.58,162,-135,106.460493846096,-4.09964276653401
1.58,162,-132,113.621588306327,-4.29675917558725
1.58,162,-129,125.77045155489,-4.47201753882326
1.58,162,-126,142.303649151622,-4.61618391444635
1.58,162,-123,162.349104836753,-4.7291945567654
1.58,162,-120,185.070201873832,-4.81568733588293
1.58,162,-117,209.787675228177,-4.88134503898319
1.58,162,-114,235.992351923636,-4.9312355491807
1.58,162,-111,263.318854186851,-4.96938736361035
1.58,162,-108,291.512386627675,-4.99885840337149
1.58,162,-105,320.398554143723,-5.02193275934474
1.58,162,-102,349.85804488025,-5.04031272226437
1.58,162,-99,379.805884155632,-5.05527186003845
1.58,162,-96,410.17465560938,-5.06776855463546
1.58,162,-93,440.901160956429,-5.07852808483411
1.58,162,-90,471.916103350985,-5.08810174275562
1.58,162,-87,503.13650024182,-5.09690971512356
1.58,162,-84,534.460666767737,-5.10527255017671
1.58,162,-81,565.765731917527,-5.11343451010712
1.58,162,-78,596.907696510374,-5.12158103809891
1.58,162,-75,627.723952052372,-5.12985187573472
1.58,162,-72,658.037922449593,-5.13835095546381
1.58,162,-69,687.665094934683,-5.14715397063124
1.58,162,-66,716.41927015284,-5.15631439663598
1.58,162,-63,744.117539941724,-5.16586859950147
1.58,162,-60,770.582473548763,-5.17584042752824
1.58,162,-57,795.640404261882,-5.18624528250203
1.58,162,-54,819.115604936316,-5.19709313657201
1.58,162,-51,840.821413577461,-5.20838943724982
1.58,162,-48,860.550733731347,-5.22013255585252
1.58,162,-45,878.069366846962,-5.23230662394107
1.58,162,-42,893.115887704403,-5.2448693916691
1.58,162,-39,905.410945770453,-5.25773603180235
1.58,162,-36,914.676976962307,-5.27076126736263
1.58,162,-33,920.666758056292,-5.28372335956831
1.58,162,-30,923.196774100315,-5.29631396071727
1.58,162,-27,922.17981373243,-5.30813744123624
1.58,162,-24,917.651102838639,-5.31872213642589
1.58,162,-21,909.78364731072,-5.32754431986603
1.58,162,-18,898.890739471278,-5.33406396694134
1.58,162,-15,885.415931948222,-5.33776985529914
1.58,162,-12,869.912405018338,-5.33823045954865
1.58,162,-9,853.014160027601,-5.33514642589243
1.58,162,-6,835.401026666311,-5.32839990997814
1.58,162,-3,817.758712474921,-5.3180953506016
1.58,162,0,800.73488581428,-5.30458515807055
1.58,162,3,784.893204263775,-5.28847281415638
1.58,162,6,770.669284658888,-5.27058640391213
1.58,162,9,758.33498392057,-5.25191936850124
1.58,162,12,747.978483883928,-5.23354289026993
1.58,162,15,739.506158255995,-5.21650376935933
1.58,162,18,732.667830934648,-5.20172844222614
1.58,162,21,727.101215868105,-5.18995360855361
1.58,162,24,722.386411235798,-5.18169592353548
1.58,162,27,718.099245188548,-5.17726093947226
1.58,162,30,713.853578670924,-5.17678052877722
1.58,162,33,709.326525752918,-5.18026250672823
1.58,162,36,704.265448136746,-5.18763697564994
1.58,162,39,698.480049802748,-5.19878925610769
1.58,162,42,691.825871113562,-5.21357633199728
1.58,162,45,684.186412563923,-5.23182993973733
1.58,162,48,675.460028531373,-5.25335308152087
1.58,162,51,665.555174163542,-5.2779172444767
1.58,162,54,654.39446094131,-5.30526545767916
1.58,162,57,641.925215050769,-5.33512281440001
1.58,162,60,628.132528387781,-5.36721275445273
1.58,162,63,613.050435829069,-5.40127536904982
1.58,162,66,596.767728790794,-5.43708362717568
1.58,162,69,579.426599542765,-5.47445439437695
1.58,162,72,561.214227163243,-5.51325273445939
1.58,162,75,542.34901708928,-5.55338959082531
1.58,162,78,523.064129167291,-5.59481412411469
1.58,162,81,503.591074810617,-5.63750259988068
1.58,162,84,484.145674055288,-5.68144582472188
1.58,162,87,464.917817232728,-5.72663684637022
1.58,162,90,446.065561700503,-5.77306008539475
1.58,162,93,427.713311191469,-5.82068235353658
1.58,162,96,409.953251585764,-5.86944544186877
1.58,162,99,392.848838030397,-5.9192592937942
1.58,162,102,376.438904978271,-5.96999446740768
1.58,162,105,360.740903650999,-6.0214729511599
1.58,162,108,345.751928581764,-6.07345766176482
1.58,162,111,331.446679365429,-6.12564306247537
1.58,162,114,317.7723683437,-6.17765172523431
1.58,162,117,304.641731201153,-6.2290432286125
1.58,162,120,291.926423745064,-6.27934127807256
1.58,162,123,279.453752685535,-6.32808169341479
1.58,162,126,267.009502386552,-6.37487865340548
1.58,162,129,254.348488630795,-6.41950157449697
1.58,162,132,241.212717327589,-6.46195308155953
1.58,162,135,227.355272502994,-6.50254161589479
1.58,162,138,212.566915113062,-6.54195042284803
1.58,162,141,196.702164200443,-6.58131703758512
1.58,162,144,179.702345936921,-6.62235423655102
1.58,162,147,161.614618762483,-6.66756931634025
1.58,162,150,142.608474774438,-6.72068652716509
1.58,162,153,122.995643976131,-6.78747604476223
1.58,162,156,103.268475950039,-6.87739153155308
1.58,162,159,84.1923863716833,-7.00671353507205
1.58,162,162,67.0279720982009,-7.20343849998626
1.58,162,165,53.9507228563151,-7.50644237941418
1.58,162,168,48.0905863012128,-7.92120121729102
1.58,162,171,51.0987239404978,-8.34095478234172
1.58,162,174,60.5738380916946,-8.65235981054601
1.58,162,177,72.8965130641044,-8.85527733861768
1.58,162,180,85.7271732296656,-8.98870687932558
1.58,165,-180,85.7271732296657,-2.65316169458616
1.58,165,-177,96.8417786481074,-2.74335684128849
1.58,165,-174,106.595180542755,-2.81077768167713
1.58,165,-171,114.594125580712,-2.86480812370415
1.58,165,-168,120.598154804679,-2.91146884451631
1.58,165,-165,124.469729297966,-2.95494816883011
1.58,165,-162,126.151481974329,-2.99850323973698
1.58,165,-159,125.658018054486,-3.04506566060864
1.58,165,-156,123.079446805146,-3.09774235879702
1.58,165,-153,118.59909523572,-3.16031787616121
1.58,165,-150,112.531262117555,-3.23780060246776
1.58,165,-147,105.38732126566,-3.33693489434728
1.58,165,-144,97.976740247568,-3.46624615629328
1.58,165,-141,91.5264875603775,-3.63430233446456
1.58,165,-138,87.7155715820985,-3.84383913433851
1.58,165,-135,88.3773691332238,-4.08220117876661
1.58,165,-132,94.7528421771427,-4.31966416468724
1.58,165,-129,106.890729588031,-4.5263871111574
1.58,165,-126,123.893793537829,-4.6895098779808
1.58,165,-123,144.600016966502,-4.81164789958707
1.58,165,-120,168.004927370356,-4.90133915815671
1.58,165,-117,193.360510639368,-4.96711264400739
1.58,165,-114,220.140959484091,-5.01569231953874
1.58,165,-111,247.986464685068,-5.05197342745727
1.58,165,-108,276.656125300347,-5.07943718393391
1.58,165,-105,305.99235648836,-5.10055923080238
1.58,165,-102,335.893578636056,-5.117117920818
1.58,165,-99,366.29243354875,-5.13040865691512
1.58,165,-96,397.137976133669,-5.1413889264903
1.58,165,-93,428.381132627476,-5.15077594839223
1.58,165,-90,459.963177706939,-5.1591127731794
1.58,165,-87,491.807210410656,-5.1668135237706
1.58,165,-84,523.812705996277,-5.17419479708463
1.58,165,-81,555.853221652076,-5.18149780115998
1.58,165,-78,587.777227450407,-5.18890423139629
1.58,165,-75,619.411800618471,-5.19654791888731
1.58,165,-72,650.568567408519,-5.20452370723195
1.58,165,-69,681.050857608462,-5.21289466821543
1.58,165,-66,710.66066058402,-5.22169851104745
1.58,165,-63,739.203783807456,-5.2309537541998
1.58,165,-60,766.491759590056,-5.24066582881596
1.58,165,-57,792.339616589468,-5.25083274972142
1.58,165,-54,816.559620601324,-5.2614494020755
1.58,165,-51,838.952346774023,-5.27250902828073
1.58,165,-48,859.297683993932,-5.28400039829504
1.58,165,-45,877.349207764981,-5.29589960373684
1.58,165,-42,892.835413359389,-5.30815646840116
1.58,165,-39,905.470350882481,-5.32067701615074
1.58,165,-36,914.974314617153,-5.33330488038779
1.58,165,-33,921.102829249151,-5.34580551938432
1.58,165,-30,923.679929090291,-5.35785729101383
1.58,165,-27,922.630354796277,-5.36905276666258
1.58,165,-24,918.005239794705,-5.37891231201674
1.58,165,-21,909.997101245523,-5.38691027275506
1.58,165,-18,898.942001916752,-5.39251244024124
1.58,165,-15,885.308881132217,-5.39522211556265
1.58,165,-12,869.677610012414,-5.394631159904
1.58,165,-9,852.707990634407,-5.39047183016743
1.58,165,-6,835.101818050733,-5.38266467252813
1.58,165,-3,817.559764004868,-5.37135695683281
1.58,165,0,800.73488581428,-5.35694503563038
1.58,165,3,785.18550015132,-5.3400732375163
1.58,165,6,771.331929917113,-5.32160287129385
1.58,165,9,759.423423020317,-5.30254916287918
1.58,165,12,749.522024574206,-5.28399169783072
1.58,165,15,741.508258718948,-5.26697288685708
1.58,165,18,735.109154416074,-5.25240476592564
1.58,165,21,729.943839864103,-5.24100335125568
1.58,165,24,725.577736404096,-5.23326154120218
1.58,165,27,721.574889057714,-5.22945986894978
1.58,165,30,717.539465582918,-5.22970440591323
1.58,165,33,713.141066145534,-5.23397630501495
1.58,165,36,708.122860230021,-5.24217838882411
1.58,165,39,702.295479120394,-5.25416910359271
1.58,165,42,695.522196565243,-5.26978056699244
1.58,165,45,687.701811333434,-5.28882312816106
1.58,165,48,678.754823036971,-5.31108239466894
1.58,165,51,668.616398114442,-5.33631551450188
1.58,165,54,657.236973005244,-5.36425195465437
1.58,165,57,644.5889118799,-5.39460109077989
1.58,165,60,630.676029361412,-5.42706588119097
1.58,165,63,615.542294004709,-5.46135977897247
1.58,165,66,599.276600713841,-5.49722329872865
1.58,165,69,582.011826663661,-5.53443715337219
1.58,165,72,563.918002895199,-5.57283009269689
1.58,165,75,545.190871951467,-5.61228093308807
1.58,165,78,526.038014578572,-5.65271535599988
1.58,165,81,506.664975921365,-5.69409869416558
1.58,165,84,487.26347413825,-5.73642612409651
1.58,165,87,468.003043892491,-5.77971153758472
1.58,165,90,449.026605007942,-5.82397598885815
1.58,165,93,430.449655044551,-5.86923611553413
1.58,165,96,412.362175844304,-5.91549242687559
1.58,165,99,394.831951857319,-5.96271700060644
1.58,165,102,377.907822704932,-6.01084014469961
1.58,165,105,361.621447762026,-6.0597361900754
1.58,165,108,345.986489977697,-6.10920989775727
1.58,165,111,330.99477198091,-6.15898680826026
1.58,165,114,316.609891704967,-6.20871261281985
1.58,165,117,302.759839829291,-6.25796728967948
1.58,165,120,289.331019719748,-6.30629835933409
1.58,165,123,276.16635954856,-6.3532739338382
1.58,165,126,263.069685493974,-6.39855133847784
1.58,165,129,249.817265036337,-6.44195322430737
1.58,165,132,236.175840734166,-6.48354267477282
1.58,165,135,221.925125908665,-6.52369310188142
1.58,165,138,206.88206668202,-6.5631574093418
1.58,165,141,190.924326978981,-6.60315310435565
1.58,165,144,174.01131538599,-6.64549645876903
1.58,165,147,156.202550080333,-6.69284423730705
1.58,165,150,137.675518023741,-6.74914781015649
1.58,165,153,118.749498648078,-6.82051357990088
1.58,165,156,99.9307055114919,-6.91681542529118
1.58,165,159,82.0122626514149,-7.05449052229944
1.58,165,162,66.2868239126134,-7.25971050030614
1.58,165,165,54.8540547144814,-7.56234694459035
1.58,165,168,50.3367210559004,-7.95188845107323
1.58,165,171,53.653300126247,-8.33175241879755
1.58,165,174,62.5309132258481,-8.61681228607808
1.58,165,177,73.9065466431563,-8.80800894202505
1.58,165,180,85.7271732296657,-8.93634700176575
1.58,168,-180,85.7271732296658,-2.60080181702633
1.58,168,-177,95.83013437776,-2.68791999405243
1.58,168,-174,104.632565411808,-2.75284946535195
1.58,168,-171,111.747659906474,-2.804221344099
1.58,168,-168,116.930721298064,-2.84772240837413
1.58,168,-165,120.031937292964,-2.8873703823353
1.58,168,-162,120.973261565805,-2.92631413051295
1.58,168,-159,119.738686877087,-2.96740541275818
1.58,168,-156,116.375252857081,-3.01371091796749
1.58,168,-153,111.00710002101,-3.06909118235824
1.58,168,-150,103.869285612717,-3.13896362412017
1.58,168,-147,95.3743311934659,-3.23134200492075
1.58,168,-144,86.2337497034499,-3.35799751604009
1.58,168,-141,77.6570271690705,-3.53435889219671
1.58,168,-138,71.5670615635213,-3.77307489301873
1.58,168,-135,70.4343684588181,-4.064233953381
1.58,168,-132,76.120419744351,-4.36017383845959
1.58,168,-129,88.6034936395962,-4.60812556950979
1.58,168,-126,106.447444046836,-4.79105417437647
1.58,168,-123,128.076294781854,-4.91919109469807
1.58,168,-120,152.318972857545,-5.00825033123077
1.58,168,-117,178.396454915339,-5.07077726843875
1.58,168,-114,205.799089020568,-5.11535905624847
1.58,168,-111,234.192574013703,-5.14766760155461
1.58,168,-108,263.359208105306,-5.17146640160473
1.58,168,-105,293.160502719736,-5.18930059278118
1.58,168,-102,323.510912803319,-5.20293309973646
1.58,168,-99,354.35729862465,-5.21361612599013
1.58,168,-96,385.661744798867,-5.22226112568601
1.58,168,-93,417.386947644807,-5.22954645125392
1.58,168,-90,449.484145932806,-5.23598632760893
1.58,168,-87,481.883887593012,-5.24197549824023
1.58,168,-84,514.489990272381,-5.24781839580321
1.58,168,-81,547.176953394208,-5.25374842564576
1.58,168,-78,579.790845986556,-5.25994099661966
1.58,168,-75,612.153346359562,-5.26652276192833
1.58,168,-72,644.068181902511,-5.27357882057899
1.58,168,-69,675.328780771505,-5.28115915588996
1.58,168,-66,705.725610902759,-5.28928518557156
1.58,168,-63,735.0515751568,-5.29795684826667
1.58,168,-60,763.10407045984,-5.3071600941704
1.58,168,-57,789.682962608638,-5.31687400649401
1.58,168,-54,814.584738214566,-5.32707617953529
1.58,168,-51,837.594309462719,-5.337744624416
1.58,168,-48,858.477085529722,-5.3488545897038
1.58,168,-45,876.974633402018,-5.36036940788796
1.58,168,-42,892.807198877441,-5.3722257548893
1.58,168,-39,905.685366191433,-5.38431525387846
1.58,168,-36,915.3312961673,-5.39646572611607
1.58,168,-33,921.507708316841,-5.40842615962155
1.58,168,-30,924.050694076055,-5.41985938450857
1.58,168,-27,922.901198206923,-5.43034553597925
1.58,168,-24,918.129958347894,-5.43939790861248
1.58,168,-21,909.951809060231,-5.44649112284096
1.58,168,-18,898.727109796085,-5.45109997342437
1.58,168,-15,884.950028534104,-5.45274612506653
1.58,168,-12,869.224956438711,-5.45104900462959
1.58,168,-9,852.233170686065,-5.44577667128956
1.58,168,-6,834.692085592844,-5.43689185073629
1.58,168,-3,817.309421519677,-5.42458745832719
1.58,168,0,800.73488581428,-5.40930491319021
1.58,168,3,785.512850810337,-5.39172811640253
1.58,168,6,772.040911794239,-5.3727475002804
1.58,168,9,760.540376529821,-5.35339328777276
1.58,168,12,751.044573966171,-5.33474481686337
1.58,168,15,743.408581865379,-5.31783094192015
1.58,168,18,737.339794495127,-5.30354107908148
1.58,168,21,732.444060431451,-5.29256441578386
1.58,168,24,728.278727571054,-5.28536652258044
1.58,168,27,724.403043359109,-5.28220176309751
1.58,168,30,720.418018381775,-5.28315105460911
1.58,168,33,715.991187699051,-5.28817051876648
1.58,168,36,710.865516880355,-5.2971375795964
1.58,168,39,704.855013826361,-5.30988548292693
1.58,168,42,697.831797081871,-5.32622286585607
1.58,168,45,689.710152033187,-5.34594007378403
1.58,168,48,680.432507686268,-5.368807236592
1.58,168,51,669.960614363844,-5.39457019953196
1.58,168,54,658.273043565996,-5.42294944118148
1.58,168,57,645.368078262734,-5.45364481943471
1.58,168,60,631.269616552538,-5.48634635356997
1.58,168,63,616.033143080345,-5.52074916678857
1.58,168,66,599.749135984348,-5.55656967791961
1.58,168,69,582.542255551216,-5.59356016097605
1.58,168,72,564.565951260315,-5.63151955201372
1.58,168,75,545.993344133674,-5.6702994197134
1.58,168,78,527.006084239381,-5.70980495533578
1.58,168,81,507.783191277944,-5.74999147758408
1.58,168,84,488.49167092347,-5.79085724757054
1.58,168,87,469.280103836277,-5.83243340558145
1.58,168,90,450.275630074645,-5.87477166973167
1.58,168,93,431.583989135516,-5.91793018239908
1.58,168,96,413.291661386499,-5.96195767439269
1.58,168,99,395.468768792374,-6.00687609048411
1.58,168,102,378.171274080606,-6.0526621573746
1.58,168,105,361.441197231988,-6.09922921328225
1.58,168,108,345.304063648652,-6.14641193740916
1.58,168,111,329.763584017065,-6.19395810209643
1.58,168,114,314.794525354947,-6.24153245241922
1.58,168,117,300.335631033853,-6.28873744176814
1.58,168,120,286.284969996607,-6.33515323154057
1.58,168,123,272.499971746449,-6.38039537070434
1.58,168,126,258.803571379244,-6.42418432643831
1.58,168,129,244.996585745614,-6.46641867612933
1.58,168,132,230.875131424157,-6.5072450825698
1.58,168,135,216.251042236659,-6.54712366465146
1.58,168,138,200.973087673347,-6.58689632374389
1.58,168,141,184.947285863268,-6.62787726236584
1.58,168,144,168.155560106079,-6.67200040721943
1.58,168,147,150.673354449656,-6.72208236730398
1.58,168,150,132.688970706255,-6.78230143865991
1.58,168,153,114.531413741689,-6.85906462597792
1.58,168,156,96.7215551474975,-6.96251582121191
1.58,168,159,80.0751494616269,-7.10876343756465
1.58,168,162,65.8896378725149,-7.32095309429828
1.58,168,165,56.1123980913191,-7.61890103272341
1.58,168,168,52.8102736459235,-7.98024023300403
1.58,168,171,56.315938549046,-8.3220082506685
1.58,168,174,64.5508661876699,-8.58185287845821
1.58,168,177,74.9491211817049,-8.76110824432353
1.58,168,180,85.7271732296658,-8.88398712420592
1.58,171,-180,85.7271732296657,-2.5484419394665
1.58,171,-177,94.7928385082177,-2.63228447408907
1.58,171,-174,102.630012306716,-2.69465070173032
1.58,171,-171,108.864041511653,-2.74333754149554
1.58,171,-168,113.250216428235,-2.78361484902848
1.58,171,-165,115.629668576101,-2.819248109466
1.58,171,-162,115.906213845318,-2.85318562619558
1.58,171,-159,114.035272261093,-2.88807739950794
1.58,171,-156,110.022140613924,-2.92676815292761
1.58,171,-153,103.931038426289,-2.97290385974402
1.58,171,-150,95.9107186909958,-3.03184412343798
1.58,171,-147,86.2506407921569,-3.11220777611802
1.58,171,-144,75.5010469091937,-3.2285500042532
1.58,171,-141,64.7305333541464,-3.40511745602646
1.58,171,-138,56.0094277297818,-3.67461179191774
1.58,171,-135,52.7403851929314,-4.04467870404668
1.58,171,-132,57.9921064427312,-4.43342720866269
1.58,171,-129,71.478856637109,-4.73476412813504
1.58,171,-126,90.6961306077027,-4.93284091934607
1.58,171,-123,113.534739800055,-5.05869864495754
1.58,171,-120,138.738609853619,-5.14008637045183
1.58,171,-117,165.580030194288,-5.19417978287625
1.58,171,-114,193.613544497798,-5.23103168889442
1.58,171,-111,222.55321776894,-5.25664124413052
1.58,171,-108,252.21290126202,-5.27472619848251
1.58,171,-105,282.473746717514,-5.28768474931657
1.58,171,-102,313.262868934195,-5.2971247304875
1.58,171,-99,344.536432788689,-5.30416428548103
1.58,171,-96,376.264674453037,-5.30960835294035
1.58,171,-93,408.41830230094,-5.31405494505022
1.58,171,-90,440.956588860595,-5.31796015634767
1.58,171,-87,473.817784536859,-5.32167812682724
1.58,171,-84,506.912492048293,-5.32548551286107
1.58,171,-81,540.120451326235,-5.3295963891402
1.58,171,-78,573.290859132244,-5.33417145617472
1.58,171,-75,606.245929857199,-5.33932422362873
1.58,171,-72,638.786944311038,-5.34512607743469
1.58,171,-69,670.701603695456,-5.35161157281981
1.58,171,-66,701.771202657589,-5.35878476426357
1.58,171,-63,731.776066589187,-5.36662679006563
1.58,171,-60,760.497957411013,-5.37510425048032
1.58,171,-57,787.718781549569,-5.38417722046723
1.58,171,-54,813.215890428814,-5.39380517756341
1.58,171,-51,836.755395027534,-5.40394891528366
1.58,171,-48,858.08596146495,-5.41456684541188
1.58,171,-45,876.936186611127,-5.42560503788897
1.58,171,-42,893.018565520271,-5.43698176941917
1.58,171,-39,906.042096233789,-5.44856890867659
1.58,171,-36,915.733821633131,-5.46017370923793
1.58,171,-33,921.867473902855,-5.47152512902942
1.58,171,-30,924.295450651053,-5.4822684824359
1.58,171,-27,922.979184184228,-5.49197116098768
1.58,171,-24,918.01289726921,-5.50014063124815
1.58,171,-21,909.636732901077,-5.50625429566667
1.58,171,-18,898.236934945068,-5.5097993769704
1.58,171,-15,884.332616249579,-5.51031990648993
1.58,171,-12,868.550213104787,-5.50746713890147
1.58,171,-9,851.587742339191,-5.50104910845488
1.58,171,-6,834.171487188112,-5.49107434737161
1.58,171,-3,817.008019038658,-5.4777838841796
1.58,171,0,800.73488581428,-5.46166479075004
1.58,171,3,785.874089163818,-5.44343859673569
1.58,171,6,772.793459010485,-5.42402008393871
1.58,171,9,761.681561457924,-5.40444715648483
1.58,171,12,752.540982268234,-5.3857899729573
1.58,171,15,745.202238258914,-5.36905463374431
1.58,171,18,739.356622605605,-5.35509985263694
1.58,171,21,734.602299472717,-5.34458204601544
1.58,171,24,730.495415670226,-5.33793610512141
1.58,171,27,726.597715493877,-5.33538933204693
1.58,171,30,722.513951373165,-5.33699849129523
1.58,171,33,717.915405746874,-5.34269678157579
1.58,171,36,712.549077137363,-5.35233865795194
1.58,171,39,706.234784157059,-5.36573432578691
1.58,171,42,698.854184779694,-5.38267057963762
1.58,171,45,690.336338469581,-5.40291902759328
1.58,171,48,680.644007244672,-5.42623572531792
1.58,171,51,669.763639709338,-5.45235746487748
1.58,171,54,657.700303704774,-5.48099950834113
1.58,171,57,644.477182658885,-5.51185790310636
1.58,171,60,630.138019291909,-5.54461737650332
1.58,171,63,614.750309882638,-5.57896388971047
1.58,171,66,598.407159301531,-5.61459971365047
1.58,171,69,581.226364679834,-5.65125851050159
1.58,171,72,563.346252689443,-5.68871820531366
1.58,171,75,544.918762119519,-5.72681010375349
1.58,171,78,526.100987842389,-5.7654234501531
1.58,171,81,507.046729850781,-5.80450522204788
1.58,171,84,487.899490452239,-5.84405534197189
1.58,171,87,468.787912105484,-5.88411766534889
1.58,171,90,449.823993430191,-5.92476713900059
1.58,171,93,431.103725844686,-5.96609351289981
1.58,171,96,412.709205103259,-6.00818205004154
1.58,171,99,394.710905607275,-6.05109196053747
1.58,171,102,377.168742656034,-6.09483392283369
1.58,171,105,360.130835369411,-6.13934909707184
1.58,171,108,343.629514917518,-6.18449332989198
1.58,171,111,327.675008628343,-6.23003134588974
1.58,171,114,312.248170218432,-6.27564590834587
1.58,171,117,297.294326875455,-6.32096551852489
1.58,171,120,282.720479289936,-6.36561103043612
1.58,171,123,268.397569129501,-6.40925736983672
1.58,171,126,254.168437606497,-6.45170308074876
1.58,171,129,239.860824461089,-6.49293961980291
1.58,171,132,225.303783792289,-6.53321531102738
1.58,171,135,210.345559771992,-6.57309544550261
1.58,171,138,194.871308789463,-6.61352908806947
1.58,171,141,178.819861133232,-6.6559441078269
1.58,171,144,162.199738674837,-6.70240598975774
1.58,171,147,145.105869438027,-6.75589698121463
1.58,171,150,127.740290614225,-6.82080560489796
1.58,171,153,110.443594645584,-6.90375972875956
1.58,171,156,93.7501697663342,-7.01492239777238
1.58,171,159,78.4871816784802,-7.16941339555229
1.58,171,162,65.9171843142202,-7.38612143898408
1.58,171,165,57.7569945808655,-7.67471283256264
1.58,171,168,55.5118250482635,-8.00578214286966
1.58,171,171,59.0838493068874,-8.31152752259047
1.58,171,174,66.6294144859834,-8.54735283479004
1.58,171,177,76.0213941222803,-8.71454368895986
1.58,171,180,85.7271732296657,-8.83162724664609
1.58,174,-180,85.7271732296657,-2.49608206190668
1.58,174,-177,93.7324922079101,-2.57645512328045
1.58,174,-174,100.591952149727,-2.63619539812688
1.58,174,-171,105.948858022333,-2.68219513099541
1.58,174,-168,109.563042359505,-2.71922471112197
1.58,174,-165,111.270416205834,-2.7507126612529
1.58,174,-162,110.96033357505,-2.77930941667904
1.58,174,-159,108.563698496703,-2.80733162240472
1.58,174,-156,104.048899200543,-2.83719580566344
1.58,174,-153,97.4255650844223,-2.87197305472911
1.58,174,-150,88.7593772096765,-2.91629221571746
1.58,174,-147,78.2081066423889,-2.97810290928923
1.58,174,-144,66.1098119311713,-3.07259632965674
1.58,174,-141,53.223934355969,-3.23152465696947
1.58,174,-138,41.4483019579424,-3.52145909099766
1.58,174,-135,35.4144569460444,-4.02068032245717
1.58,174,-132,40.9067286244766,-4.57769464328606
1.58,174,-129,56.5779246781111,-4.93680887997938
1.58,174,-126,77.7640839088073,-5.12892886896652
1.58,174,-123,101.975411100274,-5.23540299731972
1.58,174,-120,128.124861724574,-5.29824058319655
1.58,174,-117,155.658881848994,-5.33708385439771
1.58,174,-114,184.243889852099,-5.36176628428021
1.58,174,-111,213.657947140634,-5.37763735025677
1.58,174,-108,243.748916735624,-5.38782631567187
1.58,174,-105,274.414553576844,-5.394278494711
1.58,174,-102,305.589361704688,-5.39826829897534
1.58,174,-99,337.232891920091,-5.40067123911526
1.58,174,-96,369.317921715852,-5.40211609565409
1.58,174,-93,401.818573433468,-5.40307316380243
1.58,174,-90,434.699116564827,-5.40390620907248
1.58,174,-87,467.904405325908,-5.40490280412057
1.58,174,-84,501.352816448344,-5.40629145672083
1.58,174,-81,534.932283207254,-5.40825076358654
1.58,174,-78,568.499642548111,-5.41091411847755
1.58,174,-75,601.883077598161,-5.41437250087243
1.58,174,-72,634.886998184719,-5.418677184897
1.58,174,-69,667.29831506507,-5.42384362220986
1.58,174,-66,698.892801331207,-5.4298571445261
1.58,174,-63,729.440178915596,-5.43668044876029
1.58,174,-60,758.706794360592,-5.4442620917697
1.58,174,-57,786.455295788847,-5.45254453479955
1.58,174,-54,812.441563119781,-5.46146981257527
1.58,174,-51,836.410149368903,-5.47098085709375
1.58,174,-48,858.090430959224,-5.48101702749937
1.58,174,-45,877.196236345136,-5.49150348875196
1.58,174,-42,893.431635196167,-5.50233554951174
1.58,174,-39,906.504670998193,-5.51336054793495
1.58,174,-36,916.149199636345,-5.52436094075929
1.58,174,-33,922.1530195745,-5.53504258852224
1.58,174,-30,924.388685675871,-5.5450317473412
1.58,174,-27,922.842309136681,-5.55388313021804
1.58,174,-24,917.635560370763,-5.56109990080236
1.58,174,-21,909.036984629797,-5.56616494336585
1.58,174,-18,897.460299950728,-5.56858145270196
1.58,174,-15,883.449124858368,-5.56791989187885
1.58,174,-12,867.649171809366,-5.563867605789
1.58,174,-9,850.770110045958,-5.55627668129878
1.58,174,-6,833.540045470229,-5.54520484125459
1.58,174,-3,816.656073720795,-5.53094326608242
1.58,174,0,800.73488581428,-5.51402466830987
1.58,174,3,786.268052618226,-5.49520559108082
1.58,174,6,773.587164326776,-5.47541980513106
1.58,174,9,762.843890969757,-5.45570523018575
1.58,174,12,754.008646827684,-5.43711386618413
1.58,174,15,746.888721679797,-5.42062005712849
1.58,174,18,741.163105093113,-5.40704402416289
1.58,174,21,736.427990568545,-5.3970037212065
1.58,174,24,732.245254299878,-5.39090016908241
1.58,174,27,728.186513849449,-5.38893284338673
1.58,174,30,723.867309491616,-5.39113556276801
1.58,174,33,718.968670669189,-5.39742108120814
1.58,174,36,713.246004541708,-5.40762384481899
1.58,174,39,706.527337227587,-5.42153375925237
1.58,174,42,698.704218470869,-5.43891786376038
1.58,174,45,689.719033333121,-5.45953043112862
1.58,174,48,679.552135232227,-5.48311456845063
1.58,174,51,668.211303488725,-5.50939961653586
1.58,174,54,655.724799253392,-5.53809857444227
1.58,174,57,642.138051602647,-5.56890870260408
1.58,174,60,627.513026804171,-5.60151685004767
1.58,174,63,611.92879826897,-5.63560941820829
1.58,174,66,595.481792920128,-5.67088562140261
1.58,174,69,578.284568894844,-5.7070720333781
1.58,174,72,560.462618932309,-5.74393630656748
1.58,174,75,542.149393556832,-5.78129825408302
1.58,174,78,523.480309617661,-5.81903698375151
1.58,174,81,504.586817769671,-5.85709329054177
1.58,174,84,485.591590330674,-5.89546694184521
1.58,174,87,466.60558310714,-5.93420879663885
1.58,174,90,447.727210711916,-5.97340791323717
1.58,174,93,429.043283289835,-6.01317399932167
1.58,174,96,410.630826077135,-6.05361586075563
1.58,174,99,392.558578223906,-6.09481704990352
1.58,174,102,374.886955204447,-6.13681080237123
1.58,174,105,357.665621559713,-6.17955755531455
1.58,174,108,340.928535104623,-6.22292959053851
1.58,174,111,324.687249429645,-6.26670807871908
1.58,174,114,308.924134134297,-6.31059728763874
1.58,174,117,293.587661046601,-6.35425843335069
1.58,174,120,278.591744623991,-6.39736178898242
1.58,174,123,263.820276135889,-6.43965142215732
1.58,174,126,249.136723847086,-6.48101421685475
1.58,174,129,234.397479717974,-6.52154535591073
1.58,174,132,219.46699756303,-6.5616067660924
1.58,174,135,204.232906787043,-6.60188239031324
1.58,174,138,188.620070717847,-6.64344321832575
1.58,174,141,172.603645145142,-6.68784511881809
1.58,174,144,156.222281275624,-6.73729457637828
1.58,174,147,139.593693303501,-6.79493361685938
1.58,174,150,122.936266942755,-6.8653151423296
1.58,174,153,106.602905493452,-6.95514305727485
1.58,174,156,91.1368080759964,-7.07422552958599
1.58,174,159,77.3569493335674,-7.23589369592713
1.58,174,162,66.4402868683398,-7.45376970951158
1.58,174,165,59.8061158932399,-7.72843016272452
1.58,174,168,58.4372778292581,-8.02816652659378
1.58,174,171,61.9529675685719,-8.30015404821105
1.58,174,174,68.7620113360616,-8.51319367266707
1.58,174,177,77.1204419224816,-8.66828321899863
1.58,174,180,85.7271732296657,-8.77926736908626
1.58,177,-180,85.7271732296658,-2.44372218434685
1.58,177,-177,92.6517212609591,-2.52043659859487
1.58,177,-174,98.5226678423153,-2.57749650443527
1.58,177,-171,103.007050690781,-2.620832629688
1.58,177,-168,105.874013781022,-2.65463607234358
1.58,177,-165,106.958560723743,-2.68191288638843
1.58,177,-162,106.140215516385,-2.70491744782534
1.58,177,-159,103.331248917126,-2.72550070906309
1.58,177,-156,98.4714101484876,-2.74543971287393
1.58,177,-153,91.5276838871716,-2.7668416114269
1.58,177,-150,82.4991782198449,-2.79280219800896
1.58,177,-147,71.4304963926464,-2.82878402995348
1.58,177,-144,58.4476142726138,-2.88619810466062
1.58,177,-141,43.8776241551369,-2.99405131007622
1.58,177,-138,28.8063786234624,-3.24780585853491
1.58,177,-135,18.5929297722244,-3.97973136216546
1.58,177,-132,26.3941955014184,-4.90498985427718
1.58,177,-129,45.8866188046267,-5.2535578590572
1.58,177,-126,69.1795465568435,-5.38564729660923
1.58,177,-123,94.515682121514,-5.44715605927051
1.58,177,-120,121.327054127233,-5.47887799638631
1.58,177,-117,149.307859653462,-5.49565258185481
1.58,177,-114,178.242953241734,-5.50409002516
1.58,177,-111,207.966694031688,-5.50757950759542
1.58,177,-108,238.351498331849,-5.50804419054891
1.58,177,-105,269.303117248509,-5.50666333847611
1.58,177,-102,300.755922854726,-5.50420804086089
1.58,177,-99,332.666225298567,-5.50121261688118
1.58,177,-96,365.003511580132,-5.49806821664761
1.58,177,-93,397.740373081215,-5.49507587320318
1.58,177,-90,430.842258604409,-5.4924765529194
1.58,177,-87,464.258225060481,-5.49046730582937
1.58,177,-84,497.913665521634,-5.48920881597394
1.58,177,-81,531.705664105393,-5.48882785771545
1.58,177,-78,565.501233500874,-5.48941723804254
1.58,177,-75,599.138288797369,-5.49103522325525
1.58,177,-72,632.428839519439,-5.49370595793706
1.58,177,-69,665.163574153084,-5.49742185956444
1.58,177,-66,697.116808686061,-5.5021483602286
1.58,177,-63,728.050726245812,-5.50783067240577
1.58,177,-60,757.718008125266,-5.51440154411021
1.58,177,-57,785.862390319996,-5.52178836721929
1.58,177,-54,812.217366252151,-5.52991768143711
1.58,177,-51,836.504101057995,-5.53871524143744
1.58,177,-48,858.43042762922,-5.54810047781174
1.58,177,-45,877.693284147621,-5.55797533122077
1.58,177,-42,893.986856211842,-5.56820884835239
1.58,177,-39,907.017857279355,-5.57862024372163
1.58,177,-36,916.527901374117,-5.58896398495983
1.58,177,-33,922.321125501848,-5.59892060729868
1.58,177,-30,924.293596895584,-5.60809637595109
1.58,177,-27,922.460061312589,-5.61603377164677
1.58,177,-24,916.973523424841,-5.62223336828414
1.58,177,-21,908.133982842412,-5.62618628630211
1.58,177,-18,896.384113955726,-5.62741521859032
1.58,177,-15,882.291387716537,-5.62552107096739
1.58,177,-12,866.51773109055,-5.62023144532875
1.58,177,-9,849.779089414614,-5.61144637521581
1.58,177,-6,832.798167121687,-5.59927582532514
1.58,177,-3,816.254288555861,-5.58406265268982
1.58,177,0,800.73488581428,-5.5663845458697
1.58,177,3,786.693587001124,-5.54702978703146
1.58,177,6,774.419984538358,-5.52694529087573
1.58,177,9,764.025444368937,-5.50716116405892
1.58,177,12,755.447408835232,-5.48870245266465
1.58,177,15,748.471676535395,-5.4725031548957
1.58,177,18,742.768877190598,-5.45933765184789
1.58,177,21,737.938888484286,-5.44978004785122
1.58,177,24,733.556082961035,-5.44419441744719
1.58,177,27,729.209164430675,-5.44275165228793
1.58,177,30,724.531411509695,-5.44546388659807
1.58,177,33,719.219581337385,-5.45222614812816
1.58,177,36,713.041871659142,-5.46285630882005
1.58,177,39,705.836850332112,-5.47712735341187
1.58,177,42,697.506072569162,-5.49478928408576
1.58,177,45,688.003299383809,-5.51558085609632
1.58,177,48,677.322934776079,-5.53923338889528
1.58,177,51,665.489657254857,-5.56546997947336
1.58,177,54,652.550392080836,-5.59400359655364
1.58,177,57,638.568925445215,-5.62453692721304
1.58,177,60,623.62276106338,-5.65676575409625
1.58,177,63,607.801379670847,-5.69038638215311
1.58,177,66,591.204930847446,-5.72510650394404
1.58,177,69,573.942540145414,-5.76065809469861
1.58,177,72,556.129769635616,-5.79681053970015
1.58,177,75,537.885209363254,-5.83338217992024
1.58,177,78,519.326576759508,-5.87024870800361
1.58,177,81,500.566955842056,-5.90734722623925
1.58,177,84,481.711852594521,-5.94467518306898
1.58,177,87,462.857563387578,-5.98228377396077
1.58,177,90,444.090990101612,-6.02026572399191
1.58,177,93,425.490577370074,-6.05873772218136
1.58,177,96,407.127617779346,-6.09781826095511
1.58,177,99,389.066908605708,-6.1376023737344
1.58,177,102,371.365773345696,-6.1781358302809
1.58,177,105,354.070853443546,-6.21939265322381
1.58,177,108,337.212799999823,-6.2612610069693
1.58,177,111,320.799885217609,-6.30354295419154
1.58,177,114,304.81231390636,-6.34597256312758
1.58,177,117,289.199306815676,-6.3882540092191
1.58,177,120,273.880621893615,-6.43011710170085
1.58,177,123,258.753121318075,-6.47138352240945
1.58,177,126,243.701648302002,-6.51203493993701
1.58,177,129,228.612399100032,-6.55227553345016
1.58,177,132,213.386622878237,-6.59258652043946
1.58,177,135,197.952987663665,-6.63377796039065
1.58,177,138,182.278078357651,-6.67705191965864
1.58,177,141,166.375813198575,-6.72410015230867
1.58,177,144,150.317723822134,-6.77726879987617
1.58,177,147,134.246970029017,-6.83983163497938
1.58,177,150,118.399892384312,-6.91641419054576
1.58,177,153,103.140015343302,-7.01356523011053
1.58,177,156,89.0090953726507,-7.14023871792177
1.58,177,159,76.7886634079941,-7.30714398900489
1.58,177,162,67.5139266680405,-7.52214903966734
1.58,177,165,62.2647912494653,-7.77885593467846
1.58,177,168,61.5785073583808,-8.04716688395036
1.58,177,171,64.9180333976592,-8.28776581287427
1.58,177,174,70.9438339624848,-8.47926715900497
1.58,177,177,78.2432650779322,-8.62229457950107
1.58,177,180,85.7271732296658,-8.72690749152643
