"Freq [GHz]","Phi [deg]","Theta [deg]","mag(rERHCP) [mV]","cang_rad(rERHCP) [rad]"
1.23,0,-180,51.7915692843146,1.6564151387682
1.23,0,-177,61.7262575405315,1.68851508267486
1.23,0,-174,71.138090699869,1.7120979894647
1.23,0,-171,79.8955128516831,1.73106286711472
1.23,0,-168,87.8887124252165,1.74776521572572
1.23,0,-165,95.0292633000422,1.76380256991554
1.23,0,-162,101.250951557014,1.78037267288358
1.23,0,-159,106.510649027283,1.79845514551342
1.23,0,-156,110.788933413584,1.81891248377
1.23,0,-153,114.090488474358,1.84255075070966
1.23,0,-150,116.444449512688,1.87015796122164
1.23,0,-147,117.904879560259,1.90252798217189
1.23,0,-144,118.551505652082,1.94047234794713
1.23,0,-141,118.490731580053,1.9848187782785
1.23,0,-138,117.856781494931,2.0363921791928
1.23,0,-135,116.812612184953,2.09597126884906
1.23,0,-132,115.54994649283,2.16421244476324
1.23,0,-129,114.287429431889,2.24153420330844
1.23,0,-126,113.26557253079,2.32796389392495
1.23,0,-123,112.737067596156,2.42296731967001
1.23,0,-120,112.9516285125,2.5253092710046
1.23,0,-117,114.136130417802,2.63301618553449
1.23,0,-114,116.473265923094,2.7435051539552
1.23,0,-111,120.084009295823,2.85388759459913
1.23,0,-108,125.019111471479,2.9613704145512
1.23,0,-105,131.261968049844,3.0636217078707
1.23,0,-102,138.741049246246,3.15898865392358
1.23,0,-99,147.347252649115,3.24653456563329
1.23,0,-96,156.951352128866,3.32593816469896
1.23,0,-93,167.418429238889,3.39732862361579
1.23,0,-90,178.618228581075,3.46111804484499
1.23,0,-87,190.431767300321,3.51786490613735
1.23,0,-84,202.755090176972,3.56817792814348
1.23,0,-81,215.501078089922,3.61265633875067
1.23,0,-78,228.600009837894,3.65185771656396
1.23,0,-75,241.999344492343,3.68628457320818
1.23,0,-72,255.66301410401,3.71638262049579
1.23,0,-69,269.570405988141,3.74254571035253
1.23,0,-66,283.715152465055,3.76512413933412
1.23,0,-63,298.10380969924,3.78443425721478
1.23,0,-60,312.754475361278,3.80076816607847
1.23,0,-57,327.695353993477,3.81440283204735
1.23,0,-54,342.963225373951,3.825608233128
1.23,0,-51,358.601710774006,3.83465429476065
1.23,0,-48,374.659178903546,3.84181637555747
1.23,0,-45,391.186105995227,3.84737901957164
1.23,0,-42,408.231719916009,3.85163765308554
1.23,0,-39,425.839825666011,3.8548979334134
1.23,0,-36,444.0438258006,3.8574725938722
1.23,0,-33,462.861097104734,3.85967587592195
1.23,0,-30,482.287036913275,3.86181595671711
1.23,0,-27,502.289218626185,3.86418609362887
1.23,0,-24,522.802171910594,3.86705543091615
1.23,0,-21,543.723316887138,3.87066048060693
1.23,0,-18,564.910535295266,3.87519817637217
1.23,0,-15,586.181767452822,3.88082113439931
1.23,0,-12,607.316897311848,3.8876354083336
1.23,0,-9,628.062041502463,3.8957006808204
1.23,0,-6,648.136198419336,3.90503256410863
1.23,0,-3,667.240042345433,3.91560652703386
1.23,0,0,685.066468211755,3.92736292913474
1.23,0,3,701.312313865909,3.94021269864881
1.23,0,6,715.69052691778,3.95404329792958
1.23,0,9,727.941928896682,3.96872473453935
1.23,0,12,737.845690207742,3.9841154658833
1.23,0,15,745.227689670205,4.00006809239366
1.23,0,18,749.966102700409,4.01643473806919
1.23,0,21,751.993832257522,4.03307199041836
1.23,0,24,751.297733697534,4.04984523591179
1.23,0,27,747.91493741722,4.06663220567153
1.23,0,30,741.926881777554,4.08332555910238
1.23,0,33,733.451878349582,4.09983439083874
1.23,0,36,722.637105558498,4.11608464612233
1.23,0,39,709.650856952734,4.13201855563522
1.23,0,42,694.67567894517,4.14759332715795
1.23,0,45,677.902767420353,4.16277942942108
1.23,0,48,659.527713218318,4.17755884955549
1.23,0,51,639.747450468666,4.19192368811033
1.23,0,54,618.7581095455,4.20587537844562
1.23,0,57,596.753423584356,4.21942469774315
1.23,0,60,573.923374229897,4.23259260017952
1.23,0,63,550.452859971947,4.24541177491345
1.23,0,66,526.520292289514,4.25792873281211
1.23,0,69,502.29613666103,4.2702061675247
1.23,0,72,477.941493519326,4.28232532030038
1.23,0,75,453.60684831456,4.29438809782395
1.23,0,78,429.431112487236,4.30651873732167
1.23,0,81,405.541039454226,4.31886486981476
1.23,0,84,382.051046359193,4.33159788631696
1.23,0,87,359.063417118101,4.34491254842668
1.23,0,90,336.668815120713,4.35902578971435
1.23,0,93,314.946999718314,4.37417461409724
1.23,0,96,293.967619583105,4.39061290202713
1.23,0,99,273.790945264965,4.40860678335034
1.23,0,102,254.46839888706,4.42842804272176
1.23,0,105,236.042738412062,4.45034483374208
1.23,0,108,218.547758543726,4.47460887727366
1.23,0,111,202.007386976257,4.50143844288009
1.23,0,114,186.434096324831,4.53099693620332
1.23,0,117,171.826635536987,4.56336801321447
1.23,0,120,158.167224288714,4.59852988992507
1.23,0,123,145.418550315517,4.63633374348211
1.23,0,126,133.521135162697,4.67649325701182
1.23,0,129,122.391823180013,4.71859353724073
1.23,0,132,111.924207127134,4.76212693137107
1.23,0,135,101.991644202264,4.80656056656647
1.23,0,138,92.4531169189587,4.85143729109669
1.23,0,141,83.1616449495779,4.89651194011648
1.23,0,144,73.9744557887988,4.94193505502235
1.23,0,147,64.7639223844151,4.98852846748351
1.23,0,150,55.4286406815037,5.03828258865606
1.23,0,153,45.9054466815457,5.09544825938858
1.23,0,156,36.1876388428551,5.16941489935458
1.23,0,159,26.3727564447312,5.2839973428271
1.23,0,162,16.8697666638892,5.51627649632921
1.23,0,165,9.76558072322775,6.17202108073358
1.23,0,168,11.9274211691484,7.22316750129739
1.23,0,171,20.7947121657661,7.64957401208233
1.23,0,174,31.0381956822492,7.81089016645755
1.23,0,177,41.492541538199,7.89157742914197
1.23,0,180,51.7915692843146,7.93960044594779
1.23,3,-180,51.7915692843146,1.70877501632803
1.23,3,-177,62.5920534815252,1.7320431422777
1.23,3,-174,72.8938897972409,1.74759132267533
1.23,3,-171,82.5468942493823,1.75903786565185
1.23,3,-168,91.4203839719914,1.76853489152889
1.23,3,-165,99.4041508074054,1.77753874851244
1.23,3,-162,106.410243093642,1.78714942602004
1.23,3,-159,112.374603828096,1.79827881903301
1.23,3,-156,117.258331626164,1.81174313553503
1.23,3,-153,121.048617368393,1.82831856275855
1.23,3,-150,123.759526175355,1.84877750004515
1.23,3,-147,125.432817249131,1.87391308215964
1.23,3,-144,126.138955050988,1.90455473662387
1.23,3,-141,125.978383096178,1.94157414256952
1.23,3,-138,125.083012487127,1.98587784205958
1.23,3,-135,123.617706898188,2.03837933604654
1.23,3,-132,121.781285957282,2.09993998646299
1.23,3,-129,119.806173474261,2.1712659854687
1.23,3,-126,117.955286892986,2.25275179638877
1.23,3,-123,116.514261798654,2.34427494017067
1.23,3,-120,115.777088225806,2.44497805274766
1.23,3,-117,116.024429111217,2.55311656175638
1.23,3,-114,117.496767877144,2.66607664089687
1.23,3,-111,120.368285524463,2.78063499617364
1.23,3,-108,124.729466716468,2.89342488039809
1.23,3,-105,130.584351377307,3.00145249013903
1.23,3,-102,137.862583508163,3.10247533269723
1.23,3,-99,146.44081535988,3.19513972608103
1.23,3,-96,156.166128364869,3.27890104828894
1.23,3,-93,166.876000878087,3.35382443060367
1.23,3,-90,178.412575735051,3.42036305652653
1.23,3,-87,190.631443923774,3.47917204087765
1.23,3,-84,203.406256812347,3.53097685337834
1.23,3,-81,216.630590389457,3.57649223626281
1.23,3,-78,230.218170597847,3.616379143426
1.23,3,-75,244.102191793258,3.65122696252852
1.23,3,-72,258.234167326467,3.68155104558151
1.23,3,-69,272.582563818568,3.70779870131765
1.23,3,-66,287.13136202657,3.73035932166046
1.23,3,-63,301.87862212571,3.74957606857837
1.23,3,-60,316.835081998763,3.76575766600239
1.23,3,-57,332.022767620251,3.77918950216402
1.23,3,-54,347.473540334068,3.79014359959061
1.23,3,-51,363.227451899889,3.79888716350214
1.23,3,-48,379.330736307097,3.80568945757945
1.23,3,-45,395.833251547042,3.81082674635548
1.23,3,-42,412.78520648285,3.81458504240156
1.23,3,-39,430.233072837545,3.81726044773807
1.23,3,-36,448.214686268486,3.81915700677652
1.23,3,-33,466.753670547777,3.82058219102504
1.23,3,-30,485.853455523858,3.82184038461166
1.23,3,-27,505.491281160269,3.82322498382194
1.23,3,-24,525.612667559581,3.82500990529288
1.23,3,-21,546.126871783979,3.82744136884805
1.23,3,-18,566.903841380028,3.83073076113761
1.23,3,-15,587.773113247744,3.83504920774717
1.23,3,-12,608.525000322245,3.84052422604577
1.23,3,-9,628.914264407805,3.84723855601227
1.23,3,-6,648.666298641902,3.85523102666893
1.23,3,-3,667.485645611819,3.86449914956626
1.23,3,0,685.066468211755,3.87500305157491
1.23,3,3,701.104386251424,3.88667035728918
1.23,3,6,715.308915126132,3.89940168104459
1.23,3,9,727.415620709396,3.91307645866909
1.23,3,12,737.197064454149,3.92755891214919
1.23,3,15,744.471675497436,3.94270397902904
1.23,3,18,749.109859716184,3.95836304785435
1.23,3,21,751.036927363029,3.97438932833436
1.23,3,24,750.232758563765,3.9906426653888
1.23,3,27,746.728480048728,4.00699359839224
1.23,3,30,740.600739488822,4.02332648700178
1.23,3,33,731.96438254529,4.03954158200852
1.23,3,36,720.964425992304,4.05555601218944
1.23,3,39,707.768167921323,4.07130377344075
1.23,3,42,692.558101945506,4.08673492323918
1.23,3,45,675.526049677272,4.1018142773194
1.23,3,48,656.868651037276,4.11651995582172
1.23,3,51,636.784110731777,4.13084212233871
1.23,3,54,615.46993297118,4.1447822033231
1.23,3,57,593.121304224464,4.15835278086623
1.23,3,60,569.929800636363,4.17157823954513
1.23,3,63,546.0821789256,4.1844961393016
1.23,3,66,521.759123648619,4.19715919798418
1.23,3,69,497.133936383384,4.20963770840065
1.23,3,72,472.371238414392,4.2220221866234
1.23,3,75,447.625804652518,4.23442604563106
1.23,3,78,423.041651602154,4.24698810194761
1.23,3,81,398.751474074192,4.25987474150358
1.23,3,84,374.876476643729,4.27328158204
1.23,3,87,351.52658963013,4.28743445915949
1.23,3,90,328.801005992308,4.30258951583094
1.23,3,93,306.788931016158,4.31903207345011
1.23,3,96,285.570402620201,4.33707379051312
1.23,3,99,265.21701480152,4.35704736562627
1.23,3,102,245.79235721168,4.37929773150605
1.23,3,105,227.351968650277,4.40416837891258
1.23,3,108,209.942594832783,4.43198128385477
1.23,3,111,193.600552890371,4.46300913152399
1.23,3,114,178.349058961067,4.49743948098306
1.23,3,117,164.194501767528,4.53533255769008
1.23,3,120,151.121873101431,4.57657764844672
1.23,3,123,139.089899553467,4.62085716599603
1.23,3,126,128.026805380134,4.66763095141804
1.23,3,129,117.827941151347,4.71615403016374
1.23,3,132,108.356546378649,4.76553677647721
1.23,3,135,99.4485214306928,4.81484738283335
1.23,3,138,90.9212767488057,4.86324649027023
1.23,3,141,82.5857541117304,4.91013965526331
1.23,3,144,74.259971041723,4.9553422151208
1.23,3,147,65.7822585290086,4.99928003729736
1.23,3,150,57.0228710443348,5.04331461250944
1.23,3,153,47.8939031561596,5.09044494456178
1.23,3,156,38.3601870339453,5.14716782098069
1.23,3,159,28.463048274334,5.22949229061534
1.23,3,162,18.4213026676554,5.38885591895116
1.23,3,165,9.41249522436361,5.88028076352641
1.23,3,168,9.11792278765566,7.1976079981874
1.23,3,171,18.4445986345666,7.72597040072854
1.23,3,174,29.4278515275532,7.88378458175392
1.23,3,177,40.6651607760053,7.95386023430455
1.23,3,180,51.7915692843146,7.99196032350762
1.23,6,-180,51.7915692843146,1.76113489388786
1.23,6,-177,63.4310987774055,1.77568494821409
1.23,6,-174,74.6030672789488,1.78356336794311
1.23,6,-171,85.1389582798224,1.78800324629249
1.23,6,-168,94.887744028303,1.79091112813959
1.23,6,-165,103.718169485983,1.79358392980478
1.23,6,-162,111.52144861562,1.79701485658613
1.23,6,-159,118.213631021004,1.80204181294143
1.23,6,-156,123.737469438294,1.80942785262273
1.23,6,-153,128.063852551595,1.81990956685802
1.23,6,-150,131.19296667579,1.83422917420263
1.23,6,-147,133.155372016418,1.85315749515753
1.23,6,-144,134.013152528262,1.87751064990366
1.23,6,-141,133.861242466752,1.90816037193994
1.23,6,-138,132.828954661686,1.9460349636924
1.23,6,-135,131.081618828475,1.99210442392308
1.23,6,-132,128.822034071845,2.04733895546588
1.23,6,-129,126.291072213972,2.11262572643774
1.23,6,-126,123.766174755185,2.18862734693823
1.23,6,-123,121.555724276262,2.27557340749984
1.23,6,-120,119.986710332715,2.37300267112842
1.23,6,-117,119.383586641287,2.47952223280102
1.23,6,-114,120.038757858796,2.59270314965554
1.23,6,-111,122.179794552974,2.70923820843828
1.23,6,-108,125.942885264985,2.82539451515291
1.23,6,-105,131.362102224117,2.93762880022079
1.23,6,-102,138.378066654093,3.0431253157736
1.23,6,-99,146.861306540013,3.14006830783406
1.23,6,-96,156.640951611024,3.22762219892911
1.23,6,-93,167.53050671305,3.30572291225631
1.23,6,-90,179.34662877473,3.37481178638277
1.23,6,-87,191.920614825552,3.43560071904936
1.23,6,-84,205.104216317749,3.4889026704052
1.23,6,-81,218.771746660308,3.53552639360056
1.23,6,-78,232.820065477261,3.57622024131195
1.23,6,-75,247.167490721967,3.61164849671403
1.23,6,-72,261.752258482692,3.6423871562982
1.23,6,-69,276.530866367215,3.66893028971928
1.23,6,-66,291.476467030363,3.69170148376235
1.23,6,-63,306.57737764445,3.71106718765855
1.23,6,-60,321.835703523142,3.72735020654368
1.23,6,-57,337.266019640317,3.74084240692004
1.23,6,-54,352.894005459222,3.75181612609083
1.23,6,-51,368.754888277159,3.76053397670117
1.23,6,-48,384.891524816987,3.76725681626791
1.23,6,-45,401.351947512741,3.77224968231822
1.23,6,-42,418.186226280329,3.7757855236226
1.23,6,-39,435.442550373342,3.77814661501361
1.23,6,-36,453.162516074879,3.77962363962041
1.23,6,-33,471.375708802263,3.78051255664385
1.23,6,-30,490.093784080533,3.78110953231338
1.23,6,-27,509.30436956186,3.78170437494203
1.23,6,-24,528.965216293232,3.78257305528003
1.23,6,-21,548.999106588654,3.7839699833449
1.23,6,-18,569.290062964436,3.78612073079367
1.23,6,-15,589.681385025675,3.78921582396836
1.23,6,-12,609.97596170194,3.79340609394287
1.23,6,-9,629.939165030849,3.79879988004508
1.23,6,-6,649.304437122584,3.80546217758423
1.23,6,-3,667.781449780198,3.81341563558324
1.23,6,0,685.066468211755,3.82264317401508
1.23,6,3,700.854312315574,3.83309191435369
1.23,6,6,714.851109579359,3.84467809724032
1.23,6,9,726.786901239036,3.85729267941191
1.23,6,12,736.427123065149,3.87080733669055
1.23,6,15,743.582050732627,3.88508063172639
1.23,6,18,748.113480276353,3.89996412354468
1.23,6,21,749.938191964403,3.91530820015606
1.23,6,24,749.028087654081,3.9309674136913
1.23,6,27,745.407248856993,3.94680510288343
1.23,6,30,739.146479948568,3.96269711356189
1.23,6,33,730.356127169166,3.97853448283339
1.23,6,36,719.178064042493,3.99422503734722
1.23,6,39,705.777696623939,4.00969396162023
1.23,6,42,690.336683725655,4.02488350214914
1.23,6,45,673.046827265876,4.03975206666771
1.23,6,48,654.105318916927,4.05427303715739
1.23,6,51,633.711284652817,4.06843362914055
1.23,6,54,612.06339037883,4.0822340976959
1.23,6,57,589.358181457611,4.09568752180257
1.23,6,60,565.788826366293,4.10882030887642
1.23,6,63,541.544001099867,4.1216734681746
1.23,6,66,516.806756525648,4.1343046195674
1.23,6,69,491.753323932973,4.14679064157349
1.23,6,72,466.551908296062,4.15923082152886
1.23,6,75,441.361578105983,4.17175034778214
1.23,6,78,416.331379918528,4.18450397144708
1.23,6,81,391.59978911478,4.19767965331187
1.23,6,84,367.294565621428,4.21150198705958
1.23,6,87,343.533026226387,4.22623513612455
1.23,6,90,320.422684074642,4.24218491585684
1.23,6,93,298.062147996135,4.25969946653447
1.23,6,96,276.542122445446,4.27916766408494
1.23,6,99,255.946302350489,4.30101397889378
1.23,6,102,236.351913521271,4.32568792388792
1.23,6,105,217.829607200192,4.35364561104054
1.23,6,108,200.442381885958,4.3853204852426
1.23,6,111,184.243194976796,4.42108048033076
1.23,6,114,169.270979610352,4.46117037146452
1.23,6,117,155.544958752737,4.50564184789332
1.23,6,120,143.057515523691,4.55428028310372
1.23,6,123,131.766460615081,4.60654540957445
1.23,6,126,121.588238647444,4.66154969528614
1.23,6,129,112.394156637144,4.71809752556022
1.23,6,132,104.011692957397,4.77479571062436
1.23,6,135,96.2320648143425,4.83022328623023
1.23,6,138,88.8236407995174,4.88312707398924
1.23,6,141,81.5491319535282,4.93260352303593
1.23,6,144,74.1835660157697,4.97824442277539
1.23,6,147,66.5302300944164,5.02026115042746
1.23,6,150,58.4328485658501,5.05965806967722
1.23,6,153,49.7837821047093,5.09863317659616
1.23,6,156,40.5299657182266,5.14170534093199
1.23,6,159,30.6827601000846,5.19939224439102
1.23,6,162,20.3608292550519,5.30386243041046
1.23,6,165,10.1369293955593,5.62038330561726
1.23,6,168,6.5317032882738,7.11313345838817
1.23,6,171,16.1989832672537,7.80866010646886
1.23,6,174,27.8894747741015,7.95881999022265
1.23,6,177,39.8711860492573,8.01655860069114
1.23,6,180,51.7915692843146,8.04432020106745
1.23,9,-180,51.7915692843146,1.81349477144769
1.23,9,-177,64.2408534775707,1.8194536235819
1.23,9,-174,76.2598626589804,1.8200108260697
1.23,9,-171,87.6620140219215,1.81791185808539
1.23,9,-168,98.2764533363168,1.81477893995545
1.23,9,-165,107.951568241343,1.81173385908415
1.23,9,-162,116.558544708989,1.80965612236938
1.23,9,-159,123.994432974113,1.80930577586705
1.23,9,-156,130.184606853366,1.81138919642038
1.23,9,-153,135.084681949215,1.8165985927428
1.23,9,-150,138.682039371902,1.8256386293383
1.23,9,-147,140.997121449355,1.83924639025642
1.23,9,-144,142.084648763562,1.85820731860943
1.23,9,-141,142.034874198606,1.88336732039501
1.23,9,-138,140.97494784873,1.91563873553772
1.23,9,-135,139.070399869936,1.95599464884116
1.23,9,-132,136.526604187758,2.00544164438109
1.23,9,-129,133.589775581979,2.06495587550443
1.23,9,-126,130.546476790486,2.13536320720315
1.23,9,-123,127.719747942697,2.21714656269073
1.23,9,-120,125.459060800957,2.31018224141253
1.23,9,-117,124.121107699343,2.41345175943872
1.23,9,-114,124.040234265241,2.52484068083309
1.23,9,-111,125.491966366253,2.64117683153664
1.23,9,-108,128.659045428827,2.75860494375528
1.23,9,-105,133.612066774874,2.87322417513072
1.23,9,-102,140.312195335476,2.98174276306682
1.23,9,-99,148.633608528362,3.08189158412721
1.23,9,-96,158.395611437409,3.1724983712137
1.23,9,-93,169.393619044877,3.25330410662638
1.23,9,-90,181.422642564508,3.32467411179197
1.23,9,-87,194.291955379051,3.38732349279171
1.23,9,-84,207.832558985112,3.44211131587004
1.23,9,-81,221.89986694048,3.48990962164452
1.23,9,-78,236.3736741066,3.53153181427768
1.23,9,-75,251.156818171438,3.56770101906684
1.23,9,-72,266.173365470455,3.59904248621221
1.23,9,-69,281.366758802766,3.62608910692616
1.23,9,-66,296.69812286593,3.649293274687
1.23,9,-63,312.144779360455,3.66904119155468
1.23,9,-60,327.698936114317,3.68566748699429
1.23,9,-57,343.366457796073,3.69946902234819
1.23,9,-54,359.165588711658,3.71071728817624
1.23,9,-51,375.125477329072,3.71966907003522
1.23,9,-48,391.284346802282,3.72657519272475
1.23,9,-45,407.687165023238,3.73168723007308
1.23,9,-42,424.382690171564,3.73526212494127
1.23,9,-39,441.419802568158,3.73756471614361
1.23,9,-36,458.843082402559,3.73886821801458
1.23,9,-33,476.687659801246,3.73945274626586
1.23,9,-30,494.973453498364,3.73960203748764
1.23,9,-27,513.699027997809,3.73959858005391
1.23,9,-24,532.835428902866,3.73971746884778
1.23,9,-21,552.320483346375,3.74021941015695
1.23,9,-18,572.054149600274,3.74134341420178
1.23,9,-15,591.895537257972,3.74329978658663
1.23,9,-12,611.662174027774,3.74626403315744
1.23,9,-9,631.131958800608,3.75037220881376
1.23,9,-6,650.048022563416,3.7557180794886
1.23,9,-3,668.126443814656,3.76235226131816
1.23,9,0,685.066468211755,3.77028329645525
1.23,9,3,700.562601414299,3.77948045995631
1.23,9,6,714.317715688163,3.78987798790653
1.23,9,9,726.056165476255,3.80138037367148
1.23,9,12,735.535867332228,3.81386838126379
1.23,9,15,742.558376982355,3.82720545034652
1.23,9,18,746.976188526777,3.84124419731269
1.23,9,21,748.696769270958,3.85583274080008
1.23,9,24,747.683193269273,3.87082059758571
1.23,9,27,743.951599297795,3.88606391350147
1.23,9,30,737.56602110086,3.90142982464193
1.23,9,33,728.631370485166,3.91679979595252
1.23,9,36,717.285463300528,3.93207186087345
1.23,9,39,703.690953390379,3.94716178277022
1.23,9,42,688.027894414007,3.96200326453299
1.23,9,45,670.487420209224,3.97654743034108
1.23,9,48,651.266770595465,3.99076187629425
1.23,9,51,630.565642516277,4.00462962206056
1.23,9,54,608.583657971164,4.01814828942225
1.23,9,57,585.518634497691,4.03132978987421
1.23,9,60,561.565324718524,4.0442007333638
1.23,9,63,536.914344181366,4.05680368820034
1.23,9,66,511.751105041678,4.06919934169214
1.23,9,69,486.254686800144,4.08146954200759
1.23,9,72,460.596677373586,4.09372114872847
1.23,9,75,434.940089530552,4.10609058195447
1.23,9,78,409.438490521587,4.11874893229424
1.23,9,81,384.235477167797,4.13190746670619
1.23,9,84,359.464591891417,4.14582332233532
1.23,9,87,335.249717495763,4.16080509843318
1.23,9,90,311.705920181977,4.17721789944486
1.23,9,93,288.940639017834,4.19548709921594
1.23,9,96,267.055049454848,4.21609961991152
1.23,9,99,246.145357605979,4.23960077589968
1.23,9,102,226.303706375349,4.26658367409862
1.23,9,105,207.618289432559,4.29766684224914
1.23,9,108,190.1721768023,4.3334544842174
1.23,9,111,174.040279535552,4.37447334036306
1.23,9,114,159.283884000223,4.42108210379224
1.23,9,117,145.942389359908,4.47335590867735
1.23,9,120,134.022447312072,4.53096131358321
1.23,9,123,123.485738959844,4.59305495210101
1.23,9,126,114.237979667698,4.65825333419358
1.23,9,129,106.122813726423,4.72471742845953
1.23,9,132,98.9241106769627,4.79036263471461
1.23,9,135,92.3782204978898,4.85315178913713
1.23,9,138,86.1945692694857,4.9113885105146
1.23,9,141,80.0802536817243,4.96393176398619
1.23,9,144,73.7635184461757,5.01029960443516
1.23,9,147,67.0122932283574,5.05069117013258
1.23,9,150,59.6462208613461,5.08600758170721
1.23,9,153,51.5426406441027,5.11801192640593
1.23,9,156,42.6384328069607,5.14994099445256
1.23,9,159,32.9314962679068,5.18861759065764
1.23,9,162,22.4943353229405,5.25324877707126
1.23,9,165,11.600251224873,5.43611659707611
1.23,9,168,4.31680390443511,6.88642782070183
1.23,9,171,14.0652706531345,7.9000087493321
1.23,9,174,26.4276628200563,8.03616798031103
1.23,9,177,39.1127059567138,8.07965121757625
1.23,9,180,51.7915692843146,8.09668007862728
1.23,12,-180,51.7915692843147,1.86585464900752
1.23,12,-177,65.0188388731207,1.86336136395792
1.23,12,-174,77.8586222043103,1.85693007147501
1.23,12,-171,90.1065763011944,1.848720697279
1.23,12,-168,101.572607756094,1.84003633325978
1.23,12,-165,112.085477030327,1.83181032954798
1.23,12,-162,121.49714621316,1.82480312767502
1.23,12,-159,129.686516169062,1.81969442191046
1.23,12,-156,136.562471495328,1.81713211510377
1.23,12,-153,142.066286474505,1.81776178649136
1.23,12,-150,146.173510582725,1.82224700504805
1.23,12,-147,148.895470102369,1.83128536913259
1.23,12,-144,150.28051426675,1.84562243886703
1.23,12,-141,150.415121121784,1.86606379675637
1.23,12,-138,149.424968603055,1.89348338761481
1.23,12,-135,147.47605273812,1.92882344168394
1.23,12,-132,144.775843561932,1.973077241646
1.23,12,-129,141.57421816807,2.02724074741959
1.23,12,-126,138.163386410599,2.09221389722283
1.23,12,-123,134.875160141773,2.16863139541265
1.23,12,-120,132.072851353473,2.25661471429127
1.23,12,-117,130.134437569695,2.35547357005026
1.23,12,-114,129.424665779642,2.46344884447134
1.23,12,-111,130.257785155612,2.5776491214041
1.23,12,-108,132.859055956487,2.69431743292768
1.23,12,-105,137.337954996506,2.80942049346831
1.23,12,-102,143.683685618815,2.91935149775066
1.23,12,-99,151.783924630389,3.02145697185261
1.23,12,-96,161.457703461654,3.11422022488858
1.23,12,-93,172.490067610221,3.19713649838152
1.23,12,-90,184.659864174731,3.27043082897562
1.23,12,-87,197.757827671771,3.33476114011122
1.23,12,-84,211.596153196891,3.39098299987386
1.23,12,-81,226.012192665728,3.43999385765562
1.23,12,-78,240.868750589519,3.48264445549559
1.23,12,-75,256.052743481374,3.51969704241284
1.23,12,-72,271.47328985223,3.5518124083807
1.23,12,-69,287.059790977065,3.57955296322675
1.23,12,-66,302.760239819914,3.60339379986602
1.23,12,-63,318.53980279027,3.62373703461093
1.23,12,-60,334.379608622679,3.64092682313054
1.23,12,-57,350.275620426327,3.65526366989173
1.23,12,-54,366.237443966414,3.6670173175955
1.23,12,-51,382.286926779258,3.67643786410364
1.23,12,-48,398.456419029402,3.68376495960328
1.23,12,-45,414.786587826376,3.68923506673534
1.23,12,-42,431.323693374344,3.69308685152631
1.23,12,-39,448.116244936174,3.69556481520006
1.23,12,-36,465.210963550111,3.69692127131395
1.23,12,-33,482.648002433204,3.69741672536879
1.23,12,-30,500.45543487187,3.69731865197666
1.23,12,-27,518.643127651671,3.69689863158065
1.23,12,-24,537.196274757828,3.69642784833725
1.23,12,-21,556.069048887684,3.69617108406506
1.23,12,-18,575.178995960835,3.69637955174739
1.23,12,-15,594.402900999524,3.6972831386114
1.23,12,-12,613.574851038802,3.69908279714134
1.23,12,-9,632.487092723745,3.70194386903261
1.23,12,-6,650.894038300962,3.70599102835082
1.23,12,-3,668.519448850402,3.71130531100991
1.23,12,0,685.066468211755,3.71792341889542
1.23,12,3,700.229848349812,3.72583921863686
1.23,12,6,713.709442998362,3.73500715072217
1.23,12,9,725.223885047753,3.74534714728446
1.23,12,12,734.52332402555,3.75675061966913
1.23,12,15,741.400188774723,3.76908709458728
1.23,12,18,745.697148291415,3.78221112090515
1.23,12,21,747.311747082256,3.79596911542563
1.23,12,24,746.197552728671,3.81020585492011
1.23,12,27,742.362024367644,3.82477035429209
1.23,12,30,735.861639352617,3.83952090575158
1.23,12,33,726.795054443901,3.85432910194292
1.23,12,36,715.295195005124,3.86908273466085
1.23,12,39,701.521149857367,3.88368755098164
1.23,12,42,685.650613643178,3.89806795330223
1.23,12,45,667.873396765222,3.91216683539164
1.23,12,48,648.386262415177,3.92594483662898
1.23,12,51,627.389100791583,3.93937935628062
1.23,12,54,605.082254274641,3.95246368985752
1.23,12,57,581.664690146822,3.96520662925123
1.23,12,60,557.332686112197,3.97763281430372
1.23,12,63,532.278737091539,3.98978404806095
1.23,12,66,506.690485600758,4.00172170553342
1.23,12,69,480.749593111563,4.0135302892425
1.23,12,72,454.630578511758,4.02532212314742
1.23,12,75,428.499731433355,4.03724313340194
1.23,12,78,402.514251559351,4.04947963741403
1.23,12,81,376.821768129221,4.06226604247459
1.23,12,84,351.560362028649,4.07589332306516
1.23,12,87,326.859155455271,4.09071806932364
1.23,12,90,302.83946136952,4.10717172426865
1.23,12,93,279.616404743641,4.1257692688362
1.23,12,96,257.300843327564,4.14711594313286
1.23,12,99,236.001324035412,4.17190943356037
1.23,12,102,215.825701515993,4.2009331092447
1.23,12,105,196.881901875376,4.23503323897189
1.23,12,108,179.277123960575,4.27506990617194
1.23,12,111,163.11454678254,4.32182876236608
1.23,12,114,148.486441753479,4.37588187251791
1.23,12,117,135.462698737247,4.43739620758188
1.23,12,120,124.074557530271,4.50591397324486
1.23,12,123,114.295182745845,4.58016928503608
1.23,12,126,106.021491863619,4.65804102131187
1.23,12,129,99.0640019986939,4.73673125534615
1.23,12,132,93.1510658414092,4.81317307382515
1.23,12,135,87.9494129213715,4.88454654505571
1.23,12,138,83.0963963079815,4.94871459290977
1.23,12,141,78.2351007819154,5.00444368926677
1.23,12,144,73.0440474836224,5.05140005338866
1.23,12,147,67.2571997798288,5.09001229938449
1.23,12,150,60.6741100754821,5.12132332545222
1.23,12,153,53.1624145978681,5.14695419649053
1.23,12,156,44.6555459966018,5.16936197228931
1.23,12,159,35.1486544244489,5.19293733494195
1.23,12,162,24.6979810765326,5.22853526526913
1.23,12,165,13.4547988217788,5.32248317813904
1.23,12,168,2.99183023892764,6.32883104624168
1.23,12,171,12.0535529992831,8.0036017210031
1.23,12,174,25.0469990455635,8.11599404069404
1.23,12,177,38.3916931663515,8.14311184295834
1.23,12,180,51.7915692843147,8.14903995618711
1.23,15,-180,51.7915692843147,1.91821452656736
1.23,15,-177,65.7626471367109,1.90741950370035
1.23,15,-174,79.3938215370613,1.89431723971144
1.23,15,-171,92.4633903111385,1.88039047557543
1.23,15,-168,104.762734415886,1.8665925809236
1.23,15,-165,116.101821487973,1.853657391427
1.23,15,-162,126.314261938038,1.8422221102179
1.23,15,-159,135.261686770762,1.83288439259791
1.23,15,-156,142.837373501689,1.82623272114295
1.23,15,-153,148.96914535154,1.82286503274142
1.23,15,-150,153.621622896699,1.82340220629631
1.23,15,-147,156.797925804452,1.82849964670935
1.23,15,-144,158.540924609665,1.83885844610946
1.23,15,-141,158.934149810679,1.85523619461529
1.23,15,-138,158.102485577313,1.87845581109748
1.23,15,-135,156.212788488322,1.90940831157695
1.23,15,-132,153.474522807545,1.94904185356078
1.23,15,-129,150.140302009573,1.99832458376132
1.23,15,-126,146.505759374383,2.05816359406483
1.23,15,-123,142.907355449594,2.12925976277743
1.23,15,-120,139.715644352178,2.21188558728431
1.23,15,-117,137.320646487429,2.30560129076534
1.23,15,-114,136.106425939389,2.40898009414341
1.23,15,-111,136.41516858689,2.51947793787932
1.23,15,-108,138.507167949989,2.63359558645022
1.23,15,-105,142.528987152713,2.74737607744126
1.23,15,-102,148.502063847054,2.85708667567861
1.23,15,-99,156.335870469462,2.95980748834321
1.23,15,-96,165.858789622919,3.05371418716878
1.23,15,-93,176.854234973035,3.13803371885276
1.23,15,-90,189.091656742237,3.2127990590155
1.23,15,-87,202.347890806842,3.27855287769727
1.23,15,-84,216.419158528998,3.3360951340386
1.23,15,-81,231.126225676194,3.38630685874453
1.23,15,-78,246.315435336951,3.43004466518987
1.23,15,-75,261.857683706022,3.46808722342604
1.23,15,-72,277.646642355133,3.50111498985361
1.23,15,-69,293.596927268547,3.52970911592038
1.23,15,-66,309.642511574545,3.55436031889901
1.23,15,-63,325.735433405422,3.57548217505493
1.23,15,-60,341.844714400581,3.59342569582907
1.23,15,-57,357.955343443624,3.60849348567345
1.23,15,-54,374.067171133629,3.62095260306925
1.23,15,-51,390.193584293119,3.63104571858458
1.23,15,-48,406.359866975193,3.63900045239689
1.23,15,-45,422.601184887023,3.64503696281614
1.23,15,-42,438.960138003792,3.64937397214924
1.23,15,-39,455.483806617543,3.65223344956705
1.23,15,-36,472.220180746469,3.6538441113608
1.23,15,-33,489.213839356676,3.65444375701704
1.23,15,-30,506.500769810239,3.65428027937554
1.23,15,-27,524.102318471023,3.65361104300534
1.23,15,-24,542.018447461183,3.65270029685062
1.23,15,-21,560.220715194038,3.65181442612885
1.23,15,-18,578.64564440684,3.65121514670924
1.23,15,-15,597.189320498259,3.65115112882317
1.23,15,-12,615.704112111257,3.65184888840635
1.23,15,-9,633.998291613395,3.65350398792428
1.23,15,-6,651.839062990658,3.65627357744965
1.23,15,-3,668.959124183169,3.66027108853799
1.23,15,0,685.066468211755,3.66556354133559
1.23,15,3,699.856733792609,3.67217154306292
1.23,15,6,713.027109967583,3.68007173575799
1.23,15,9,724.290618476142,3.68920124506594
1.23,15,12,733.389558941423,3.69946359581664
1.23,15,15,740.107004145128,3.71073556626338
1.23,15,18,744.275459482034,3.72287450980591
1.23,15,21,745.782122840863,3.73572574382956
1.23,15,24,744.57055799232,3.74912966750373
1.23,15,27,740.638977195244,3.76292831798949
1.23,15,30,734.035665870514,3.77697111416787
1.23,15,33,724.852328219292,3.79111958157582
1.23,15,36,713.216256140197,3.80525091405064
1.23,15,39,699.282213993863,3.81926031309099
1.23,15,42,683.224801070451,3.83306215279651
1.23,15,45,665.231834947186,3.84659013530941
1.23,15,48,645.499038511432,3.85979671184565
1.23,15,51,624.226060823101,3.87265212939368
1.23,15,54,601.613659776415,3.88514350875379
1.23,15,57,577.861750254046,3.89727435960808
1.23,15,60,553.167983734322,3.90906489609969
1.23,15,63,527.726564502815,3.92055344359553
1.23,15,66,501.727100708995,3.93179914053186
1.23,15,69,475.353406131232,3.94288605603162
1.23,15,72,448.78228219881,3.95392877911294
1.23,15,75,422.182397584706,3.96507949815078
1.23,15,78,395.713431972626,3.97653658197654
1.23,15,81,369.525658495406,3.98855468977417
1.23,15,84,343.760110654336,4.00145645669719
1.23,15,87,318.549423732305,4.01564578798644
1.23,15,90,294.01936848516,4.0316226769213
1.23,15,93,270.291014694564,4.04999911820184
1.23,15,96,247.483376757427,4.0715149069438
1.23,15,99,225.716296011979,4.09705054846834
1.23,15,102,205.11318390983,4.12763163906927
1.23,15,105,185.803047440974,4.1644142814246
1.23,15,108,167.920889864662,4.20863399611764
1.23,15,111,151.605085991848,4.26149223461464
1.23,15,114,136.989735007616,4.32395006026361
1.23,15,117,124.189649896521,4.39641055709579
1.23,15,120,113.276426347007,4.47832004513668
1.23,15,123,104.247206733898,4.56781285204487
1.23,15,126,96.9936654296947,4.66162132704083
1.23,15,129,91.2844480166355,4.75545212870592
1.23,15,132,86.7734932905823,4.84480099466983
1.23,15,135,83.0360216978979,4.92587287039161
1.23,15,138,79.6201392171056,4.99619253833446
1.23,15,141,76.0963682825023,5.05472415134866
1.23,15,144,72.0929535755449,5.10161808485122
1.23,15,147,67.3143222292991,5.13782486040758
1.23,15,150,61.5463214144512,5.16476294389143
1.23,15,153,54.6533792300849,5.18413524616172
1.23,15,156,46.5716916712239,5.19796252556363
1.23,15,159,37.3011019371033,5.2090446529237
1.23,15,162,26.8978368687661,5.22290969596928
1.23,15,165,15.4750328252431,5.2592941005933
1.23,15,168,3.4112988840375,5.62192186071783
1.23,15,171,10.1789457353615,8.12500430246764
1.23,15,174,23.7520540922115,8.19844656683004
1.23,15,177,37.7099982953343,8.20690896303366
1.23,15,180,51.7915692843147,8.20139983374694
1.23,18,-180,51.7915692843147,1.97057440412719
1.23,18,-177,66.4699508334868,1.95163857952262
1.23,18,-174,80.8600877680714,1.93216829850083
1.23,18,-171,94.7234560405544,1.91288522572168
1.23,18,-168,107.833791062119,1.89436671593937
1.23,18,-165,119.983250773965,1.87713808056302
1.23,18,-162,130.988084032957,1.86171007215418
1.23,18,-159,140.693613638121,1.84859711034998
1.23,18,-156,148.978435304248,1.83832770097601
1.23,18,-153,155.757812443872,1.83145167000687
1.23,18,-150,160.98629551283,1.82854653662075
1.23,18,-147,164.659617354771,1.8302243639709
1.23,18,-144,166.815931633751,1.83713971747032
1.23,18,-141,167.536490867825,1.84999848099863
1.23,18,-138,166.945909126995,1.86956593840737
1.23,18,-135,165.212198932102,1.89667044432466
1.23,18,-132,162.546755213994,1.93219591707553
1.23,18,-129,159.204293742029,1.97705219716043
1.23,18,-126,155.482333689496,2.0321076280441
1.23,18,-123,151.719065502783,2.09806540335388
1.23,18,-120,148.287415816753,2.17526993443783
1.23,18,-117,145.582189856564,2.26345094283847
1.23,18,-114,143.997267163643,2.36145849280921
1.23,18,-111,143.892268271711,2.46710115333995
1.23,18,-108,145.553429616306,2.57722604184575
1.23,18,-105,149.159422123856,2.68811113644337
1.23,18,-102,154.764529472049,2.79607646787422
1.23,18,-99,162.305588250232,2.89807780093562
1.23,18,-96,171.628659696189,2.99205827757937
1.23,18,-93,182.524209551955,3.07698835311855
1.23,18,-90,194.759721108548,3.15267989298379
1.23,18,-87,208.103678239937,3.21951388635446
1.23,18,-84,222.340039302121,3.27818676943451
1.23,18,-81,237.27520932092,3.32952155950925
1.23,18,-78,252.740215792646,3.37434785300755
1.23,18,-75,268.590347850653,3.41343619835577
1.23,18,-72,284.703767665451,3.44746912956021
1.23,18,-69,300.979940255498,3.47703434471006
1.23,18,-66,317.338256053658,3.50262999766135
1.23,18,-63,333.716923753922,3.52467581642983
1.23,18,-60,350.072047492517,3.54352635508569
1.23,18,-57,366.376735920262,3.55948431553847
1.23,18,-54,382.620092392822,3.57281285456546
1.23,18,-51,398.805978346164,3.58374638399896
1.23,18,-48,414.951496854881,3.5924997512309
1.23,18,-45,431.085180870053,3.59927593995098
1.23,18,-42,447.244867798045,3.60427257921975
1.23,18,-39,463.475192099915,3.60768757879956
1.23,18,-36,479.824546737907,3.60972410383058
1.23,18,-33,496.341291487058,3.61059487415791
1.23,18,-30,513.068972409938,3.61052548055718
1.23,18,-27,530.040406410935,3.60975615172985
1.23,18,-24,547.270694119326,3.60854129660844
1.23,18,-21,564.74952756672,3.60714627063123
1.23,18,-18,582.43348844275,3.60584118378375
1.23,18,-15,600.239295920486,3.60489210176288
1.23,18,-12,618.03907329953,3.60455053630063
1.23,18,-9,635.658609087385,3.60504250603947
1.23,18,-6,652.879293795765,3.60655855582689
1.23,18,-3,669.443974049703,3.6092459281418
1.23,18,0,685.066468211755,3.61320366377576
1.23,18,3,699.444024728059,3.61848090696903
1.23,18,6,712.271649209018,3.62507823946971
1.23,18,9,723.257022255276,3.63295155716963
1.23,18,12,732.134691041905,3.64201785605948
1.23,18,15,738.678334680459,3.65216228257054
1.23,18,18,742.710151769769,3.66324587259014
1.23,18,21,744.106762702516,3.67511349991141
1.23,18,24,742.801415111345,3.68760164220412
1.23,18,27,738.78267840085,3.70054563664695
1.23,18,30,732.090161649605,3.71378614278416
1.23,18,33,722.808043344207,3.72717457249549
1.23,18,36,711.057330466009,3.74057730380898
1.23,18,39,696.98775778937,3.75387857880777
1.23,18,42,680.770108230556,3.76698209800518
1.23,18,45,662.589514719181,3.77981145469871
1.23,18,48,642.640040072253,3.79230968430587
1.23,18,51,621.120574243523,3.8044383131938
1.23,18,54,598.231881930478,3.8161763596534
1.23,18,57,574.174506595644,3.82751975574302
1.23,18,60,549.147198798177,3.83848162374805
1.23,18,63,523.345577702792,3.84909376724676
1.23,18,66,496.960830986482,3.85940964440004
1.23,18,69,470.178379622658,3.86950900329356
1.23,18,72,443.176550677213,3.87950429746637
1.23,18,75,416.125390744458,3.88954898044497
1.23,18,78,389.185802503859,3.89984781001638
1.23,18,81,362.509194856761,3.9106693758179
1.23,18,84,336.237809153039,3.9223611851265
1.23,18,87,310.505831034351,3.93536776949386
1.23,18,90,285.441331700747,3.95025234065693
1.23,18,93,261.16901407826,3.96772238762465
1.23,18,96,237.813672263217,3.98865898641264
1.23,18,99,215.504198227731,4.0141479414578
1.23,18,102,194.377857063976,4.04550718055225
1.23,18,105,174.584331294686,4.08429738368799
1.23,18,108,156.288578208949,4.13228932810367
1.23,18,111,139.670667076835,4.19134043929373
1.23,18,114,124.919329503182,4.26310960261173
1.23,18,117,112.214283465859,4.34853809603619
1.23,18,120,101.692130782379,4.44710410405398
1.23,18,123,93.3954235537667,4.55608201539264
1.23,18,126,87.2173919294699,4.67032721641744
1.23,18,129,82.8698963475373,4.78308984439265
1.23,18,132,79.9010031858649,4.88771184385349
1.23,18,135,77.7613988574602,4.97927630076176
1.23,18,138,75.8884996090924,5.05532371544474
1.23,18,141,73.773877364452,5.11556554472458
1.23,18,144,70.9999048807737,5.16112483072561
1.23,18,147,67.2505481376113,5.19380608652668
1.23,18,150,62.3073592716229,5.21560332422934
1.23,18,153,56.0393818936989,5.22844719150104
1.23,18,156,48.3916462333105,5.23413169145932
1.23,18,159,39.3741546786265,5.23439963888303
1.23,18,162,29.0519532553368,5.23135207751441
1.23,18,165,17.5366372697421,5.2295908951371
1.23,18,168,4.98540855331126,5.27184833590125
1.23,18,171,8.46589055636391,8.27297287835319
1.23,18,174,22.547367078984,8.28364205523391
1.23,18,177,37.0693438720589,8.27100552557459
1.23,18,180,51.7915692843147,8.25375971130677
1.23,21,-180,51.7915692843147,2.02293428168702
1.23,21,-177,67.1385122590235,1.99602839126105
1.23,21,-174,82.2522211780828,1.97047910549862
1.23,21,-171,96.8780527315431,1.94617194434243
1.23,21,-168,110.77316877981,1.92328622382853
1.23,21,-165,123.71307777458,1.90213162146207
1.23,21,-162,135.497807471357,1.88309002611977
1.23,21,-159,145.957450962382,1.86659174285654
1.23,21,-156,154.956924276565,1.8531049038013
1.23,21,-153,162.399852039082,1.84313095489113
1.23,21,-150,168.231549275144,1.83720378230553
1.23,21,-147,172.44109914463,1.83589171900989
1.23,21,-144,175.062559095034,1.83980208768938
1.23,21,-141,176.175381664908,1.84958759755809
1.23,21,-138,175.904212749723,1.8659529108952
1.23,21,-135,174.418301561959,1.88965795142214
1.23,21,-132,171.93076329487,1.92151190345926
1.23,21,-129,168.697794251543,1.96234832867109
1.23,21,-126,165.017559254988,2.01296791849234
1.23,21,-123,161.227789629192,2.07403297749
1.23,21,-120,157.700192499575,2.14590118295779
1.23,21,-117,154.828888467456,2.22840272298193
1.23,21,-114,153.010019912506,2.3206009291558
1.23,21,-111,152.611524737102,2.42062585460815
1.23,21,-108,153.936476499094,2.52569987771356
1.23,21,-105,157.188893792507,2.63243297803693
1.23,21,-102,162.453486820635,2.73733861316161
1.23,21,-99,169.696865649063,2.83738662747233
1.23,21,-96,178.78878739947,2.9303849265547
1.23,21,-93,189.53433847775,3.01509046163996
1.23,21,-90,201.706342689805,3.09109233297586
1.23,21,-87,215.070947061556,3.15858213096121
1.23,21,-84,229.404274288987,3.21811539366174
1.23,21,-81,244.50135454712,3.27042035570877
1.23,21,-78,260.179759109758,3.31626820188389
1.23,21,-75,276.280222353685,3.35639663938776
1.23,21,-72,292.665896659627,3.39147181474583
1.23,21,-69,309.221218208305,3.4220746997626
1.23,21,-66,325.850846856476,3.44870164249698
1.23,21,-63,342.478803710181,3.47177227260193
1.23,21,-60,359.047739294233,3.49164057793606
1.23,21,-57,375.51818957834,3.50860672399551
1.23,21,-54,391.86768425922,3.52292830018944
1.23,21,-51,408.089627937701,3.53483038445166
1.23,21,-48,424.191942737536,3.54451428742032
1.23,21,-45,440.195502481067,3.55216515531271
1.23,21,-42,456.132374272145,3.5579587961372
1.23,21,-39,472.043803993081,3.56206812842943
1.23,21,-36,487.977757542043,3.56466951415328
1.23,21,-33,503.985708252043,3.56594893870412
1.23,21,-30,520.118308170323,3.56610760648405
1.23,21,-27,536.419656085288,3.56536614958856
1.23,21,-24,552.920105538517,3.56396644457683
1.23,21,-21,569.627917248273,3.56217011782835
1.23,21,-18,586.520474126937,3.56025323299646
1.23,21,-15,603.536130079862,3.55849731943992
1.23,21,-12,620.567943652796,3.55717763878369
1.23,21,-9,637.46048267687,3.55655017403426
1.23,21,-6,654.010571822148,3.55683908133236
1.23,21,-3,669.972355141324,3.55822620420143
1.23,21,0,685.066468211755,3.56084378621593
1.23,21,3,698.992574906611,3.56477089732033
1.23,21,6,711.444113153558,3.57003349641606
1.23,21,9,722.123862749186,3.57660762122942
1.23,21,12,730.758907461693,3.58442497462949
1.23,21,15,737.113695954366,3.59338013827026
1.23,21,18,741.000177760969,3.60333872231169
1.23,21,21,742.284359204119,3.61414588192653
1.23,21,24,740.889041972074,3.62563474508555
1.23,21,27,736.792922799589,3.63763437836987
1.23,21,30,730.026595094447,3.64997697064363
1.23,21,33,720.666257348138,3.66250395675757
1.23,21,36,708.826067546124,3.6750708581211
1.23,21,39,694.650076811663,3.68755070166591
1.23,21,42,678.304541963374,3.69983599896888
1.23,21,45,659.971189807547,3.71183941416466
1.23,21,48,639.841734547092,3.72349340176001
1.23,21,51,618.113686472595,3.73474922685829
1.23,21,54,594.987280854251,3.74557586645618
1.23,21,57,570.663230327469,3.75595931719816
1.23,21,60,545.340970918774,3.76590280227511
1.23,21,63,519.217119903336,3.7754282921789
1.23,21,66,492.483966878013,3.78457965530126
1.23,21,69,465.32794517853,3.79342766413301
1.23,21,72,437.928148344424,3.80207702954149
1.23,21,75,410.455043263399,3.81067564316847
1.23,21,78,383.069576739254,3.81942629405779
1.23,21,81,355.922875442531,3.82860130145812
1.23,21,84,329.156709002514,3.83856077574083
1.23,21,87,302.904835943046,3.84977557681451
1.23,21,90,277.295297481425,3.8628564516949
1.23,21,93,252.453678734821,3.8785912016152
1.23,21,96,228.507329496848,3.89799179372095
1.23,21,99,205.590524904739,3.92235245185183
1.23,21,102,183.850521463823,3.95331644828417
1.23,21,105,163.454338963512,3.99294034950252
1.23,21,108,144.595662325639,4.04372355145857
1.23,21,111,127.500068390733,4.10852824205411
1.23,21,114,112.424118442295,4.1902439330191
1.23,21,117,99.6391958092873,4.29098100200098
1.23,21,120,89.386273299591,4.41065328542887
1.23,21,123,81.792124879289,4.54531551121791
1.23,21,126,76.7653073386569,4.68654505268399
1.23,21,129,73.9333906428616,4.82329614706347
1.23,21,132,72.6833725409918,4.94564877621528
1.23,21,135,72.291532005996,5.04771646839455
1.23,21,138,72.0610774658621,5.12797821452578
1.23,21,141,71.4055901345506,5.18785277989554
1.23,21,144,69.8747388569942,5.23007429105784
1.23,21,147,67.1472401543442,5.25761511069048
1.23,21,150,63.0128335679548,5.27316143558169
1.23,21,153,57.3539160183785,5.27891866907478
1.23,21,156,50.1300281923361,5.27654472676639
1.23,21,159,41.3652921538406,5.26703864532467
1.23,21,162,31.1382074209397,5.25024111932989
1.23,21,165,19.5738367732533,5.22205944607958
1.23,21,168,6.84887790597747,5.13809201352623
1.23,21,171,6.9559937774159,2.17782615934331
1.23,21,174,21.4373986863522,2.08846093091515
1.23,21,177,36.4713184652558,2.05217346366439
1.23,21,180,51.7915692843147,2.02293428168702
1.23,24,-180,51.7915692843147,2.07529415924685
1.23,24,-177,67.7661925612906,2.04059805982732
1.23,24,-174,83.5652164586547,2.00924545548044
1.23,24,-171,98.9187635865488,1.98022027070291
1.23,24,-168,113.568698361708,1.95328591193809
1.23,24,-165,127.275231318979,1.92853104896186
1.23,24,-162,139.823477445203,1.90620697692539
1.23,24,-159,151.029514925567,1.88665923556791
1.23,24,-156,160.745678147691,1.87029524501524
1.23,24,-153,168.864920233282,1.85756784902554
1.23,24,-150,175.324143579923,1.84896717416575
1.23,24,-147,180.106442979524,1.84501779042672
1.23,24,-144,183.242259616218,1.84627976941009
1.23,24,-141,184.809524579312,1.85335245267606
1.23,24,-138,184.932974732851,1.86687907350309
1.23,24,-135,183.782918390588,1.88754894704286
1.23,24,-132,181.573751319493,1.91609175574971
1.23,24,-129,178.562396743424,1.95325558149787
1.23,24,-126,175.046490418867,1.99975726194354
1.23,24,-123,171.361511328072,2.0561919034641
1.23,24,-120,167.875223950659,2.12289134954288
1.23,24,-117,164.977014662562,2.1997345069267
1.23,24,-114,163.059581170176,2.28594046460522
1.23,24,-111,162.491865533407,2.37991431724871
1.23,24,-108,163.585674264964,2.47924222626977
1.23,24,-105,166.563136395643,2.58090784003208
1.23,24,-102,171.534945501768,2.68170948991017
1.23,24,-99,178.497012681632,2.77874469201327
1.23,24,-96,187.346065745822,2.86978625833359
1.23,24,-93,197.907478980217,2.95344121464144
1.23,24,-90,209.96583294302,3.02909960645959
1.23,24,-87,223.290867882114,3.09675754284283
1.23,24,-84,237.655705621965,3.15680730031747
1.23,24,-81,252.847626965243,3.20985448970055
1.23,24,-78,268.673313878192,3.25658504914002
1.23,24,-75,284.960687332761,3.29768097383556
1.23,24,-72,301.559020196248,3.33377389774002
1.23,24,-69,318.338397666388,3.36542437780632
1.23,24,-66,335.189076387325,3.3931169741248
1.23,24,-63,352.020927253427,3.41726413897871
1.23,24,-60,368.76293284268,3.4382143950114
1.23,24,-57,385.362622770704,3.45626206026696
1.23,24,-54,401.785336724472,3.47165697529849
1.23,24,-51,418.013267663682,3.48461348816223
1.23,24,-48,434.044312886897,3.49531850398191
1.23,24,-45,449.89080330509,3.50393878598302
1.23,24,-42,465.578155836022,3.51062792045645
1.23,24,-39,481.143388090106,3.51553340626707
1.23,24,-36,496.633270062463,3.51880417412491
1.23,24,-33,512.101720587672,3.52059848932
1.23,24,-30,527.605964658565,3.52109171152979
1.23,24,-27,543.201025207471,3.52048290824985
1.23,24,-24,558.932368669099,3.51899901422555
1.23,24,-21,574.82693735912,3.51689525277045
1.23,24,-18,590.883297553299,3.51445096019067
1.23,24,-15,607.062077461936,3.51196072460128
1.23,24,-12,623.278125619135,3.50972167208715
1.23,24,-9,639.395792385516,3.50801853460499
1.23,24,-6,655.228409525056,3.50710856848273
1.23,24,-3,670.542484787056,3.50720834007335
1.23,24,0,685.066468211755,3.5084839086561
1.23,24,3,698.503325274774,3.51104520569314
1.23,24,6,710.54568007926,3.5149446685496
1.23,24,9,720.892028930949,3.52017961978495
1.23,24,12,729.262479687779,3.52669757111238
1.23,24,15,735.412619334253,3.53440355499517
1.23,24,18,739.144407944377,3.5431686673635
1.23,24,21,740.313392011815,3.55283915046917
1.23,24,24,738.831972406458,3.56324548573297
1.23,24,27,734.668899088965,3.57421106877804
1.23,24,30,727.845544062696,3.58556010222503
1.23,24,33,718.429779797382,3.59712438740012
1.23,24,36,706.528430224665,3.60874875221071
1.23,24,39,692.279254162895,3.62029494176596
1.23,24,42,675.843280272065,3.63164392919111
1.23,24,45,657.398074962315,3.6426967673233
1.23,24,48,637.132242209385,3.65337427366251
1.23,24,51,615.241183277465,3.66361599005885
1.23,24,54,591.923933140893,3.67337895697018
1.23,24,57,567.380769189354,3.68263687330022
1.23,24,60,541.811263976857,3.69138017716837
1.23,24,63,515.412512995766,3.69961749744616
1.23,24,66,488.377381124267,3.70737881969686
1.23,24,69,460.892742048661,3.71472061817501
1.23,24,72,433.13780160149,3.72173316250227
1.23,24,75,405.28267671664,3.72855024468357
1.23,24,78,377.487437605707,3.73536171675829
1.23,24,81,349.901814818463,3.74242950846161
1.23,24,84,322.665736880514,3.75010823914843
1.23,24,87,295.910815069997,3.75887218982896
1.23,24,90,269.762848541577,3.76935131007763
1.23,24,93,244.345404751958,3.78238014263339
1.23,24,96,219.784555686968,3.7990650141679
1.23,24,99,196.214935157569,3.82087620544121
1.23,24,102,173.78742787226,3.8497717384971
1.23,24,105,152.678958252447,3.8883538181738
1.23,24,108,133.104807581942,3.94003672723966
1.23,24,111,115.332991892225,4.00913941317201
1.23,24,114,99.6967427324697,4.10065693308195
1.23,24,117,86.5916461753863,4.21917750955808
1.23,24,120,76.4264554380033,4.36622644311104
1.23,24,123,69.4870789872892,4.53626238979086
1.23,24,126,65.7274618110307,4.71463445068886
1.23,24,129,64.6347787877518,4.88217838267012
1.23,24,132,65.3325822009218,5.0241768331598
1.23,24,135,66.8503630044814,5.13502297799154
1.23,24,138,68.340926695366,5.21621805884885
1.23,24,141,69.1580180533766,5.27235743037881
1.23,24,144,68.8448944548959,5.30844636348831
1.23,24,147,67.0967215001576,5.32878810743326
1.23,24,150,63.7258907757926,5.33672028594922
1.23,24,153,58.6366820572466,5.33464705604342
1.23,24,156,51.807749381267,5.32407396782473
1.23,24,159,43.2797633717172,5.30541262858619
1.23,24,162,33.1466329402175,5.27694608615251
1.23,24,165,21.5520957121985,5.22948503247119
1.23,24,168,8.73168924999931,5.08969008583988
1.23,24,171,5.72049164568781,2.42432717696868
1.23,24,174,20.4264480264992,2.17926621904261
1.23,24,177,35.9173711008635,2.11673487649326
1.23,24,180,51.7915692843147,2.07529415924685
1.23,27,-180,51.7915692843146,2.12765403680668
1.23,27,-177,68.3509606045549,2.08535608239127
1.23,27,-174,84.7942835181577,2.04846311920884
1.23,27,-171,100.837500928118,2.01500219935055
1.23,27,-168,116.208660678779,1.9843069337212
1.23,27,-165,130.654220497609,1.95624119099484
1.23,27,-162,143.945863661104,1.93092454169508
1.23,27,-159,155.887011116877,1.90861729772976
1.23,27,-156,166.318616476756,1.88966585932808
1.23,27,-153,175.123981142595,1.87447424686457
1.23,27,-150,182.232411276195,1.86348875299875
1.23,27,-147,187.621604260463,1.85719032814241
1.23,27,-144,191.318730801427,1.85609217751
1.23,27,-141,193.400287544052,1.86074083573597
1.23,27,-138,193.990926199148,1.87171864538326
1.23,27,-135,193.261579600265,1.88964443566687
1.23,27,-132,191.427238860454,1.91516741052044
1.23,27,-129,188.74461618698,1.9489469762634
1.23,27,-126,185.509594680839,1.99160895816596
1.23,27,-123,182.053799471314,2.04366764246747
1.23,27,-120,178.738891003614,2.10540592464715
1.23,27,-117,175.946516576819,2.17671646433981
1.23,27,-114,174.061749804673,2.25692838870024
1.23,27,-111,173.448989008322,2.34467371771176
1.23,27,-108,174.422116807218,2.43786891558635
1.23,27,-105,177.214575399535,2.53387223704806
1.23,27,-102,181.957628003894,2.62981180560358
1.23,27,-99,188.673856973623,2.72299147503609
1.23,27,-96,197.287634965966,2.8112360683136
1.23,27,-93,207.648037904649,2.89307333238588
1.23,27,-90,219.556357152274,2.96773601502561
1.23,27,-87,232.791225721503,3.03503859450007
1.23,27,-84,247.12760580802,3.09520427365402
1.23,27,-81,262.349050816387,3.14869979536932
1.23,27,-78,278.254505897326,3.19610616254858
1.23,27,-75,294.661462651688,3.23803067089168
1.23,27,-72,311.407069263896,3.27505408045089
1.23,27,-69,328.3483064633,3.3077033496836
1.23,27,-66,345.361852466958,3.33644108906629
1.23,27,-63,362.34388935653,3.36166499022933
1.23,27,-60,379.209873846825,3.38371260139906
1.23,27,-57,395.894194844925,3.40286849896268
1.23,27,-54,412.349640498472,3.41937211836596
1.23,27,-51,428.546659810382,3.4334253644322
1.23,27,-48,444.472480765184,3.44519973438697
1.23,27,-45,460.130187945946,3.45484312138159
1.23,27,-42,475.537827004917,3.46248673189897
1.23,27,-39,490.727475324914,3.46825261958255
1.23,27,-36,505.74401955286,3.47226217890366
1.23,27,-33,520.643172854904,3.47464555619861
1.23,27,-30,535.48813583424,3.47555138772884
1.23,27,-27,550.344342292133,3.47515570166348
1.23,27,-24,565.271985942675,3.47366841171366
1.23,27,-21,580.316482948326,3.4713357718256
1.23,27,-18,595.497597495866,3.46843756696493
1.23,27,-15,610.798494234655,3.46527865667394
1.23,27,-12,626.156318462475,3.46217557287325
1.23,27,-9,641.455922047374,3.45943989109739
1.23,27,-6,656.528019802802,3.45736073145423
1.23,27,-3,671.152449738207,3.45618881598944
1.23,27,0,685.066468211755,3.45612403109627
1.23,27,3,697.977304362236,3.45730761887069
1.23,27,6,709.577660453834,3.45981923194605
1.23,27,9,719.562545979378,3.46367837253947
1.23,27,12,727.645781225479,3.46884931901922
1.23,27,15,733.574666132407,3.47524851615655
1.23,27,18,737.141629575446,3.48275347984347
1.23,27,21,738.19209587277,3.49121243226684
1.23,27,24,736.628273836064,3.50045405096062
1.23,27,27,732.409034262262,3.51029683937485
1.23,27,30,725.546440801001,3.52055770350236
1.23,27,33,716.09978866959,3.53105937197498
1.23,27,36,704.168151546436,3.54163635884322
1.23,27,39,689.882427102548,3.55213926585176
1.23,27,42,673.397720755789,3.5624373645934
1.23,27,45,654.886655198322,3.57241957825242
1.23,27,48,634.533896768388,3.58199417057852
1.23,27,51,612.531909604341,3.59108761128585
1.23,27,54,589.07773582886,3.59964319105578
1.23,27,57,564.370485312641,3.60761998840232
1.23,27,60,538.609206903615,3.61499274667522
1.23,27,63,511.990885961216,3.62175312278519
1.23,27,66,484.708436622612,3.62791265334619
1.23,27,69,456.94869274309,3.6335076882371
1.23,27,72,428.890515704496,3.63860650532781
1.23,27,75,400.703209406598,3.64331887981557
1.23,27,78,372.545456405056,3.64780857319279
1.23,27,81,344.564970719908,3.65230957286664
1.23,27,84,316.899017429665,3.65714751606734
1.23,27,87,289.675896587321,3.66276867295973
1.23,27,90,263.017451291869,3.66978031551233
1.23,27,93,237.042661378592,3.67900854242935
1.23,27,96,211.872455164802,3.69158309790035
1.23,27,99,187.636053662468,3.70906396809035
1.23,27,102,164.479515368497,3.7336318777802
1.23,27,105,142.57775303753,3.76837260190083
1.23,27,108,122.152177957503,3.81768313730104
1.23,27,111,103.496931389721,3.88777555165885
1.23,27,114,87.0152284832683,3.98701769392093
1.23,27,117,73.2553473609825,4.12510063801558
1.23,27,120,62.892701640028,4.30855125659505
1.23,27,123,56.5278704534079,4.53052265951578
1.23,27,126,54.232761209067,4.76309245157068
1.23,27,129,55.2237122275608,4.97019291740373
1.23,27,132,58.1615459864166,5.13127140318208
1.23,27,135,61.7401316631669,5.2456475193456
1.23,27,138,64.9797199615435,5.32186874794728
1.23,27,141,67.2239161848902,5.36941173207514
1.23,27,144,68.0508682988606,5.39585406068328
1.23,27,147,67.1977861615238,5.40663356824675
1.23,27,150,64.5134062887918,5.40546664131785
1.23,27,153,59.9303975013616,5.39474668410403
1.23,27,156,53.449116943907,5.3757218851421
1.23,27,159,45.1274242320961,5.3482654947651
1.23,27,162,35.0745923216382,5.30951628892739
1.23,27,165,23.4535801640134,5.2472125949608
1.23,27,168,10.55681193301,5.07937953746382
1.23,27,171,4.86965089478723,2.74386204042692
1.23,27,174,19.5185270547615,2.27276681456976
1.23,27,177,35.4088061211057,2.18145028155844
1.23,27,180,51.7915692843146,2.12765403680668
1.23,30,-180,51.7915692843146,2.1800139143665
1.23,30,-177,68.890901533855,2.1303103848805
1.23,30,-174,85.9348678488679,2.08812787586481
1.23,30,-171,102.626531990345,2.05049182418575
1.23,30,-168,118.68180143779,2.01629594735742
1.23,30,-165,133.835111472901,1.98517695811773
1.23,30,-162,147.846361460053,1.95712211049854
1.23,30,-159,160.507811431152,1.93230620434882
1.23,30,-156,171.650334822618,1.91101435428733
1.23,30,-153,181.14865165385,1.89360154799691
1.23,30,-150,188.925282004048,1.88047021170217
1.23,30,-147,194.953050585092,1.87205793995825
1.23,30,-144,199.256079503745,1.86883171545531
1.23,30,-141,201.90934437203,1.87128631894211
1.23,30,-138,203.037025689859,1.8799446206281
1.23,30,-135,202.810018510154,1.89535660052404
1.23,30,-132,201.44300359494,1.91809252626972
1.23,30,-129,199.191366239419,1.94872397225111
1.23,30,-126,196.34792981935,1.98778478513859
1.23,30,-123,193.2389508323,2.03570375087183
1.23,30,-120,190.218181580244,2.09270355238041
1.23,30,-117,187.657258880959,2.15866935050091
1.23,30,-114,185.930615575632,2.23300693787848
1.23,30,-111,185.394051124022,2.31453232354419
1.23,30,-108,186.35834751933,2.40145022759208
1.23,30,-105,189.062382798421,2.49146936336264
1.23,30,-102,193.652438596334,2.58205638071039
1.23,30,-99,200.173837293414,2.67076521441812
1.23,30,-96,208.577204036491,2.75553787487495
1.23,30,-93,218.736558779101,2.83488865517089
1.23,30,-90,230.47313069214,2.90794321987019
1.23,30,-87,243.578701371535,2.9743629387896
1.23,30,-84,257.834518347509,3.03421113532948
1.23,30,-81,273.02450907896,3.08781168073879
1.23,30,-78,288.943400026099,3.13562961501141
1.23,30,-75,305.401139123386,3.17818403348174
1.23,30,-72,322.22504375271,3.21599157696299
1.23,30,-69,339.260757317457,3.24953394684031
1.23,30,-66,356.372680437236,3.27924218635383
1.23,30,-63,373.444191360316,3.30549163560272
1.23,30,-60,390.377736367606,3.32860308495409
1.23,30,-57,407.094759260116,3.34884711606437
1.23,30,-54,423.535429553365,3.3664497717973
1.23,30,-51,439.658185470231,3.38159856260607
1.23,30,-48,455.43918154563,3.39444846594049
1.23,30,-45,470.871767914553,3.40512805072412
1.23,30,-42,485.966083889881,3.41374616072501
1.23,30,-39,500.748702648065,3.42039968490537
1.23,30,-36,515.262037248247,3.42518279112692
1.23,30,-33,529.56297530208,3.42819759571837
1.23,30,-30,543.720046470524,3.42956564358583
1.23,30,-27,557.808442599965,3.42943891846762
1.23,30,-24,571.902468619824,3.42800859092423
1.23,30,-21,586.065497500985,3.42550955773159
1.23,30,-18,600.338143136373,3.42221918340892
1.23,30,-15,614.725988297828,3.41844953220264
1.23,30,-12,629.188623731886,3.41453359801267
1.23,30,-9,643.631822846081,3.41080726455966
1.23,30,-6,657.90434648457,3.40758958261408
1.23,30,-3,671.80021548234,3.40516417604219
1.23,30,0,685.066468211755,3.40376415353644
1.23,30,3,697.415628598895,3.40356200865862
1.23,30,6,708.541503531367,3.40466496085856
1.23,30,9,718.136589746023,3.4071153230529
1.23,30,12,725.909307051234,3.41089494464307
1.23,30,15,731.599445014875,3.41593258622221
1.23,30,18,734.990551457539,3.42211314001498
1.23,30,21,735.918439330511,3.42928778885732
1.23,30,24,734.275484322516,3.43728438876275
1.23,30,27,730.01087187052,3.44591750767931
1.23,30,30,723.127373387399,3.45499764705878
1.23,30,33,713.675536781345,3.46433923771182
1.23,30,36,701.746328926613,3.4737670736373
1.23,30,39,687.463254452617,3.48312095703345
1.23,30,42,670.974812172193,3.49225848555516
1.23,30,45,652.447881508629,3.50105610720826
1.23,30,48,632.062318606069,3.50940876865528
1.23,30,51,610.006751369747,3.51722865087072
1.23,30,54,586.475348637312,3.5244435889623
1.23,30,57,561.665231540939,3.53099579356482
1.23,30,60,535.774196951628,3.53684143370423
1.23,30,63,508.998510571184,3.5419515292352
1.23,30,66,481.530662028532,3.54631447181402
1.23,30,69,453.557114291469,3.54994038889536
1.23,30,72,425.256190685761,3.55286752641562
1.23,30,75,396.79630522221,3.55517089086668
1.23,30,78,368.33475212427,3.55697359987688
1.23,30,81,340.017237868489,3.5584617939424
1.23,30,84,311.978281336275,3.55990464490128
1.23,30,87,284.342546171657,3.5616821118122
1.23,30,90,257.22712701816,3.56432492808922
1.23,30,93,230.74481382426,3.56857439667998
1.23,30,96,205.008441270205,3.57547495605961
1.23,30,99,180.13665364965,3.58652213611322
1.23,30,102,156.261896361232,3.60390617726563
1.23,30,105,133.54242692306,3.63092377297089
1.23,30,108,112.182127367147,3.67268552136578
1.23,30,111,92.4658314162624,3.73731705155453
1.23,30,114,74.8245292076003,3.83779734904733
1.23,30,117,59.9477174943348,3.99356138006267
1.23,30,120,48.9059132258612,4.22592854373573
1.23,30,123,42.9627523674024,4.53191145109493
1.23,30,126,42.5100048628367,4.85026714254403
1.23,30,129,46.1342267975708,5.10541054163379
1.23,30,132,51.6445143338766,5.27727897123758
1.23,30,135,57.3601054568597,5.38364065907152
1.23,30,138,62.2754659088122,5.44571342383227
1.23,30,141,65.8142668688631,5.47847312566656
1.23,30,144,67.6386089123969,5.49134449276831
1.23,30,147,67.5499152679887,5.49014657715057
1.23,30,150,65.4418275521009,5.47844881979679
1.23,30,153,61.2777409189609,5.45831518537464
1.23,30,156,55.0793746186251,5.43057484092663
1.23,30,159,46.9203747342938,5.39454776599323
1.23,30,162,36.9236575797043,5.34646601863416
1.23,30,165,25.2695442672943,5.27214408706933
1.23,30,168,12.2978506559864,5.08849327258517
1.23,30,171,4.52149086823666,3.11933776179477
1.23,30,174,18.7171909050835,2.36873419323884
1.23,30,177,34.9467786682694,2.24626010047022
1.23,30,180,51.7915692843146,2.1800139143665
1.23,33,-180,51.7915692843147,2.23237379192633
1.23,33,-177,69.3842249992454,2.17546837191388
1.23,33,-174,86.9826704394151,2.12823554061592
1.23,33,-171,104.278505485413,2.08666511135121
1.23,33,-168,120.977350700065,2.04920438993135
1.23,33,-165,136.803517336529,2.01526189094519
1.23,33,-162,151.506920293335,1.98469245718046
1.23,33,-159,164.870280592655,1.9575852783179
1.23,33,-156,176.715780839563,1.93416399186014
1.23,33,-153,186.910672417882,1.91473439389515
1.23,33,-150,195.371489606669,1.8996550839685
1.23,33,-147,202.066646218515,1.88932069166141
1.23,33,-144,207.017326431183,1.88415284137606
1.23,33,-141,210.29674873603,1.88459598609091
1.23,33,-138,212.028062334003,1.89111556574585
1.23,33,-135,212.381280033249,1.90419537860135
1.23,33,-132,211.569695336996,1.92432997206835
1.23,33,-129,209.846114478493,1.95200658207502
1.23,33,-126,207.498926348354,1.98767016318845
1.23,33,-123,204.84755412419,2.03166523869985
1.23,33,-120,202.236274139488,2.08415111003057
1.23,33,-117,200.024944632355,2.1449942096978
1.23,33,-114,198.575174817432,2.21365407267738
1.23,33,-111,198.231257813324,2.28909524227789
1.23,33,-108,199.296982581178,2.36976821238435
1.23,33,-105,202.011840551213,2.45369556590691
1.23,33,-102,206.531965978968,2.53866729128614
1.23,33,-99,212.920940665609,2.62250247670278
1.23,33,-96,221.152870825622,2.70330166451717
1.23,33,-93,231.126181549146,2.7796191305953
1.23,33,-90,242.683582282524,2.85052332968468
1.23,33,-87,255.633008312875,2.91555890541457
1.23,33,-84,269.765724480371,2.97464966824511
1.23,33,-81,284.869892229225,3.02798348932703
1.23,33,-78,300.739630335614,3.07590721477849
1.23,33,-75,317.180519982924,3.11884454088244
1.23,33,-72,334.012728074684,3.15723884665699
1.23,33,-69,351.072744222729,3.19151735424952
1.23,33,-66,368.214403717249,3.22207121624961
1.23,33,-63,385.309557563027,3.24924640516421
1.23,33,-60,402.248524877978,3.27334133298947
1.23,33,-57,418.940344485414,3.29460829341923
1.23,33,-54,435.312822270443,3.3132568398227
1.23,33,-51,451.312417947837,3.32945803911519
1.23,33,-48,466.904082027779,3.34334919575256
1.23,33,-45,482.071185697652,3.35503913895546
1.23,33,-42,496.815634371211,3.36461449623358
1.23,33,-39,511.158096387539,3.3721474954219
1.23,33,-36,525.138030045395,3.37770569989605
1.23,33,-33,538.812920524395,3.38136367249929
1.23,33,-30,552.255945095545,3.38321593220286
1.23,33,-27,565.551279195273,3.383389845276
1.23,33,-24,578.786512811559,3.38205648542253
1.23,33,-21,592.042169326876,3.37943724141641
1.23,33,-18,605.379017431956,3.37580423640093
1.23,33,-15,618.824568727725,3.37147350178235
1.23,33,-12,632.360651928395,3.36679116739529
1.23,33,-9,645.914078376512,3.36211434119301
1.23,33,-6,659.3520959152,3.35778942706576
1.23,33,-3,672.483636011578,3.3541310342918
1.23,33,0,685.066468211755,3.35140427597661
1.23,33,3,696.819502534063,3.34981232093161
1.23,33,6,707.438804138936,3.34948990900749
1.23,33,9,716.615502092787,3.35050251953408
1.23,33,12,724.053695119772,3.35285021552862
1.23,33,15,729.486633480707,3.35647491341324
1.23,33,18,732.689816295165,3.36126985595089
1.23,33,21,733.490117063456,3.36709025002146
1.23,33,24,731.770573369352,3.37376424454805
1.23,33,27,727.470990232925,3.38110359563218
1.23,33,30,720.584951774145,3.38891348079143
1.23,33,33,711.154158556226,3.39700100609069
1.23,33,36,699.261168147677,3.40518203753713
1.23,33,39,685.021599471566,3.41328611306378
1.23,33,42,668.576685121717,3.42115936467185
1.23,33,45,650.086768384848,3.42866558790397
1.23,33,48,629.726011499839,3.43568580439203
1.23,33,51,607.678280197826,3.4421168320794
1.23,33,54,584.13395402256,3.44786947312795
1.23,33,57,559.287312495054,3.4528669358822
1.23,33,60,533.334162550548,3.45704403161262
1.23,33,63,506.469474750074,3.46034755598711
1.23,33,66,478.884941142739,3.46273811832735
1.23,33,69,450.766511447964,3.46419356094818
1.23,33,72,422.29207174481,3.46471405545133
1.23,33,75,393.629482974876,3.46432900748272
1.23,33,78,364.935194173201,3.46310608116966
1.23,33,81,336.353599320014,3.46116301658824
1.23,33,84,308.017236088518,3.45868354063165
1.23,33,87,280.04785065347,3.4559397233524
1.23,33,90,252.558295801885,3.45332492860228
1.23,33,93,225.655211330901,3.4514047060939
1.23,33,96,199.442484815427,3.45099895764302
1.23,33,99,174.025659213652,3.45332052770598
1.23,33,102,149.51785665497,3.4602200329097
1.23,33,105,126.048712669682,3.47464127807506
1.23,33,108,103.780045332422,3.50151928129168
1.23,33,111,82.9378219661251,3.54966564676249
1.23,33,114,63.8865492247698,3.63594024542182
1.23,33,117,47.319770680626,3.79426170323331
1.23,33,120,34.7284162595736,4.08682714855513
1.23,33,123,28.8513419640723,4.55206636730331
1.23,33,126,31.0893432732351,5.02129449996576
1.23,33,129,38.1832218645607,5.31682433706247
1.23,33,132,46.4837553448907,5.47204982697832
1.23,33,135,54.2029681368738,5.5502417967156
1.23,33,138,60.5531018987029,5.58634175901506
1.23,33,141,65.1416460131884,5.59768545273014
1.23,33,144,67.7483469297633,5.59325572777183
1.23,33,147,68.2462639061119,5.57796826053522
1.23,33,150,66.5727567080674,5.55456325380993
1.23,33,153,62.7184316075179,5.52441923552944
1.23,33,156,56.7225793028256,5.48777489026747
1.23,33,159,48.6711366289435,5.44335782541681
1.23,33,162,38.6975195497661,5.38663052211502
1.23,33,165,26.9962019140886,5.30213992620057
1.23,33,168,13.9447469068459,5.10843954699975
1.23,33,171,4.697767744349,3.48662101728431
1.23,33,174,18.025330558582,2.46679710950747
1.23,33,177,34.5322909942885,2.3110997839055
1.23,33,180,51.7915692843147,2.23237379192633
1.23,36,-180,51.7915692843146,2.28473366948617
1.23,36,-177,69.8292729994829,2.22083697430744
1.23,36,-174,87.9336672028898,2.16878198863122
1.23,36,-171,105.786479042188,2.12349969833233
1.23,36,-168,123.085047478796,2.08298785049371
1.23,36,-165,139.545601594002,2.04642692290235
1.23,36,-162,154.910000373053,2.0135397212452
1.23,36,-159,168.953153243403,1.98432993032942
1.23,36,-156,181.490013130871,1.95895963292976
1.23,36,-153,192.381505478526,1.93768537270875
1.23,36,-150,201.538963212964,1.92082207967993
1.23,36,-147,208.926791046891,1.90872196828627
1.23,36,-144,214.563249070971,1.90176239244054
1.23,36,-141,218.519440632233,1.90033922586327
1.23,36,-138,220.916790766127,1.90486299709405
1.23,36,-135,221.923456831528,1.91575470916865
1.23,36,-132,221.750158081476,1.93343749892666
1.23,36,-129,220.645793395778,1.95831941416746
1.23,36,-126,218.892919171342,1.99076207844693
1.23,36,-123,216.802717375816,2.03103059763389
1.23,36,-120,214.708597105854,2.07922278527135
1.23,36,-117,212.957218815413,2.1351817802593
1.23,36,-114,211.895760596461,2.19840575755238
1.23,36,-111,211.854925785532,2.26797966207187
1.23,36,-108,213.128623297947,2.34256091068482
1.23,36,-105,215.95311459206,2.42044550766786
1.23,36,-102,220.489851076929,2.49971835964182
1.23,36,-99,226.816181695794,2.57845859362458
1.23,36,-96,234.926188584252,2.65494570383895
1.23,36,-93,244.740905552807,2.72781214236424
1.23,36,-90,256.124644318061,2.79611257847797
1.23,36,-87,268.903249507729,2.85931280216559
1.23,36,-84,282.880843600573,2.91722385046002
1.23,36,-81,297.853180243416,2.96991255755795
1.23,36,-78,313.617205426481,3.01761299849074
1.23,36,-75,329.977363440902,3.06065246882547
1.23,36,-72,346.749545179018,3.09939646718447
1.23,36,-69,363.763542091473,3.13421156473566
1.23,36,-66,380.864647821287,3.16544262003189
1.23,36,-63,397.914792623597,3.19340035238505
1.23,36,-60,414.79338923024,3.21835579511403
1.23,36,-57,431.397949612347,3.24053897611852
1.23,36,-54,447.644502573681,3.26014001288359
1.23,36,-51,463.467878650951,3.27731155489588
1.23,36,-48,478.821987468934,3.29217213550724
1.23,36,-45,493.680238321384,3.30481049775444
1.23,36,-42,508.036196349428,3.31529130522554
1.23,36,-39,521.904397519129,3.32366278843312
1.23,36,-36,535.320981282615,3.32996675568977
1.23,36,-33,548.34350591118,3.33425099145505
1.23,36,-30,561.049093534362,3.33658341367988
1.23,36,-27,573.530026339733,3.33706658814994
1.23,36,-24,585.886167466024,3.33585050737876
1.23,36,-21,598.214121852663,3.33314118489068
1.23,36,-18,610.593797100179,3.32920281475836
1.23,36,-15,623.0737942004,3.3243520951849
1.23,36,-12,635.65762960442,3.31894469527107
1.23,36,-9,648.292970650386,3.31335541226688
1.23,36,-6,660.865769338381,3.30795485373772
1.23,36,-3,673.200463967957,3.30308608004226
1.23,36,0,685.066468211755,3.29904439841678
1.23,36,3,696.190218928859,3.29606256392976
1.23,36,6,706.271309582165,3.29430238804325
1.23,36,9,715.000807081896,3.29385258946301
1.23,36,12,722.079750143132,3.29473191802585
1.23,36,15,727.23600409032,3.29689621513434
1.23,36,18,730.238021960157,3.30024805787919
1.23,36,21,730.904557944276,3.30464781244206
1.23,36,24,729.109929228639,3.30992515239602
1.23,36,27,724.784963619041,3.31589029340316
1.23,36,30,717.914240967411,3.32234433495951
1.23,36,33,708.530577959454,3.32908820394341
1.23,36,36,696.707874479975,3.33592980264919
1.23,36,39,682.553419342803,3.34268910766666
1.23,36,42,666.200563102405,3.34920115526542
1.23,36,45,647.802359160437,3.35531706766921
1.23,36,48,627.526426109662,3.36090348694979
1.23,36,51,605.550971357761,3.36584094722547
1.23,36,54,582.061698714241,3.37002179823386
1.23,36,57,557.249230377462,3.37334828084364
1.23,36,60,531.306701762437,3.37573125773354
1.23,36,63,504.427302890286,3.37708994955971
1.23,36,66,476.801694888635,3.37735285790912
1.23,36,69,448.615377259509,3.37645991117992
1.23,36,72,420.046186184376,3.37436578198788
1.23,36,75,391.262149805114,3.3710443203853
1.23,36,78,362.4199143634,3.36649414705566
1.23,36,81,333.663899035758,3.36074568021359
1.23,36,84,305.126256820647,3.353870275988
1.23,36,87,276.927633638954,3.34599284338332
1.23,36,90,249.178644684494,3.33731046386269
1.23,36,93,221.981939705577,3.3281216640678
1.23,36,96,195.434720790306,3.31887509504179
1.23,36,99,169.631627815019,3.31025491470976
1.23,36,102,144.668063475358,3.30333937282037
1.23,36,105,120.6444162616,3.29991618975244
1.23,36,108,97.6726481086807,3.30316652071477
1.23,36,111,75.8897719540399,3.31932692415588
1.23,36,114,55.4940957124866,3.36239718982016
1.23,36,117,36.8746783065095,3.47058317598699
1.23,36,120,21.2667939882659,3.77900322907621
1.23,36,123,14.3343715173034,4.65113569379327
1.23,36,126,21.5787495607986,5.39392370316051
1.23,36,129,32.8634379102023,5.63417367800427
1.23,36,132,43.5920324338103,5.71548546957595
1.23,36,135,52.7913336653271,5.74029699887749
1.23,36,138,60.1195677481839,5.73913032808484
1.23,36,141,65.3946331111238,5.72366636267888
1.23,36,144,68.500709891477,5.69921194488161
1.23,36,147,69.366035102161,5.66841539268018
1.23,36,150,67.9585755333973,5.63257566369731
1.23,36,153,64.286544421884,5.59209943604844
1.23,36,156,58.3997849856577,5.54650660710844
1.23,36,159,50.3912258374799,5.49390364661181
1.23,36,162,40.4005383241979,5.42907068046398
1.23,36,165,28.6323741600292,5.33566521876061
1.23,36,168,15.4937193333255,5.13473126774602
1.23,36,171,5.2733539985821,3.78818090859888
1.23,36,174,17.4449452892817,2.56643135471597
1.23,36,177,34.1661898027113,2.37590042477352
1.23,36,180,51.7915692843146,2.28473366948617
1.23,39,-180,51.7915692843146,2.337093547046
1.23,39,-177,70.2245273052426,2.26642269430542
1.23,39,-174,88.7841278751219,2.20976317663799
1.23,39,-171,107.143947557054,2.16097471677226
1.23,39,-168,124.995169633037,2.11760552746395
1.23,39,-165,142.048095755463,2.07860932198497
1.23,39,-162,158.038558297885,2.04357769365996
1.23,39,-159,172.735462731375,2.01242915192114
1.23,39,-156,185.948044266115,1.98526430005226
1.23,39,-153,197.53206006812,1.96229051151232
1.23,39,-150,207.394403478007,1.94377936421552
1.23,39,-147,215.495815425496,1.93004139930213
1.23,39,-144,221.851564659717,1.92141102372587
1.23,39,-141,226.530188614095,1.9182375755654
1.23,39,-138,229.650605314839,1.9208795694026
1.23,39,-135,231.378069800793,1.92969909894077
1.23,39,-132,231.919493875999,1.94505287665497
1.23,39,-129,231.518530686414,1.96727585091319
1.23,39,-126,230.45053992427,1.99665320476999
1.23,39,-123,229.017142219054,2.03337739143847
1.23,39,-120,227.539646657557,2.07748942794873
1.23,39,-117,226.3503536097,2.12880860002153
1.23,39,-114,225.780796298279,2.18686197253113
1.23,39,-111,226.146571053367,2.25083290169502
1.23,39,-108,227.729554794636,2.31955200284208
1.23,39,-105,230.759746059794,2.39154941866489
1.23,39,-102,235.400060006148,2.46517111655916
1.23,39,-99,241.737423646861,2.53873893172338
1.23,39,-96,249.782151581808,2.61071590314756
1.23,39,-93,259.475339896253,2.6798363122562
1.23,39,-90,270.701968734324,2.74517504344027
1.23,39,-87,283.306451658925,2.80615373452209
1.23,39,-84,297.107680045577,2.86249926928658
1.23,39,-81,311.911694306034,2.91417716998104
1.23,39,-78,327.521309274388,2.96131983260748
1.23,39,-75,343.742893439986,3.00416245091647
1.23,39,-72,360.390932999065,3.04299236690929
1.23,39,-69,377.291088646907,3.07811259155383
1.23,39,-66,394.282326621347,3.10981758999665
1.23,39,-63,411.2185084806,3.13837849612553
1.23,39,-60,427.969645356683,3.16403497548195
1.23,39,-57,444.422909021307,3.18699145400188
1.23,39,-54,460.483456831327,3.20741606754751
1.23,39,-51,476.075154584895,3.22544132370163
1.23,39,-48,491.14133106186,3.241166046144
1.23,39,-45,505.645716785754,3.25465865856588
1.23,39,-42,519.573655313975,3.2659622145351
1.23,39,-39,532.933498919055,3.27510173102626
1.23,39,-36,545.757825020051,3.2820942755006
1.23,39,-33,558.103799825147,3.286961857677
1.23,39,-30,570.051778802845,3.28974651667675
1.23,39,-27,581.701191454234,3.29052618519046
1.23,39,-24,593.163003400129,3.28942915447075
1.23,39,-21,604.548601969289,3.28664451464935
1.23,39,-18,615.95573039547,3.28242605037825
1.23,39,-15,627.452920120118,3.27708786567445
1.23,39,-12,639.064506200174,3.27099141550972
1.23,39,-9,650.758546468073,3.26452530861084
1.23,39,-6,662.439695781089,3.2580807235831
1.23,39,-3,673.948361087155,3.25202608234349
1.23,39,0,685.066468211755,3.24668452085695
1.23,39,3,695.529158691626,3.24231679583092
1.23,39,6,705.040926591075,3.23911094314836
1.23,39,9,713.294227975498,3.23717870784498
1.23,39,12,719.988469794299,3.23655782354164
1.23,39,15,724.847455964495,3.23721874569891
1.23,39,18,727.633752655828,3.23907436710478
1.23,39,21,728.158950164801,3.24199140446154
1.23,39,24,726.289373971758,3.24580238432602
1.23,39,27,721.947366633005,3.25031737542064
1.23,39,30,715.108758936169,3.25533478074809
1.23,39,33,705.797510109516,3.26065063421924
1.23,39,36,694.078674890561,3.26606597959388
1.23,39,39,680.050831997983,3.27139207495237
1.23,39,42,663.838905210671,3.27645337159381
1.23,39,45,645.587982971526,3.28108844374513
1.23,39,48,625.45837627845,3.28514925730507
1.23,39,51,603.621830295892,3.28849931993002
1.23,39,54,580.25858555231,3.29101131966692
1.23,39,57,555.554898614188,3.29256482475279
1.23,39,60,529.700671366237,3.29304449618983
1.23,39,63,502.886964933504,3.2923390880645
1.23,39,66,475.303337354707,3.2903413166798
1.23,39,69,447.135094321612,3.28694850397217
1.23,39,72,418.560645276841,3.28206376877106
1.23,39,75,389.749198340705,3.27559746330683
1.23,39,78,360.859010359744,3.2674685312696
1.23,39,81,332.036348137693,3.25760548676168
1.23,39,84,303.41523349983,3.2459467624488
1.23,39,87,275.117956881367,3.23244022606286
1.23,39,90,247.256265833952,3.21704168541645
1.23,39,93,219.933075354199,3.1997121450568
1.23,39,96,193.244511196627,3.18041335313454
1.23,39,99,167.282087316945,3.15910058674349
1.23,39,102,142.134834063547,3.13571016421811
1.23,39,105,117.891232310227,3.11013539694996
1.23,39,108,94.6408660771654,3.08217384406587
1.23,39,111,72.4757800398949,3.05139225931672
1.23,39,114,51.4916455699096,3.01670189394753
1.23,39,117,31.789278744748,2.97451223541486
1.23,39,120,13.482185904103,2.90293689628073
1.23,39,123,3.49994571596187,0.0544371164217826
1.23,39,126,18.6339356261536,-0.194008612571014
1.23,39,129,32.1364629462709,-0.252022992576077
1.23,39,132,43.8093112731057,-0.298607508294553
1.23,39,135,53.533377660627,-0.342857774432956
1.23,39,138,61.1988946307163,-0.386869604391617
1.23,39,141,66.7084182094046,-0.43140596277815
1.23,39,144,69.9827513276127,-0.476869374880473
1.23,39,147,70.9673944544806,-0.523595434976939
1.23,39,150,69.6385791381917,-0.572009274550664
1.23,39,153,66.0082220997462,-0.622793566020494
1.23,39,156,60.1275525926494,-0.677189693149702
1.23,39,159,52.0900435120371,-0.737706050775096
1.23,39,162,42.0367168423708,-0.810175165502591
1.23,39,165,30.1780817235419,-0.911607725336354
1.23,39,168,16.9436583094921,-1.11840991170004
1.23,39,171,6.0783922136672,-2.26786917317343
1.23,39,174,16.9769243006004,-3.61622080079776
1.23,39,177,33.8491648189807,-3.84259575760135
1.23,39,180,51.7915692843146,-3.94609176013359
1.23,42,-180,51.7915692843147,2.38945342460583
1.23,42,-177,70.5686164223801,2.31223164869699
1.23,42,-174,89.5306343204696,2.25117516293956
1.23,42,-171,108.344872431467,2.19907063668422
1.23,42,-168,126.698569139468,2.15301975787052
1.23,42,-165,144.298331296385,2.11175178106394
1.23,42,-162,160.876062169488,2.074728350919
1.23,42,-159,176.196522396517,2.04178337521103
1.23,42,-156,190.064769000619,2.01295623849026
1.23,42,-153,202.332547726453,1.98840540409209
1.23,42,-150,212.903045113094,1.9683596058657
1.23,42,-147,221.733632019044,1.95308866542714
1.23,42,-144,228.836454660625,1.94288560358795
1.23,42,-141,234.276970805959,1.93805553136848
1.23,42,-138,238.170760467895,1.93890814138358
1.23,42,-135,240.679108162409,1.94575083041625
1.23,42,-132,242.003898840472,1.95887923674119
1.23,42,-129,242.382254261151,1.97856171622233
1.23,42,-126,242.081064732232,2.00501442374144
1.23,42,-123,241.391197841146,2.03836467290387
1.23,42,-120,240.620795637432,2.07860260139621
1.23,42,-117,240.086848068964,2.12552518489215
1.23,42,-114,240.104311169034,2.17868202979559
1.23,42,-111,240.972543744779,2.23733767004613
1.23,42,-108,242.959758331991,2.30046742772252
1.23,42,-105,246.287287216855,2.36679994073499
1.23,42,-102,251.116284717552,2.43490788107494
1.23,42,-99,257.539509796653,2.50333242446461
1.23,42,-96,265.579847047096,2.57071420944234
1.23,42,-93,275.19556063906,2.6359010854876
1.23,42,-90,286.290668497023,2.69801229217023
1.23,42,-87,298.727942455304,2.75645425028776
1.23,42,-84,312.342093336921,2.8108968128419
1.23,42,-81,326.951418435139,2.86122559962645
1.23,42,-78,342.367109809212,2.90748583240466
1.23,42,-75,358.400180369516,2.94982882965817
1.23,42,-72,374.866408824378,2.98846718162289
1.23,42,-69,391.5898531418,3.02364051023287
1.23,42,-66,408.405433209258,3.05559118544966
1.23,42,-63,425.160943850358,3.08454819926739
1.23,42,-60,441.71871285324,3.11071712925798
1.23,42,-57,457.957016997036,3.13427434476805
1.23,42,-54,473.771332666303,3.15536405106682
1.23,42,-51,489.075517511146,3.17409728216758
1.23,42,-48,503.803061053765,3.19055246463086
1.23,42,-45,517.908553761153,3.20477762879707
1.23,42,-42,531.369454106328,3.21679468207801
1.23,42,-39,544.188051051864,3.22660631162075
1.23,42,-36,556.393236582556,3.23420598377354
1.23,42,-33,568.041382865861,3.23959111705992
1.23,42,-30,579.215369226909,3.24277884413829
1.23,42,-27,590.020749801894,3.24382294873381
1.23,42,-24,600.578291530441,3.24282975635616
1.23,42,-21,611.012670294904,3.23997022961756
1.23,42,-18,621.437913835014,3.23548553187236
1.23,42,-15,631.941044236124,3.2296840434799
1.23,42,-12,642.566059967397,3.22292920589239
1.23,42,-9,653.300683598612,3.2156193317753
1.23,42,-6,664.068065145904,3.20816215547953
1.23,42,-3,674.72490886142,3.20094789378464
1.23,42,0,685.066468211755,3.19432464329712
1.23,42,3,694.837790625377,3.18857911163297
1.23,42,6,703.74972821918,3.18392432577677
1.23,42,9,711.497704972657,3.18049455897157
1.23,42,12,717.781073411801,3.17834664324365
1.23,42,15,722.321051903961,3.17746624613404
1.23,42,18,724.875620610835,3.17777753966859
1.23,42,21,725.250284086991,3.17915481804738
1.23,42,24,723.304206321469,3.18143486047046
1.23,42,27,718.951819798076,3.18442907444263
1.23,42,30,712.160533053195,3.18793465061879
1.23,42,33,702.94554289645,3.19174412314238
1.23,42,36,691.362945628342,3.19565289215775
1.23,42,39,677.502316470557,3.19946445506229
1.23,42,42,661.479710884819,3.20299331525074
1.23,42,45,643.431698417212,3.20606577101432
1.23,42,48,623.510656443898,3.20851899469652
1.23,42,51,601.881215721719,3.21019895226861
1.23,42,54,578.717527482087,3.21095775769061
1.23,42,57,554.200941026075,3.21065099815074
1.23,42,60,528.517729713308,3.20913542153126
1.23,42,63,501.856640229137,3.20626717784154
1.23,42,66,474.406210389607,3.20190058805044
1.23,42,69,446.351954273612,3.19588720661707
1.23,42,72,417.873616610006,3.18807476381288
1.23,42,75,389.142738560514,3.17830541780436
1.23,42,78,360.320759972112,3.16641259003928
1.23,42,81,331.557825694516,3.15221544979992
1.23,42,84,302.99238627299,3.13550976433604
1.23,42,87,274.75160522144,3.11605317787954
1.23,42,90,246.952521507801,3.09354171853872
1.23,42,93,219.70387994903,3.06757182893415
1.23,42,96,193.108549721055,3.03757709956541
1.23,42,99,167.266531699968,3.0027179172639
1.23,42,102,142.278780412582,2.96167718596443
1.23,42,105,118.25263588727,2.91225315938161
1.23,42,108,95.3112088669591,2.85046980624195
1.23,42,111,73.6139167320706,2.76839241168276
1.23,42,114,53.4137678561665,2.64788668017309
1.23,42,117,35.2655343443103,2.4390773805856
1.23,42,120,21.0292266153246,1.97871866916485
1.23,42,123,17.2016659359567,1.05227012710173
1.23,42,126,25.4925376451824,0.394995340307708
1.23,42,129,36.7446783870993,0.110758554124128
1.23,42,132,47.4037837180534,-0.0446545391471439
1.23,42,135,56.5649385550963,-0.150838385084443
1.23,42,138,63.8758682441161,-0.234396947403503
1.23,42,141,69.1420677496945,-0.306243858936318
1.23,42,144,72.2376590049053,-0.371666633041045
1.23,42,147,73.082299406326,-0.433634522238333
1.23,42,150,71.6361233414592,-0.494127480860737
1.23,42,153,67.8999598849273,-0.554825056988004
1.23,42,156,61.9168232713327,-0.617670127432131
1.23,42,159,53.7740484835333,-0.685733927015424
1.23,42,162,43.6089749013057,-0.765391447161395
1.23,42,165,31.6336713033231,-0.874188331518738
1.23,42,168,18.2946187200832,-1.08624329825675
1.23,42,171,6.98826849872141,-2.09842812086069
1.23,42,174,16.6208759513655,-3.51558608400843
1.23,42,177,33.5817487564319,-3.77809323190471
1.23,42,180,51.7915692843147,-3.89373188257376
1.23,45,-180,51.7915692843147,2.44181330216566
1.23,45,-177,70.8603220562561,2.35826960998228
1.23,45,-174,90.1700981644009,2.29301412667165
1.23,45,-171,109.383711597881,2.23776912996079
1.23,45,-168,128.18671265459,2.18919560779637
1.23,45,-165,146.284285942631,2.14580163149033
1.23,45,-162,163.406536208717,2.10692059200514
1.23,45,-159,179.315959372914,2.07230262968028
1.23,45,-156,193.814977576734,2.04192637966795
1.23,45,-153,206.752466217481,2.0159018536136
1.23,45,-150,218.028604437484,1.99441565220973
1.23,45,-147,227.597642362187,1.97769804275537
1.23,45,-144,235.468427543466,1.96600243916898
1.23,45,-141,241.702791334066,1.95959225314569
1.23,45,-138,246.412136026583,1.95873175526049
1.23,45,-135,249.752732958824,1.9636780359039
1.23,45,-132,251.920286352004,1.97467113366584
1.23,45,-129,253.14420683891,1.99191936872203
1.23,45,-126,253.681783958615,2.01557726189014
1.23,45,-123,253.812108202986,2.04571449441846
1.23,45,-120,253.829272180052,2.08227646957173
1.23,45,-117,254.034203569129,2.12504026480604
1.23,45,-114,254.724572781901,2.17357371302925
1.23,45,-111,256.182650126376,2.2272088345016
1.23,45,-108,258.661724680456,2.28504188464703
1.23,45,-105,262.372540081289,2.34596887336492
1.23,45,-102,267.471803865162,2.40875702214453
1.23,45,-99,274.054832655226,2.47214160071322
1.23,45,-96,282.15366879085,2.53492875796467
1.23,45,-93,291.74077272777,2.59608290953666
1.23,45,-90,302.737161903524,2.65478303919627
1.23,45,-87,315.023113543914,2.71044268029434
1.23,45,-84,328.449470854728,2.76269825860138
1.23,45,-81,342.848050623462,2.8113762514157
1.23,45,-78,358.040334309233,2.85645058206489
1.23,45,-75,373.844249912616,2.89799936000658
1.23,45,-72,390.079266404415,2.93616658534884
1.23,45,-69,406.570204853765,2.97113126778975
1.23,45,-66,423.150176340253,3.00308420824428
1.23,45,-63,439.662966502825,3.03221148494524
1.23,45,-60,455.965073077471,3.05868323085145
1.23,45,-57,471.927517408838,3.08264630641047
1.23,45,-54,487.437518252774,3.10421974733074
1.23,45,-51,502.400132282282,3.12349226521482
1.23,45,-48,516.740000169602,3.14052151540107
1.23,45,-45,530.40334143729,3.15533525578786
1.23,45,-42,543.360265093502,3.16793483446716
1.23,45,-39,555.607276092774,3.17830158684534
1.23,45,-36,567.16957054995,3.18640662348326
1.23,45,-33,578.102387774683,3.1922241055599
1.23,45,-30,588.490431724892,3.19574744891766
1.23,45,-27,598.44431317496,3.19700706166273
1.23,45,-24,608.093196975288,3.19608738297646
1.23,45,-21,617.573396571299,3.19314040208597
1.23,45,-18,627.013468827237,3.18839276428751
1.23,45,-15,636.517250506864,3.18214420713128
1.23,45,-12,646.147002353371,3.17475641613436
1.23,45,-9,655.909156228316,3.16663318387376
1.23,45,-6,665.744961224037,3.1581945104235
1.23,45,-3,675.527619342758,3.14984845364992
1.23,45,0,685.066468211755,3.14196476573729
1.23,45,3,694.117670955538,3.1348536293882
1.23,45,6,702.399960599671,3.12875146356039
1.23,45,9,709.613413577752,3.12381429163944
1.23,45,12,715.459033196062,3.12011797110651
1.23,45,15,719.657061300884,3.11766387605201
1.23,45,18,721.962318602166,3.11638838513107
1.23,45,21,722.175412906719,3.11617460918452
1.23,45,24,720.149271301504,3.11686502271309
1.23,45,27,715.791072853781,3.11827391808326
1.23,45,30,709.060206593837,3.12019882712596
1.23,45,33,699.963281548179,3.12243025288734
1.23,45,36,688.54741459912,3.12475925059971
1.23,45,39,674.892996249773,3.12698261373584
1.23,45,42,659.106908294564,3.12890565979492
1.23,45,45,641.316808291835,3.13034284871325
1.23,45,48,621.666696665045,3.13111666653081
1.23,45,51,600.313636204149,3.13105532978122
1.23,45,54,577.425268661626,3.12998988764777
1.23,45,57,553.177696494606,3.12775121698158
1.23,45,60,527.753355025579,3.12416723881233
1.23,45,63,501.338646150304,3.11906046603607
1.23,45,66,474.121281906412,3.11224575404159
1.23,45,69,446.287443714494,3.10352789330139
1.23,45,72,418.01896837589,3.09269846248739
1.23,45,75,389.490814461862,3.07953113738646
1.23,45,78,360.869050317348,3.06377438247036
1.23,45,81,332.309555979725,3.04514005909148
1.23,45,84,303.957567599904,3.02328582835474
1.23,45,87,275.948134990258,2.99778806083654
1.23,45,90,248.407529936462,2.96809982780777
1.23,45,93,221.455657646139,2.93348452978452
1.23,45,96,195.209624228274,2.89290793331846
1.23,45,99,169.78887905516,2.84485573896034
1.23,45,102,145.322968111291,2.78701097239985
1.23,45,105,121.964370189967,2.71565346703752
1.23,45,108,99.9123961446552,2.62448003585385
1.23,45,111,79.4632317739639,2.5021755832056
1.23,45,114,61.1253506895724,2.32740213080599
1.23,45,117,45.892354842116,2.06053585026984
1.23,45,120,35.7204397710896,1.64945882912329
1.23,45,123,33.0755001516946,1.12639958310641
1.23,45,126,37.5038563187721,0.672804539160224
1.23,45,129,45.3956884678919,0.367020887206028
1.23,45,132,53.9268105075104,0.164060010746697
1.23,45,135,61.7126314647262,0.0186754229802728
1.23,45,138,68.082822271475,-0.0944028574400907
1.23,45,141,72.6722934969984,-0.188532434513979
1.23,45,144,75.2612366426674,-0.271134367937164
1.23,45,147,75.7142986211323,-0.346679250055866
1.23,45,150,73.9571645127108,-0.418180560355488
1.23,45,153,69.9675952993938,-0.488050995082463
1.23,45,156,63.7721879189281,-0.558788202220689
1.23,45,159,55.4461919601983,-0.633932645057274
1.23,45,162,45.1186531450359,-0.720324653459798
1.23,45,165,32.9992653749592,-0.835961474637453
1.23,45,168,19.5471185318331,-1.05305617452127
1.23,45,171,7.93045300904832,-1.969024829969
1.23,45,174,16.3750442100007,-3.41573014649613
1.23,45,177,33.3643187989029,-3.71385389843376
1.23,45,180,51.7915692843147,-3.84137200501393
1.23,48,-180,51.7915692843148,2.49417317972549
1.23,48,-177,71.0985850387772,2.40454204575036
1.23,48,-174,90.6997776538475,2.3352763869618
1.23,48,-171,110.255450158074,2.27705295131465
1.23,48,-168,129.451727088166,2.22610051506825
1.23,48,-165,147.994643853524,2.18071015927357
1.23,48,-162,165.614634206281,2.14008914172705
1.23,48,-159,182.073799810041,2.10390494089294
1.23,48,-156,197.173452225362,2.07207613246897
1.23,48,-153,210.760709028135,2.04466493808985
1.23,48,-150,222.733406675375,2.0218167319105
1.23,48,-147,233.042890008424,2.00372358088743
1.23,48,-144,241.694508238583,1.99060124826642
1.23,48,-141,248.745916901644,1.98267412875357
1.23,48,-138,254.303528829387,1.98016458485206
1.23,48,-135,258.517625263266,1.98328383700552
1.23,48,-132,261.576682456687,1.99222174063632
1.23,48,-129,263.701365813141,2.00713294005673
1.23,48,-126,265.13841006644,2.02811737000341
1.23,48,-123,266.154301805254,2.05519415249758
1.23,48,-120,267.028405611274,2.08826977588011
1.23,48,-117,268.045036683534,2.12710399510785
1.23,48,-114,269.484075047559,2.1712797283813
1.23,48,-111,271.610080467371,2.22018541008032
1.23,48,-108,274.660450665768,2.27301846940949
1.23,48,-105,278.833799003841,2.32881568444654
1.23,48,-102,284.280154159448,2.38651005481497
1.23,48,-99,291.09456318513,2.44500626735358
1.23,48,-96,299.315131058709,2.5032609046962
1.23,48,-93,308.9256192792,2.5603520874885
1.23,48,-90,319.861798455566,2.61552693200791
1.23,48,-87,332.020144314925,2.66822212852713
1.23,48,-84,345.267340805322,2.71805992096015
1.23,48,-81,359.449340303968,2.7648263035959
1.23,48,-78,374.399225540462,2.8084396009045
1.23,48,-75,389.943610658039,2.84891650015259
1.23,48,-72,405.907677457127,2.88634036388678
1.23,48,-69,422.119127858242,2.92083434967075
1.23,48,-66,438.411371554276,2.95254009166877
1.23,48,-63,454.626215450713,2.98160159968667
1.23,48,-60,470.61623870519,3.00815351198161
1.23,48,-57,486.246970931274,3.03231273015794
1.23,48,-54,501.398966534354,3.05417261485068
1.23,48,-51,515.969883967923,3.07379921760793
1.23,48,-48,529.876707790939,3.09122938651076
1.23,48,-45,543.058248330583,3.10647094074099
1.23,48,-42,555.4779706704,3.1195053889543
1.23,48,-39,567.127012975952,3.13029378891
1.23,48,-36,578.02696504734,3.13878623887289
1.23,48,-33,588.231653118073,3.14493511052873
1.23,48,-30,597.826921695384,3.14871148695079
1.23,48,-27,606.927340508678,3.15012343935728
1.23,48,-24,615.668993828943,3.14923392814198
1.23,48,-21,624.198062500613,3.14617548460139
1.23,48,-18,632.655718795576,3.14115868548295
1.23,48,-15,641.160750876025,3.13447197995546
1.23,48,-12,649.792080219261,3.12647170381553
1.23,48,-9,658.573699155069,3.11756289798997
1.23,48,-6,667.464394350141,3.10817337460436
1.23,48,-3,676.353946008535,3.09872479051281
1.23,48,0,685.066468211755,3.08960488817746
1.23,48,3,693.370442605927,3.08114447584018
1.23,48,6,700.99404945312,3.07360142744748
1.23,48,9,707.643783457258,3.06715246785315
1.23,48,12,713.024107796335,3.0618922153203
1.23,48,15,716.856008833604,3.05783812775308
1.23,48,18,718.892683305951,3.05493966104485
1.23,48,21,718.931130773911,3.05308996794618
1.23,48,24,716.819055177714,3.05213867392318
1.23,48,27,712.457121605803,3.0519045307133
1.23,48,30,705.797186179717,3.05218700326477
1.23,48,33,696.83753872262,3.05277608144045
1.23,48,36,685.616408284323,3.05345984096062
1.23,48,39,672.204956880771,3.05402952390685
1.23,48,42,656.700752403075,3.05428216468691
1.23,48,45,639.222338787104,3.05402102832402
1.23,48,48,619.905108441006,3.05305431744507
1.23,48,51,598.898326132313,3.05119270775637
1.23,48,54,576.362925360626,3.04824627000576
1.23,48,57,552.469624800949,3.04402123224896
1.23,48,60,527.396976749935,3.03831685193886
1.23,48,63,501.329113412191,3.03092243546113
1.23,48,66,474.453140808067,3.02161429439357
1.23,48,69,446.956292422067,3.0101521826225
1.23,48,72,419.02306380415,2.99627451788676
1.23,48,75,390.832596444265,2.97969143419187
1.23,48,78,362.556573898459,2.96007438968432
1.23,48,81,334.357855062654,2.93704058387493
1.23,48,84,306.390021174945,2.91012967904667
1.23,48,87,278.797976102251,2.87876903903012
1.23,48,90,251.719735318781,2.84222148949753
1.23,48,93,225.28959564423,2.79950575160368
1.23,48,96,199.643042308658,2.74927293141755
1.23,48,99,174.924111886774,2.68961055857703
1.23,48,102,151.296664954623,2.61772527875067
1.23,48,105,128.962465471124,2.52942347476239
1.23,48,108,108.191654353719,2.4182757768913
1.23,48,111,89.3753888879273,2.27440317222671
1.23,48,114,73.1119978682338,2.08338531852875
1.23,48,117,60.3088854799196,1.82830428524846
1.23,48,120,52.1288839762427,1.50347071949089
1.23,48,123,49.3604006046249,1.14083172559265
1.23,48,126,51.4086790316273,0.803651320682072
1.23,48,129,56.445947316448,0.531137906305727
1.23,48,132,62.6106559541551,0.321890522865881
1.23,48,135,68.6068454822412,0.159399014859061
1.23,48,138,73.6355606263044,0.0285029698930155
1.23,48,141,77.2054401166697,-0.0814265381437078
1.23,48,144,79.0057942280751,-0.177420113776317
1.23,48,147,78.8395736290068,-0.264212896980162
1.23,48,150,76.5903130627566,-0.345218927853519
1.23,48,153,72.2060523282085,-0.423242748571372
1.23,48,156,65.6915638360092,-0.501141966010105
1.23,48,159,57.1055999784421,-0.582806687285702
1.23,48,162,46.5652044362292,-0.675460481171129
1.23,48,165,34.274423695138,-0.797499095879739
1.23,48,168,20.7017952698692,-1.01964386512514
1.23,48,171,8.86552016439429,-1.86720766498321
1.23,48,174,16.2363421422795,-3.31756022038203
1.23,48,177,33.1970996582679,-3.64995465075884
1.23,48,180,51.7915692843148,-3.7890121274541
1.23,51,-180,51.7915692843147,2.54653305728532
1.23,51,-177,71.2825106806547,2.45105415642746
1.23,51,-174,91.1172936283807,2.37795842256802
1.23,51,-171,110.955631378197,2.31690583502137
1.23,51,-168,130.486449702318,2.26370397668609
1.23,51,-165,149.418868848474,2.21643200691436
1.23,51,-162,167.485740356057,2.17417359124982
1.23,51,-159,184.450603079214,2.13651492800211
1.23,51,-156,200.115142833237,2.10331544525813
1.23,51,-153,214.325793896445,2.07459043000672
1.23,51,-150,226.978682686756,2.05044510761946
1.23,51,-147,238.022444684154,2.03103484552414
1.23,51,-144,247.458731777236,2.01653982903511
1.23,51,-141,255.340502646131,2.00714819344904
1.23,51,-138,261.768430923173,2.00304392311349
1.23,51,-135,266.885929967999,2.00439673473246
1.23,51,-132,270.873337357212,2.01135152604707
1.23,51,-129,273.941709573871,2.02401527983461
1.23,51,-126,276.326469246461,2.0424398824517
1.23,51,-123,278.280884207431,2.06660034896172
1.23,51,-120,280.069127119471,2.09636951465304
1.23,51,-117,281.958558822174,2.13149222756717
1.23,51,-114,284.210967382939,2.17156404982237
1.23,51,-111,287.072795160475,2.21602073728608
1.23,51,-108,290.764838251946,2.26414446173911
1.23,51,-105,295.472365409256,2.31509026866833
1.23,51,-102,301.336888617708,2.36793182068174
1.23,51,-99,308.45076707818,2.42172033609453
1.23,51,-96,316.855402751652,2.47554678175785
1.23,51,-93,326.54311396863,2.5285965016657
1.23,51,-90,337.462092101233,2.58018791678172
1.23,51,-87,349.523386838646,2.62979153238832
1.23,51,-84,362.608743254348,2.67703027510753
1.23,51,-81,376.578294720875,2.7216655316253
1.23,51,-78,391.277467377644,2.76357456128892
1.23,51,-75,406.542825340014,2.8027245330336
1.23,51,-72,422.206876145098,2.83914706665289
1.23,51,-69,438.102021140871,2.87291557507185
1.23,51,-66,454.063885346352,2.90412636900589
1.23,51,-63,469.934234497493,2.93288357529545
1.23,51,-60,485.563630529235,2.95928742756533
1.23,51,-57,500.81393059677,2.98342532582455
1.23,51,-54,515.560721475808,3.00536513170221
1.23,51,-51,529.695799809939,3.02515038404013
1.23,51,-48,543.129833962061,3.04279741476105
1.23,51,-45,555.795332680957,3.05829464886564
1.23,51,-42,567.649954990701,3.07160461070197
1.23,51,-39,578.67999915021,3.08266925246085
1.23,51,-36,588.903619265763,3.09141909925856
1.23,51,-33,598.372997572812,3.09778632490022
1.23,51,-30,607.174451357132,3.10172123942701
1.23,51,-27,615.425394778728,3.1032108572621
1.23,51,-24,623.267303312986,3.10229737388694
1.23,51,-21,630.854373235368,3.09909373065059
1.23,51,-18,638.338366913534,3.09379324676445
1.23,51,-15,645.851024473738,3.08667075754302
1.23,51,-12,653.486175250025,3.07807388179673
1.23,51,-9,661.284070221054,3.0684047708605
1.23,51,-6,669.22033343036,3.05809454191938
1.23,51,-3,677.201294613472,3.047574024347
1.23,51,0,685.066468211755,3.03724501061763
1.23,51,3,692.597834190763,3.02745577152128
1.23,51,6,699.534606231671,3.01848339617167
1.23,51,9,705.59151760263,3.0105240051146
1.23,51,12,710.478378090782,3.00369051820417
1.23,51,15,713.9187287579,2.99801672288305
1.23,51,18,715.665769209129,2.99346594382239
1.23,51,21,715.514267698073,2.9899425594889
1.23,51,24,713.307803923717,2.98730478450106
1.23,51,27,708.941354259431,2.98537740234581
1.23,51,30,702.359821940806,2.98396341438814
1.23,51,33,693.553555145224,2.98285384521653
1.23,51,36,682.552118129886,2.98183521646055
1.23,51,39,669.417558707972,2.98069447788856
1.23,51,42,654.238175389782,2.97922145735832
1.23,51,45,637.123403825059,2.97720913390157
1.23,51,48,618.200017370023,2.97445221589615
1.23,51,51,597.609472233298,2.9707445890859
1.23,51,54,575.505996367403,2.96587617431506
1.23,51,57,552.054950239307,2.95962961088475
1.23,51,60,527.431058145647,2.95177698442976
1.23,51,63,501.816270180733,2.94207658161171
1.23,51,66,475.397205868743,2.93026940738425
1.23,51,69,448.362298450434,2.91607496117306
1.23,51,72,420.898872698199,2.89918553558995
1.23,51,75,393.190441327375,2.87925805538266
1.23,51,78,365.414506220695,2.85590217461262
1.23,51,81,337.741120999032,2.8286629321216
1.23,51,84,310.332433088362,2.79699563396991
1.23,51,87,283.343396516652,2.76022964958255
1.23,51,90,256.923849974436,2.71751628647976
1.23,51,93,231.22220958563,2.66775361791322
1.23,51,96,206.39116190843,2.6094779251299
1.23,51,99,182.596000074232,2.54070767726186
1.23,51,102,160.026660472346,2.45872427877538
1.23,51,105,138.915036439314,2.35978398904138
1.23,51,108,119.559301515447,2.23880877216703
1.23,51,111,102.354827218433,2.08928492926672
1.23,51,114,87.8208395760804,1.9040688617054
1.23,51,117,76.5814314744376,1.67855033382935
1.23,51,120,69.2124443774308,1.41718099664859
1.23,51,123,65.9023283886803,1.13899416040755
1.23,51,126,66.1444838842239,0.871651766895512
1.23,51,129,68.8431709540796,0.635733224454068
1.23,51,132,72.7553540350146,0.437159706758082
1.23,51,135,76.8291423700365,0.271941732723936
1.23,51,138,80.2905637677895,0.132960603906024
1.23,51,141,82.6002898448568,0.0134805870077912
1.23,51,144,83.389364861704,-0.0918952486555617
1.23,51,147,82.4106253611128,-0.187318125062347
1.23,51,150,79.5082308104694,-0.276076831134557
1.23,51,153,74.5997910548419,-0.361047386742512
1.23,51,156,67.6662591881796,-0.445249862171059
1.23,51,159,58.7474859483064,-0.532799137718042
1.23,51,162,47.946044056027,-0.631221804460206
1.23,51,165,35.4579543784328,-0.759280584984755
1.23,51,168,21.7592452788753,-0.986615700713198
1.23,51,171,9.77237769240161,-1.78500940610908
1.23,51,174,16.2005119604813,-3.22194847587232
1.23,51,177,33.0801681904387,-3.58647140372502
1.23,51,180,51.7915692843147,-3.73665224989427
1.23,54,-180,51.7915692843147,2.59889293484515
1.23,54,-177,71.4113735124988,2.49781091154655
1.23,54,-174,91.4206444684128,2.42105689250491
1.23,54,-171,111.480387705943,2.35731240606332
1.23,54,-168,131.284482039278,2.30197727473478
1.23,54,-165,150.547289372788,2.25292464710903
1.23,54,-162,169.006095178585,2.20911755253459
1.23,54,-159,186.427641090154,2.17006256630753
1.23,54,-156,202.615415415507,2.13556109493222
1.23,54,-153,217.416200218745,2.10558251893549
1.23,54,-150,230.72501941572,2.08019312649345
1.23,54,-147,242.487993899502,2.05951317822923
1.23,54,-144,252.702907053429,2.04368939897745
1.23,54,-141,261.417559791826,2.03287641155237
1.23,54,-138,268.726230503902,2.02722327305318
1.23,54,-135,274.764713171465,2.02686239574863
1.23,54,-132,279.704451898783,2.03189866522145
1.23,54,-129,283.746211329348,2.04239700065104
1.23,54,-126,287.113543837955,2.05836722227345
1.23,54,-123,290.046093243782,2.07974604787592
1.23,54,-120,292.792588240868,2.10637734182023
1.23,54,-117,295.603302034114,2.13799322260651
1.23,54,-114,298.721836388217,2.17419993958079
1.23,54,-111,302.376328362048,2.21447304050565
1.23,54,-108,306.770515557171,2.25816575095097
1.23,54,-105,312.0754163399,2.30453242701897
1.23,54,-102,318.422551227526,2.35276573332034
1.23,54,-99,325.899552963756,2.40204277518881
1.23,54,-96,334.548678234173,2.45157302991
1.23,54,-93,344.368241896526,2.50064053008873
1.23,54,-90,355.316509175043,2.54863447547126
1.23,54,-87,367.317255512597,2.59506551800354
1.23,54,-84,380.266112920126,2.63956817513
1.23,54,-81,394.036944428974,2.68189217003947
1.23,54,-78,408.48773731956,2.72188654700722
1.23,54,-75,423.465778813145,2.75948030740422
1.23,54,-72,438.812097946556,2.79466250549372
1.23,54,-69,454.365289205827,2.82746370291099
1.23,54,-66,469.964879749421,2.85793973581362
1.23,54,-63,485.454389433302,2.88615805655065
1.23,54,-60,500.684197185926,2.91218650296623
1.23,54,-57,515.514300481961,2.93608418797198
1.23,54,-54,529.817054523588,2.95789423316081
1.23,54,-51,543.480001346922,2.97763823480823
1.23,54,-48,556.408921746127,2.99531259072036
1.23,54,-45,568.531224807974,3.01088706896714
1.23,54,-42,579.799690650244,3.02430619308921
1.23,54,-39,590.19638050375,3.03549407747944
1.23,54,-36,599.736240606498,3.04436320486325
1.23,54,-33,608.46961403251,3.05082725560545
1.23,54,-30,616.482637070058,3.05481748180639
1.23,54,-27,623.894447004898,3.0563013343467
1.23,54,-24,630.850355836609,3.05530123423533
1.23,54,-21,637.510677542407,3.0519107323814
1.23,54,-18,644.035674015626,3.04630506257062
1.23,54,-15,650.567953565932,3.03874347051021
1.23,54,-12,657.214399883676,3.02956178005428
1.23,54,-9,664.030110491895,3.01915529933831
1.23,54,-6,671.006737087341,3.0079539964564
1.23,54,-3,678.067033954565,2.99639336823351
1.23,54,0,685.066468211755,2.9848851330578
1.23,54,3,691.801658690768,2.9737916153778
1.23,54,6,698.024433775446,2.96340661818601
1.23,54,9,703.459611576583,2.95394411247653
1.23,54,12,707.82428486367,2.94553466488395
1.23,54,15,710.846424433619,2.93822849210775
1.23,54,18,712.28093258032,2.93200347681939
1.23,54,21,711.92180036081,2.92677633720978
1.23,54,24,709.609663478764,2.92241526763962
1.23,54,27,705.23472386377,2.91875262520087
1.23,54,30,698.735614251158,2.9155965397217
1.23,54,33,690.095240431947,2.91274063615071
1.23,54,36,679.334870224515,2.90997137026089
1.23,54,39,666.507721319058,2.90707278736403
1.23,54,42,651.693058017902,2.90382880428014
1.23,54,45,634.991416003986,2.90002335902932
1.23,54,48,616.521140642684,2.89543893793618
1.23,54,51,596.416052948305,2.88985405181487
1.23,54,54,574.823823139381,2.88304018588424
1.23,54,57,551.904562377851,2.87475860718542
1.23,54,60,527.82921912679,2.86475720887108
1.23,54,63,502.777535085187,2.85276733784394
1.23,54,66,476.935513668556,2.83850032004739
1.23,54,69,450.49252806556,2.82164318256239
1.23,54,72,423.638314621776,2.80185287446765
1.23,54,75,396.560153388778,2.77874809584235
1.23,54,78,369.440542040255,2.75189763180112
1.23,54,81,342.455641835294,2.72080382444056
1.23,54,84,315.774735422386,2.68487946791138
1.23,54,87,289.560902541357,2.64341596280774
1.23,54,90,263.973102555112,2.59554005168906
1.23,54,93,239.169859038739,2.54015606990218
1.23,54,96,215.314770945229,2.47587098895659
1.23,54,99,192.584105616028,2.40090222654209
1.23,54,102,171.17667604502,2.31297722276866
1.23,54,105,151.325813588789,2.20925796036452
1.23,54,108,133.311871841329,2.08637945386836
1.23,54,111,117.469999965822,1.94079795856196
1.23,54,114,104.18015285387,1.76977914446155
1.23,54,117,93.8157536311722,1.5733105518959
1.23,54,120,86.6284872460438,1.35647935984151
1.23,54,123,82.5899663035903,1.13030785591363
1.23,54,126,81.290130243274,0.908821086143759
1.23,54,129,81.9960850862853,0.70365174036814
1.23,54,132,83.8398660643834,0.520627699498265
1.23,54,135,85.9996359591938,0.360218876418672
1.23,54,138,87.7925937017527,0.219852157961438
1.23,54,141,88.691564796814,0.0959135429248526
1.23,54,144,88.3068789077549,-0.0151881852651059
1.23,54,147,86.3614702695467,-0.116661711549565
1.23,54,150,82.6699877424909,-0.211353237274935
1.23,54,153,77.1238311549914,-0.30197493913176
1.23,54,156,69.6813767907786,-0.391545346571853
1.23,54,159,60.3632691850081,-0.4842931211315
1.23,54,162,49.2565366375991,-0.587977885208134
1.23,54,165,36.5478379839809,-0.721716823935559
1.23,54,168,22.7199704891733,-0.95446488957395
1.23,54,171,10.6400653667108,-1.71740522725423
1.23,54,174,16.2623959093925,-3.12967434072064
1.23,54,177,33.0134594721014,-3.52347779108584
1.23,54,180,51.7915692843147,-3.68429237233444
1.23,57,-180,51.7915692843146,2.65125281240498
1.23,57,-177,71.4846213798277,2.54481708468048
1.23,57,-174,91.6082198715422,2.46456865811482
1.23,57,-171,111.826471400166,2.39825810448681
1.23,57,-168,131.840246773953,2.3408932355622
1.23,57,-165,151.371193451466,2.29014791705654
1.23,57,-162,170.162943403552,2.24486790798036
1.23,57,-159,187.987117409815,2.20448208818298
1.23,57,-156,204.650364745689,2.16873516890887
1.23,57,-153,220.0008017059,2.13755179761372
1.23,57,-150,233.932943218875,2.11096062711644
1.23,57,-147,246.390611089885,2.08904843623848
1.23,57,-144,257.367606150065,2.07193057807955
1.23,57,-141,266.906202814848,2.05973081698833
1.23,57,-138,275.093751238086,2.0525665715292
1.23,57,-135,282.057822458324,2.05053690868677
1.23,57,-132,287.960378613873,2.05371131727636
1.23,57,-129,292.99138837862,2.0621178208168
1.23,57,-126,297.362162325624,2.07572963268873
1.23,57,-123,301.298506034059,2.09445041670714
1.23,57,-120,305.03364571297,2.11809926365353
1.23,57,-117,308.800830242912,2.14639755857803
1.23,57,-114,312.825585497614,2.17896070111719
1.23,57,-111,317.317779738279,2.21529780012414
1.23,57,-108,322.463895390561,2.25482171701764
1.23,57,-105,328.420103432392,2.29687014817635
1.23,57,-102,335.306811602593,2.34073615610619
1.23,57,-99,343.205253889195,2.38570435813541
1.23,57,-96,352.156419502267,2.43108762362684
1.23,57,-93,362.16226383264,2.47625910827374
1.23,57,-90,373.188813552504,2.52067573595622
1.23,57,-87,385.170568502505,2.56389129898181
1.23,57,-84,398.015555986049,2.60555945164328
1.23,57,-81,411.610489018379,2.64542842299097
1.23,57,-78,425.825658929814,2.68333001552921
1.23,57,-75,440.519385737272,2.71916546130243
1.23,57,-72,455.542004772253,2.75289023645308
1.23,57,-69,470.739460890132,2.78449927770977
1.23,57,-66,485.956614238152,2.81401341530423
1.23,57,-63,501.04035398961,2.84146735398298
1.23,57,-60,515.842595855984,2.86689923539865
1.23,57,-57,530.223229550243,2.89034169314908
1.23,57,-54,544.05309548198,2.91181433714717
1.23,57,-51,557.217099433511,2.93131773898617
1.23,57,-48,569.617594537547,2.94882918889671
1.23,57,-45,581.17813404582,2.96430070179837
1.23,57,-42,591.847590392778,2.97765989877092
1.23,57,-39,601.604430034471,2.98881441173264
1.23,57,-36,610.460649333833,2.99766029385473
1.23,57,-33,618.464576264494,3.00409453290905
1.23,57,-30,625.701521393918,3.00803116721088
1.23,57,-27,632.291224864074,3.00941975518656
1.23,57,-24,638.381275368822,3.00826417145835
1.23,57,-21,644.136195445748,3.00463907467143
1.23,57,-18,649.722635663919,2.99870113146025
1.23,57,-15,655.291955363453,2.9906923854438
1.23,57,-12,660.962189051431,2.98093412420004
1.23,57,-9,666.801801706276,2.96981112191363
1.23,57,-6,672.817583680215,2.95774789542472
1.23,57,-3,678.948506478711,2.94518012974232
1.23,57,0,685.066468211755,2.93252525549797
1.23,57,3,690.983811782012,2.92015606899678
1.23,57,6,696.46653134837,2.90838037123154
1.23,57,9,701.251372579469,2.89742822061145
1.23,57,12,705.064667984454,2.88744698110108
1.23,57,15,707.640732554685,2.87850323838971
1.23,57,18,708.73792478572,2.87058999655074
1.23,57,21,708.150977820297,2.86363732931081
1.23,57,24,705.718840275205,2.85752472454316
1.23,57,27,701.3279445613,2.85209359821694
1.23,57,30,694.911443684235,2.84715877073031
1.23,57,33,686.445429607938,2.84251804381436
1.23,57,36,675.943393039029,2.83795936736204
1.23,57,39,663.450175096697,2.83326542685381
1.23,57,42,649.036421071504,2.82821579111133
1.23,57,45,632.794152795624,2.82258700637863
1.23,57,48,614.83363731579,2.81615117591895
1.23,57,51,595.281353238494,2.80867360613175
1.23,57,54,574.278619401303,2.79991003243019
1.23,57,57,551.980382179646,2.78960378289728
1.23,57,60,528.553737832873,2.77748303020618
1.23,57,63,504.175941165522,2.76325805966542
1.23,57,66,479.031856665893,2.7466182730601
1.23,57,69,453.310988324366,2.72722847076171
1.23,57,72,427.204347144698,2.70472381183943
1.23,57,75,400.901473072359,2.67870273792966
1.23,57,78,374.58793112403,2.64871705306088
1.23,57,81,348.443568898802,2.61425827637613
1.23,57,84,322.641772981214,2.5747393453754
1.23,57,87,297.349907619333,2.52947080561754
1.23,57,90,272.731064742158,2.47763093231019
1.23,57,93,248.94719431088,2.41823012916483
1.23,57,96,226.163598150911,2.35007213991319
1.23,57,99,204.554611159131,2.27171943322303
1.23,57,102,184.309958865356,2.18147990410351
1.23,57,105,165.640573319651,2.07744996194442
1.23,57,108,148.781263682957,1.95767688148822
1.23,57,111,133.985313124038,1.82053241187508
1.23,57,114,121.503288816723,1.66538103196629
1.23,57,117,111.53789303843,1.49349331347517
1.23,57,120,104.174650197054,1.30882853130421
1.23,57,123,99.3086748237126,1.11798043851934
1.23,57,126,96.6081922519348,0.928815357827673
1.23,57,129,95.5465580529732,0.748340857731333
1.23,57,132,95.4910274644037,0.581095697340983
1.23,57,135,95.801625025901,0.428828583865062
1.23,57,138,95.901162171656,0.291156414310006
1.23,57,141,95.3076827421882,0.16647563828355
1.23,57,144,93.6404287683796,0.0526637375203698
1.23,57,147,90.6131717892321,-0.052539668234415
1.23,57,150,86.0239165754125,-0.151421154609104
1.23,57,153,79.7451715209434,-0.246398216533384
1.23,57,156,71.7164878602962,-0.340376381659756
1.23,57,159,61.9408689364957,-0.437614163624711
1.23,57,162,50.4901003356813,-0.546051648076785
1.23,57,165,37.5412414861473,-0.685167335266052
1.23,57,168,23.5843977781362,-0.923611278367347
1.23,57,171,11.4635161232145,-1.66118981810388
1.23,57,174,16.4162803362623,-3.04137993827615
1.23,57,177,32.9967741595371,-3.46104388913615
1.23,57,180,51.7915692843146,-3.63193249477461
1.23,60,-180,51.7915692843146,2.7036126899648
1.23,60,-177,71.5018788589167,2.59207728716943
1.23,60,-174,91.6788132955227,2.50849080700585
1.23,60,-171,111.991284294952,2.43972912197914
1.23,60,-168,132.149046394684,2.38042601785945
1.23,60,-165,151.882931460147,2.32806360405454
1.23,60,-162,170.944699895282,2.28137413996683
1.23,60,-159,189.112419554151,2.23971100066332
1.23,60,-156,206.197180435796,2.20276371220241
1.23,60,-153,222.049377631985,2.17041347852227
1.23,60,-150,236.563610975893,2.14265266650201
1.23,60,-147,249.681663538311,2.1195361750275
1.23,60,-144,261.393326846086,2.10114998051533
1.23,60,-141,271.735103389124,2.08758948123897
1.23,60,-138,280.787031610563,2.07894352000914
1.23,60,-135,288.668020602353,2.07528149012501
1.23,60,-132,295.530131552973,2.07664175088407
1.23,60,-129,301.552200557274,2.08302019196187
1.23,60,-126,306.933087708161,2.09435842959785
1.23,60,-123,311.884705888372,2.11053186948138
1.23,60,-120,316.624881902736,2.13133868107677
1.23,60,-117,321.370074517907,2.15649143937066
1.23,60,-114,326.328034095818,2.18561358008007
1.23,60,-111,331.690617473024,2.21824266735675
1.23,60,-108,337.627118909517,2.25384168052586
1.23,60,-105,344.278577847811,2.29181818151715
1.23,60,-102,351.753521978183,2.33154965142333
1.23,60,-99,360.125479861476,2.37241195517731
1.23,60,-96,369.432377748062,2.41380724434957
1.23,60,-93,379.677683955433,2.45518784453408
1.23,60,-90,390.832955190171,2.49607367656881
1.23,60,-87,402.841326345714,2.53606215607242
1.23,60,-84,415.621483881971,2.57483085895077
1.23,60,-81,429.071750607259,2.61213420090581
1.23,60,-78,443.074042556859,2.64779583069092
1.23,60,-75,457.497591145697,2.68169843883476
1.23,60,-72,472.202423687836,2.71377239505252
1.23,60,-69,487.042649982538,2.74398422062878
1.23,60,-66,501.869617124092,2.77232550802061
1.23,60,-63,516.534986063662,2.79880259472725
1.23,60,-60,530.893772848456,2.8234271125121
1.23,60,-57,544.807401849789,2.84620746824464
1.23,60,-54,558.146843160879,2.8671413551084
1.23,60,-51,570.795941053729,2.88620951801121
1.23,60,-48,582.655058436287,2.90337116854841
1.23,60,-45,593.645128291534,2.91856161377681
1.23,60,-42,603.712086251804,2.93169277003661
1.23,60,-39,612.831448718613,2.94265721690333
1.23,60,-36,621.012522368826,2.9513362568805
1.23,60,-33,628.301445642446,2.95761205844357
1.23,60,-30,634.782061555455,2.96138338509666
1.23,60,-27,640.573600429096,2.96258370816336
1.23,60,-24,645.824382534491,2.96119977371339
1.23,60,-21,650.70125098019,2.95728810164466
1.23,60,-18,655.375156770253,2.95098662841999
1.23,60,-15,660.004108588771,2.94251894557529
1.23,60,-12,664.715386983925,2.93218943229276
1.23,60,-9,669.58932053831,2.92036896632527
1.23,60,-6,674.646899973749,2.90747255296169
1.23,60,-3,679.843038666677,2.89393171206504
1.23,60,0,685.066468211755,2.88016537793814
1.23,60,3,690.146269787165,2.86655314051678
1.23,60,6,694.864098912975,2.8534139197452
1.23,60,9,698.970438032987,2.84099190622023
1.23,60,12,702.202806595136,2.82945022062237
1.23,60,15,704.303791382265,2.81887158455899
1.23,60,18,705.036994033111,2.80926453803608
1.23,60,21,704.199460982516,2.8005734000444
1.23,60,24,701.629780778243,2.79269016083396
1.23,60,27,697.211710502039,2.78546669983286
1.23,60,30,690.873823768199,2.77872604400993
1.23,60,33,682.586156873701,2.77227175452726
1.23,60,36,672.355089074376,2.76589491704499
1.23,60,39,660.217694019031,2.75937858432458
1.23,60,42,646.236565760172,2.75249984798285
1.23,60,45,630.495731568528,2.74502996578658
1.23,60,48,613.09782415017,2.73673311347583
1.23,60,51,594.162307200529,2.72736435325995
1.23,60,54,573.82430961341,2.71666732417153
1.23,60,57,552.233555418601,2.70437199162825
1.23,60,60,529.552959363119,2.69019258508188
1.23,60,63,505.956637911299,2.6738256432932
1.23,60,66,481.627296297789,2.65494790671978
1.23,60,69,456.753137580763,2.63321366246778
1.23,60,72,431.524565380769,2.60825106425371
1.23,60,75,406.131009003733,2.57965691686545
1.23,60,78,380.758197535245,2.54698943275855
1.23,60,81,355.586166581374,2.50975855053249
1.23,60,84,330.788215242409,2.46741358844007
1.23,60,87,306.530952383214,2.41932837113136
1.23,60,90,282.975481451323,2.36478466635356
1.23,60,93,260.279662604141,2.30295606472059
1.23,60,96,238.601238252581,2.23289675231679
1.23,60,99,218.101376033836,2.15354354709519
1.23,60,102,198.947815189757,2.06374565788435
1.23,60,105,181.316231764385,1.96234469149139
1.23,60,108,165.38764275948,1.84833465260395
1.23,60,111,151.338829522331,1.72112918831752
1.23,60,114,139.322551866847,1.58093362030365
1.23,60,117,129.436136921416,1.42914402949423
1.23,60,120,121.682328247999,1.26858836494089
1.23,60,123,115.934225184496,1.10337419242535
1.23,60,126,111.921048153538,0.938242479742509
1.23,60,129,109.24590454574,0.777632831340724
1.23,60,132,107.431369990542,0.624882566171974
1.23,60,135,105.975464073286,0.48187598216153
1.23,60,138,104.399863114838,0.349148409028289
1.23,60,141,102.281367310254,0.226232551857445
1.23,60,144,99.2671586815794,0.112024715525304
1.23,60,147,95.0788610527602,0.00504440482222732
1.23,60,150,89.5105554380412,-0.096457160231206
1.23,60,153,82.4244235156752,-0.194563128681536
1.23,60,156,73.7464973270147,-0.292009633951838
1.23,60,159,63.4651392224238,-0.393033935625409
1.23,60,162,51.6384097029765,-0.505726009602567
1.23,60,165,38.4346062404475,-0.649953129976108
1.23,60,168,24.3529537351217,-0.894428971498367
1.23,60,171,12.2413706294868,-1.61428134640439
1.23,60,174,16.6562637825294,-2.95754382392432
1.23,60,177,33.0297868775612,-3.39923501504183
1.23,60,180,51.7915692843146,-3.57957261721478
1.23,63,-180,51.7915692843146,2.75597256752463
1.23,63,-177,71.4629499627161,2.63959600076061
1.23,63,-174,91.6316328967729,2.55282067925514
1.23,63,-171,111.972906161455,2.48171234984625
1.23,63,-168,132.207122445454,2.42055092595645
1.23,63,-165,152.07602417126,2.36663507453224
1.23,63,-162,171.341129020104,2.31858772738788
1.23,63,-159,189.788396700035,2.27568920118392
1.23,63,-156,207.234554082574,2.23757551519176
1.23,63,-153,223.533183707343,2.20408581044724
1.23,63,-150,238.579580914881,2.17517753008403
1.23,63,-147,252.313819751255,2.15087522881039
1.23,63,-144,264.721771854536,2.1312373599193
1.23,63,-141,275.834073972699,2.11633323916436
1.23,63,-138,285.723241282446,2.10622593140546
1.23,63,-135,294.499258205982,2.10095851881568
1.23,63,-132,302.30403328733,2.10054215659573
1.23,63,-129,309.305083887652,2.10494499946294
1.23,63,-126,315.688743766003,2.11408171111353
1.23,63,-123,321.653099870967,2.12780390748753
1.23,63,-120,327.400803430474,2.14589247729983
1.23,63,-117,333.131891481361,2.16805314016709
1.23,63,-114,339.036801404089,2.19391669195551
1.23,63,-111,345.289839570516,2.22304504242155
1.23,63,-108,352.043434192546,2.25494337858241
1.23,63,-105,359.423518334787,2.28907774491812
1.23,63,-102,367.526325522465,2.32489629917781
1.23,63,-99,376.416741386609,2.3618517921596
1.23,63,-96,386.12817452341,2.39942264940348
1.23,63,-93,396.663738776695,2.43713043430765
1.23,63,-90,407.998423519519,2.47455228535852
1.23,63,-87,420.081892257288,2.51132787345346
1.23,63,-84,432.841588977455,2.54716125496658
1.23,63,-81,446.18592028193,2.58181853805139
1.23,63,-78,460.00738502833,2.61512249711522
1.23,63,-75,474.185612049069,2.6469452253
1.23,63,-72,488.590323201823,2.67719971329049
1.23,63,-69,503.08426088834,2.70583098786016
1.23,63,-66,517.526115722108,2.73280721002885
1.23,63,-63,531.773477631787,2.75811096304472
1.23,63,-60,545.685829395469,2.78173087236314
1.23,63,-57,559.127616569352,2.80365369559866
1.23,63,-54,571.971461645728,2.82385709193993
1.23,63,-51,584.101628151655,2.84230340946159
1.23,63,-48,595.417854484901,2.85893498454244
1.23,63,-45,605.839634464879,2.87367158670201
1.23,63,-42,615.310896132044,2.8864107122241
1.23,63,-39,623.804818265219,2.89703137889992
1.23,63,-36,631.328253674313,2.90540186245922
1.23,63,-33,637.924961509807,2.9113914269938
1.23,63,-30,643.676672619748,2.91488555330629
1.23,63,-27,648.701008955691,2.91580351436397
1.23,63,-24,653.145511058646,2.9141164801168
1.23,63,-21,657.177506610495,2.90986378926077
1.23,63,-18,660.970221635024,2.90316476662664
1.23,63,-15,664.686273499725,2.89422365151465
1.23,63,-12,668.460328308762,2.88332593090962
1.23,63,-9,672.383089236708,2.87082560404589
1.23,63,-6,676.488788249014,2.85712442518258
1.23,63,-3,680.747951131543,2.84264561497104
1.23,63,0,685.066468211755,2.82780550037831
1.23,63,3,689.291087220226,2.81298676831176
1.23,63,6,693.220540497567,2.79851647034623
1.23,63,9,696.620793340998,2.7846508111749
1.23,63,12,699.242459716359,2.7715674428151
1.23,63,15,700.838312114279,2.75936480596393
1.23,63,18,701.178994421555,2.74806722033783
1.23,63,21,700.065474585343,2.73763398695426
1.23,63,24,697.337368982289,2.72797067548036
1.23,63,27,692.876937272662,2.71894092979524
1.23,63,30,686.609178644182,2.71037743773798
1.23,63,33,678.498953326265,2.7020911029031
1.23,63,36,668.546325571466,2.69387787495155
1.23,63,39,656.78133924012,2.68552309809245
1.23,63,42,643.25921572653,2.67680358505404
1.23,63,45,628.056581452401,2.66748787848348
1.23,63,48,611.268896959365,2.6573352962061
1.23,63,51,593.008881772054,2.64609436366899
1.23,63,54,573.405489412228,2.63350113247547
1.23,63,57,552.602917566402,2.61927770423097
1.23,63,60,530.75922174849,2.60313106929079
1.23,63,63,508.044283332978,2.58475217288506
1.23,63,66,484.637097844688,2.56381496725339
1.23,63,69,460.722538664049,2.53997511402924
1.23,63,72,436.48787878161,2.51286797056634
1.23,63,75,412.119408049698,2.48210552628047
1.23,63,78,387.799474209687,2.44727205209054
1.23,63,81,363.704221103161,2.40791840013737
1.23,63,84,340.002215128846,2.36355517343033
1.23,63,87,316.854052865017,2.31364543417316
1.23,63,90,294.412931397508,2.25759832746167
1.23,63,93,272.826032121108,2.19476609027141
1.23,63,96,252.236405800313,2.12444853211743
1.23,63,99,232.784835474624,2.04591127945426
1.23,63,102,214.61088266464,1.95842665024461
1.23,63,105,197.852002278015,1.86134802542474
1.23,63,108,182.639315666787,1.75422769005559
1.23,63,111,169.088556877443,1.63698018877442
1.23,63,114,157.285223277789,1.51007350562809
1.23,63,117,147.264516113662,1.3746985357107
1.23,63,120,138.989361010791,1.23283648485072
1.23,63,123,132.332748399309,1.08714400151135
1.23,63,126,127.071714659586,0.94063419034059
1.23,63,129,122.897547526035,0.796232173330984
1.23,63,132,119.44085627114,0.656356685003907
1.23,63,135,116.304596324871,0.522661650731489
1.23,63,138,113.096481435991,0.395979139627519
1.23,63,141,109.454668144855,0.276412449395639
1.23,63,144,105.064587369327,0.163489038418171
1.23,63,147,99.667839393342,0.0562928441288638
1.23,63,150,93.0653946798918,-0.0464813615101957
1.23,63,153,85.11750272646,-0.146606178040116
1.23,63,156,75.7426247066404,-0.246638517265371
1.23,63,159,64.9184086936277,-0.350775453652473
1.23,63,162,52.6916793763923,-0.467249877027379
1.23,63,165,39.2237981549599,-0.616366913551202
1.23,63,168,25.0261860097148,-0.867265175166985
1.23,63,171,12.9748388182571,-1.57530232771271
1.23,63,174,16.9766013392555,-2.87847368684958
1.23,63,177,33.1120553276696,-3.33811064477549
1.23,63,180,51.7915692843146,-3.52721273965495
1.23,66,-180,51.7915692843147,2.80833244508447
1.23,66,-177,71.3678201088517,2.68737760926411
1.23,66,-174,91.4663107874279,2.59755589626394
1.23,66,-171,111.770121084253,2.52419533772552
1.23,66,-168,132.011713923166,2.46124424516692
1.23,66,-165,151.945273229208,2.40582693969678
1.23,66,-162,171.343532305778,2.3564615977944
1.23,66,-159,190.001654205455,2.31235817472075
1.23,66,-156,207.743113910113,2.27310101896975
1.23,66,-153,224.425562177627,2.23848866401177
1.23,66,-150,239.945633647036,2.20844498315361
1.23,66,-147,254.242114960823,2.1829656325641
1.23,66,-144,267.29718847053,2.16208323022897
1.23,66,-141,279.135706083088,2.14584306343146
1.23,66,-138,289.822636793817,2.13428493973547
1.23,66,-135,299.45896042341,2.12742868580923
1.23,66,-132,308.176342298916,2.12526185866217
1.23,66,-129,316.130925915777,2.12772896128022
1.23,66,-126,323.496544477025,2.13472205769375
1.23,66,-123,330.457607406331,2.14607320846736
1.23,66,-120,337.201891577651,2.16154954649737
1.23,66,-117,343.913472513969,2.18085198925931
1.23,66,-114,350.766061780684,2.2036184516068
1.23,66,-111,357.917049113763,2.22943196230127
1.23,66,-108,365.50255003937,2.257833378707
1.23,66,-105,373.633707943136,2.28833761673045
1.23,66,-102,382.394389943535,2.32045169229577
1.23,66,-99,391.840268779596,2.35369259371563
1.23,66,-96,401.999135306266,2.38760314507248
1.23,66,-93,412.872176892619,2.42176451286391
1.23,66,-90,424.435911205007,2.45580468144545
1.23,66,-87,436.644485750109,2.4894028797265
1.23,66,-84,449.432124048008,2.52229043210102
1.23,66,-81,462.715591113838,2.55424876693844
1.23,66,-78,476.396635877513,2.58510536380152
1.23,66,-75,490.364426862156,2.6147283223709
1.23,66,-72,504.498023035526,2.64302006981554
1.23,66,-69,518.668919271445,2.66991055301265
1.23,66,-66,532.74368858115,2.69535012831356
1.23,66,-63,546.586727668625,2.7193022846448
1.23,66,-60,560.063112566383,2.74173632232634
1.23,66,-57,573.041593582991,2.76262015875758
1.23,66,-54,585.397798204177,2.78191353494408
1.23,66,-51,597.017748453226,2.79956203662032
1.23,66,-48,607.801806986364,2.81549249181205
1.23,66,-45,617.669113443348,2.82961042320164
1.23,66,-42,626.562438941606,2.84180027268431
1.23,66,-39,634.453174049326,2.8519290344448
1.23,66,-36,641.345906052251,2.85985370321314
1.23,66,-33,647.281795761187,2.8654325602168
1.23,66,-30,652.339810928369,2.86853980232914
1.23,66,-27,656.63488845068,2.86908242095556
1.23,66,-24,660.312330642258,2.86701763770655
1.23,66,-21,663.538194933477,2.86236871581976
1.23,66,-18,666.486056795324,2.85523672526202
1.23,66,-15,669.321203903386,2.84580598129994
1.23,66,-12,672.183912647588,2.8343414908489
1.23,66,-9,675.173822231534,2.82117781217751
1.23,66,-6,678.337451667982,2.80670009677837
1.23,66,-3,681.660568374671,2.79131943565508
1.23,66,0,685.066468211755,2.77544562281848
1.23,66,3,688.420393897724,2.75946080454394
1.23,66,6,691.539466504634,2.74369712567423
1.23,66,9,694.206788453147,2.72842055686015
1.23,66,12,696.187906590651,2.71382188104298
1.23,66,15,697.247652358651,2.70001464906879
1.23,66,18,697.165500955049,2.6870390134022
1.23,66,21,695.747970255387,2.67486981546254
1.23,66,24,692.837140844232,2.66342712373562
1.23,66,27,688.315026279608,2.65258752137894
1.23,66,30,682.104149377828,2.64219473259674
1.23,66,33,674.165178742054,2.63206857587389
1.23,66,36,664.492765431054,2.62201167384119
1.23,66,39,653.110752443799,2.61181377876356
1.23,66,42,640.067726859686,2.60125393948965
1.23,66,45,625.433517687783,2.59010099772017
1.23,66,48,609.296817691929,2.57811303145643
1.23,66,51,591.763733976502,2.5650363576814
1.23,66,54,572.956831838865,2.55060458675566
1.23,66,57,553.014164088105,2.5345380297574
1.23,66,60,532.087858612195,2.51654354720084
1.23,66,63,510.342018642336,2.4963147384562
1.23,66,66,487.949906383521,2.47353223714073
1.23,66,69,465.09057195269,2.44786381376263
1.23,66,72,441.945217740037,2.41896399488019
1.23,66,75,418.693640597474,2.38647298336252
1.23,66,78,395.511078415161,2.35001480312643
1.23,66,81,372.565722438492,2.30919479703803
1.23,66,84,350.017062142002,2.26359689263219
1.23,66,87,328.015120133356,2.21278144319164
1.23,66,90,306.700516765558,2.15628498590389
1.23,66,93,286.205177167189,2.09362396274596
1.23,66,96,266.653353233845,2.02430531311197
1.23,66,99,248.162478236294,1.94784775555383
1.23,66,102,230.843211325891,1.86381820094179
1.23,66,105,214.797895182495,1.77188739646791
1.23,66,108,200.116611627101,1.6719064659131
1.23,66,111,186.870193723347,1.56400014770963
1.23,66,114,175.100083967996,1.44866261140092
1.23,66,117,164.805907266919,1.32682965386342
1.23,66,120,155.932928935011,1.19989299992133
1.23,66,123,148.362699482033,1.06962761617371
1.23,66,126,141.910377182712,0.938027028381212
1.23,66,129,136.330908657374,0.807077543798441
1.23,66,132,131.333722996498,0.678529708060493
1.23,66,135,126.603050832466,0.55372527783405
1.23,66,138,121.819709495618,0.433510163539299
1.23,66,141,116.680622770073,0.318226648589072
1.23,66,144,110.913867878079,0.207751466162432
1.23,66,147,104.288709234189,0.101535852893638
1.23,66,150,96.6212816386083,-0.00139945712288194
1.23,66,153,87.7772677353576,-0.102575630932018
1.23,66,156,77.6734352803718,-0.204393888843913
1.23,66,159,66.2810916111346,-0.311019560097676
1.23,66,162,53.6390116385472,-0.430844173436689
1.23,66,165,39.9043108623813,-0.584681725584595
1.23,66,168,25.6049266950591,-0.842453776986367
1.23,66,171,13.6671068926235,-1.54332369629163
1.23,66,174,17.3719891698682,-2.80431497095258
1.23,66,177,33.2430297653085,-3.27772348884165
1.23,66,180,51.7915692843147,-3.47485286209512
1.23,69,-180,51.7915692843146,2.8606923226443
1.23,69,-177,71.2166573250194,2.73542642931221
1.23,69,-174,91.1829104321506,2.64269439264867
1.23,69,-171,111.382441236667,2.56716626250437
1.23,69,-168,131.561113320564,2.50248309639794
1.23,69,-165,151.486870985463,2.4456047516243
1.23,69,-162,170.944938857996,2.39494962457177
1.23,69,-159,189.740855774427,2.34966025617907
1.23,69,-156,207.705872702585,2.30927131484676
1.23,69,-153,224.702570262806,2.27354225274409
1.23,69,-150,240.629614031316,2.24236471590984
1.23,69,-147,255.425034944632,2.21570681661107
1.23,69,-144,269.067716375444,2.19357686231683
1.23,69,-141,281.576996477678,2.1759979440363
1.23,69,-138,293.010473102811,2.16298886947568
1.23,69,-135,303.460225136395,2.15454898006602
1.23,69,-132,313.047736271016,2.1506455515377
1.23,69,-129,321.917833212991,2.15120324288618
1.23,69,-126,330.231948394933,2.1560956284239
1.23,69,-123,338.161009223736,2.16513926624861
1.23,69,-120,345.878257714278,2.17809098761037
1.23,69,-117,353.55231860145,2.19464907715201
1.23,69,-114,361.340847937374,2.21445872667294
1.23,69,-111,369.385085320714,2.23712162831021
1.23,69,-108,377.805580467055,2.26220895112144
1.23,69,-105,386.699261660716,2.28927639414146
1.23,69,-102,396.137872746548,2.3178796961836
1.23,69,-99,406.167657049398,2.34758900054005
1.23,69,-96,416.810047261288,2.37800080318305
1.23,69,-93,428.063057966695,2.40874673994476
1.23,69,-90,439.903081656848,2.43949903061504
1.23,69,-87,452.286849045459,2.4699728545452
1.23,69,-84,465.153405318493,2.49992620500049
1.23,69,-81,478.426046800304,2.52915785208752
1.23,69,-78,492.014234162752,2.55750398267171
1.23,69,-75,505.8155367195,2.58483394720219
1.23,69,-72,519.717667790442,2.61104538917139
1.23,69,-69,533.600653712961,2.63605890553344
1.23,69,-66,547.339154472536,2.65981230820306
1.23,69,-63,560.804938255804,2.68225453569739
1.23,69,-60,573.869517035173,2.70333929987409
1.23,69,-57,586.4069780898,2.72301864045518
1.23,69,-54,598.297087833048,2.74123668893735
1.23,69,-51,609.428778485828,2.75792409454145
1.23,69,-48,619.704126747964,2.77299370875955
1.23,69,-45,629.042869677317,2.78633822397082
1.23,69,-42,637.38736175916,2.79783047530384
1.23,69,-39,644.707666182129,2.80732701000931
1.23,69,-36,651.006227396946,2.81467528738644
1.23,69,-33,656.32134993377,2.81972449843293
1.23,69,-30,660.728581155888,2.82233951423654
1.23,69,-27,664.339127956177,2.8224169337591
1.23,69,-24,667.294668085366,2.81990167420137
1.23,69,-21,669.758342517165,2.81480212105197
1.23,69,-18,671.902283704711,2.80720163876976
1.23,69,-15,673.892649573193,2.79726434809714
1.23,69,-12,675.873671922248,2.78523358228853
1.23,69,-9,677.952568332285,2.77142234305422
1.23,69,-6,680.187217726419,2.7561962694006
1.23,69,-3,682.578228147741,2.73995086953852
1.23,69,0,685.066468211755,2.72308574525865
1.23,69,3,687.536391591681,2.70597899868744
1.23,69,6,689.824694806987,2.68896483688438
1.23,69,9,691.733152827301,2.67231665424522
1.23,69,12,693.043985994956,2.65623680262399
1.23,69,15,693.535890513051,2.64085313693577
1.23,69,18,692.998928938372,2.6262214873433
1.23,69,21,691.246798926708,2.61233259216397
1.23,69,24,688.125514433103,2.59912175570911
1.23,69,27,683.518152555469,2.58647952603616
1.23,69,30,677.345933139381,2.57426194000127
1.23,69,33,669.566398614214,2.56229927393813
1.23,69,36,660.169761235685,2.55040269212924
1.23,69,39,649.174540008758,2.53836863456895
1.23,69,42,636.623432313339,2.52598117050644
1.23,69,45,622.580021917779,2.51301281647538
1.23,69,48,607.126517167371,2.49922444801131
1.23,69,51,590.362347784838,2.48436492095545
1.23,69,54,572.403208362022,2.46817088717115
1.23,69,57,553.380058810277,2.45036708755759
1.23,69,60,533.437665404511,2.43066718692995
1.23,69,63,512.73244191662,2.40877502881323
1.23,69,66,491.429563580135,2.3843860658437
1.23,69,69,469.699517235392,2.3571886772055
1.23,69,72,447.71437897915,2.32686511708981
1.23,69,75,425.64416116634,2.29309193761632
1.23,69,78,403.653550338062,2.25553988427778
1.23,69,81,381.89928582408,2.21387346349853
1.23,69,84,360.528327508406,2.1677506280182
1.23,69,87,339.67684832024,2.11682331897071
1.23,69,90,319.469972680235,2.06073994481346
1.23,69,93,300.022070017748,1.99915125333264
1.23,69,96,281.437303448725,1.93172141370684
1.23,69,99,263.810031514596,1.85814635190438
1.23,69,102,247.224578393346,1.77818125009029
1.23,69,105,231.753852735828,1.6916782817378
1.23,69,108,217.456351831588,1.59863368982652
1.23,69,111,204.371291873455,1.49923993520551
1.23,69,114,192.512001518242,1.39393408803302
1.23,69,117,181.858295608936,1.28342918816887
1.23,69,120,172.349192716319,1.16871345413577
1.23,69,123,163.877809907618,1.05100583415603
1.23,69,126,156.290259979438,0.931666575794945
1.23,69,129,149.38971222309,0.812075429477103
1.23,69,132,142.945587964984,0.693501301024029
1.23,69,135,136.706594918173,0.576989256674248
1.23,69,138,130.415485283072,0.463282207246097
1.23,69,141,123.823333107602,0.352779669842748
1.23,69,144,116.701671678134,0.245521079018384
1.23,69,147,108.851680228176,0.14116935628407
1.23,69,150,100.110446562183,0.038958669367361
1.23,69,153,90.3550394681883,-0.0624534310903932
1.23,69,156,79.5058713021899,-0.165356177788017
1.23,69,159,67.5323402107878,-0.273912366793332
1.23,69,162,54.4687924710851,-0.39670807507429
1.23,69,165,40.471514633469,-0.555158717865318
1.23,69,168,26.0904955726321,-0.820325621034265
1.23,69,171,14.3230353091883,-1.51770320417539
1.23,69,174,17.8377694394295,-2.73507038370117
1.23,69,177,33.4220624801428,-3.21811875496782
1.23,69,180,51.7915692843146,-3.42249298453529
1.23,72,-180,51.7915692843146,2.91305220020413
1.23,72,-177,71.0098126709353,2.78374674029254
1.23,72,-174,90.7819320086451,2.6882344515602
1.23,72,-171,110.810127423196,2.61061390703507
1.23,72,-168,130.854718743909,2.54424530749706
1.23,72,-165,150.698506492727,2.48593472395556
1.23,72,-162,170.140292793707,2.43400615877793
1.23,72,-159,188.997023878268,2.38753794156817
1.23,72,-156,207.108674742219,2.34601721313867
1.23,72,-153,224.343606467579,2.30916595277305
1.23,72,-150,240.603266025278,2.27684492761356
1.23,72,-147,255.825581991576,2.24899599355794
1.23,72,-144,269.98669849745,2.22560453949379
1.23,72,-141,283.100906998928,2.20667310532362
1.23,72,-138,295.218807665391,2.1922015300674
1.23,72,-135,306.423860374868,2.18217119094157
1.23,72,-132,316.827569993278,2.17653214274622
1.23,72,-129,326.563599780912,2.17519275920408
1.23,72,-126,335.781134776991,2.17801201056827
1.23,72,-123,344.637838289216,2.18479483228814
1.23,72,-120,353.292766078688,2.19529113059739
1.23,72,-117,361.899619285192,2.20919881169277
1.23,72,-114,370.600712715041,2.22617083347121
1.23,72,-111,379.521991073927,2.24582575048632
1.23,72,-108,388.76933146056,2.26776069807788
1.23,72,-105,398.426232158867,2.29156539818328
1.23,72,-102,408.552829873423,2.31683568000402
1.23,72,-99,419.186045155442,2.34318521690842
1.23,72,-96,430.340561703093,2.37025461381822
1.23,72,-93,442.010317863578,2.39771750181772
1.23,72,-90,454.170226171826,2.42528376762836
1.23,72,-87,466.777919654103,2.45270036667059
1.23,72,-84,479.775423404643,2.4797503065596
1.23,72,-81,493.090739231013,2.50625036764961
1.23,72,-78,506.639391380439,2.53204800584287
1.23,72,-75,520.326006070388,2.55701772293873
1.23,72,-72,534.045991733694,2.581057041101
1.23,72,-69,547.687363531315,2.60408211112849
1.23,72,-66,561.132731104019,2.6260229329162
1.23,72,-63,574.261457467369,2.64681817376801
1.23,72,-60,586.952007996204,2.66640963303413
1.23,72,-57,599.084540484259,2.68473651233308
1.23,72,-54,610.54382789883,2.70172979573408
1.23,72,-51,621.222632494843,2.71730720162509
1.23,72,-48,631.025636720327,2.73136930657446
1.23,72,-45,639.873960179567,2.74379752475924
1.23,72,-42,647.710143924061,2.75445461946806
1.23,72,-39,654.50327608585,2.76318830094867
1.23,72,-36,660.253702814735,2.76983821966765
1.23,72,-33,664.996571144293,2.7742463077962
1.23,72,-30,668.803348522912,2.77626998439538
1.23,72,-27,671.780511056474,2.77579726593558
1.23,72,-24,674.064817500759,2.77276237070296
1.23,72,-21,675.814980170651,2.7671600437881
1.23,72,-18,677.200058015619,2.75905664202917
1.23,72,-15,678.385447421332,2.74859609311166
1.23,72,-12,679.51782960424,2.73599924873851
1.23,72,-9,680.710748181147,2.72155590162506
1.23,72,-6,682.032559653244,2.70560975200761
1.23,72,-3,683.498290375166,2.6885377110799
1.23,72,0,685.066468211755,2.67072586769882
1.23,72,3,686.641350202529,2.65254498113013
1.23,72,6,688.080250478153,2.6343283551367
1.23,72,9,689.205008362719,2.61635441028465
1.23,72,12,689.816133676096,2.59883536117558
1.23,72,15,689.707899692192,2.58191236259221
1.23,72,18,688.682655910547,2.56565654531829
1.23,72,21,686.562890543287,2.55007467815297
1.23,72,24,683.200034106185,2.53511783223053
1.23,72,27,678.479575864,2.5206913729197
1.23,72,30,672.322658636057,2.50666480195084
1.23,72,33,664.684816239752,2.49288033815486
1.23,72,36,655.552832550374,2.47915957745368
1.23,72,39,644.940783491654,2.46530803416863
1.23,72,42,632.886179077875,2.45111776699089
1.23,72,45,619.446810799578,2.43636857875498
1.23,72,48,604.698525232465,2.42082841680699
1.23,72,51,588.733791087777,2.40425358745078
1.23,72,54,571.660686320428,2.38638926134253
1.23,72,57,553.601845054347,2.36697053684591
1.23,72,60,534.692964509747,2.34572410346132
1.23,72,63,515.080635863385,2.32237035889412
1.23,72,66,494.919467895239,2.29662571532266
1.23,72,69,474.368658926207,2.26820479666466
1.23,72,72,453.588299577289,2.23682227526921
1.23,72,75,432.735739341111,2.202194208563
1.23,72,78,411.962328919132,2.16403889475527
1.23,72,81,391.410776804696,2.12207745410158
1.23,72,84,371.213256186676,2.07603454479005
1.23,72,87,351.490287179548,2.02563982987654
1.23,72,90,332.350312794474,1.97063101215688
1.23,72,93,313.889791153176,1.9107594256204
1.23,72,96,296.193543826888,1.84579927099463
1.23,72,99,279.335034826649,1.77556152945629
1.23,72,102,263.376216707318,1.69991326200364
1.23,72,105,248.366588096507,1.61880225380806
1.23,72,108,234.341186218739,1.5322856697152
1.23,72,111,221.317412969215,1.44055955733661
1.23,72,114,209.290871453578,1.34398395584523
1.23,72,117,198.230742340485,1.24309672211981
1.23,72,120,188.075574204007,1.13860897072066
1.23,72,123,178.73057176783,1.03137715077053
1.23,72,126,170.067410547226,0.922351381880094
1.23,72,129,161.92722633627,0.812505539606104
1.23,72,132,154.126796299422,0.702759374654779
1.23,72,135,146.46724607787,0.593904319652143
1.23,72,138,138.744124593119,0.486541609029499
1.23,72,141,130.757543442973,0.381034777870042
1.23,72,144,122.321288717088,0.277470223634124
1.23,72,147,113.270264778782,0.175609910574596
1.23,72,150,103.466179842361,0.074806628760335
1.23,72,153,92.8019715543666,-0.0261758146707074
1.23,72,156,81.2062484410635,-0.129567907596778
1.23,72,159,68.6507142077627,-0.239573317281387
1.23,72,162,55.1691228699188,-0.36502554457709
1.23,72,165,40.9209455475345,-0.528054535084643
1.23,72,168,26.4849424560537,-0.801216525707904
1.23,72,171,14.9490113190047,-1.49797855643604
1.23,72,174,18.3700514445362,-2.67062502484347
1.23,72,177,33.6484169213003,-3.15933361651007
1.23,72,180,51.7915692843146,-3.37013310697546
1.23,75,-180,51.7915692843146,2.96541207776395
1.23,75,-177,70.7478198603665,2.83234281350561
1.23,75,-174,90.2643155633091,2.73417474384024
1.23,75,-171,110.054205758026,2.65452764834587
1.23,75,-168,129.893080517465,2.58650929895978
1.23,75,-165,149.579464422338,2.52678347139706
1.23,75,-162,168.926631931515,2.47358558494737
1.23,75,-159,187.763829144551,2.42593323045274
1.23,75,-156,205.940627912256,2.38326835412766
1.23,75,-153,223.3320154997,2.34527718028253
1.23,75,-150,239.843035325855,2.31179098918032
1.23,75,-147,255.412291956235,2.28272664879661
1.23,75,-144,270.013918832999,2.25804794417335
1.23,75,-141,283.657818573796,2.23773838090519
1.23,75,-138,296.388156415338,2.22178068977401
1.23,75,-135,308.280221800431,2.21014060137032
1.23,75,-132,319.435872493382,2.2027537835665
1.23,75,-129,329.97784618873,2.19951564519576
1.23,75,-126,340.043276402457,2.20027420357633
1.23,75,-123,349.776790744342,2.20482644772239
1.23,75,-120,359.323600985041,2.21291860823203
1.23,75,-117,368.823006185943,2.22425048278637
1.23,75,-114,378.402706706621,2.23848352307496
1.23,75,-111,388.174254563532,2.25525188023796
1.23,75,-108,398.22984278158,2.27417517878303
1.23,75,-105,408.640478859486,2.29487157472112
1.23,75,-102,419.45542593439,2.31696971856894
1.23,75,-99,430.702665199038,2.34011856392879
1.23,75,-96,442.390062082519,2.36399443636645
1.23,75,-93,454.506916554758,2.38830527030292
1.23,75,-90,467.025634873147,2.41279231593916
1.23,75,-87,479.903352099593,2.43722984830183
1.23,75,-84,493.083432994709,2.46142347049206
1.23,75,-81,506.496859213188,2.48520753166043
1.23,75,-78,520.063559277688,2.50844203497119
1.23,75,-75,533.69375275707,2.53100924710774
1.23,75,-72,547.289369558021,2.55281007925109
1.23,75,-69,560.745583381563,2.57376021353515
1.23,75,-66,573.952480612484,2.59378590912281
1.23,75,-63,586.796884343644,2.61281944035203
1.23,75,-60,599.164372886669,2.63079419261073
1.23,75,-57,610.941568289859,2.64763956104002
1.23,75,-54,622.018808311792,2.66327594683893
1.23,75,-51,632.293332772966,2.67761030107243
1.23,75,-48,641.67308835883,2.69053279415204
1.23,75,-45,650.081167277163,2.70191525566408
1.23,75,-42,657.460741659554,2.71161200416146
1.23,75,-39,663.780154080789,2.7194635529825
1.23,75,-36,669.0376119934,2.72530343679667
1.23,75,-33,673.2647613444,2.72896807266033
1.23,75,-30,676.528336205543,2.73030918063315
1.23,75,-27,678.929140050676,2.72920788256291
1.23,75,-24,680.597829804993,2.72558921922757
1.23,75,-21,681.687333604971,2.71943552789556
1.23,75,-18,682.362192121218,2.71079696525495
1.23,75,-15,682.785599785179,2.69979751064439
1.23,75,-12,683.105351193102,2.68663509870294
1.23,75,-9,683.440186673275,2.67157513048398
1.23,75,-6,683.86811563994,2.65493745328337
1.23,75,-3,684.418145597383,2.63707785464336
1.23,75,0,685.066468211755,2.61836599013899
1.23,75,3,685.737603433466,2.59916224696492
1.23,75,6,686.310364006343,2.57979618244549
1.23,75,9,686.627879858575,2.56054883131134
1.23,75,12,686.510416994438,2.54164044225548
1.23,75,15,685.769419688333,2.52322427134172
1.23,75,18,684.221143989868,2.50538614113114
1.23,75,21,681.698438508113,2.48814874361828
1.23,75,24,678.059626293,2.47147921956093
1.23,75,27,673.193973789561,2.4552984058091
1.23,75,30,667.023799135761,2.4394902675236
1.23,75,33,659.503765989982,2.42391035348233
1.23,75,36,650.618240025744,2.40839254715654
1.23,75,39,640.377699973298,2.39275384983091
1.23,75,42,628.815091512082,2.37679734706391
1.23,75,45,615.982739903281,2.36031381329229
1.23,75,48,601.950082508694,2.34308256287442
1.23,75,51,586.802143274314,2.32487215288152
1.23,75,54,570.638429386389,2.30544140985868
1.23,75,57,553.571829845614,2.28454104065549
1.23,75,60,535.727136363432,2.26191585722624
1.23,75,63,517.238951278926,2.23730745187394
1.23,75,66,498.248937694392,2.21045703984159
1.23,75,69,478.902546184588,2.18110815530629
1.23,75,72,459.345478159935,2.14900893967661
1.23,75,75,439.720199052959,2.11391387914444
1.23,75,78,420.162797631647,2.07558500723411
1.23,75,81,400.800418576538,2.03379276340182
1.23,75,84,381.74939749299,1.98831687021388
1.23,75,87,363.114122201414,1.93894774323415
1.23,75,90,344.986546280339,1.88548906488462
1.23,75,93,327.446198090641,1.82776221740252
1.23,75,96,310.560464079938,1.76561325077382
1.23,75,99,294.384882081127,1.69892291370357
1.23,75,102,278.963165267915,1.62761994098443
1.23,75,105,264.32670212284,1.55169721454988
1.23,75,108,250.493356300226,1.47122958257379
1.23,75,111,237.465531957442,1.38639110583009
1.23,75,114,225.22766918313,1.29746851630131
1.23,75,117,213.743559939153,1.20486707786278
1.23,75,120,202.954069516022,1.10910525138075
1.23,75,123,192.775938359637,1.01079587007928
1.23,75,126,183.102263039376,0.91061382864381
1.23,75,129,173.804999115531,0.809252967613402
1.23,75,132,164.739447879044,0.70737689857454
1.23,75,135,155.750296864007,0.605569000234151
1.23,75,138,146.678507481597,0.504285222320713
1.23,75,141,137.368266657386,0.403809736044351
1.23,75,144,127.673353403463,0.30420806411548
1.23,75,147,117.462563493576,0.2052644213411
1.23,75,150,106.624219799644,0.106376206244136
1.23,75,153,95.070267177851,0.00634851359223054
1.23,75,156,82.7411962039992,-0.0970458603937586
1.23,75,159,69.6148491223961,-0.20810356476125
1.23,75,162,55.7282748444147,-0.335972193212373
1.23,75,165,41.2486312815336,-0.503628600332412
1.23,75,168,26.7913286502587,-0.785473488924
1.23,75,171,15.5528763574261,-1.48379270329574
1.23,75,174,18.9657561712658,-2.61077280700747
1.23,75,177,33.9212761403944,-3.10139689441041
1.23,75,180,51.7915692843146,-3.31777322941563
1.23,78,-180,51.7915692843146,3.01777195532378
1.23,78,-177,70.4313940716817,2.8812189405763
1.23,78,-174,89.6314418058504,2.7805143714514
1.23,78,-171,109.116479867067,2.69889745515047
1.23,78,-168,128.677940715661,2.62925398167309
1.23,78,-165,148.130713731944,2.56811776200593
1.23,78,-162,167.303252142325,2.51364188937216
1.23,78,-159,186.037859828495,2.46478698047785
1.23,78,-156,204.194508026206,2.42095233120126
1.23,78,-153,221.655654356432,2.38179028164925
1.23,78,-150,238.330817990893,2.34710411821923
1.23,78,-147,254.160177196484,2.31678704008762
1.23,78,-144,269.116740635651,2.29078254351747
1.23,78,-141,283.206854471839,2.26905656621229
1.23,78,-138,296.468982430625,2.25157648987598
1.23,78,-135,308.970841163429,2.23829456432859
1.23,78,-132,320.805088667496,2.22913470458455
1.23,78,-129,332.083852319838,2.22398243349946
1.23,78,-126,342.932451058267,2.22267819930805
1.23,78,-123,353.482717115689,2.22501445862833
1.23,78,-120,363.866353651953,2.23073680989246
1.23,78,-117,374.208765451065,2.23954913399237
1.23,78,-114,384.623757531771,2.25112223610453
1.23,78,-111,395.209403444931,2.26510501399713
1.23,78,-108,406.045246821739,2.28113684214746
1.23,78,-105,417.19083785384,2.2988597601658
1.23,78,-102,428.685453163834,2.31792921733434
1.23,78,-99,440.548735388573,2.33802249917854
1.23,78,-96,452.781938764477,2.35884443576871
1.23,78,-93,465.369481892891,2.38013044082228
1.23,78,-90,478.28057393374,2.40164726131279
1.23,78,-87,491.470770337231,2.42319198745645
1.23,78,-84,504.883402268818,2.44458989202338
1.23,78,-81,518.450890267296,2.46569157827458
1.23,78,-78,532.095988487691,2.48636977045417
1.23,78,-75,545.733013223506,2.50651592646888
1.23,78,-72,559.269098517881,2.52603672216202
1.23,78,-69,572.605506619098,2.54485036971471
1.23,78,-66,585.639015140875,2.56288269843935
1.23,78,-63,598.263414626536,2.58006294729636
1.23,78,-60,610.371180629157,2.59631929221805
1.23,78,-57,621.855425136096,2.61157424860588
1.23,78,-54,632.612266659791,2.62574023264797
1.23,78,-51,642.543765312774,2.63871570814238
1.23,78,-48,651.561528560589,2.65038245615108
1.23,78,-45,659.590993206997,2.66060455109062
1.23,78,-42,666.57623206795,2.66922958476545
1.23,78,-39,672.48493988504,2.6760925398128
1.23,78,-36,677.313058548251,2.68102248357788
1.23,78,-33,681.088352513537,2.68385195489343
1.23,78,-30,683.872186790957,2.68442858095169
1.23,78,-27,685.758825558401,2.68262812383807
1.23,78,-24,686.871771361112,2.67836785090357
1.23,78,-21,687.356988360612,2.67161888609612
1.23,78,-18,687.373257649398,2.66241607196632
1.23,78,-15,687.080338268031,2.65086390173033
1.23,78,-12,686.625985289725,2.63713731361274
1.23,78,-9,686.133140112005,2.62147660223186
1.23,78,-6,685.688705810592,2.60417637618001
1.23,78,-3,685.335222901833,2.58556929546635
1.23,78,0,685.066468211755,2.56600611257916
1.23,78,3,684.8275439516,2.54583414008592
1.23,78,6,684.519467847065,2.52537652228224
1.23,78,9,684.007702542989,2.50491452414992
1.23,78,12,683.133565805554,2.4846745032916
1.23,78,15,681.727125306637,2.46482043313769
1.23,78,18,679.620060213606,2.44545198267781
1.23,78,21,676.65708581122,2.42660740478919
1.23,78,24,672.704863528271,2.40826996422866
1.23,78,27,667.65779382306,2.39037639962662
1.23,78,30,661.440621416786,2.37282595075545
1.23,78,33,654.008268517249,2.35548873901697
1.23,78,36,645.34366034977,2.33821268787629
1.23,78,39,635.454459577482,2.32082862434485
1.23,78,42,624.369570387013,2.30315362842291
1.23,78,45,612.136047160039,2.28499302369148
1.23,78,48,598.816722754255,2.26614158244195
1.23,78,51,584.488548750372,2.24638453943625
1.23,78,54,569.241394823874,2.22549889122472
1.23,78,57,553.176934916592,2.20325525224311
1.23,78,60,536.407261343418,2.17942030695528
1.23,78,63,519.052985172087,2.15375969742039
1.23,78,66,501.240751245152,2.12604105891977
1.23,78,69,483.100264791899,2.0960368804414
1.23,78,72,464.76105149803,2.06352691762962
1.23,78,75,446.349232430354,2.02830000325159
1.23,78,78,427.984588582536,1.9901552566054
1.23,78,81,409.77813165849,1.94890286037008
1.23,78,84,391.830309794991,1.90436472706235
1.23,78,87,374.229880352471,1.85637549890339
1.23,78,90,357.053392236931,1.80478439962024
1.23,78,93,340.365146295922,1.74945846938261
1.23,78,96,324.217448253179,1.69028764523303
1.23,78,99,308.650937315139,1.62719197400603
1.23,78,102,293.694769782846,1.56013093755273
1.23,78,105,279.366468103481,1.48911441961108
1.23,78,108,265.671319012854,1.41421427440211
1.23,78,111,252.601320932918,1.33557485289687
1.23,78,114,240.133828767072,1.25342035725697
1.23,78,117,228.230194526993,1.16805672848454
1.23,78,120,216.834811072922,1.07986610850977
1.23,78,123,205.874987696758,0.989292815274789
1.23,78,126,195.261992074365,0.89682107238312
1.23,78,129,184.893391678484,0.802946057348222
1.23,78,132,174.656570306489,0.708140660247462
1.23,78,135,164.433061615249,0.612820220126876
1.23,78,138,154.103208656893,0.517306172006544
1.23,78,141,143.550669337348,0.421786888115591
1.23,78,144,132.666437082853,0.326269737003758
1.23,78,147,121.352293085414,0.23051126068372
1.23,78,150,109.523913562577,0.133898511130915
1.23,78,153,97.1142517799408,0.0352230550788266
1.23,78,156,84.0785315660626,-0.0677924338013869
1.23,78,159,70.4041108464852,-0.179594447208051
1.23,78,162,56.1351645412749,-0.309722490445658
1.23,78,165,41.4514519048986,-0.48215048907052
1.23,78,168,27.0140476611153,-0.77345905589629
1.23,78,171,16.1438760648611,-1.47483846403088
1.23,78,174,19.6225979191271,-2.55524125190825
1.23,78,177,34.2397502752146,-3.04432895004849
1.23,78,180,51.7915692843146,-3.2654133518558
1.23,81,-180,51.7915692843147,3.07013183288361
1.23,81,-177,70.0614299407558,2.93037946112489
1.23,81,-174,88.8851304039885,2.82725291565459
1.23,81,-171,107.999538037276,2.74371389456023
1.23,81,-168,127.212264137854,2.6724586643373
1.23,81,-165,146.354983068147,2.609904275759
1.23,81,-162,165.271852097106,2.5541282281056
1.23,81,-159,183.81886315496,2.50403825241434
1.23,81,-156,201.867123718563,2.45899379261233
1.23,81,-153,219.307404394199,2.41861538662397
1.23,81,-150,236.054636981971,2.38267999572283
1.23,81,-147,252.051576079579,2.35105860825857
1.23,81,-144,267.271127172384,2.32367584225217
1.23,81,-141,281.71706047271,2.30048157625904
1.23,81,-138,295.423015276832,2.28142958011314
1.23,81,-135,308.449859445131,2.26646069241182
1.23,81,-132,320.881600039868,2.25548953299949
1.23,81,-129,332.820143505441,2.24839456431606
1.23,81,-126,344.37927911799,2.24501173648264
1.23,81,-123,355.678309052833,2.24513205252809
1.23,81,-120,366.835769283371,2.24850322435707
1.23,81,-117,377.963670008824,2.25483522656712
1.23,81,-114,389.162624386543,2.26380909981938
1.23,81,-111,400.51812849839,2.27508793902966
1.23,81,-108,412.098114361413,2.28832874663312
1.23,81,-105,423.951744736847,2.30319381208968
1.23,81,-102,436.109283558916,2.31936049711085
1.23,81,-99,448.582785736834,2.33652869328196
1.23,81,-96,461.367318981708,2.35442566604217
1.23,81,-93,474.4424554353,2.37280839851158
1.23,81,-90,487.773835099319,2.39146382696501
1.23,81,-87,501.314682184781,2.41020749148926
1.23,81,-84,515.007226826345,2.42888112694899
1.23,81,-81,528.784033401174,2.44734963129886
1.23,81,-78,542.569258826786,2.46549771640679
1.23,81,-75,556.279865128469,2.48322640972967
1.23,81,-72,569.826801795447,2.50044946055722
1.23,81,-69,583.116168153252,2.51708962859203
1.23,81,-66,596.050374691023,2.53307480416804
1.23,81,-63,608.529349502739,2.54833393159529
1.23,81,-60,620.451878249694,2.56279277740812
1.23,81,-57,631.717211721131,2.57636969383186
1.23,81,-54,642.227106447688,2.58897165609557
1.23,81,-51,651.888461245801,2.60049097405314
1.23,81,-48,660.616660080141,2.61080316389496
1.23,81,-45,668.3396227857,2.61976648730085
1.23,81,-42,675.002407335282,2.62722360586578
1.23,81,-39,680.572022753811,2.63300565544977
1.23,81,-36,685.041934928357,2.63693883101324
1.23,81,-33,688.435618678561,2.63885331159471
1.23,81,-30,690.808465833506,2.63859407620865
1.23,81,-27,692.247426096897,2.63603289217392
1.23,81,-24,692.86794171453,2.63108052157266
1.23,81,-21,692.808023059948,2.62369801132794
1.23,81,-18,692.219664796066,2.61390583305909
1.23,81,-15,691.258171733359,2.60178965242404
1.23,81,-12,690.070294740636,2.58750167030375
1.23,81,-9,688.782317930844,2.57125681869815
1.23,81,-6,687.489346871268,2.55332361458078
1.23,81,-3,686.246997315036,2.53401013076026
1.23,81,0,685.066468211755,2.51364623501933
1.23,81,3,683.913618025525,2.49256383770668
1.23,81,6,682.7121911785,2.47107723035046
1.23,81,9,681.350826217257,2.44946559574157
1.23,81,12,679.692998569796,2.42795940888349
1.23,81,15,677.588689290781,2.40673180620333
1.23,81,18,674.886392169778,2.38589522231726
1.23,81,21,671.444109199937,2.36550284411987
1.23,81,24,667.138232299394,2.34555384882972
1.23,81,27,661.869619472103,2.32600105796389
1.23,81,30,655.566665386876,2.30675957337679
1.23,81,33,648.185642311284,2.28771513351685
1.23,81,36,639.708955259448,2.26873127246241
1.23,81,39,630.142149655889,2.24965479731887
1.23,81,42,619.510507935831,2.23031953313792
1.23,81,45,607.855897943783,2.21054863962291
1.23,81,48,595.234254551476,2.19015602364664
1.23,81,51,581.713770040801,2.16894743199971
1.23,81,54,567.373617220544,2.14672172263692
1.23,81,57,552.302884920633,2.12327262421929
1.23,81,60,536.599384556442,2.09839106463814
1.23,81,63,520.36806967356,2.07186794097867
1.23,81,66,503.718955007139,2.04349706228628
1.23,81,69,486.764577768457,2.01307794531295
1.23,81,72,469.617169694097,1.9804181811851
1.23,81,75,452.385779145491,1.94533519871128
1.23,81,78,435.173592770883,1.90765739933628
1.23,81,81,418.07566584902,1.86722479942388
1.23,81,84,401.177197667929,1.82388946124242
1.23,81,87,384.552402607233,1.77751610409366
1.23,81,90,368.263944743226,1.72798334545456
1.23,81,93,352.362834126115,1.67518601460465
1.23,81,96,336.8886324255,1.6190388933712
1.23,81,99,321.869788640603,1.5594820562135
1.23,81,102,307.323926521993,1.49648769739043
1.23,81,105,293.257939032911,1.43006795704022
1.23,81,108,279.667813991178,1.36028283304998
1.23,81,111,266.538214379006,1.28724687445337
1.23,81,114,253.841950757633,1.21113311183796
1.23,81,117,241.539583673995,1.13217271267849
1.23,81,120,229.579446078333,1.05064922906066
1.23,81,123,217.89835018268,0.96688700069208
1.23,81,126,206.423130983178,0.881234117368701
1.23,81,129,195.073002024703,0.7940410456254
1.23,81,132,183.762509494266,0.705636262094558
1.23,81,135,172.404732900318,0.616299751673866
1.23,81,138,160.914346598778,0.526233863297118
1.23,81,141,149.210244737631,0.435528608541724
1.23,81,144,137.217622458287,0.344114550433001
1.23,81,147,124.869655741986,0.251689438141974
1.23,81,150,112.109203265317,0.157590472568171
1.23,81,153,98.8913165005041,0.0605509537047675
1.23,81,156,85.1880624287115,-0.0418060091707395
1.23,81,159,70.9992290971895,-0.154135942532088
1.23,81,162,56.379838216134,-0.286457345925538
1.23,81,165,41.5275362919403,-0.46390747185276
1.23,81,168,27.1591844298811,-0.765553386035234
1.23,81,171,16.7325944535693,-1.47081543661347
1.23,81,174,20.3390187872925,-2.50371309785248
1.23,81,177,34.6028828613185,-2.98814177701008
1.23,81,180,51.7915692843147,-3.21305347429597
1.23,84,-180,51.7915692843147,3.12249171044344
1.23,84,-177,69.63899873593,2.97982878967697
1.23,84,-174,88.0276356613931,2.87439049045743
1.23,84,-171,106.706754790413,2.78896814801087
1.23,84,-168,125.500259358079,2.71610296809183
1.23,84,-165,144.256820134911,2.65210936216055
1.23,84,-162,162.83665363576,2.59499648014568
1.23,84,-159,181.109951220762,2.54362362104598
1.23,84,-156,198.959631788627,2.49731348382113
1.23,84,-153,216.285616707141,2.45565716954005
1.23,84,-150,233.009232364125,2.41840724850359
1.23,84,-147,249.076895136574,2.38541419827158
1.23,84,-144,264.462534486165,2.3565853734819
1.23,84,-141,279.168438804976,2.33185624835615
1.23,84,-138,293.224410202222,2.31116878287018
1.23,84,-135,306.685291463663,2.29445443663452
1.23,84,-132,319.627074145347,2.28162083950716
1.23,84,-129,332.141906525488,2.27254195224532
1.23,84,-126,344.332393477761,2.26705193745682
1.23,84,-123,356.305618448716,2.26494301440758
1.23,84,-120,368.167320330144,2.26596736573454
1.23,84,-117,380.0166226729,2.26984278954495
1.23,84,-114,391.941637710188,2.27626136184511
1.23,84,-111,404.016157048515,2.28490001621648
1.23,84,-108,416.297507937994,2.29543176242564
1.23,84,-105,428.825520605588,2.30753630253577
1.23,84,-102,441.622442963165,2.32090904469761
1.23,84,-99,454.693573489401,2.33526788791924
1.23,84,-96,468.028368572413,2.35035755680864
1.23,84,-93,481.601810375189,2.36595161375316
1.23,84,-90,495.37587799093,2.38185251131252
1.23,84,-87,509.301027169188,2.39789015493828
1.23,84,-84,523.317634527213,2.41391944369123
1.23,84,-81,537.357391511892,2.42981718009477
1.23,84,-78,551.344641679504,2.44547862812685
1.23,84,-75,565.197650162253,2.46081388280871
1.23,84,-72,578.829788570194,2.47574411883422
1.23,84,-69,592.150623749232,2.49019772382225
1.23,84,-66,605.066922228908,2.50410630227298
1.23,84,-63,617.48362435788,2.51740056180329
1.23,84,-60,629.304895643663,2.53000616008107
1.23,84,-57,640.435413385557,2.54183968784222
1.23,84,-54,650.78207607816,2.55280507131969
1.23,84,-51,660.2563135994,2.56279077135994
1.23,84,-48,668.777115904302,2.57166821036896
1.23,84,-45,676.274784988369,2.57929185118948
1.23,84,-42,682.695260048007,2.58550127425106
1.23,84,-39,688.004692070529,2.59012545491183
1.23,84,-36,692.193783350273,2.59298924838099
1.23,84,-33,695.281294352727,2.5939218689084
1.23,84,-30,697.316085341119,2.59276692768789
1.23,84,-27,698.377122476569,2.58939339018139
1.23,84,-24,698.571040850566,2.58370664218865
1.23,84,-21,698.027105507143,2.57565872539026
1.23,84,-18,696.889715741129,2.56525672982292
1.23,84,-15,695.308917287926,2.55256833253467
1.23,84,-12,693.429677467884,2.5377235760957
1.23,84,-9,691.38089888528,2.52091221642049
1.23,84,-6,689.265264406551,2.50237635203027
1.23,84,-3,687.150996635726,2.48239856097022
1.23,84,0,685.066468211755,2.4612863574595
1.23,84,3,682.998319633753,2.43935433541946
1.23,84,6,680.893352736116,2.41690576597241
1.23,84,9,678.664015569433,2.39421555213438
1.23,84,12,676.196842658661,2.37151626265354
1.23,84,15,673.362837953304,2.34898849316269
1.23,84,18,670.028555955225,2.32675613523442
1.23,84,21,666.066597188191,2.30488641437525
1.23,84,24,661.364399157783,2.28339392907038
1.23,84,27,655.830543334137,2.26224749192381
1.23,84,30,649.398245363741,2.24137839378922
1.23,84,33,642.026159553863,2.2206887806643
1.23,84,36,633.697017171093,2.20005910496412
1.23,84,39,624.41485842111,2.17935401241743
1.23,84,42,614.201674563559,2.15842646447302
1.23,84,45,603.094159092703,2.13712028689627
1.23,84,48,591.141025565077,2.1152716087281
1.23,84,51,578.401059459306,2.09270977335746
1.23,84,54,564.941809774578,2.06925826463399
1.23,84,57,550.838651418831,2.04473603095214
1.23,84,60,536.173888126299,2.01895936783747
1.23,84,63,521.035609891239,1.99174429918718
1.23,84,66,505.516135290064,1.96290923189451
1.23,84,69,489.710012854389,1.93227757861636
1.23,84,72,473.711685262019,1.89968005445689
1.23,84,75,457.613007171401,1.86495644050043
1.23,84,78,441.500840672102,1.82795674353894
1.23,84,81,425.454935244379,1.78854183643142
1.23,84,84,409.546245166352,1.74658380897367
1.23,84,87,393.835763392934,1.70196637135741
1.23,84,90,378.373872862293,1.65458571206074
1.23,84,93,363.200146432838,1.60435220303823
1.23,84,96,348.343474352681,1.55119325357637
1.23,84,99,333.822370225794,1.4950574316043
1.23,84,102,319.645308295066,1.4359197009292
1.23,84,105,305.810979696249,1.37378728911041
1.23,84,108,292.308421567325,1.30870535626791
1.23,84,111,279.117060895567,1.24076136087454
1.23,84,114,266.206805130392,1.17008690895461
1.23,84,117,253.538376172536,1.09685600546368
1.23,84,120,241.06409481859,1.02127902061993
1.23,84,123,228.729261281175,0.94359226753475
1.23,84,126,216.474148493902,0.864043690653092
1.23,84,129,204.236460409788,0.782875553595337
1.23,84,132,191.953960237175,0.700304956749545
1.23,84,135,179.566899581621,0.616502332227425
1.23,84,138,167.019915985509,0.531566628304476
1.23,84,141,154.263216228195,0.445493501675677
1.23,84,144,141.253094670953,0.358128881914593
1.23,84,147,127.952103778204,0.269093055243101
1.23,84,150,114.329474857003,0.177645400215358
1.23,84,153,100.362747710897,0.082424810102487
1.23,84,156,86.0423224646528,-0.0190903586587001
1.23,84,159,71.3829070774346,-0.131825086476207
1.23,84,162,56.4539702695946,-0.266372103520022
1.23,84,165,41.4766971222533,-0.449212189740738
1.23,84,168,27.2349098991835,-0.762153085680617
1.23,84,171,17.3308417069886,-1.47139577916356
1.23,84,174,21.1140911572165,-2.45584417925298
1.23,84,177,35.0096558315815,-2.93283927219779
1.23,84,180,51.7915692843147,-3.16069359673614
1.23,87,-180,51.7915692843147,-3.10833371917631
1.23,87,-177,69.1653447209812,-3.25361386541763
1.23,87,-174,87.0616394885487,-3.36125750525973
1.23,87,-171,105.242286427987,-3.4485332706429
1.23,87,-168,123.547388639331,-3.52301856150635
1.23,87,-165,141.842632583681,-3.588486518585
1.23,87,-162,160.004493600004,-3.64698853834511
1.23,87,-159,177.91776523247,-3.69970888410375
1.23,87,-156,195.477794645935,-3.74735812064897
1.23,87,-153,212.594480767819,-3.79037185060981
1.23,87,-150,229.196554525454,-3.8290195924061
1.23,87,-147,245.235234547138,-3.86346932139184
1.23,87,-144,260.686670916873,-3.89382900711747
1.23,87,-141,275.552838186665,-3.92017566593996
1.23,87,-138,289.86076114444,-3.94257718716204
1.23,87,-135,303.660151800251,-3.96110943072883
1.23,87,-132,317.019692367734,-3.97586957496639
1.23,87,-129,330.022308747557,-3.98698587592565
1.23,87,-126,342.759840987387,-3.99462364698969
1.23,87,-123,355.327534985636,-3.99898725423165
1.23,87,-120,367.818758240876,-4.00031815302426
1.23,87,-117,380.320286162296,-3.9988893594682
1.23,87,-114,392.908419332559,-3.99499713881354
1.23,87,-111,405.646084450221,-3.98895099005966
1.23,87,-108,418.580956023295,-3.98106313111362
1.23,87,-105,431.744529926297,-3.9716386148062
1.23,87,-102,445.152001074127,-3.96096696206343
1.23,87,-99,458.802757083365,-3.94931585554911
1.23,87,-96,472.681299153578,-3.93692708026037
1.23,87,-93,486.758431393031,-3.92401459880252
1.23,87,-90,500.992604579049,-3.9107644500495
1.23,87,-87,515.331343101518,-3.89733606897329
1.23,87,-84,529.712712396888,-3.88386462561458
1.23,87,-81,544.066794218932,-3.87046404257866
1.23,87,-78,558.317132466444,-3.85723044130251
1.23,87,-75,572.382102759446,-3.84424586061524
1.23,87,-72,586.176156407471,-3.8315821667758
1.23,87,-69,599.610903745616,-3.81930511897084
1.23,87,-66,612.596037535555,-3.80747856104129
1.23,87,-63,625.040151387444,-3.79616867797541
1.23,87,-60,636.851570634461,-3.78544819034814
1.23,87,-57,647.939367861055,-3.77540027467073
1.23,87,-54,658.21476435982,-3.76612191218218
1.23,87,-51,667.593106607038,-3.7577263057689
1.23,87,-48,675.996544660779,-3.75034398531151
1.23,87,-45,683.357428461577,-3.74412225922001
1.23,87,-42,689.622290744884,-3.73922276618042
1.23,87,-39,694.756123877906,-3.73581702602303
1.23,87,-36,698.746510945695,-3.73408006292652
1.23,87,-33,701.607068583776,-3.73418235543071
1.23,87,-30,703.37962560754,-3.73628053642637
1.23,87,-27,704.134612816902,-3.74050740997303
1.23,87,-24,703.969277347913,-3.74696196548158
1.23,87,-21,703.003546911108,-3.75570015252444
1.23,87,-18,701.3736299051,-3.76672722853249
1.23,87,-15,699.223713398208,-3.77999249672707
1.23,87,-12,696.696376763917,-3.79538719280402
1.23,87,-9,693.922541694632,-3.81274612950004
1.23,87,-6,691.011902820573,-3.83185344474283
1.23,87,-3,688.044807695646,-3.85245241596679
1.23,87,0,685.066468211755,-3.87425882727991
1.23,87,3,682.084184043665,-3.89697687426534
1.23,87,6,679.067951618878,-3.92031616263311
1.23,87,9,675.954446231627,-3.94400810942491
1.23,87,12,672.65394782738,-3.96782007024863
1.23,87,15,669.059397557534,-3.99156581612909
1.23,87,18,665.056493273298,-4.01511152030802
1.23,87,21,660.533617183121,-4.0383770801121
1.23,87,24,655.390468486183,-4.0613332554741
1.23,87,27,649.544538087516,-4.08399562793556
1.23,87,30,642.934960512515,-4.10641668614617
1.23,87,33,635.523728402432,-4.12867739370864
1.23,87,36,627.29466486337,-4.15087941230165
1.23,87,39,618.250837396044,-4.17313879779447
1.23,87,42,608.411214566818,-4.19558154549719
1.23,87,45,597.807306398654,-4.21834092699476
1.23,87,48,586.480327702073,-4.24155621949126
1.23,87,51,574.4791466439,-4.26537223655428
1.23,87,54,561.859005273645,-4.2899390451593
1.23,87,57,548.680789491498,-4.31541137580055
1.23,87,60,535.010520638815,-4.34194744656124
1.23,87,63,520.918744050209,-4.36970716105931
1.23,87,66,506.479577942286,-4.39884984240433
1.23,87,69,491.769319319221,-4.42953178916147
1.23,87,72,476.864640439446,-4.46190396921287
1.23,87,75,461.840517041145,-4.49611011109633
1.23,87,78,446.768089768593,-4.53228533336078
1.23,87,81,431.712669636866,-4.5705553012557
1.23,87,84,416.732064704231,-4.61103574772256
1.23,87,87,401.875342479828,-4.65383207037926
1.23,87,90,387.182067016867,-4.69903864247913
1.23,87,93,372.681976312428,-4.746737474296
1.23,87,96,358.395007610968,-4.79699594719508
1.23,87,99,344.331545906693,-4.84986352124786
1.23,87,102,330.49277141002,-4.90536757772797
1.23,87,105,316.871017088026,-4.96350886622366
1.23,87,108,303.450112478332,-5.02425732287233
1.23,87,111,290.205770555874,-5.08754923272419
1.23,87,114,277.106147421518,-5.15328674648622
1.23,87,117,264.112742277557,-5.22134057999677
1.23,87,120,251.181783766055,-5.29155633456021
1.23,87,123,238.266159257699,-5.36376436846069
1.23,87,126,225.317800525506,-5.43779268804035
1.23,87,129,212.290281376691,-5.51348211024778
1.23,87,132,199.141264079216,-5.59070316311778
1.23,87,135,185.83440213813,-5.66937497779402
1.23,87,138,172.340394240264,-5.74948791446183
1.23,87,141,158.637080333667,-5.83113410924697
1.23,87,144,144.708737316972,-5.91455423022475
1.23,87,147,130.545020771432,-6.00021635658057
1.23,87,150,116.140292736764,-6.08895890159554
1.23,87,153,101.494456245961,-6.18226695846894
1.23,87,156,86.6172422814674,-6.28284857327176
1.23,87,159,71.5404089269894,-6.39595972966161
1.23,87,162,56.3513762640167,-6.53287030230291
1.23,87,165,41.3009097471281,-6.72159557151896
1.23,87,168,27.2519026630679,-7.0468506537696
1.23,87,171,17.951471935226,-7.75938316394124
1.23,87,174,21.947401191275,-8.69446298909686
1.23,87,177,35.4589931391375,-9.16160296832939
1.23,87,180,51.7915692843147,-9.3915190263559
1.23,90,-180,51.7915692843147,-3.05597384161648
1.23,90,-177,68.6418807186435,-3.20357324806332
1.23,90,-174,85.9902416068433,-3.31331909319849
1.23,90,-171,103.611060178209,-3.40242725151093
1.23,90,-168,121.360365694332,-3.47855530502997
1.23,90,-165,139.120708373985,-3.54554783746732
1.23,90,-162,156.784883700398,-3.60550837591116
1.23,90,-159,174.252593081573,-3.65965939949519
1.23,90,-156,191.4321733964,-3.7087408045496
1.23,90,-153,208.244308939628,-3.75321169977075
1.23,90,-150,224.626153151002,-3.79336090686131
1.23,90,-147,240.534891412436,-3.82937231070714
1.23,90,-144,255.950121642843,-3.8613668106675
1.23,90,-141,270.874704461029,-3.88943161844686
1.23,90,-138,285.333980862012,-3.91364225073203
1.23,90,-135,299.373466737288,-3.93407972650281
1.23,90,-132,313.055294662711,-3.95084393351238
1.23,90,-129,326.453774587663,-3.96406332637527
1.23,90,-126,339.650486861167,-3.97390080306772
1.23,90,-123,352.729311810826,-3.98055563032545
1.23,90,-120,365.771751718041,-3.9842615337588
1.23,90,-117,378.852825389845,-3.98528141867543
1.23,90,-114,392.037723505689,-3.98389952789976
1.23,90,-111,405.379315303565,-3.98041207756063
1.23,90,-108,418.916505549267,-3.97511748342311
1.23,90,-105,432.673366768076,-3.96830719036208
1.23,90,-102,446.658924586874,-3.96025788260629
1.23,90,-99,460.867457350629,-3.95122554709012
1.23,90,-96,475.279181293692,-3.94144155647399
1.23,90,-93,489.861219445023,-3.93111068731714
1.23,90,-90,504.568783035125,-3.92041082240449
1.23,90,-87,519.346516649197,-3.90949400859989
1.23,90,-84,534.129965950694,-3.89848853822134
1.23,90,-81,548.847119550749,-3.88750176856039
1.23,90,-78,563.419960980317,-3.87662346473464
1.23,90,-75,577.765953191432,-3.86592952254675
1.23,90,-72,591.799377552472,-3.85548598259587
1.23,90,-69,605.432469831713,-3.84535327262819
1.23,90,-66,618.576339252989,-3.83559060644847
1.23,90,-63,631.141718246621,-3.82626042602253
1.23,90,-60,643.039658220844,-3.81743270742385
1.23,90,-57,654.182344378588,-3.80918887651564
1.23,90,-54,664.484233374385,-3.80162501661271
1.23,90,-51,673.863707845755,-3.79485401797151
1.23,90,-48,682.245384856899,-3.78900633307911
1.23,90,-45,689.563113452626,-3.78422906830705
1.23,90,-42,695.763561704243,-3.78068325614788
1.23,90,-39,700.810145707471,-3.77853929751849
1.23,90,-36,704.686916825582,-3.77797071950641
1.23,90,-33,707.401924821571,-3.77914654000169
1.23,90,-30,708.989535461535,-3.78222265242027
1.23,90,-27,709.511215690884,-3.78733273549473
1.23,90,-24,709.054410233974,-3.7945792571951
1.23,90,-21,707.729310545044,-3.80402518455248
1.23,90,-18,705.66353946663,-3.81568703703937
1.23,90,-15,702.995014658365,-3.82952992753475
1.23,90,-12,699.863481017428,-3.84546520867901
1.23,90,-9,696.401390195861,-3.86335126086515
1.23,90,-6,692.724932949521,-3.88299779456401
1.23,90,-3,688.926082041103,-3.90417377427593
1.23,90,0,685.066468211755,-3.92661870483974
1.23,90,3,681.173780866192,-3.95005658670436
1.23,90,6,677.241155978733,-3.97421141563064
1.23,90,9,673.229696187077,-3.99882277124413
1.23,90,12,669.07389184831,-4.02365990551195
1.23,90,15,664.689329471607,-4.04853287047575
1.23,90,18,659.981754325054,-4.07329961661496
1.23,90,21,654.856366580205,-4.09786858165236
1.23,90,24,649.226224408622,-4.12219695476217
1.23,90,27,643.018814661781,-4.14628540591292
1.23,90,30,636.18019903971,-4.17017049750544
1.23,90,33,628.676579261505,-4.19391617537349
1.23,90,36,620.493556006337,-4.21760565543969
1.23,90,39,611.633693308918,-4.24133472064735
1.23,90,42,602.11317817652,-4.26520699974614
1.23,90,45,591.958361036118,-4.28933131610295
1.23,90,48,581.202797955444,-4.31382077224999
1.23,90,51,569.885148729551,-4.33879295438383
1.23,90,54,558.047992352644,-4.36437054167566
1.23,90,57,545.737375464106,-4.39068168259155
1.23,90,60,533.002759546754,-4.41785970773541
1.23,90,63,519.896995954327,-4.44604201503513
1.23,90,66,506.476020143161,-4.47536821526115
1.23,90,69,492.798082576606,-4.50597780768126
1.23,90,72,478.922481024347,-4.53800773807918
1.23,90,75,464.907889573034,-4.57159017286404
1.23,90,78,450.81046823146,-4.60685072290061
1.23,90,81,436.681972957218,-4.64390720012834
1.23,90,84,422.568071657513,-4.68286882423931
1.23,90,87,408.507018784978,-4.7238356501347
1.23,90,90,394.528766138424,-4.76689789077553
1.23,90,93,380.654508554148,-4.81213479024284
1.23,90,96,366.896597514072,-4.85961277553898
1.23,90,99,353.258717382344,-4.90938278623838
1.23,90,102,339.736216860476,-4.96147693191831
1.23,90,105,326.316523641339,-5.0159049175761
1.23,90,108,312.979634945042,-5.07265094345263
1.23,90,111,299.698752353268,-5.13167195211196
1.23,90,114,286.441190031614,-5.19289809493362
1.23,90,117,273.169703217541,-5.25623609042828
1.23,90,120,259.844338603411,-5.32157577590716
1.23,90,123,246.424797584208,-5.38879970956103
1.23,90,126,232.873149000441,-5.45779531539541
1.23,90,129,219.156573934643,-5.52846895327398
1.23,90,132,205.249725677279,-5.60076159777983
1.23,90,135,191.136289375915,-5.67466664999061
1.23,90,138,176.809448292745,-5.75025192966281
1.23,90,141,162.271192539405,-5.8276904091192
1.23,90,144,147.530698985947,-5.90730855368365
1.23,90,147,132.602320076932,-5.98966927040039
1.23,90,150,117.504032917804,-6.07572365530989
1.23,90,153,102.257618051668,-6.16710593643576
1.23,90,156,86.8927645474943,-6.26674993852048
1.23,90,159,71.4601306661575,-6.38030592577957
1.23,90,162,56.0685477532779,-6.51983139364079
1.23,90,165,41.00484206551,-6.71507270112345
1.23,90,168,27.2237804806931,-7.05368068064434
1.23,90,171,18.6081157805236,-7.76795361663259
1.23,90,174,22.8389237822131,-8.65284050828136
1.23,90,177,35.9497630117056,-9.10805135617149
1.23,90,180,51.7915692843147,-9.33915914879607
1.23,93,-180,51.7915692843147,-3.00361396405665
1.23,93,-177,68.0701828940484,-3.15322987331008
1.23,93,-174,84.8169469603829,-3.26497748561249
1.23,93,-171,101.818756672543,-3.35590588677085
1.23,93,-168,118.947140496561,-3.4337124932863
1.23,93,-165,136.101214001193,-3.5022961409159
1.23,93,-162,153.190035799259,-3.56380339600061
1.23,93,-159,170.128436589852,-3.61948905930987
1.23,93,-156,186.83825208644,-3.670117886797
1.23,93,-153,203.251732122035,-3.7161687211436
1.23,93,-150,219.315457832579,-3.75794628963015
1.23,93,-147,234.993738422138,-3.79564721614074
1.23,93,-144,250.270838745594,-3.8294023358729
1.23,93,-141,265.151696285435,-3.85930624343688
1.23,93,-138,279.661057408213,-3.88543948347573
1.23,93,-135,293.841186691501,-3.9078858836538
1.23,93,-132,307.748461196505,-3.92674596767884
1.23,93,-129,321.449245089671,-3.94214660917596
1.23,93,-126,335.015453949022,-3.95424681692403
1.23,93,-123,348.520177799847,-3.96323960521641
1.23,93,-120,362.033657096493,-3.96935016073628
1.23,93,-117,375.619815198485,-3.97283084332873
1.23,93,-114,389.333459388925,-3.97395384438406
1.23,93,-111,403.218181174566,-3.97300249682011
1.23,93,-108,417.304923199917,-3.97026225063401
1.23,93,-105,431.611139281671,-3.96601220627087
1.23,93,-102,446.140456986089,-3.96051787580422
1.23,93,-99,460.88275583123,-3.95402557581909
1.23,93,-96,475.814591589978,-3.9467586004843
1.23,93,-93,490.899918752019,-3.93891511832353
1.23,93,-90,506.091079421571,-3.93066760129796
1.23,93,-87,521.33003098357,-3.92216353097896
1.23,93,-84,536.549774737948,-3.91352712147603
1.23,93,-81,551.675926754317,-3.90486183298512
1.23,93,-78,566.628348282344,-3.89625350208305
1.23,93,-75,581.322736280432,-3.88777396564732
1.23,93,-72,595.672074492899,-3.87948508884519
1.23,93,-69,609.587868039872,-3.87144311374819
1.23,93,-66,622.981130130938,-3.86370322019071
1.23,93,-63,635.763152333791,-3.85632413844486
1.23,93,-60,647.846158268779,-3.84937258553731
1.23,93,-57,659.143999720436,-3.84292723085091
1.23,93,-54,669.573088807332,-3.83708185173242
1.23,93,-51,679.053758015562,-3.83194733354512
1.23,93,-48,687.512195446669,-3.8276522111508
1.23,93,-45,694.883016935507,-3.82434153983372
1.23,93,-42,701.112418969178,-3.82217401185023
1.23,93,-39,706.1617227176,-3.82131738065633
1.23,93,-36,710.010991014665,-3.82194239630033
1.23,93,-33,712.662299758091,-3.82421557378138
1.23,93,-30,714.142193954509,-3.82829120083487
1.23,93,-27,714.502871437136,-3.83430304196367
1.23,93,-24,713.821719269633,-3.84235621915381
1.23,93,-21,712.198972460489,-3.85251975808037
1.23,93,-18,709.753454352613,-3.86482029172676
1.23,93,-15,706.616568154711,-3.87923741475405
1.23,93,-12,702.924913039017,-3.895701175369
1.23,93,-9,698.812073155418,-3.91409215967886
1.23,93,-6,694.400257401691,-3.93424454066455
1.23,93,-3,689.792541034742,-3.95595230159948
1.23,93,0,685.066468211755,-3.97897858239957
1.23,93,3,680.269706597418,-4.00306774081005
1.23,93,6,675.418289527804,-4.02795930861555
1.23,93,9,670.497732176579,-4.05340263544413
1.23,93,12,665.466977351743,-4.07917075306585
1.23,93,15,660.264752137524,-4.10507195796479
1.23,93,18,654.817563068275,-4.13095785052497
1.23,93,21,649.048302381511,-4.15672706435513
1.23,93,24,642.884348653109,-4.18232457500657
1.23,93,27,636.264155586587,-4.20773715316131
1.23,93,30,629.141618686552,-4.23298607833523
1.23,93,33,621.487929636389,-4.25811854523631
1.23,93,36,613.291079639674,-4.28319922522063
1.23,93,39,604.553556444599,-4.30830320370599
1.23,93,42,595.289015543878,-4.3335110707158
1.23,93,45,585.518754058016,-4.35890640311947
1.23,93,48,575.268684171009,-4.38457536384592
1.23,93,51,564.567242899943,-4.41060776158853
1.23,93,54,553.444363823675,-4.43709873189939
1.23,93,57,541.931354468114,-4.46415023112211
1.23,93,60,530.061331660253,-4.49187173926612
1.23,93,63,517.86979503663,-4.52037987068076
1.23,93,66,505.394960171646,-4.54979690479709
1.23,93,69,492.677595387748,-4.58024849920463
1.23,93,72,479.760265742848,-4.61186098908488
1.23,93,75,466.686040842412,-4.64475869878854
1.23,93,78,453.496837898564,-4.67906160878598
1.23,93,81,440.231630994957,-4.71488356742797
1.23,93,84,426.924759801736,-4.75233105284188
1.23,93,87,413.60452573724,-4.79150231767813
1.23,93,90,400.292188136662,-4.83248662652388
1.23,93,93,387.001388284243,-4.87536325345605
1.23,93,96,373.737956003279,-4.92019996439142
1.23,93,99,360.500009137135,-4.967050867252
1.23,93,102,347.278251141344,-5.01595375177554
1.23,93,105,334.056406933253,-5.06692731510314
1.23,93,108,320.811801553122,-5.11996891427692
1.23,93,111,307.516158706473,-5.17505363067098
1.23,93,114,294.136748509388,-5.2321354160453
1.23,93,117,280.638017810055,-5.29115089500039
1.23,93,120,266.983774730595,-5.3520260604319
1.23,93,123,253.139873735933,-5.41468571415093
1.23,93,126,239.077185122141,-5.47906521579691
1.23,93,129,224.774480348066,-5.54512406474672
1.23,93,132,210.220776604802,-5.61286119207194
1.23,93,135,195.416703973767,-5.68233270745559
1.23,93,138,180.374602573349,-5.75367439597799
1.23,93,141,165.117307188289,-5.82713385494951
1.23,93,144,149.675888925249,-5.90312170339775
1.23,93,147,134.086951693847,-5.98230002194544
1.23,93,150,118.390421457658,-6.06574471991796
1.23,93,153,102.629237236535,-6.15526186923704
1.23,93,156,86.8534135351104,-6.25404968897727
1.23,93,159,71.1341645938793,-6.36821873234603
1.23,93,162,55.6052198555083,-6.51073199141425
1.23,93,165,40.5964432212628,-6.71326039868962
1.23,93,168,27.1675100270108,-7.06620992455209
1.23,93,171,19.3148245334249,-7.77975918618258
1.23,93,174,23.7888968955705,-8.61381044058279
1.23,93,177,36.4807789105963,-9.05535237419562
1.23,93,180,51.7915692843147,-9.28679927123624
1.23,96,-180,51.7915692843148,-2.95125408649682
1.23,96,-177,67.4519847844125,-3.10257877563131
1.23,96,-174,83.5456503472232,-3.21622977532691
1.23,96,-171,99.8717855864146,-3.30897518622581
1.23,96,-168,116.316870590403,-3.38851006522441
1.23,96,-165,132.796169477495,-3.45876916788855
1.23,96,-162,149.23485086477,-3.52193226226619
1.23,96,-159,165.563026162909,-3.57927994671728
1.23,96,-156,181.716490664237,-3.63159672211135
1.23,96,-153,197.639804453147,-3.6793766916126
1.23,96,-150,213.2899492481,-3.72293633016524
1.23,96,-147,228.639478408316,-3.76248104144995
1.23,96,-144,243.678499065862,-3.79814783833399
1.23,96,-141,258.415169584869,-3.83003521270943
1.23,96,-138,272.874691124081,-3.85822562350584
1.23,96,-135,287.097002246721,-3.88280305676915
1.23,96,-132,301.133531118998,-3.90386654324762
1.23,96,-129,315.043416285552,-3.92153978210154
1.23,96,-126,328.889586875394,-3.93597680880523
1.23,96,-123,342.735020528268,-3.94736375761758
1.23,96,-120,356.639399753683,-3.95591704159958
1.23,96,-117,370.656288574888,-3.9618785722224
1.23,96,-114,384.830867623047,-3.96550886796167
1.23,96,-111,399.198206068155,-3.96707900263689
1.23,96,-108,413.782015232116,-3.96686230965518
1.23,96,-105,428.593819048512,-3.96512661286047
1.23,96,-102,443.632485059853,-3.96212754315077
1.23,96,-99,458.884078652745,-3.95810327080778
1.23,96,-96,474.322024196594,-3.95327077647672
1.23,96,-93,489.907571802946,-3.9478236241932
1.23,96,-90,505.590571849938,-3.94193109772226
1.23,96,-87,521.310548871303,-3.93573851419015
1.23,96,-84,536.998043483293,-3.92936852556302
1.23,96,-81,552.576161007947,-3.9229232434109
1.23,96,-78,567.96223627424,-3.91648705857028
1.23,96,-75,583.069504572733,-3.91013005870154
1.23,96,-72,597.808666565374,-3.90391196027139
1.23,96,-69,612.089254603843,-3.89788645908011
1.23,96,-66,625.82074927398,-3.89210586363037
1.23,96,-63,638.91345285517,-3.88662581445679
1.23,96,-60,651.279191117355,-3.88150982312982
1.23,96,-57,662.831974058671,-3.87683330498011
1.23,96,-54,673.488786910647,-3.8726867485252
1.23,96,-51,683.170693995669,-3.86917767701396
1.23,96,-48,691.80441274338,-3.86643111988268
1.23,96,-45,699.324451731439,-3.86458841970875
1.23,96,-42,705.675809741183,-3.86380433844163
1.23,96,-39,710.817113858648,-3.86424257346659
1.23,96,-36,714.723950927244,-3.86606992657706
1.23,96,-33,717.392039514692,-3.86944946937806
1.23,96,-30,718.83982088517,-3.87453310847333
1.23,96,-27,719.110035050726,-3.88145397493193
1.23,96,-24,718.269900772723,-3.89031905539853
1.23,96,-21,716.409633407821,-3.90120246153436
1.23,96,-18,713.639196805369,-3.91413971442949
1.23,96,-15,710.083371835502,-3.92912341045788
1.23,96,-12,705.875409367737,-3.94610063560595
1.23,96,-9,701.149698969595,-3.96497249652275
1.23,96,-6,696.034013709319,-3.98559611623391
1.23,96,-3,690.641980383077,-4.00778936826174
1.23,96,0,685.066468211755,-4.0313384599594
1.23,96,3,679.374576664479,-4.05600820194013
1.23,96,6,673.604815823671,-4.08155442534771
1.23,96,9,667.766890809426,-4.10773758904188
1.23,96,12,661.844219001594,-4.13433625625686
1.23,96,15,655.798947975798,-4.16115893583101
1.23,96,18,649.578861434143,-4.18805287260429
1.23,96,21,643.125243756679,-4.21490876234958
1.23,96,24,636.380605784531,-4.24166099690382
1.23,96,27,629.29521077514,-4.26828377856837
1.23,96,30,621.831584962131,-4.29478411075728
1.23,96,33,613.966600913065,-4.32119312437865
1.23,96,36,605.691190946261,-4.34755734464666
1.23,96,39,597.008173561771,-4.37393132499578
1.23,96,42,587.928963652568,-4.4003726308182
1.23,96,45,578.470031439501,-4.42693955868362
1.23,96,48,568.64987145858,-4.4536913671168
1.23,96,51,558.486986957001,-4.48069030786803
1.23,96,54,547.999065874705,-4.50800447841847
1.23,96,57,537.203210470453,-4.53571050208524
1.23,96,60,526.11685585739,-4.56389524975349
1.23,96,63,514.758912074531,-4.59265616409485
1.23,96,66,503.150690367766,-4.62210012887862
1.23,96,69,491.316296568166,-4.65234114868518
1.23,96,72,479.282345808302,-4.68349730652027
1.23,96,75,467.077025239331,-4.71568752705538
1.23,96,78,454.728667306334,-4.74902860489188
1.23,96,81,442.264074010466,-4.78363279694998
1.23,96,84,429.706847456889,-4.81960607341633
1.23,96,87,417.075942546563,-4.85704692189046
1.23,96,90,404.38458201417,-4.89604544892757
1.23,96,93,391.639585103147,-4.9366824568217
1.23,96,96,378.841082380138,-4.9790282112567
1.23,96,99,365.982540026253,-5.02314075768088
1.23,96,102,353.051009028613,-5.06906386780164
1.23,96,105,340.027548600011,-5.11682495594748
1.23,96,108,326.887836899139,-5.16643353460624
1.23,96,111,313.603052450512,-5.21788091214954
1.23,96,114,300.141156826853,-5.27114182271286
1.23,96,117,286.468705157577,-5.32617850477473
1.23,96,120,272.553239736679,-5.38294744966801
1.23,96,123,258.366188027046,-5.44140871581251
1.23,96,126,243.88601860516,-5.50153747817695
1.23,96,129,229.101255425817,-5.56333749584269
1.23,96,132,214.012866624785,-5.62685656462013
1.23,96,135,198.635571355646,-5.69220490654316
1.23,96,138,182.99776173855,-5.7595790278042
1.23,96,141,167.139998360447,-5.82929627246887
1.23,96,144,151.112363785924,-5.90185012058146
1.23,96,147,134.971306716032,-5.97800567267551
1.23,96,150,118.776983487464,-6.05897482715093
1.23,96,153,102.592643657009,-6.14675753929973
1.23,96,156,86.4888330222244,-6.24485584397937
1.23,96,159,70.5588717533218,-6.35991045565877
1.23,96,162,54.9649865920112,-6.50591433448295
1.23,96,165,40.0875970301606,-6.71663891409911
1.23,96,168,27.1037422878043,-7.08476253612636
1.23,96,171,20.0856372243977,-7.79418957301854
1.23,96,174,24.7977010916988,-8.57703421959031
1.23,96,177,37.050799322523,-9.00348289238055
1.23,96,180,51.7915692843148,-9.23443939367641
1.23,99,-180,51.7915692843147,-2.89889420893699
1.23,99,-177,66.7891706082982,-3.0516147944963
1.23,99,-174,82.1806183212056,-3.16707215249029
1.23,99,-171,97.7772543935173,-3.26164031705527
1.23,99,-168,113.479878610829,-3.34296807182013
1.23,99,-165,129.219399470095,-3.41500656489044
1.23,99,-162,144.936870766973,-3.47995810491607
1.23,99,-159,160.577782048772,-3.5391218385266
1.23,99,-156,176.092306320348,-3.59329613196643
1.23,99,-153,191.438017726424,-3.64298502277942
1.23,99,-150,206.583222991935,-3.6885116391689
1.23,99,-147,221.50977835071,-3.7300852242904
1.23,99,-144,236.214734285337,-3.7678442498271
1.23,99,-141,250.710534556833,-3.80188675877035
1.23,99,-138,265.023812801959,-3.83229332968229
1.23,99,-135,279.193058018931,-3.85914501824729
1.23,99,-132,293.26554262817,-3.8825370704696
1.23,99,-129,307.293926979861,-3.90258852622051
1.23,99,-126,321.332895576238,-3.91944770337496
1.23,99,-123,335.436077079484,-3.93329373075961
1.23,99,-120,349.653386477861,-3.94433459309265
1.23,99,-117,364.028829575165,-3.952802422062
1.23,99,-114,378.59874184416,-3.95894692966208
1.23,99,-111,393.390399505818,-3.96302790426475
1.23,99,-108,408.4209363958,-3.96530759304009
1.23,99,-105,423.696517047019,-3.96604361852549
1.23,99,-102,439.211743976913,-3.96548287079104
1.23,99,-99,454.949305383469,-3.96385662014048
1.23,99,-96,470.879890253419,-3.96137693442812
1.23,99,-93,486.962406063243,-3.95823437106937
1.23,99,-90,503.144527803437,-3.95459684672962
1.23,99,-87,519.363587051814,-3.95060956053451
1.23,99,-84,535.547779962242,-3.94639584869957
1.23,99,-81,551.617638975652,-3.94205886719832
1.23,99,-78,567.487681557857,-3.93768402148618
1.23,99,-75,583.068127164148,-3.93334207620183
1.23,99,-72,598.266566704161,-3.92909287342963
1.23,99,-69,612.989480624664,-3.92498956004622
1.23,99,-66,627.14353285624,-3.92108317334201
1.23,99,-63,640.636615288723,-3.91742736671079
1.23,99,-60,653.3786748063,-3.9140829871271
1.23,99,-57,665.282413242383,-3.91112216067491
1.23,99,-54,676.263999388044,-3.90863151897114
1.23,99,-51,686.243960702527,-3.90671422096715
1.23,99,-48,695.14842129159,-3.90549049591889
1.23,99,-45,702.91081586041,-3.90509654829797
1.23,99,-42,709.474135694798,-3.90568180810311
1.23,99,-39,714.793658258467,-3.90740465803299
1.23,99,-36,718.839990594919,-3.91042689904318
1.23,99,-33,721.602139175325,-3.91490730965472
1.23,99,-30,723.090229354191,-3.92099470296137
1.23,99,-27,723.337458211374,-3.92882089018017
1.23,99,-24,722.400888859101,-3.93849393147792
1.23,99,-21,720.360782822125,-3.95009200990176
1.23,99,-18,717.31830658978,-3.96365822012564
1.23,99,-15,713.39161577724,-3.97919653541051
1.23,99,-12,708.7104901534,-3.99666921240097
1.23,99,-9,703.409845565881,-4.01599591252391
1.23,99,-6,697.62257540293,-4.03705484455864
1.23,99,-3,691.472274101114,-4.05968623224416
1.23,99,0,685.066468211755,-4.08369833751923
1.23,99,3,678.491016999542,-4.10887607957617
1.23,99,6,671.806320322095,-4.13499196337557
1.23,99,9,665.045854151438,-4.16181860041436
1.23,99,12,658.217320244351,-4.18914166266931
1.23,99,15,651.30635348404,-4.21677179506685
1.23,99,18,644.282329214134,-4.24455395740901
1.23,99,21,637.10544201451,-4.27237294819892
1.23,99,24,629.733987147737,-4.30015445489707
1.23,99,27,622.130742803461,-4.3278617516752
1.23,99,30,614.26754840458,-4.35548893952624
1.23,99,33,606.12756074847,-4.38305220668253
1.23,99,36,597.705152427802,-4.41058084574535
1.23,99,39,589.003878274104,-4.43810964962702
1.23,99,42,580.033267401747,-4.46567386436676
1.23,99,45,570.805331180441,-4.4933072210545
1.23,99,48,561.331596664956,-4.52104286313601
1.23,99,51,551.62122182361,-4.5489163941469
1.23,99,54,541.680404767466,-4.5769699205596
1.23,99,57,531.512959633972,-4.60525591032573
1.23,99,60,521.121678267045,-4.63383990403032
1.23,99,63,510.509975971712,-4.66280151077355
1.23,99,66,499.683336111212,-4.69223357244352
1.23,99,69,488.65019180399,-4.72223977368339
1.23,99,72,477.422063694269,-4.75293123331486
1.23,99,75,466.012958708034,-4.78442270675819
1.23,99,78,454.438184603809,-4.81682897100135
1.23,99,81,442.712824875283,-4.85026179516033
1.23,99,84,430.850141791181,-4.88482767508191
1.23,99,87,418.860140415941,-4.92062628558239
1.23,99,90,406.748451889498,-4.95774942807018
1.23,99,93,394.515603984765,-4.99628016167153
1.23,99,96,382.156665582023,-5.03629182299369
1.23,99,99,369.661199799342,-5.07784676281531
1.23,99,102,357.013450420886,-5.12099483349105
1.23,99,105,344.19271866803,-5.1657719030372
1.23,99,108,331.1739499101,-5.21219889028005
1.23,99,111,317.928618762672,-5.26028194814949
1.23,99,114,304.426045988276,-5.31001442365346
1.23,99,117,290.6352736604,-5.36138108247802
1.23,99,120,276.527550379648,-5.41436483980985
1.23,99,123,262.079340953775,-5.46895597055154
1.23,99,126,247.275603944487,-5.52516359908142
1.23,99,129,232.112924072216,-5.58302932106432
1.23,99,132,216.601998971193,-5.64264321591115
1.23,99,135,200.76900412765,-5.70416340979362
1.23,99,138,184.655512337865,-5.76784197114691
1.23,99,141,168.316908569804,-5.83406274539886
1.23,99,144,151.819577707053,-5.90340188689661
1.23,99,147,135.237513138417,-5.97673200258112
1.23,99,150,118.649410894392,-6.05541260730419
1.23,99,153,102.137940470159,-6.14166044207683
1.23,99,156,85.7943110297508,-6.23932307128252
1.23,99,159,69.7354822500111,-6.35564606828047
1.23,99,162,54.1559825781585,-6.50578110440551
1.23,99,165,39.4948392142324,-6.72573497508073
1.23,99,168,27.0569940267663,-7.10955819501822
1.23,99,171,20.9340979787161,-7.81057166373543
1.23,99,174,25.865748249636,-8.54219082832913
1.23,99,177,37.6585265547931,-8.9524147699054
1.23,99,180,51.7915692843147,-9.18207951611658
1.23,102,-180,51.7915692843147,-2.84653433137716
1.23,102,-177,66.0837678946721,-3.00033255443157
1.23,102,-174,80.7264684566607,-3.11749980380713
1.23,102,-171,95.5429303030291,-3.21390552336433
1.23,102,-168,110.447595994197,-3.29710678817479
1.23,102,-165,125.386460534237,-3.37105037766124
1.23,102,-162,140.316193027478,-3.43794957401847
1.23,102,-159,155.197722900965,-3.49911398569408
1.23,102,-156,169.995985052866,-3.55534905099009
1.23,102,-153,184.68222906765,-3.6071623753323
1.23,102,-150,199.236951603439,-3.65487748858516
1.23,102,-147,213.652290098865,-3.6987013102979
1.23,102,-144,227.933241017757,-3.73876784469257
1.23,102,-141,242.097491168049,-3.77516924410443
1.23,102,-138,256.173983543192,-3.80797952224313
1.23,102,-135,270.200554884108,-3.83727310391222
1.23,102,-132,284.221069757318,-3.86313886129601
1.23,102,-129,298.282451316416,-3.88568970225291
1.23,102,-126,312.431909385448,-3.90506776147464
1.23,102,-123,326.714536929888,-3.92144551280961
1.23,102,-120,341.171325169163,-3.93502344893502
1.23,102,-117,355.83756022544,-3.94602521556764
1.23,102,-114,370.741519369579,-3.95469117428856
1.23,102,-111,385.903379195007,-3.96127130297719
1.23,102,-108,401.334270495129,-3.96601817205103
1.23,102,-105,417.035451584583,-3.9691805190515
1.23,102,-102,432.997610511794,-3.97099773594847
1.23,102,-99,449.200337365716,-3.97169541519675
1.23,102,-96,465.611824986097,-3.97148198382117
1.23,102,-93,482.188858008363,-3.97054638666569
1.23,102,-90,498.877137508748,-3.96905675006866
1.23,102,-87,515.611964705149,-3.96715995340992
1.23,102,-84,532.319276338904,-3.96498204683317
1.23,102,-81,548.916990994608,-3.96262946897797
1.23,102,-78,565.316594248698,-3.96019102987489
1.23,102,-75,581.424865622737,-3.95774062349565
1.23,102,-72,597.145636015696,-3.95534061588587
1.23,102,-69,612.381464098382,-3.95304581558231
1.23,102,-66,627.035136346261,-3.95090787489748
1.23,102,-63,641.010928354153,-3.94897990073063
1.23,102,-60,654.215612683941,-3.9473209839055
1.23,102,-57,666.559255598282,-3.94600030198423
1.23,102,-54,677.955903304654,-3.94510042765059
1.23,102,-51,688.324306681389,-3.94471949515538
1.23,102,-48,697.588859316727,-3.94497194587085
1.23,102,-45,705.680915433796,-3.94598768610794
1.23,102,-42,712.54060456594,-3.94790963181247
1.23,102,-39,718.119169222053,-3.95088976435454
1.23,102,-36,722.381731086094,-3.95508395585658
1.23,102,-33,725.31026150836,-3.9606459211672
1.23,102,-30,726.906420567469,-3.96772070448092
1.23,102,-27,727.19386277254,-3.97643810995063
1.23,102,-24,726.219605020305,-3.98690644582192
1.23,102,-21,724.054117536857,-3.99920688679791
1.23,102,-18,720.789918883781,-4.01338869009457
1.23,102,-15,716.5386077184,-4.02946544821057
1.23,102,-12,711.426420416279,-4.04741254334729
1.23,102,-9,705.58854589502,-4.06716599262745
1.23,102,-6,699.162551143431,-4.08862293086823
1.23,102,-3,692.281377930767,-4.11164403680446
1.23,102,0,685.066468211755,-4.13605821507906
1.23,102,3,677.621655172157,-4.16166973661494
1.23,102,6,670.028490218009,-4.18826776898979
1.23,102,9,662.343619641406,-4.21563780288527
1.23,102,12,654.598639010935,-4.24357398152391
1.23,102,15,646.802530989085,-4.27189091417612
1.23,102,18,638.946376567867,-4.30043336938998
1.23,102,21,631.009612697418,-4.32908241735022
1.23,102,24,622.966805107862,-4.35775713591495
1.23,102,27,614.793809083167,-4.3864118002046
1.23,102,30,606.47234285607,-4.41502934059714
1.23,102,33,597.992366394888,-4.44361255617542
1.23,102,36,589.352149190549,-4.47217493526344
1.23,102,39,580.556398908021,-4.50073288101809
1.23,102,42,571.613188795794,-4.52930069609133
1.23,102,45,562.530584611278,-4.55788896879302
1.23,102,48,553.313809107801,-4.58650620645575
1.23,102,51,543.963532148335,-4.61516287406772
1.23,102,54,534.475520955047,-4.64387657219079
1.23,102,57,524.841529169979,-4.67267700173678
1.23,102,60,515.051033363628,-4.70160959245629
1.23,102,63,505.093292987543,-4.73073711543973
1.23,102,66,494.959221244921,-4.76013911677865
1.23,102,69,484.64267883651,-4.7899094666197
1.23,102,72,474.140987995462,-4.82015262433852
1.23,102,75,463.454656324065,-4.85097934122052
1.23,102,78,452.586455907596,-4.88250247088039
1.23,102,81,441.540098301317,-4.91483338105949
1.23,102,84,430.318773848323,-4.94807921901357
1.23,102,87,418.923792786095,-4.98234103733088
1.23,102,90,407.353494185525,-5.01771259001244
1.23,102,93,395.602500636624,-5.05427949827866
1.23,102,96,383.661316126834,-5.09211848213973
1.23,102,99,371.516212346485,-5.13129645659698
1.23,102,102,359.149337286298,-5.17186947752586
1.23,102,105,346.53901065049,-5.21388174886927
1.23,102,108,333.660231556439,-5.25736511371606
1.23,102,111,320.485491966137,-5.30233959021245
1.23,102,114,306.986034492313,-5.34881553709644
1.23,102,117,293.133687556618,-5.39679793207766
1.23,102,120,278.903337872916,-5.4462930505536
1.23,102,123,264.275963561953,-5.49731761665428
1.23,102,126,249.241978273964,-5.54991037047823
1.23,102,129,233.804474446295,-5.6041460781042
1.23,102,132,217.981856583687,-5.66015243553992
1.23,102,135,201.809368103669,-5.71813124202942
1.23,102,138,185.339157997068,-5.77838690272916
1.23,102,141,168.638795092207,-5.84136831239572
1.23,102,144,151.788483097564,-5.90773571680575
1.23,102,147,134.877626031307,-5.97847518180859
1.23,102,150,118.001862940307,-6.05510702666065
1.23,102,153,101.262422568783,-6.14008984760839
1.23,102,156,84.7713156386687,-6.23766203112453
1.23,102,159,68.670748785665,-6.35575393014955
1.23,102,162,53.191651493018,-6.510803775087
1.23,102,165,38.8401220121884,-6.74111073209448
1.23,102,168,27.0555671968759,-7.14065172890352
1.23,102,171,21.8727641765557,-7.8281938656971
1.23,102,174,26.9933821066405,-8.50897993232113
1.23,102,177,38.3026047338114,-8.90211561847848
1.23,102,180,51.7915692843147,-9.12971963855675
1.23,105,-180,51.7915692843147,-2.79417445381733
1.23,105,-177,65.3379394786754,-2.94872644708678
1.23,105,-174,79.1881461101303,-3.06750680006622
1.23,105,-171,93.1771955713952,-3.16577403092704
1.23,105,-168,107.232493135841,-3.25094684739863
1.23,105,-165,121.314544916958,-3.32694565447119
1.23,105,-162,135.395349590429,-3.39598215062539
1.23,105,-159,149.451323894198,-3.45936734927545
1.23,105,-156,163.462527606392,-3.51790586505767
1.23,105,-153,177.414508580025,-3.57210121985658
1.23,105,-150,191.300754354561,-3.62226964545636
1.23,105,-147,205.124569789601,-3.66860803249217
1.23,105,-144,218.899783781404,-3.71123845937546
1.23,105,-141,232.650154043268,-3.75024034510187
1.23,105,-138,246.407680977205,-3.78567529880824
1.23,105,-135,260.210233546106,-3.81760658963479
1.23,105,-132,274.098930973282,-3.84611367421677
1.23,105,-129,288.115647026576,-3.87130176714547
1.23,105,-126,302.300862693034,-3.89330658229121
1.23,105,-123,316.691943625656,-3.91229476052753
1.23,105,-120,331.321801559486,-3.92846087193598
1.23,105,-117,346.217833225449,-3.94202208640705
1.23,105,-114,361.401015983772,-3.95321160338794
1.23,105,-111,376.885063738043,-3.96227175979743
1.23,105,-108,392.675592017176,-3.96944747570915
1.23,105,-105,408.769290723846,-3.97498043139042
1.23,105,-102,425.153144623525,-3.9791041525922
1.23,105,-99,441.803768433656,-3.9820400369795
1.23,105,-96,458.686933697619,-3.9839942801922
1.23,105,-93,475.757360403556,-3.98515563758744
1.23,105,-90,492.958831163903,-3.98569396610173
1.23,105,-87,510.224663449917,-3.98575951205712
1.23,105,-84,527.478548807376,-3.98548293283494
1.23,105,-81,544.635739171784,-3.98497605560449
1.23,105,-78,561.60453096244,-3.98433338007422
1.23,105,-75,578.287969564975,-3.98363432136314
1.23,105,-72,594.585673141811,-3.98294616149399
1.23,105,-69,610.395659657319,-3.98232763324209
1.23,105,-66,625.616059480877,-3.98183300031909
1.23,105,-63,640.146612401339,-3.98151642882226
1.23,105,-60,653.889884755575,-3.98143637601528
1.23,105,-57,666.752198249221,-3.98165966637308
1.23,105,-54,678.644330387807,-3.98226489520492
1.23,105,-51,689.4821152146,-3.98334480922813
1.23,105,-48,699.187126031283,-3.98500736840157
1.23,105,-45,707.687641695794,-3.98737529342844
1.23,105,-42,714.920071431071,-3.99058403850515
1.23,105,-39,720.830935292923,-3.99477828053551
1.23,105,-36,725.379376798984,-4.00010716049972
1.23,105,-33,728.540042272098,-4.00671862650816
1.23,105,-30,730.306028992766,-4.01475329353407
1.23,105,-27,730.69151316368,-4.02433824403776
1.23,105,-24,729.733642106536,-4.03558115045243
1.23,105,-21,727.493319694306,-4.04856501959758
1.23,105,-18,724.054617849322,-4.06334376387449
1.23,105,-15,719.522684686031,-4.07993872264863
1.23,105,-12,714.020163677119,-4.09833621677039
1.23,105,-9,707.682269473176,-4.11848623808581
1.23,105,-6,700.650782068984,-4.14030245326441
1.23,105,-3,693.067332234702,-4.16366380793488
1.23,105,0,685.066468211755,-4.18841809263889
1.23,105,3,676.769111116835,-4.21438779736201
1.23,105,6,668.277092129327,-4.24137836821555
1.23,105,9,659.669464276473,-4.26918857140196
1.23,105,12,651.001141922143,-4.29762213267486
1.23,105,15,642.304120778247,-4.3264993063248
1.23,105,18,633.5911064605,-4.35566672861768
1.23,105,21,624.860924955884,-4.38500398390252
1.23,105,24,616.104729738479,-4.41442580552838
1.23,105,27,607.311869139918,-4.44387965461065
1.23,105,30,598.474388121976,-4.47333935866784
1.23,105,33,589.589486833965,-4.50279629718085
1.23,105,36,580.659750705994,-4.53225007987863
1.23,105,39,571.691471871179,-4.56170066446005
1.23,105,42,562.691770984248,-4.59114341689836
1.23,105,45,553.665412873469,-4.62056785639708
1.23,105,48,544.612161115576,-4.64995995052526
1.23,105,51,535.525272148811,-4.67930705532676
1.23,105,54,526.391374202656,-4.70860410993679
1.23,105,57,517.191614875636,-4.73785958481423
1.23,105,60,507.903685199955,-4.76709992692521
1.23,105,63,498.504191171689,-4.79637173216552
1.23,105,66,488.970852948137,-4.82574144760587
1.23,105,69,479.284135122298,-4.85529291468041
1.23,105,72,469.42809556963,-4.8851234080557
1.23,105,75,459.39043069021,-4.9153389650819
1.23,105,78,449.161849289321,-4.94604975369118
1.23,105,81,438.735002233481,-4.97736604363132
1.23,105,84,428.103224800311,-5.00939509248472
1.23,105,87,417.259321765549,-5.04223899819151
1.23,105,90,406.194559381356,-5.07599335738497
1.23,105,93,394.897945841654,-5.11074644192026
1.23,105,96,383.35580560683,-5.14657858438203
1.23,105,99,371.551602793028,-5.18356154678511
1.23,105,102,359.465957249412,-5.22175781427031
1.23,105,105,347.076825933714,-5.26121996825409
1.23,105,108,334.359881404572,-5.30199050016527
1.23,105,111,321.289186912954,-5.34410257516655
1.23,105,114,307.838314880265,-5.38758230521822
1.23,105,117,293.982054326933,-5.43245302957707
1.23,105,120,279.698785126213,-5.47874195313767
1.23,105,123,264.973463837998,-5.52648932416445
1.23,105,126,249.800991715748,-5.57576024187816
1.23,105,129,234.189565139757,-5.62665929189037
1.23,105,132,218.163496713369,-5.67934865178958
1.23,105,135,201.764989568976,-5.73407126860167
1.23,105,138,185.054473901417,-5.79118248377353
1.23,105,141,168.109369017547,-5.85119668588502
1.23,105,144,151.021487867993,-5.91486158609632
1.23,105,147,133.893727747697,-5.98328475195423
1.23,105,150,116.837223163732,-6.05816294369432
1.23,105,153,99.9709943046847,-6.1422249240256
1.23,105,156,83.4280730591237,-6.24014969885277
1.23,105,159,67.3776841675138,-6.36063679280991
1.23,105,162,52.0916194740502,-6.52152795179621
1.23,105,165,38.1515801937879,-6.76333877985711
1.23,105,168,27.1310791107605,-7.17786431898956
1.23,105,171,22.9127526110137,-7.84633747060156
1.23,105,174,28.1807921129464,-8.47712389815612
1.23,105,177,38.9816172234233,-8.85254955674493
1.23,105,180,51.7915692843147,-9.07735976099692
1.23,108,-180,51.7915692843147,-2.7418145762575
1.23,108,-177,64.5539749173564,-2.89679061571631
1.23,108,-174,77.5708988551787,-3.01708597037714
1.23,108,-171,90.6889965022824,-3.1172479347353
1.23,108,-168,103.847996520576,-3.20450940407652
1.23,108,-165,117.022361940854,-3.28274119684777
1.23,108,-162,130.199151648263,-3.35413979970629
1.23,108,-159,143.370328254745,-3.42000744164673
1.23,108,-156,156.531436428762,-3.48113866699114
1.23,108,-153,169.682917247466,-3.53802364446487
1.23,108,-150,182.83198915637,-3.59096175792483
1.23,108,-147,195.993913957017,-3.64013018000242
1.23,108,-144,209.192110804322,-3.68562962928324
1.23,108,-141,222.457085443735,-3.72751814105294
1.23,108,-138,235.82448448604,-3.76583758700257
1.23,108,-135,249.332739827386,-3.80063448138435
1.23,108,-132,263.020750514412,-3.83197521260083
1.23,108,-129,276.925913256918,-3.85995557852293
1.23,108,-126,291.08263177095,-3.88470486114074
1.23,108,-123,305.52127426336,-3.90638522140254
1.23,108,-120,320.267446681902,-3.92518762236663
1.23,108,-117,335.341416239661,-3.94132564748377
1.23,108,-114,350.757542307418,-3.95502846507589
1.23,108,-111,366.523626626969,-3.96653388920289
1.23,108,-108,382.640158299704,-3.97608212242846
1.23,108,-105,399.099483643783,-3.9839104397688
1.23,108,-102,415.884967644973,-3.99024884296011
1.23,108,-99,432.97023078957,-3.99531659210139
1.23,108,-96,450.318546121974,-3.9993194881599
1.23,108,-93,467.882472087156,-4.0024478018607
1.23,108,-90,485.603782247332,-4.00487479035876
1.23,108,-87,503.413736280481,-4.00675578984373
1.23,108,-84,521.233718201646,-4.00822790710544
1.23,108,-81,538.976246142049,-4.00941035122171
1.23,108,-78,556.54633165091,-4.01040544744979
1.23,108,-75,573.843135131449,-4.01130036017971
1.23,108,-72,590.761830146512,-4.01216952155342
1.23,108,-69,607.195558496196,-4.01307771804106
1.23,108,-66,623.03733818083,-4.01408373047414
1.23,108,-63,638.181786281838,-4.0152443571126
1.23,108,-60,652.526545145438,-4.01661858047627
1.23,108,-57,665.973354954218,-4.01827157646943
1.23,108,-54,678.428793594724,-4.02027822116936
1.23,108,-51,689.804792456017,-4.02272573985291
1.23,108,-48,700.019114615484,-4.02571517545676
1.23,108,-45,708.996027359693,-4.02936143467188
1.23,108,-42,716.66739515208,-4.03379179490258
1.23,108,-39,722.974353057278,-4.03914290946053
1.23,108,-36,727.869600371343,-4.04555650792779
1.23,108,-33,731.320201940876,-4.05317412592954
1.23,108,-30,733.310634184424,-4.06213128849244
1.23,108,-27,733.845700317538,-4.07255159759721
1.23,108,-24,732.952891849426,-4.08454113478289
1.23,108,-21,730.683800027007,-4.09818349607498
1.23,108,-18,727.114269756279,-4.11353565507442
1.23,108,-15,722.34311294756,-4.13062473617776
1.23,108,-12,716.489329117569,-4.14944571124344
1.23,108,-9,709.687900493425,-4.16996003882339
1.23,108,-6,702.084337532387,-4.19209535292492
1.23,108,-3,693.828264391654,-4.21574645167875
1.23,108,0,685.066468211755,-4.24077797019872
1.23,108,3,675.935987499124,-4.26702915414673
1.23,108,6,666.557947713338,-4.2943209933939
1.23,108,9,657.032903105287,-4.32246559107157
1.23,108,12,647.438346747586,-4.35127708487774
1.23,108,15,637.828772665328,-4.3805828565097
1.23,108,18,628.238244816645,-4.41023337250023
1.23,108,21,618.684944004046,-4.44010898463852
1.23,108,24,609.176760969633,-4.47012246098635
1.23,108,27,599.716806432239,-4.5002168437316
1.23,108,30,590.307782270345,-4.53035922474116
1.23,108,33,580.95448465775,-4.5605319178296
1.23,108,36,571.664196370417,-4.59072304379666
1.23,108,39,562.445236247276,-4.62091859125011
1.23,108,42,553.304334983949,-4.65109757348453
1.23,108,45,544.243704189289,-4.68123110015766
1.23,108,48,535.258629227463,-4.71128524152562
1.23,108,51,526.336181381393,-4.7412267268762
1.23,108,54,517.455296808539,-4.77102998750642
1.23,108,57,508.588113915146,-4.80068392858001
1.23,108,60,499.702188781923,-4.83019707282307
1.23,108,63,490.763073149558,-4.85960024065056
1.23,108,66,481.736747199,-4.8889465450318
1.23,108,69,472.59151737289,-4.91830902430362
1.23,108,72,463.299165353121,-4.94777660445263
1.23,108,75,453.835315292592,-4.97744923458105
1.23,108,78,444.179132866862,-5.00743299440519
1.23,108,81,434.312560280456,-5.03783578604459
1.23,108,84,424.219321595264,-5.06876396279116
1.23,108,87,413.883910803182,-5.10031998064095
1.23,108,90,403.290717013939,-5.13260093751184
1.23,108,93,392.423367056529,-5.1656977273524
1.23,108,96,381.264296516723,-5.19969450089883
1.23,108,99,369.794514056584,-5.23466819203958
1.23,108,102,357.993513091553,-5.27068802037828
1.23,108,105,345.839312539997,-5.30781508189451
1.23,108,108,333.308665956232,-5.34610234448608
1.23,108,111,320.377546211338,-5.38559552505319
1.23,108,114,307.022063547207,-5.42633540070974
1.23,108,117,293.219980016981,-5.46836208273095
1.23,108,120,278.952923161151,-5.51172167614557
1.23,108,123,264.20927385064,-5.5564756177392
1.23,108,126,248.987528132947,-5.60271292402474
1.23,108,129,233.299752964824,-5.65056571026565
1.23,108,132,217.174625696088,-5.70022881105954
1.23,108,135,200.659518948111,-5.75198534464717
1.23,108,138,183.82119880891,-5.80624195872723
1.23,108,141,166.744948895266,-5.86358096621434
1.23,108,144,149.532295270278,-5.92484314967985
1.23,108,147,132.297968759984,-5.99126820459301
1.23,108,150,115.167347119354,-6.0647481260935
1.23,108,153,98.2766240558191,-6.14831419699907
1.23,108,156,81.7802267613893,-6.24714064194461
1.23,108,159,65.8764172733862,-6.37078219540603
1.23,108,162,50.8826807349571,-6.53857246817171
1.23,108,165,37.4642026690617,-6.79295673872845
1.23,108,168,27.3174856264183,-7.22071753766383
1.23,108,171,24.0633681300073,-7.86431056968554
1.23,108,174,29.4279412242746,-8.44636890224933
1.23,108,177,39.6940836845789,-8.80367793781501
1.23,108,180,51.7915692843147,-9.02499988343709
1.23,111,-180,51.7915692843147,-2.68945469869768
1.23,111,-177,63.7342813844665,-2.84451894257247
1.23,111,-174,75.8802488075401,-2.96622876127004
1.23,111,-171,88.087786567362,-3.06832806618055
1.23,111,-168,100.308393613244,-3.15781633696198
1.23,111,-165,112.529998499045,-3.23849050457917
1.23,111,-162,124.754503536886,-3.3125170771593
1.23,111,-159,136.989517788308,-3.38117797524635
1.23,111,-156,149.246453085729,-3.44524673500342
1.23,111,-153,161.541229589138,-3.50518881122257
1.23,111,-150,173.89548679133,-3.56127476243804
1.23,111,-147,186.33713786512,-3.61364973830728
1.23,111,-144,198.899811591157,-3.66238106478897
1.23,111,-141,211.621264882724,-3.70749438590038
1.23,111,-138,224.541181902383,-3.74900258518213
1.23,111,-135,237.698880689435,-3.7869284756095
1.23,111,-132,251.131359442087,-3.82132099357751
1.23,111,-129,264.87191382741,-3.85226464726772
1.23,111,-126,278.949338646344,-3.8798826185177
1.23,111,-123,293.387564852725,-3.90433466364775
1.23,111,-120,308.205509309679,-3.92581144478797
1.23,111,-117,323.41692456088,-3.94452701098393
1.23,111,-114,339.030100629076,-3.96071088649403
1.23,111,-111,355.047355632428,-3.97460076494972
1.23,111,-108,371.464328613294,-3.98643632040717
1.23,111,-105,388.269140545241,-3.99645425226874
1.23,111,-102,405.441514495205,-4.00488443559925
1.23,111,-99,422.95194868882,-4.01194694784064
1.23,111,-96,440.761026173025,-4.01784974890136
1.23,111,-93,458.818930995523,-4.0227868555725
1.23,111,-90,477.065229071483,-4.0269369318609
1.23,111,-87,495.42896334118,-4.03046228746576
1.23,111,-84,513.829104547074,-4.03350832512564
1.23,111,-81,532.175385899038,-4.03620350206189
1.23,111,-78,550.369527291528,-4.03865987449573
1.23,111,-75,568.306820547644,-4.04097428150358
1.23,111,-72,585.878003739078,-4.04323019833176
1.23,111,-69,602.971307156485,-4.04550025091509
1.23,111,-66,619.474517013549,-4.04784933284128
1.23,111,-63,635.276887918804,-4.05033820395994
1.23,111,-60,650.270751962794,-4.05302737922959
1.23,111,-57,664.352725548498,-4.05598104423997
1.23,111,-54,677.424500572298,-4.05927067182212
1.23,111,-51,689.393309911879,-4.06297797755531
1.23,111,-48,700.172255592918,-4.06719685660417
1.23,111,-45,709.680754862032,-4.07203400174238
1.23,111,-42,717.845371286713,-4.07760801488597
1.23,111,-39,724.601242462055,-4.08404698136572
1.23,111,-36,729.894197229799,-4.09148465395848
1.23,111,-33,733.683495967937,-4.10005556000706
1.23,111,-30,735.94496346894,-4.10988946622917
1.23,111,-27,736.674154539725,-4.12110568622745
1.23,111,-24,735.88912782884,-4.13380768477571
1.23,111,-21,733.632414179624,-4.14807832971599
1.23,111,-18,729.971840278067,-4.16397599517344
1.23,111,-15,724.9999788579,-4.18153157183889
1.23,111,-12,718.832113566841,-4.20074633971732
1.23,111,-9,711.602713073649,-4.2215906462446
1.23,111,-6,703.460509419978,-4.24400342376066
1.23,111,-3,694.562390723146,-4.2678927513275
1.23,111,0,685.066468211755,-4.29313784775855
1.23,111,3,675.124859769786,-4.31959297248926
1.23,111,6,664.876907341606,-4.34709360493069
1.23,111,9,654.443642173453,-4.37546491632344
1.23,111,12,643.924253092492,-4.40453198084238
1.23,111,15,633.395056438,-4.43413054486969
1.23,111,18,622.911036773955,-4.46411670867345
1.23,111,21,612.509523294834,-4.49437378672472
1.23,111,24,602.215130345342,-4.5248150086386
1.23,111,27,592.044855707236,-4.5553815435654
1.23,111,30,582.012271045231,-4.58603636292044
1.23,111,33,572.130041859233,-4.61675540603395
1.23,111,36,562.410486840617,-4.64751811015433
1.23,111,39,552.864391752086,-4.6782994489558
1.23,111,42,543.498695088028,-4.70906518223512
1.23,111,45,534.313866741231,-4.73977118849195
1.23,111,48,525.301775339597,-4.77036676511495
1.23,111,51,516.444619612794,-4.80080089998397
1.23,111,54,507.715167978922,-4.83102995763952
1.23,111,57,499.078211107676,-4.86102508945244
1.23,111,60,490.492872819703,-4.89077794744396
1.23,111,63,481.915295354102,-4.92030382583409
1.23,111,66,473.301220243225,-4.94964199268671
1.23,111,69,464.608093878742,-4.97885353834261
1.23,111,72,455.796487689387,-5.00801744719157
1.23,111,75,446.830787968663,-5.03722575620711
1.23,111,78,437.679244164629,-5.06657861957143
1.23,111,81,428.313548297941,-5.09617991191885
1.23,111,84,418.708148616281,-5.12613374353004
1.23,111,87,408.839484840946,-5.1565419946323
1.23,111,90,398.685284165312,-5.18750275462748
1.23,111,93,388.223993712584,-5.21910941078058
1.23,111,96,377.434364654237,-5.25145008773312
1.23,111,99,366.295162306049,-5.28460719522245
1.23,111,102,354.784967327337,-5.31865698109064
1.23,111,105,342.882059816304,-5.35366917956774
1.23,111,108,330.56443430296,-5.38970704936684
1.23,111,111,317.810062011989,-5.42682826694781
1.23,111,114,304.597571386954,-5.46508723877543
1.23,111,117,290.907530348909,-5.50453940339217
1.23,111,120,276.724462104381,-5.54524802196846
1.23,111,123,262.039604368865,-5.58729385590026
1.23,111,126,246.854246073616,-5.63078809264846
1.23,111,129,231.183285554304,-5.6758890324553
1.23,111,132,215.0585049899,-5.72282355220741
1.23,111,135,198.531003486207,-5.77191544791034
1.23,111,138,181.672315785682,-5.82362481152416
1.23,111,141,164.573977935818,-5.87860639328537
1.23,111,144,147.345673641513,-5.93780211846911
1.23,111,147,130.112595867871,-6.00259741555212
1.23,111,150,113.013348114551,-6.07510199003444
1.23,111,153,96.2008833632788,-6.15868644105346
1.23,111,156,79.8516236365777,-6.25907881172487
1.23,111,159,64.1952008071868,-6.38677036996448
1.23,111,162,49.5998757074302,-6.56261697426515
1.23,111,165,36.8202396163243,-6.83039460361981
1.23,111,168,27.6495402145151,-7.2683883134154
1.23,111,171,25.3318472156517,-7.88147959971396
1.23,111,174,30.7345075724394,-8.41648529308929
1.23,111,177,40.4384569927488,-8.75546003579603
1.23,111,180,51.7915692843147,-8.97264000587726
1.23,114,-180,51.7915692843147,-2.63709482113784
1.23,114,-177,62.8813741086573,-2.79190503980337
1.23,114,-174,74.1219630975511,-2.91492507851919
1.23,114,-171,85.3834641942749,-3.01901383567393
1.23,114,-168,96.6287265425281,-3.11089050300005
1.23,114,-165,107.858760699426,-3.19425297706848
1.23,114,-162,119.090189728827,-3.27122184291436
1.23,114,-159,130.346449890857,-3.34304559508336
1.23,114,-156,141.655258845787,-3.41046364961685
1.23,114,-153,153.048620667594,-3.47390260063074
1.23,114,-150,164.563254895683,-3.53358892035759
1.23,114,-147,176.240330769373,-3.58961988541732
1.23,114,-144,188.124155552887,-3.64201390608681
1.23,114,-141,200.26003403834,-3.69075012631452
1.23,114,-138,212.691827938886,-3.73580075832616
1.23,114,-135,225.459783036408,-3.77715637116672
1.23,114,-132,238.599019263369,-3.81484333834393
1.23,114,-129,252.13880844627,-3.84893306458347
1.23,114,-126,266.102514015764,-3.87954365565299
1.23,114,-123,280.507914764424,-3.90683569048817
1.23,114,-120,295.367602373731,-3.93100429011067
1.23,114,-117,310.689205228572,-3.9522696503796
1.23,114,-114,326.475302000063,-3.97086774746632
1.23,114,-111,342.723001653162,-3.98704227149193
1.23,114,-108,359.42325115912,-4.00103821515944
1.23,114,-105,376.559976584057,-4.01309707868953
1.23,114,-102,394.109171471473,-4.02345339432414
1.23,114,-99,412.038031722478,-4.03233219724188
1.23,114,-96,430.30421378309,-4.03994711462235
1.23,114,-93,448.855274796324,-4.0464988470061
1.23,114,-90,467.628345020536,-4.0521739272068
1.23,114,-87,486.55008298702,-4.05714373383685
1.23,114,-84,505.536966137162,-4.06156379899173
1.23,114,-81,524.495965405551,-4.06557348416841
1.23,114,-78,543.325633905564,-4.06929611113941
1.23,114,-75,561.91760408471,-4.07283963122564
1.23,114,-72,580.158436889774,-4.07629790056282
1.23,114,-69,597.931709279278,-4.07975260078823
1.23,114,-66,615.120176380692,-4.08327580221143
1.23,114,-63,631.607817179683,-4.08693310795738
1.23,114,-60,647.281581139826,-4.09078724315406
1.23,114,-57,662.032704274587,-4.09490186821034
1.23,114,-54,675.757553456226,-4.0993453112269
1.23,114,-51,688.358072098427,-4.10419384928283
1.23,114,-48,699.742013893657,-4.10953414249312
1.23,114,-45,709.823234415215,-4.11546445663897
1.23,114,-42,718.522336535246,-4.12209440887498
1.23,114,-39,725.767919656531,-4.1295431305213
1.23,114,-36,731.498567472748,-4.13793593811357
1.23,114,-33,735.665546650903,-4.14739980172392
1.23,114,-30,738.236016528215,-4.15805805577116
1.23,114,-27,739.19640879265,-4.17002487594594
1.23,114,-24,738.555558052992,-4.18340002740889
1.23,114,-21,736.347160924297,-4.1982642791969
1.23,114,-18,732.631201149027,-4.21467570835302
1.23,114,-15,727.494073422293,-4.23266693535959
1.23,114,-12,721.047239708013,-4.25224319921855
1.23,114,-9,713.424344241974,-4.27338114695241
1.23,114,-6,704.776805254434,-4.29602830169027
1.23,114,-3,695.26801798477,-4.3201033645228
1.23,114,0,685.066468211755,-4.34549772531838
1.23,114,3,674.338265962623,-4.3720786947625
1.23,114,6,663.239821995737,-4.39969490782927
1.23,114,9,651.911526176842,-4.42818401948459
1.23,114,12,640.473261532719,-4.45738224644884
1.23,114,15,629.022351079898,-4.48713465174648
1.23,114,18,617.634108127696,-4.51730455309046
1.23,114,21,606.364644075948,-4.54778029253821
1.23,114,24,595.25512793516,-4.57847796054395
1.23,114,27,584.336428740163,-4.60933947798288
1.23,114,30,573.633084297179,-4.64032649239187
1.23,114,33,563.165816849803,-4.67141153412041
1.23,114,36,552.952267090689,-4.70256851519096
1.23,114,39,543.006106833426,-4.73376476084694
1.23,114,42,533.335083709137,-4.76495632392144
1.23,114,45,523.938755517547,-4.79608748361012
1.23,114,48,514.806657180721,-4.82709431721437
1.23,114,51,505.91744338626,-4.85791132964137
1.23,114,54,497.239245041128,-4.88847955255016
1.23,114,57,488.73116424142,-4.91875439082785
1.23,114,60,480.345592490827,-4.94871177157263
1.23,114,63,472.030915644041,-4.97835170428592
1.23,114,66,463.734169481572,-5.0076990054764
1.23,114,69,455.403302229604,-5.0368015067685
1.23,114,72,446.98884002572,-5.06572644356183
1.23,114,75,438.444895512852,-5.09455587560835
1.23,114,78,429.729577831838,-5.12338194646218
1.23,114,81,420.804938591289,-5.15230260553733
1.23,114,84,411.636619797049,-5.18141816463675
1.23,114,87,402.193361691337,-5.21082880386905
1.23,114,90,392.446491728076,-5.24063292887592
1.23,114,93,382.369464392194,-5.27092614475974
1.23,114,96,371.937470732368,-5.30180056858766
1.23,114,99,361.127101429791,-5.3333442533239
1.23,114,102,349.916039925658,-5.36564062844548
1.23,114,105,338.282788002599,-5.39876804969694
1.23,114,108,326.20648113472,-5.43279975492318
1.23,114,111,313.666919857434,-5.46780470200943
1.23,114,114,300.645002009616,-5.50384988020604
1.23,114,117,287.123760517492,-5.54100471573288
1.23,114,120,273.090168354399,-5.57934814441939
1.23,114,123,258.537756587543,-5.61897884569025
1.23,114,126,243.469915364141,-5.66002911428016
1.23,114,129,227.903548130599,-5.70268302204501
1.23,114,132,211.872581682229,-5.74720007247862
1.23,114,135,195.430758875057,-5.79394673399968
1.23,114,138,178.65320446205,-5.84344049132507
1.23,114,141,161.636479494418,-5.89641523577975
1.23,114,144,144.497223849238,-5.95392477259361
1.23,114,147,127.370030798259,-6.01751713799159
1.23,114,150,110.405981172786,-6.08954617016241
1.23,114,153,93.7746283107636,-6.17376275353705
1.23,114,156,77.6752772039107,-6.27650864311114
1.23,114,159,62.3715919616959,-6.40927612382007
1.23,114,162,48.2875872879238,-6.59437008773018
1.23,114,165,36.269081880307,-6.87587079007421
1.23,114,168,28.1607558607304,-7.31970634209672
1.23,114,171,26.7232307433755,-7.89729430625443
1.23,114,174,32.0998394381019,-8.38726734389298
1.23,114,177,41.2131202164108,-8.70785368090186
1.23,114,180,51.7915692843147,-8.92028012831743
1.23,117,-180,51.7915692843148,-2.58473494357802
1.23,117,-177,61.9978664238967,-2.73894224455852
1.23,117,-174,72.3020227843408,-2.86316310921736
1.23,117,-171,82.5863058743477,-2.96930304517716
1.23,117,-168,92.8246758382024,-3.06375605807052
1.23,117,-165,103.030999189454,-3.15009545437266
1.23,117,-162,113.236640035772,-3.23037878859384
1.23,117,-159,123.481170738174,-3.30580607647569
1.23,117,-156,133.809155167274,-3.3770666192752
1.23,117,-153,144.269343487108,-3.44453016609435
1.23,117,-150,154.914188115388,-3.50835925632197
1.23,117,-147,165.798633626713,-3.5685825052642
1.23,117,-144,176.977961620119,-3.62514910683994
1.23,117,-141,188.505062705059,-3.67797350062051
1.23,117,-138,200.427783788342,-3.7269725393138
1.23,117,-135,212.786953957855,-3.77209429742271
1.23,117,-132,225.615420927341,-3.8133370471701
1.23,117,-129,238.938085133182,-3.85075793607503
1.23,117,-126,252.772642351032,-3.88447248181343
1.23,117,-123,267.130617279065,-3.9146472905086
1.23,117,-120,282.018293631473,-3.94148894995286
1.23,117,-117,297.437271444986,-3.96523182646853
1.23,117,-114,313.384542383236,-3.98612676327624
1.23,117,-111,329.852112996081,-4.00443178211679
1.23,117,-108,346.826293582007,-4.02040510315049
1.23,117,-105,364.286801564438,-4.03430026405481
1.23,117,-102,382.205816274482,-4.04636285823344
1.23,117,-99,400.547088008688,-4.05682836685652
1.23,117,-96,419.265168771589,-4.06592064451313
1.23,117,-93,438.304809161944,-4.07385075562784
1.23,117,-90,457.600560217406,-4.08081599539438
1.23,117,-87,477.076626899171,-4.0869990385554
1.23,117,-84,496.647031633548,-4.09256723572418
1.23,117,-81,516.216150304531,-4.09767212475457
1.23,117,-78,535.679669634453,-4.10244925162081
1.23,117,-75,554.925979452991,-4.10701840729172
1.23,117,-72,573.837958378034,-4.11148438632229
1.23,117,-69,592.29504653647,-4.11593835775721
1.23,117,-66,610.175439346788,-4.12045990549933
1.23,117,-63,627.358199589069,-4.1251197394811
1.23,117,-60,643.725086334966,-4.129982999422
1.23,117,-57,659.161947104149,-4.13511297391034
1.23,117,-54,673.559611208268,-4.14057495103311
1.23,117,-51,686.814342439695,-4.14643982284378
1.23,117,-48,698.828032089426,-4.15278700993328
1.23,117,-45,709.508407413279,-4.15970627883633
1.23,117,-42,718.769567586978,-4.16729810953973
1.23,117,-39,726.533122014275,-4.17567243166104
1.23,117,-36,732.730096029728,-4.1849457635989
1.23,117,-33,737.303608154369,-4.19523701800886
1.23,117,-30,740.212148064926,-4.20666242861278
1.23,117,-27,741.43313680789,-4.21933016114741
1.23,117,-24,740.96636289716,-4.23333516729131
1.23,117,-21,738.836871907332,-4.24875472550148
1.23,117,-18,735.096931732589,-4.26564491918208
1.23,117,-15,729.826773543591,-4.28403808847287
1.23,117,-12,723.133891952265,-4.30394112675495
1.23,117,-9,715.150765280049,-4.32533443773533
1.23,117,-6,706.030940291298,-4.34817145367721
1.23,117,-3,695.943544457896,-4.37237882029041
1.23,117,0,685.066468211755,-4.39785760287821
1.23,117,3,673.578696297125,-4.42448604230501
1.23,117,6,661.652513582156,-4.45212436266856
1.23,117,9,649.446481192106,-4.48062182759991
1.23,117,12,637.100081680493,-4.5098256814067
1.23,117,15,624.730713155464,-4.53959093958994
1.23,117,18,612.433291868773,-4.56978944606414
1.23,117,21,600.282201187271,-4.60031643272764
1.23,117,24,588.334851586037,-4.63109314150189
1.23,117,27,576.635833423205,-4.66206486558201
1.23,117,30,565.220631932104,-4.69319482535173
1.23,117,33,554.118123027458,-4.72445530321164
1.23,117,36,543.351490315229,-4.75581811980661
1.23,117,39,532.937666517695,-4.78724665436029
1.23,117,42,522.885777865966,-4.81869117366938
1.23,117,45,513.195269984628,-4.85008837990767
1.23,117,48,503.85439079411,-4.88136506815328
1.23,117,51,494.839532139725,-4.91244487965462
1.23,117,54,486.115661280311,-4.9432565685199
1.23,117,57,477.63779379915,-4.9737420715874
1.23,117,60,469.353243906143,-5.0038629511725
1.23,117,63,461.204275808367,-5.03360432885601
1.23,117,66,453.130772726928,-5.0629760604595
1.23,117,69,445.072612308324,-5.09201145170021
1.23,117,72,436.971550821525,-5.1207641764666
1.23,117,75,428.772538286639,-5.14930420417258
1.23,117,78,420.424487614675,-5.17771349695708
1.23,117,81,411.880589914129,-5.20608206191625
1.23,117,84,403.098301831806,-5.23450470635771
1.23,117,87,394.039132036355,-5.263078605347
1.23,117,90,384.668329880648,-5.29190159552678
1.23,117,93,374.954540283358,-5.32107098627394
1.23,117,96,364.869447788358,-5.35068264320431
1.23,117,99,354.387403371959,-5.38083015128663
1.23,117,102,343.485021923532,-5.41160399433821
1.23,117,105,332.140763204588,-5.44309087117897
1.23,117,108,320.334562529328,-5.47537347226321
1.23,117,111,308.047646634137,-5.50853122394905
1.23,117,114,295.262732368245,-5.54264263263071
1.23,117,117,281.964832492122,-5.57778990420318
1.23,117,120,268.142858088665,-5.6140664809162
1.23,117,123,253.792097664169,-5.65158807370235
1.23,117,126,238.917477501279,-5.69050776729511
1.23,117,129,223.53730045718,-5.73103598122144
1.23,117,132,207.686976663044,-5.77346668166419
1.23,117,135,191.422163197087,-5.81821254787697
1.23,117,138,174.820775109154,-5.86585429053466
1.23,117,141,157.983548018461,-5.91721394679224
1.23,117,144,141.033230638117,-5.97347075349219
1.23,117,147,124.113077396414,-6.03635562309632
1.23,117,150,107.386197536447,-6.10849671824525
1.23,117,153,91.0388879994298,-6.19406890567161
1.23,117,156,75.2945534265429,-6.30008290174584
1.23,117,159,60.453792676315,-6.43905860214153
1.23,117,162,47.0004837569229,-6.63450745138039
1.23,117,165,35.8662656534362,-6.92926113954888
1.23,117,168,28.8811048900267,-7.37321062022715
1.23,117,171,28.2403608407968,-7.91130352209599
1.23,117,174,33.5229225788362,-8.35853251613671
1.23,117,177,42.0163838407648,-8.66081583610307
1.23,117,180,51.7915692843148,-8.8679202507576
1.23,120,-180,51.7915692843148,-2.53237506601819
1.23,120,-177,61.0864595045205,-2.68562361912888
1.23,120,-174,70.4265905409722,-2.81092912125509
1.23,120,-171,79.7068953395033,-2.91919166336713
1.23,120,-168,88.9124356859702,-3.01643886430779
1.23,120,-165,98.0699211794668,-3.10609421129621
1.23,120,-162,107.225679347939,-3.19013406927536
1.23,120,-159,116.435917071421,-3.26969252026674
1.23,120,-156,125.762746009777,-3.34538880029343
1.23,120,-153,135.272431182626,-3.41751235666726
1.23,120,-150,145.033832115433,-3.48613534043171
1.23,120,-147,155.116096832676,-3.55118986148096
1.23,120,-144,165.585557169962,-3.61252896191937
1.23,120,-141,176.502379557445,-3.66997879988804
1.23,120,-138,187.917746899934,-3.72338266953626
1.23,120,-135,199.872194319343,-3.7726344732275
1.23,120,-132,212.395333210493,-3.8176993391118
1.23,120,-129,225.506774303639,-3.85862099066032
1.23,120,-126,239.217768316036,-3.89551778760574
1.23,120,-123,253.532995685142,-3.92857096845885
1.23,120,-120,268.452031727563,-3.95800907807695
1.23,120,-117,283.970210404934,-3.98409200091198
1.23,120,-114,300.078820599083,-4.00709689934756
1.23,120,-111,316.7647304063,-4.0273071557133
1.23,120,-108,334.009620701015,-4.04500445903986
1.23,120,-105,351.789023440381,-4.06046358963494
1.23,120,-102,370.071325917631,-4.07394921162327
1.23,120,-99,388.816848253797,-4.0857139845757
1.23,120,-96,407.977052618483,-4.09599743603913
1.23,120,-93,427.493914059427,-4.10502520742984
1.23,120,-90,447.299478152757,-4.1130084433811
1.23,120,-87,467.315643983641,-4.12014321841781
1.23,120,-84,487.45423012531,-4.12660998426481
1.23,120,-81,507.617392494955,-4.13257308415557
1.23,120,-78,527.698454933784,-4.13818042541666
1.23,120,-75,547.583180569331,-4.14356343281043
1.23,120,-72,567.151456568765,-4.14883742244527
1.23,120,-69,586.279296636581,-4.15410253562666
1.23,120,-66,604.841000492899,-4.15944534800093
1.23,120,-63,622.711266238076,-4.1649412162718
1.23,120,-60,639.767046633649,-4.17065734028953
1.23,120,-57,655.888983495918,-4.1766564062204
1.23,120,-54,670.962343920384,-4.18300054931854
1.23,120,-51,684.877503173658,-4.1897552546065
1.23,120,-48,697.53014571433,-4.19699272977135
1.23,120,-45,708.821456044509,-4.20479426693304
1.23,120,-42,718.65861558833,-4.21325118027172
1.23,120,-39,726.955892674382,-4.22246406815244
1.23,120,-36,733.636510327037,-4.23254038026118
1.23,120,-33,738.635321334015,-4.24359052787488
1.23,120,-30,741.902147652612,-4.25572300041386
1.23,120,-27,743.405491988738,-4.26903908771083
1.23,120,-24,743.136234895676,-4.2836278184943
1.23,120,-21,741.110902889574,-4.29956160785066
1.23,120,-18,737.374121170539,-4.31689289365295
1.23,120,-15,731.999922959781,-4.33565179880415
1.23,120,-12,725.091651438533,-4.35584466174864
1.23,120,-9,716.780252047932,-4.37745320206845
1.23,120,-6,707.220828822344,-4.40043416665403
1.23,120,-3,696.587460679657,-4.42471951603355
1.23,120,0,685.066468211755,-4.45021748043804
1.23,120,3,672.848582652196,-4.47681501595603
1.23,120,6,660.120743898499,-4.50438219074387
1.23,120,9,647.058452967582,-4.53277874640292
1.23,120,12,633.81962993558,-4.56186252859245
1.23,120,15,620.540725277904,-4.59149880633577
1.23,120,18,607.335420619032,-4.62156893767499
1.23,120,21,594.295735325498,-4.6519766359041
1.23,120,24,581.494877586986,-4.68265039328706
1.23,120,27,568.990883570246,-4.71354140060593
1.23,120,30,556.83005469009,-4.74461735388403
1.23,120,33,545.049422174556,-4.77585355002267
1.23,120,36,533.677854399949,-4.80722333518652
1.23,120,39,522.735851003792,-4.83869009236169
1.23,120,42,512.234418477238,-4.87020251774647
1.23,120,45,502.173614295827,-4.90169408585849
1.23,120,48,492.54135645671,-4.93308659595619
1.23,120,51,483.312952286556,-4.96429680656768
1.23,120,54,474.451570609309,-4.99524461704531
1.23,120,57,465.909641344439,-5.02586114011666
1.23,120,60,457.630978599768,-5.05609528761667
1.23,120,63,449.553320072728,-5.0859180217755
1.23,120,66,441.610958483712,-5.11532402590419
1.23,120,69,433.737189077581,-5.14433106329131
1.23,120,72,425.866381532395,-5.17297762634762
1.23,120,75,417.935577981524,-5.20131960524288
1.23,120,78,409.885602283829,-5.22942665722192
1.23,120,81,401.661728410992,-5.25737879402171
1.23,120,84,393.21399326869,-5.28526348992678
1.23,120,87,384.497251058007,-5.31317340179515
1.23,120,90,375.471055552328,-5.34120462428893
1.23,120,93,366.099430200893,-5.36945530296667
1.23,120,96,356.350554144331,-5.39802440666291
1.23,120,99,346.196367774883,-5.42701051973765
1.23,120,102,335.612096786668,-5.45651064493483
1.23,120,105,324.575716975462,-5.48661918847788
1.23,120,108,313.067433505891,-5.51742749993872
1.23,120,111,301.069317318761,-5.54902452247465
1.23,120,114,288.565306370413,-5.58149923694567
1.23,120,117,275.541812093096,-5.61494563197603
1.23,120,120,261.989144337719,-5.64947090543897
1.23,120,123,247.903864970135,-5.68520754817895
1.23,120,126,233.292006467357,-5.72232997722234
1.23,120,129,218.172879182373,-5.76107662879305
1.23,120,132,202.582994879946,-5.80177911177975
1.23,120,135,186.579521487415,-5.84490148358646
1.23,120,138,170.242715144734,-5.89109548348743
1.23,120,141,153.676989714041,-5.94128268166669
1.23,120,144,137.010698785714,-5.99678414589715
1.23,120,147,120.395347966931,-6.05953713527601
1.23,120,150,104.005950412799,-6.13247711525257
1.23,120,153,88.0460241786044,-6.22024586348545
1.23,120,156,72.7646013583777,-6.33056245158737
1.23,120,159,58.5020614731297,-6.47692924182696
1.23,120,162,45.803986736989,-6.68356797483698
1.23,120,165,35.6712459133953,-6.98996090608384
1.23,120,168,29.83484060424,-7.42726643621818
1.23,120,171,29.8839812388429,-7.92316111873143
1.23,120,174,35.0023587228455,-8.33012034331708
1.23,120,177,42.8464833975728,-8.61430311127244
1.23,120,180,51.7915692843148,-8.81556037319777
1.23,123,-180,51.7915692843148,-2.48001518845836
1.23,123,-177,60.1499318599354,-2.63194195708685
1.23,123,-174,68.5019774711022,-2.75820723694992
1.23,123,-171,76.7560496438874,-2.86867355385264
1.23,123,-168,84.9085823427905,-2.9689670099826
1.23,123,-165,92.9993926791467,-3.06233756089238
1.23,123,-162,101.090269693647,-3.15066144675846
1.23,123,-159,109.254822554689,-3.23498629538162
1.23,123,-156,117.573650897074,-3.3158356950155
1.23,123,-153,126.131469523896,-3.3933872559794
1.23,123,-150,135.014262996987,-3.46758647347163
1.23,123,-147,144.305687383892,-3.53823080933052
1.23,123,-144,154.082885462072,-3.60504094822767
1.23,123,-141,164.412489185892,-3.6677243264406
1.23,123,-138,175.347721223853,-3.72602887692587
1.23,123,-135,186.927211593648,-3.77978243520483
1.23,123,-132,199.175615842984,-3.8289145782762
1.23,123,-129,212.105616044996,-3.87346100226906
1.23,123,-126,225.72059510686,-3.91355383622512
1.23,123,-123,240.017254168493,-3.94940316398502
1.23,123,-120,254.987629666219,-3.98127514950463
1.23,123,-117,270.620244278288,-4.00947099876169
1.23,123,-114,286.900386520929,-4.03430930209778
1.23,123,-111,303.80969206431,-4.05611272234159
1.23,123,-108,321.325277823574,-4.07519886930487
1.23,123,-105,339.418673748704,-4.09187459767842
1.23,123,-102,358.054740012077,-4.1064327815577
1.23,123,-99,377.190684023461,-4.11915069434151
1.23,123,-96,396.775229807603,-4.13028931227211
1.23,123,-93,416.747957007516,-4.14009306615801
1.23,123,-90,437.038820782498,-4.148789741696
1.23,123,-87,457.567879658347,-4.15659036325945
1.23,123,-84,478.24528237054,-4.16368899639363
1.23,123,-81,498.971581811346,-4.17026248223146
1.23,123,-78,519.63844193289,-4.17647018077472
1.23,123,-75,540.129775384874,-4.18245385166315
1.23,123,-72,560.323297091969,-4.18833783763648
1.23,123,-69,580.092411252761,-4.19422973107321
1.23,123,-66,599.308282207852,-4.20022169029405
1.23,123,-63,617.841892285223,-4.20639252326025
1.23,123,-60,635.565879531145,-4.21281056887771
1.23,123,-57,652.355985795728,-4.21953728380795
1.23,123,-54,668.092030340238,-4.2266312983272
1.23,123,-51,682.658442108032,-4.2341525619568
1.23,123,-48,695.94450960416,-4.2421660907701
1.23,123,-45,707.844609456337,-4.25074478841391
1.23,123,-42,718.258723949622,-4.25997086909724
1.23,123,-39,727.093536029528,-4.26993557093334
1.23,123,-36,734.264296988663,-4.28073709256032
1.23,123,-33,739.697516095579,-4.29247696785314
1.23,123,-30,743.334356234268,-4.30525534790995
1.23,123,-27,745.134473054183,-4.31916582150254
1.23,123,-24,745.079936729976,-4.3342904304509
1.23,123,-21,743.17883627626,-4.3506954171599
1.23,123,-18,739.46817665641,-4.36842801270409
1.23,123,-15,734.015715800162,-4.38751430597416
1.23,123,-12,726.920431578948,-4.4079580149991
1.23,123,-9,718.311354902206,-4.42973988826284
1.23,123,-6,708.344574898149,-4.4528175364374
1.23,123,-3,697.198349850482,-4.47712571451513
1.23,123,0,685.066468211755,-4.50257735799787
1.23,123,3,672.150287981708,-4.52906589499862
1.23,123,6,658.650182516468,-4.5564693731512
1.23,123,9,644.757341368503,-4.5846566704513
1.23,123,12,630.646917951372,-4.6134955193273
1.23,123,15,616.473326137512,-4.64286140450761
1.23,123,18,602.368086742237,-4.672645832634
1.23,123,21,588.440113518703,-4.70276226038625
1.23,123,24,574.777853954026,-4.73314825754869
1.23,123,27,561.452399535789,-4.76376324771966
1.23,123,30,548.520628217261,-4.79458220785529
1.23,123,33,536.027629137749,-4.8255867056237
1.23,123,36,524.008005190008,-4.85675530523502
1.23,123,39,512.486036831104,-4.88805548823397
1.23,123,42,501.475011431988,-4.91943879971861
1.23,123,45,490.976204976621,-4.95084009370573
1.23,123,48,480.978026561769,-4.98218077119609
1.23,123,51,471.455727351254,-5.01337505522636
1.23,123,54,462.371890865568,-5.04433783421656
1.23,123,57,453.6777244693,-5.07499251002567
1.23,123,60,445.315013212598,-5.10527756130573
1.23,123,63,437.218502805386,-5.13515103384368
1.23,123,66,429.318449942419,-5.16459272448541
1.23,123,69,421.543100774488,-5.19360428890128
1.23,123,72,413.820911836894,-5.2222077936514
1.23,123,75,406.082394159964,-5.25044333480409
1.23,123,78,398.261527529165,-5.27836629325903
1.23,123,81,390.29674912667,-5.30604464883068
1.23,123,84,382.131562926482,-5.33355659011308
1.23,123,87,373.71483918805,-5.3609884826253
1.23,123,90,365.000876094462,-5.38843312593535
1.23,123,93,355.9492811959,-5.41598816017606
1.23,123,96,346.524706924835,-5.44375448222434
1.23,123,99,336.696453980979,-5.47183460224601
1.23,123,102,326.437951775239,-5.50033100447359
1.23,123,105,315.726146141188,-5.52934475458897
1.23,123,108,304.54087335398,-5.55897479235158
1.23,123,111,292.864367469591,-5.58931852671313
1.23,123,114,280.681114987395,-5.62047447554605
1.23,123,117,267.97830859238,-5.65254773940011
1.23,123,120,254.747131490471,-5.68565907329179
1.23,123,123,240.985007084484,-5.7199582724689
1.23,123,126,226.698777926565,-5.75564262405978
1.23,123,129,211.908562912244,-5.7929814659686
1.23,123,132,196.651837873396,-5.83234868003081
1.23,123,135,180.987161272567,-5.87426658507938
1.23,123,138,164.996989005419,-5.91946777859314
1.23,123,141,148.789236887694,-5.9689871198169
1.23,123,144,132.497683985914,-6.02430653702763
1.23,123,147,116.282005875018,-6.08759550702792
1.23,123,150,100.329331931514,-6.16213012641298
1.23,123,153,84.8612070181227,-6.25305427650879
1.23,123,156,70.1539901150349,-6.3687995954306
1.23,123,159,56.5899691505498,-6.5236841059493
1.23,123,162,44.7737506778284,-6.74180078928829
1.23,123,165,35.7437424319822,-7.05678031984877
1.23,123,168,31.0388680776508,-7.48022277755288
1.23,123,171,31.652911724168,-7.93262320734113
1.23,123,174,36.536353906474,-8.30189103508947
1.23,123,177,43.7015776364124,-8.56827221332517
1.23,123,180,51.7915692843148,-8.76320049563794
1.23,126,-180,51.7915692843148,-2.42765531089853
1.23,126,-177,59.1911286654655,-2.57788979654441
1.23,126,-174,66.5346094452797,-2.70497917713061
1.23,126,-171,73.7447430599864,-2.81774014380954
1.23,126,-168,80.8299375076163,-2.92137147645783
1.23,126,-165,87.8437349974793,-3.01892928610204
1.23,126,-162,94.8642542734892,-3.11217052522186
1.23,126,-159,101.983649595045,-3.20203179434928
1.23,126,-156,109.302287447616,-3.28890711770304
1.23,126,-153,116.924500165627,-3.37281839991877
1.23,126,-150,124.954159847274,-3.4535332533158
1.23,126,-147,133.489522178853,-3.53066109339391
1.23,126,-144,142.617802640945,-3.60374119506502
1.23,126,-141,152.410533024082,-3.6723236434573
1.23,126,-138,162.9207502299,-3.73603676076763
1.23,126,-135,174.182575215527,-3.79463339482301
1.23,126,-132,186.213037472974,-3.84801213975016
1.23,126,-129,199.015419882244,-3.89621514927906
1.23,126,-126,212.583143308668,-3.93940870258505
1.23,126,-123,226.903295080882,-3.97785451685937
1.23,126,-120,241.959209991854,-4.01187907310265
1.23,126,-117,257.731878016014,-4.04184601351621
1.23,126,-114,274.200257275206,-4.06813416805084
1.23,126,-111,291.340755506872,-4.09112175527411
1.23,126,-108,309.12620556535,-4.11117606306451
1.23,126,-105,327.524630690997,-4.12864738153697
1.23,126,-102,346.49801547717,-4.14386591123434
1.23,126,-99,366.001207614742,-4.15714056862437
1.23,126,-96,385.981001589435,-4.16875888358468
1.23,126,-93,406.375412942003,-4.17898743308264
1.23,126,-90,427.113142108432,-4.18807244832139
1.23,126,-87,448.113242041565,-4.19624037345096
1.23,126,-84,469.285029756913,-4.20369826060108
1.23,126,-81,490.528303097559,-4.21063397499243
1.23,126,-78,511.733927280354,-4.21721626360777
1.23,126,-75,532.784833701072,-4.2235948112931
1.23,126,-72,553.55742619814,-4.2299004633044
1.23,126,-69,573.923325771483,-4.23624582449884
1.23,126,-66,593.751318718392,-4.2427264434608
1.23,126,-63,612.909324057101,-4.24942274727524
1.23,126,-60,631.266181723529,-4.25640280561399
1.23,126,-57,648.693094727612,-4.26372587420343
1.23,126,-54,665.064636645766,-4.27144651043004
1.23,126,-51,680.259347783427,-4.27961889251221
1.23,126,-48,694.160064788283,-4.28830084344391
1.23,126,-45,706.654229074968,-4.29755700095741
1.23,126,-42,717.634470882482,-4.30746061713147
1.23,126,-39,726.999750488691,-4.31809362802277
1.23,126,-36,734.657255076886,-4.32954488704929
1.23,126,-33,740.52511594147,-4.34190675686934
1.23,126,-30,744.535856466098,-4.35527053289767
1.23,126,-27,746.640340784699,-4.3697213551266
1.23,126,-24,746.811892700874,-4.38533330239277
1.23,126,-21,745.050204079214,-4.40216524325495
1.23,126,-18,741.384643004796,-4.42025777602652
1.23,126,-15,735.876585499771,-4.43963130289299
1.23,126,-12,728.620415488439,-4.46028504387869
1.23,126,-9,719.742868791648,-4.48219668929081
1.23,126,-6,709.400462677503,-4.50532245671556
1.23,126,-3,697.774887959221,-4.52959754085841
1.23,126,0,685.066468211755,-4.5549372355577
1.23,126,3,671.486095746421,-4.58123923451323
1.23,126,6,657.246373875131,-4.60838764366912
1.23,126,9,642.552931674884,-4.63625897858544
1.23,126,12,627.596933114396,-4.66472989197472
1.23,126,15,612.549624133271,-4.69368572006783
1.23,126,18,597.559372934201,-4.72302838350193
1.23,126,21,582.751161201629,-4.75268197036739
1.23,126,24,568.228019928976,-4.78259461283465
1.23,126,27,554.073602873341,-4.81273602047934
1.23,126,30,540.355022579206,-4.84309105133176
1.23,126,33,527.125228046136,-4.87365067661152
1.23,126,36,514.42450395989,-4.90440232591327
1.23,126,39,502.281013935985,-4.93532170175799
1.23,126,42,490.71059792633,-4.96636771628253
1.23,126,45,479.716205264204,-4.99748138490364
1.23,126,48,469.287382880218,-5.02858856982965
1.23,126,51,459.400165319783,-5.05960566712739
1.23,126,54,450.01757521653,-5.09044686535329
1.23,126,57,441.09079007703,-5.12103153660239
1.23,126,60,432.560902313256,-5.15129059160982
1.23,126,63,424.361113977546,-5.18117109570821
1.23,126,66,416.419167600165,-5.21063893817155
1.23,126,69,408.659811600434,-5.23967974477352
1.23,126,72,401.007122007744,-5.26829845690639
1.23,126,75,393.386542384707,-5.29651806787343
1.23,126,78,385.726553525146,-5.32437794773813
1.23,126,81,377.959936650776,-5.35193205829459
1.23,126,84,370.024640654028,-5.37924721113774
1.23,126,87,361.864297712627,-5.40640139234336
1.23,126,90,353.428447059744,-5.4334820899626
1.23,126,93,344.672523533638,-5.46058452734063
1.23,126,96,335.557651677332,-5.48780973111842
1.23,126,99,326.050268874173,-5.51526244749204
1.23,126,102,316.121595832725,-5.54304905778481
1.23,126,105,305.7469909438,-5.57127582026619
1.23,126,108,294.905270714873,-5.60004795506391
1.23,126,111,283.578144768802,-5.62947026009706
1.23,126,114,271.749981846127,-5.65965006378261
1.23,126,117,259.408164842515,-5.69070336211145
1.23,126,120,246.544278509432,-5.72276496043482
1.23,126,123,233.156282764586,-5.75600339860095
1.23,126,126,219.251658023834,-5.7906414976847
1.23,126,129,204.851294924458,-5.82698371184028
1.23,126,132,189.993694355073,-5.86545236438401
1.23,126,135,174.738915677394,-5.90663668035351
1.23,126,138,159.171730616824,-5.95136193146527
1.23,126,141,143.403660135779,-6.00079215082245
1.23,126,144,127.574028425417,-6.05659105927186
1.23,126,147,111.850916339717,-6.12118668433924
1.23,126,150,96.4341005239587,-6.1982244650918
1.23,126,153,81.5641954292054,-6.29336531078276
1.23,126,156,67.5463861154321,-6.41569180288707
1.23,126,159,54.8050433825982,-6.57998418791824
1.23,126,162,43.9934757116538,-6.80897042047744
1.23,126,165,36.1388626559832,-7.1279285568763
1.23,126,168,32.5019784100178,-7.530573527978
1.23,126,171,33.5442656250669,-7.93953875824187
1.23,126,174,38.122715293228,-8.2737238925565
1.23,126,177,44.5797473461773,-8.5226803329389
1.23,126,180,51.7915692843148,-8.71084061807811
1.23,129,-180,51.7915692843148,-2.3752954333387
1.23,129,-177,58.2129510061001,-2.52345944181506
1.23,129,-174,64.5309933683809,-2.65122397152394
1.23,129,-171,70.6840297608874,-2.76638001633209
1.23,129,-168,76.6934285678909,-2.87368699876207
1.23,129,-165,82.6275201812085,-2.97599321016665
1.23,129,-162,88.5821156957234,-3.07491791884897
1.23,129,-159,94.6695746119632,-3.17125652657875
1.23,129,-156,101.011776068298,-3.26522674885535
1.23,129,-153,107.734134708606,-3.35663147366793
1.23,129,-150,114.959164130024,-3.44498588678255
1.23,129,-147,122.799396289252,-3.52963525523322
1.23,129,-144,131.350544613353,-3.60987118830912
1.23,129,-141,140.686308575042,-3.68503961780574
1.23,129,-138,150.855990707692,-3.75462679439715
1.23,129,-135,161.885314341471,-3.81831167818686
1.23,129,-132,173.779921789373,-3.8759813376133
1.23,129,-129,186.530411196486,-3.92771503404267
1.23,129,-126,200.117619933752,-3.9737482544784
1.23,129,-123,214.517114352667,-4.0144287876296
1.23,129,-120,229.702297086343,-4.05017430523605
1.23,129,-117,245.645994589325,-4.08143697119023
1.23,129,-114,262.320717906147,-4.10867704609223
1.23,129,-111,279.69796209199,-4.13234506194152
1.23,129,-108,297.746944663859,-4.15287095835524
1.23,129,-105,316.433126528357,-4.17065828081859
1.23,129,-102,335.716758323269,-4.18608175067759
1.23,129,-99,355.551590268239,-4.19948691118004
1.23,129,-96,375.883800319317,-4.21119094288321
1.23,129,-93,396.651146018685,-4.2214840442155
1.23,129,-90,417.782330641897,-4.23063098076915
1.23,129,-87,439.196586020697,-4.23887254637044
1.23,129,-84,460.803499341471,-4.24642678261821
1.23,129,-81,482.503134142434,-4.25348989470601
1.23,129,-78,504.186503357439,-4.26023688967278
1.23,129,-75,525.736436244029,-4.26682204710726
1.23,129,-72,547.028840226704,-4.27337940327069
1.23,129,-69,567.934299938901,-4.28002347638187
1.23,129,-66,588.319892989828,-4.2868504722425
1.23,129,-63,608.051053307956,-4.29394017623109
1.23,129,-60,626.993295955201,-4.30135865478222
1.23,129,-57,645.013643822037,-4.30916175870112
1.23,129,-54,661.981667800847,-4.31739925456056
1.23,129,-51,677.770156325615,-4.32611923453472
1.23,129,-48,692.255544780002,-4.33537230681385
1.23,129,-45,705.318331622003,-4.34521499109364
1.23,129,-42,716.843759646191,-4.35571177296385
1.23,129,-39,726.723031121225,-4.36693542305136
1.23,129,-36,734.855253449649,-4.37896544533779
1.23,129,-33,741.150192404815,-4.39188483383568
1.23,129,-30,745.531769405218,-4.40577561317881
1.23,129,-27,747.942107182498,-4.42071383848935
1.23,129,-24,748.345827088042,-4.43676477655454
1.23,129,-21,746.734239354571,-4.4539788697178
1.23,129,-18,743.129038093365,-4.47238883270322
1.23,129,-15,737.585101520674,-4.49200793060236
1.23,129,-12,730.191996513827,-4.51282923318832
1.23,129,-9,721.073804073611,-4.53482552421658
1.23,129,-6,710.386946602961,-4.55794960817023
1.23,129,-3,698.315843666051,-4.58213497959679
1.23,129,0,685.066468211755,-4.60729711311753
1.23,129,3,670.858199439822,-4.63333586116029
1.23,129,6,655.91470390399,-4.66013947537254
1.23,129,9,640.454823525246,-4.68759051405144
1.23,129,12,624.684512589925,-4.71557338146255
1.23,129,15,608.790697206195,-4.74398260502098
1.23,129,18,592.937557142003,-4.77273042025501
1.23,129,21,577.265251029555,-4.80175203598979
1.23,129,24,561.890657912544,-4.83100723487035
1.23,129,27,546.909411841822,-4.86047770186341
1.23,129,30,532.398423797154,-4.89016046685376
1.23,129,33,518.418205241958,-4.92005879321924
1.23,129,36,505.014561233531,-4.95017244787981
1.23,129,39,492.219515556667,-4.98048937262937
1.23,129,42,480.051583033241,-5.01098033952353
1.23,129,45,468.515663604532,-5.04159737690213
1.23,129,48,457.602885218622,-5.07227585514414
1.23,129,51,447.290685448439,-5.10293938086863
1.23,129,54,437.543330022284,-5.13350623939095
1.23,129,57,428.312957014136,-5.16389609397904
1.23,129,60,419.541135776437,-5.19403592217505
1.23,129,63,411.160853530114,-5.22386459733848
1.23,129,66,403.098792572514,-5.25333595275908
1.23,129,69,395.277735061766,-5.28242048490884
1.23,129,72,387.618927889995,-5.31110601639334
1.23,129,75,380.044255931879,-5.33939766143377
1.23,129,78,372.478105812805,-5.36731736474528
1.23,129,81,364.848848942123,-5.39490317301736
1.23,129,84,357.089922768331,-5.42220829032355
1.23,129,87,349.140532119834,-5.44929989092795
1.23,129,90,340.94601909759,-5.47625762691675
1.23,129,93,332.457956799982,-5.503171777537
1.23,129,96,323.634013081718,-5.53014104276082
1.23,129,99,314.437616140303,-5.55727008471772
1.23,129,102,304.83744799565,-5.58466706327418
1.23,129,105,294.806807418116,-5.61244158519632
1.23,129,108,284.322926283983,-5.64070366905165
1.23,129,111,273.366387361422,-5.66956449009186
1.23,129,114,261.920859305849,-5.69913977823969
1.23,129,117,249.973408515095,-5.7295567769764
1.23,129,120,237.515637436279,-5.76096564121009
1.23,129,123,224.545813654329,-5.79355611851971
1.23,129,126,211.071992819292,-5.8275804462017
1.23,129,129,197.115928529417,-5.86338380543068
1.23,129,132,182.717358472698,-5.9014446876062
1.23,129,135,167.938130099146,-5.94242955670973
1.23,129,138,152.86565240079,-5.98726988861463
1.23,129,141,137.615390028317,-6.03727619137587
1.23,129,144,122.332595603596,-6.09431510983248
1.23,129,147,107.194268428482,-6.16109605629152
1.23,129,150,92.4135963541933,-6.24164877614553
1.23,129,153,78.2512836607023,-6.34212514758709
1.23,129,156,65.0418723556028,-6.47208748295524
1.23,129,159,53.2480417742198,-6.64617113466215
1.23,129,162,43.5504006212012,-6.88415711883809
1.23,129,165,36.9017793225377,-7.20113095736585
1.23,129,168,34.2250259466028,-7.57708417687908
1.23,129,171,35.5536830403587,-7.94383618456841
1.23,129,174,39.7588551433855,-8.24551561502949
1.23,129,177,45.4789949095858,-8.47748547007869
1.23,129,180,51.7915692843148,-8.65848074051828
1.23,132,-180,51.7915692843147,-2.32293555577886
1.23,132,-177,57.2183451088575,-2.46864299494517
1.23,132,-174,62.4976838085993,-2.59691763083776
1.23,132,-171,67.5849663098568,-2.71457840433948
1.23,132,-168,72.5159477426196,-2.82595318356487
1.23,132,-165,77.3753708628232,-2.93367935410208
1.23,132,-162,82.2787643848529,-3.03922258174138
1.23,132,-159,87.3610653367205,-3.14319873920871
1.23,132,-156,92.7680396007699,-3.24558193808283
1.23,132,-153,98.6479839507309,-3.34586116933474
1.23,132,-150,105.142627275937,-3.44318774089372
1.23,132,-147,112.377627600076,-3.53653329310174
1.23,132,-144,120.454195510494,-3.62485444900245
1.23,132,-141,129.443678320246,-3.70724238026841
1.23,132,-138,139.386288446036,-3.78303149454045
1.23,132,-135,150.293950641304,-3.85185170263158
1.23,132,-132,162.156126136626,-3.91362561239159
1.23,132,-129,174.946920732997,-3.96852565441764
1.23,132,-126,188.631874512857,-4.01691126993879
1.23,132,-123,203.173335213569,-4.05926368650188
1.23,132,-120,218.533931929128,-4.09612943598834
1.23,132,-117,234.678174910694,-4.12807733290312
1.23,132,-114,251.572523450395,-4.15566904902797
1.23,132,-111,269.184393434588,-4.17944101506194
1.23,132,-108,287.480569020539,-4.1998946454005
1.23,132,-105,306.425396903182,-4.21749211922624
1.23,132,-102,325.979025414954,-4.23265558436075
1.23,132,-99,346.095838524488,-4.24576831807071
1.23,132,-96,366.723147208196,-4.25717691033013
1.23,132,-93,387.800146736785,-4.26719389048656
1.23,132,-90,409.257128079784,-4.27610042947686
1.23,132,-87,431.014937816207,-4.28414887237453
1.23,132,-84,452.984701844939,-4.29156494054491
1.23,132,-81,475.067849947716,-4.29854952112078
1.23,132,-78,497.156487981012,-4.3052800462775
1.23,132,-75,519.134153296205,-4.31191155345092
1.23,132,-72,540.876954543072,-4.31857759935289
1.23,132,-69,562.255044668933,-4.32539126132475
1.23,132,-66,583.134318215145,-4.33244648521025
1.23,132,-63,603.378177955664,-4.33982001768935
1.23,132,-60,622.849198523084,-4.34757408553013
1.23,132,-57,641.410537535796,-4.35575985486717
1.23,132,-54,658.927009454898,-4.36442153239889
1.23,132,-51,675.265833397246,-4.37360078365035
1.23,132,-48,690.297172329815,-4.38334098083203
1.23,132,-45,703.894671175806,-4.39369070049736
1.23,132,-42,715.936251319979,-4.40470590920162
1.23,132,-39,726.305414103216,-4.41645042231148
1.23,132,-36,734.893245102649,-4.42899448200717
1.23,132,-33,741.601206966276,-4.44241162387134
1.23,132,-30,746.344683350832,-4.45677430943078
1.23,132,-27,749.057114107513,-4.47214901216682
1.23,132,-24,749.694460222092,-4.48859149658319
1.23,132,-21,748.239662683505,-4.50614290814822
1.23,132,-18,744.706707969339,-4.52482703413929
1.23,132,-15,739.143875950342,-4.54464878448793
1.23,132,-12,731.63572291913,-4.56559368086358
1.23,132,-9,722.303358540929,-4.5876280210763
1.23,132,-6,711.302641590138,-4.61069944777612
1.23,132,-3,698.820077983,-4.63473787180307
1.23,132,0,685.066468211755,-4.65965699067736
1.23,132,3,670.268692287575,-4.68535686742728
1.23,132,6,654.660366515841,-4.71172806100079
1.23,132,9,638.472358381271,-4.73865754885228
1.23,132,12,621.924212715995,-4.76603617768175
1.23,132,15,605.217381997201,-4.79376675802436
1.23,132,18,588.530796693142,-4.82177140372164
1.23,132,21,572.018855366462,-4.84999653445016
1.23,132,24,555.811486881673,-4.8784142431419
1.23,132,27,540.015648631217,-4.90701945303961
1.23,132,30,524.717529341851,-4.93582325587779
1.23,132,33,509.984810588121,-4.96484373645558
1.23,132,36,495.868546329569,-4.99409616310316
1.23,132,39,482.404465298613,-5.02358448891826
1.23,132,42,469.613718254595,-5.05329567046215
1.23,132,45,457.503239465861,-5.08319753646961
1.23,132,48,446.065957906063,-5.11324008733488
1.23,132,51,435.281090614746,-5.14335942754178
1.23,132,54,425.11470251811,-5.17348318670032
1.23,132,57,415.520648264529,-5.20353629732699
1.23,132,60,406.441939777175,-5.23344627825669
1.23,132,63,397.812517108301,-5.26314756847343
1.23,132,66,389.559343335855,-5.29258481865152
1.23,132,69,381.604699591484,-5.32171528255301
1.23,132,72,373.868528561743,-5.35051053419574
1.23,132,75,366.270669231324,-5.37895770228223
1.23,132,78,358.732844570587,-5.4070603194313
1.23,132,81,351.180303722888,-5.43483878555068
1.23,132,84,343.543071235343,-5.46233037751268
1.23,132,87,335.756804848401,-5.48958871437537
1.23,132,90,327.763298458254,-5.51668260734012
1.23,132,93,319.510681964271,-5.54369428023957
1.23,132,96,310.953366834008,-5.57071703519698
1.23,132,99,302.051775049362,-5.59785255787893
1.23,132,102,292.77188371928,-5.62520820592611
1.23,132,105,283.084631360444,-5.65289479542
1.23,132,108,272.965271503736,-5.68102557625357
1.23,132,111,262.392820717242,-5.70971724053382
1.23,132,114,251.349814460053,-5.73909390802915
1.23,132,117,239.822628354838,-5.76929506026366
1.23,132,120,227.802614707019,-5.80048836355287
1.23,132,123,215.288223054546,-5.83288829787515
1.23,132,126,202.288118097574,-5.86678162846887
1.23,132,129,188.825105451685,-5.9025612321526
1.23,132,132,174.940479668266,-5.9407709174159
1.23,132,135,160.698291377173,-5.98216607250779
1.23,132,138,146.189063365767,-6.02779887041033
1.23,132,141,131.532727772902,-6.0791433903441
1.23,132,144,116.881054569764,-6.13828707575799
1.23,132,147,102.42065532035,-6.20823272284113
1.23,132,150,88.3789037031028,-6.2933801839973
1.23,132,153,75.0370322962349,-6.40027426539285
1.23,132,156,62.7571491578638,-6.53862356992481
1.23,132,159,52.0298120875969,-6.72202433718493
1.23,132,162,43.528267567545,-6.96562652898875
1.23,132,165,38.0632062859133,-7.27387994717711
1.23,132,168,36.2018803520379,-7.61886011259955
1.23,132,171,37.675559246894,-7.94550823991635
1.23,132,174,41.4418006865282,-8.21717856700891
1.23,132,177,46.397244648687,-8.43264670178101
1.23,132,180,51.7915692843147,-8.60612086295845
1.23,135,-180,51.7915692843147,-2.27057567821904
1.23,135,-177,56.2102916370684,-2.41343239876919
1.23,135,-174,60.4412504326921,-2.5420327755184
1.23,135,-171,64.4585350162913,-2.66231655649431
1.23,135,-168,68.3142122221776,-2.77821597345335
1.23,135,-165,72.1117710939746,-2.89217233935677
1.23,135,-162,75.9893788421543,-3.0054871278892
1.23,135,-159,80.1079048962963,-3.1185457037383
1.23,135,-156,84.6401991870967,-3.23097703161461
1.23,135,-153,89.7595320632595,-3.34180871536952
1.23,135,-150,95.6268256066107,-3.44965802935391
1.23,135,-147,102.378101446876,-3.55296654163049
1.23,135,-144,110.114676004835,-3.65024849123822
1.23,135,-141,118.898401910935,-3.74030128307251
1.23,135,-138,128.75280414412,-3.82233387704863
1.23,135,-135,139.669167848924,-3.89599885643409
1.23,135,-132,151.615449729278,-3.96134572898218
1.23,135,-129,164.545686645828,-4.01872972765103
1.23,135,-126,178.408128157478,-4.06870947684471
1.23,135,-123,193.151149096656,-4.11195594002357
1.23,135,-120,208.726733787448,-4.14918270984412
1.23,135,-117,225.09180792992,-4.18109871060243
1.23,135,-114,242.2079270668,-4.20837966615364
1.23,135,-111,260.039878998479,-4.23165321670188
1.23,135,-108,278.55369685689,-4.25149293632692
1.23,135,-105,297.714469038751,-4.26841761349587
1.23,135,-102,317.484211077541,-4.28289335175328
1.23,135,-99,337.819955990335,-4.29533701804803
1.23,135,-96,358.672135907496,-4.30612022491705
1.23,135,-93,379.983273811166,-4.31557341372622
1.23,135,-90,401.686979430803,-4.32398979274244
1.23,135,-87,423.707242528116,-4.33162896414222
1.23,135,-84,445.958030761385,-4.33872011696161
1.23,135,-81,468.34321641,-4.34546470958459
1.23,135,-78,490.756864780412,-4.35203863121857
1.23,135,-75,513.083908313578,-4.35859391412645
1.23,135,-72,535.201201082074,-4.36526015395186
1.23,135,-69,556.97890252595,-4.37214586680582
1.23,135,-66,578.282087938036,-4.3793400510882
1.23,135,-63,598.972441943499,-4.3869142138603
1.23,135,-60,618.909875824661,-4.39492505563547
1.23,135,-57,637.953930844584,-4.40341788217479
1.23,135,-54,655.964889162397,-4.41243063869287
1.23,135,-51,672.804601721332,-4.42199826798512
1.23,135,-48,688.337139398234,-4.43215692110832
1.23,135,-45,702.429456217595,-4.44294744627854
1.23,135,-42,714.952300571004,-4.45441759130505
1.23,135,-39,725.781609709638,-4.46662249761341
1.23,135,-36,734.800573511561,-4.47962332517174
1.23,135,-33,741.902465825064,-4.49348417487011
1.23,135,-30,746.994232584674,-4.5082677880706
1.23,135,-27,750.000713345069,-4.52403071721279
1.23,135,-24,750.869270012212,-4.54081871451511
1.23,135,-21,749.574508506889,-4.55866296194135
1.23,135,-18,746.122704482279,-4.57757750386408
1.23,135,-15,740.555481600948,-4.59755792925338
1.23,135,-12,732.952247597016,-4.61858108752965
1.23,135,-9,723.430891085835,-4.64060550098027
1.23,135,-6,712.146313403861,-4.66357219830568
1.23,135,-3,699.286543790922,-4.68740591232948
1.23,135,0,685.066468211755,-4.71201686823719
1.23,135,3,669.719557201482,-4.73730360439191
1.23,135,6,653.488330324917,-4.76315728719534
1.23,135,9,636.614546454364,-4.78946773215077
1.23,135,12,619.330175723523,-4.81613085119499
1.23,135,15,601.850055921818,-4.84305664783721
1.23,135,18,584.366797486152,-4.87017639057191
1.23,135,21,567.048071163167,-4.8974474278355
1.23,135,24,550.036009293377,-4.92485439179923
1.23,135,27,533.448173669415,-4.95240624490227
1.23,135,30,517.379435853198,-4.98012956158036
1.23,135,33,501.904167173484,-5.00805931935719
1.23,135,36,487.078292414574,-5.03622901985663
1.23,135,39,472.940958026998,-5.06466200878069
1.23,135,42,459.515747955875,-5.09336542536914
1.23,135,45,446.811515537382,-5.1223274581614
1.23,135,48,434.822978499894,-5.15151777424486
1.23,135,51,423.531252164135,-5.18089036931923
1.23,135,54,412.904487132109,-5.2103878023475
1.23,135,57,402.898745576811,-5.23994584086857
1.23,135,60,393.459203893525,-5.26949784369953
1.23,135,63,384.521714136361,-5.29897858377251
1.23,135,66,376.014696797092,-5.32832751827276
1.23,135,69,367.861280043348,-5.35749166522363
1.23,135,72,359.981555438675,-5.38642824285988
1.23,135,75,352.29479743521,-5.4151071251429
1.23,135,78,344.721499259893,-5.44351303749756
1.23,135,81,337.185109345655,-5.47164732112193
1.23,135,84,329.613400642303,-5.49952906132276
1.23,135,87,321.939455932845,-5.52719540565769
1.23,135,90,314.102292240369,-5.55470097540475
1.23,135,93,306.047168603741,-5.58211638122671
1.23,135,96,297.725624331684,-5.6095259799711
1.23,135,99,289.095287860042,-5.63702515167452
1.23,135,102,280.119493063544,-5.66471753466298
1.23,135,105,270.766753609366,-5.69271282860215
1.23,135,108,261.01018393961,-5.72112594664823
1.23,135,111,250.827014245043,-5.75007844366021
1.23,135,114,240.198410296181,-5.77970323914204
1.23,135,117,229.109851138807,-5.81015367463654
1.23,135,120,217.55230966713,-5.84161791306556
1.23,135,123,205.524402573501,-5.87433967511036
1.23,135,126,193.035526726352,-5.908646458675
1.23,135,129,180.109805694128,-5.94498692045256
1.23,135,132,166.790486624951,-5.9839803094646
1.23,135,135,153.144324118787,-6.02648312133248
1.23,135,138,139.26553446124,-6.07368202218218
1.23,135,141,125.279157352488,-6.12722830178665
1.23,135,144,111.344163846352,-6.18943842972827
1.23,135,147,97.6574358404645,-6.26359727420965
1.23,135,150,84.4608489740694,-6.35440785778783
1.23,135,153,72.0549960361391,-6.46859806527666
1.23,135,156,60.8234111445597,-6.61548408446864
1.23,135,159,51.2647120746024,-6.80650544771739
1.23,135,162,43.9985318030686,-7.05086192449285
1.23,135,165,39.6369017465292,-7.34375807792852
1.23,135,168,38.4208338554877,-7.6553539818758
1.23,135,171,39.9032550880042,-7.94459705515142
1.23,135,174,43.1682087660139,-8.18863906187194
1.23,135,177,47.3323439965589,-8.38812439651181
1.23,135,180,51.7915692843147,-8.55376098539862
1.23,138,-180,51.7915692843147,-2.21821580065921
1.23,138,-177,55.19179511605,-2.35781949333763
1.23,138,-174,58.3682467017134,-2.48653821583819
1.23,138,-171,61.3155692448356,-2.60957093552231
1.23,138,-168,64.1046274700623,-2.73052958366003
1.23,138,-165,66.8608963859815,-2.85170301978755
1.23,138,-162,69.7493284426893,-2.97422789206835
1.23,138,-159,72.9614424237284,-3.09818710744143
1.23,138,-156,76.7014060557606,-3.22270364384509
1.23,138,-153,81.1695979136492,-3.34610677645027
1.23,138,-150,86.5446190452981,-3.46621746902142
1.23,138,-147,92.9670763667519,-3.5807317665295
1.23,138,-144,100.52918829823,-3.6876114531473
1.23,138,-141,109.272681930302,-3.78537163083074
1.23,138,-138,119.194562194457,-3.87320104433389
1.23,138,-135,130.257990327667,-3.95092468293737
1.23,138,-132,142.404806299068,-4.01886826076897
1.23,138,-129,155.566936795893,-4.07769172070651
1.23,138,-126,169.675175582114,-4.12823851621723
1.23,138,-123,184.664914021765,-4.17142151980924
1.23,138,-120,200.479081581684,-4.20814777591558
1.23,138,-117,217.068866334915,-4.23927514910181
1.23,138,-114,234.392853505101,-4.2655914715965
1.23,138,-111,252.415161995599,-4.28780777166188
1.23,138,-108,271.103050201883,-4.30655931899824
1.23,138,-105,290.424344389312,-4.32241039453362
1.23,138,-102,310.344934871517,-4.33586041755069
1.23,138,-99,330.82649494579,-4.34735024377138
1.23,138,-96,351.824507850039,-4.35726814764443
1.23,138,-93,373.286638864285,-4.36595534502382
1.23,138,-90,395.151462689452,-4.37371103124317
1.23,138,-87,417.347547761421,-4.38079691766697
1.23,138,-84,439.792903498074,-4.38744122857777
1.23,138,-81,462.394805139925,-4.39384211693464
1.23,138,-78,485.050014257731,-4.40017048990645
1.23,138,-75,507.645403240806,-4.40657229992093
1.23,138,-72,530.058965723858,-4.41317043862137
1.23,138,-69,552.161154931822,-4.42006644831745
1.23,138,-66,573.816447762975,-4.42734231604335
1.23,138,-63,594.884997839692,-4.43506261948254
1.23,138,-60,615.224229722157,-4.44327723803631
1.23,138,-57,634.690248369278,-4.45202472262344
1.23,138,-54,653.138993517471,-4.46133624536729
1.23,138,-51,670.427148706976,-4.47123985328742
1.23,138,-48,686.412902004284,-4.48176457200621
1.23,138,-45,700.956729752791,-4.49294379718238
1.23,138,-42,713.922418507022,-4.50481741705504
1.23,138,-39,725.178543790437,-4.51743225010483
1.23,138,-36,734.600586879363,-4.53084064242631
1.23,138,-33,742.073799734944,-4.54509739635227
1.23,138,-30,747.49683502432,-4.56025551401449
1.23,138,-27,750.786054502722,-4.57636145131921
1.23,138,-24,751.880323301281,-4.59345062753417
1.23,138,-21,750.745994197461,-4.61154380850193
1.23,138,-18,747.381687282441,-4.63064471816955
1.23,138,-15,741.822382741652,-4.65073891974306
1.23,138,-12,734.142283469866,-4.67179374876376
1.23,138,-9,724.45589735666,-4.69375896315695
1.23,138,-6,712.91686937744,-4.71656783805452
1.23,138,-3,699.714285230399,-4.74013864718956
1.23,138,0,685.066468211755,-4.76437674579702
1.23,138,3,669.21265706914,-4.78917767306983
1.23,138,6,652.40330595543,-4.81443170281997
1.23,138,9,634.889994082298,-4.84003002284271
1.23,138,12,616.915995911923,-4.86587224530519
1.23,138,15,598.70841614427,-4.89187437538949
1.23,138,18,580.472474952587,-4.91797589849316
1.23,138,21,562.3881276117,-4.94414449335836
1.23,138,24,544.608826417752,-4.97037715989249
1.23,138,27,527.261967130907,-4.99669723764061
1.23,138,30,510.450444530894,-5.02314769991033
1.23,138,33,494.254759643155,-5.04978195997099
1.23,138,36,478.735230674337,-5.07665394880973
1.23,138,39,463.934009265986,-5.10380926059156
1.23,138,42,449.876752336572,-5.13127872557995
1.23,138,45,436.573923452815,-5.15907503457572
1.23,138,48,424.021787150356,-5.18719226423099
1.23,138,51,412.203215048095,-5.21560758264283
1.23,138,54,401.088447935289,-5.24428418858491
1.23,138,57,390.635957271294,-5.27317465222577
1.23,138,60,380.7935255516,-5.3022241571578
1.23,138,63,371.499620703249,-5.33137351726207
1.23,138,66,362.685080691979,-5.3605621059301
1.23,138,69,354.275060733735,-5.38973091552772
1.23,138,72,346.191139987724,-5.4188258764386
1.23,138,75,338.353449975618,-5.44780138387578
1.23,138,78,330.682680836877,-5.47662379966518
1.23,138,81,323.101843473021,-5.50527458511116
1.23,138,84,315.537707182722,-5.53375270787276
1.23,138,87,307.921880113506,-5.56207604071984
1.23,138,90,300.191540301676,-5.59028160313746
1.23,138,93,292.289849624235,-5.61842465724276
1.23,138,96,284.166090862788,-5.64657683803055
1.23,138,99,275.775566430103,-5.67482366871702
1.23,138,102,267.079298367083,-5.70326198643628
1.23,138,105,258.043585316219,-5.73199798110546
1.23,138,108,248.639510083695,-5.76114672023546
1.23,138,111,238.842547702808,-5.79083417252614
1.23,138,114,228.632483258055,-5.82120282679298
1.23,138,117,217.993886365646,-5.85242201630481
1.23,138,120,206.917378217802,-5.88470402343684
1.23,138,123,195.401849147052,-5.91832703388045
1.23,138,126,183.457640993385,-5.95366618058032
1.23,138,129,171.110526744978,-5.99123447939934
1.23,138,132,158.406152506946,-6.03173668078046
1.23,138,135,145.414520819127,-6.07614125320363
1.23,138,138,132.234154942841,-6.12577918727636
1.23,138,141,118.995839241639,-6.18248320964843
1.23,138,144,105.866303021537,-6.24878656736928
1.23,138,147,93.052886373404,-6.32820242280888
1.23,138,150,80.8109637966493,-6.42558626621525
1.23,138,153,69.4561087757874,-6.54748996091163
1.23,138,156,59.3804010174997,-6.70210116001784
1.23,138,159,51.0602769395822,-6.89759028089785
1.23,138,162,45.0117976089429,-7.13681650748674
1.23,138,165,41.6198014508749,-7.40873309140723
1.23,138,168,40.8661282349936,-7.68632666179905
1.23,138,171,42.2292826028034,-7.94118051697252
1.23,138,174,44.9343842586285,-8.1598357064682
1.23,138,177,48.2820655099961,-8.34388037995805
1.23,138,180,51.7915692843147,-8.50140110783879
1.23,141,-180,51.7915692843147,-2.16585592309938
1.23,141,-177,54.1658735543743,-2.30179608775811
1.23,141,-174,56.2851802861635,-2.43039847782172
1.23,141,-171,58.1666817846682,-2.55631219546345
1.23,141,-168,59.9031559138961,-2.68295909371915
1.23,141,-165,61.6464737660649,-2.81256484399342
1.23,141,-162,63.5942240595763,-2.94611791842144
1.23,141,-159,65.9751884957601,-3.08328961144576
1.23,141,-156,69.0302944719682,-3.22242970062673
1.23,141,-153,72.9884853136763,-3.36077857733105
1.23,141,-150,78.0412407854905,-3.49496094503032
1.23,141,-147,84.3226618413006,-3.6216591731481
1.23,141,-144,91.9011481750115,-3.73822883704725
1.23,141,-141,100.783914786759,-3.84304346564695
1.23,141,-138,110.930575243323,-3.93551611084279
1.23,141,-135,122.270052174679,-4.01589627386526
1.23,141,-132,134.716221835683,-4.08498628933776
1.23,141,-129,148.179992372062,-4.14388180513763
1.23,141,-126,162.577357529563,-4.19378087601552
1.23,141,-123,177.833923410496,-4.2358643054254
1.23,141,-120,193.886706864665,-4.2712317050279
1.23,141,-117,210.683981257993,-4.30087466835918
1.23,141,-114,228.18381257648,-4.32567173645013
1.23,141,-111,246.351784141307,-4.34639449479784
1.23,141,-108,265.158285009188,-4.36371818989404
1.23,141,-105,284.575640855924,-4.37823320637985
1.23,141,-102,304.575292278802,-4.39045568603705
1.23,141,-99,325.12516757215,-4.40083672327429
1.23,141,-96,346.187350513717,-4.4097701642906
1.23,141,-93,367.716106921419,-4.41759926092433
1.23,141,-90,389.656307151801,-4.4246224406307
1.23,141,-87,411.942265691488,-4.43109836968219
1.23,141,-84,434.497011778399,-4.43725038954509
1.23,141,-81,457.232001888782,-4.44327034387074
1.23,141,-78,480.047279296091,-4.44932180371488
1.23,141,-75,502.832071541445,-4.45554273770343
1.23,141,-72,525.465790592992,-4.46204774425393
1.23,141,-69,547.819365043709,-4.46893003993389
1.23,141,-66,569.756796816288,-4.47626345510498
1.23,141,-63,591.136808123502,-4.48410470123403
1.23,141,-60,611.814439501714,-4.49249612661671
1.23,141,-57,631.642483910143,-4.50146906338366
1.23,141,-54,650.472694849068,-4.51104769929244
1.23,141,-51,668.156779413405,-4.52125321201999
1.23,141,-48,684.547265157035,-4.53210772632887
1.23,141,-45,699.498395872333,-4.54363754735786
1.23,141,-42,712.867252295326,-4.55587513051474
1.23,141,-39,724.515302002421,-4.5688593900406
1.23,141,-36,734.310557654528,-4.58263420792337
1.23,141,-33,742.130468174697,-4.59724532785415
1.23,141,-30,747.865589100839,-4.61273612421045
1.23,141,-27,751.423981525605,-4.6291429393733
1.23,141,-24,752.736177982631,-4.64649072462806
1.23,141,-21,751.760432770435,-4.66478958820463
1.23,141,-18,748.487850964621,-4.68403259122343
1.23,141,-15,742.946879083259,-4.70419482453138
1.23,141,-12,735.206565026926,-4.72523354884112
1.23,141,-9,725.377987687769,-4.74708907062372
1.23,141,-6,713.613349612771,-4.76968609079375
1.23,141,-3,700.102437002109,-4.79293547111326
1.23,141,0,685.066468211755,-4.81673662335685
1.23,141,3,668.749725459675,-4.84098091443029
1.23,141,6,651.409714309112,-4.86555648167515
1.23,141,9,633.306832570233,-4.89035460674213
1.23,141,12,614.694587509004,-4.91527733428299
1.23,141,15,595.811259719801,-4.9402454715972
1.23,141,18,576.873614189291,-4.96520566206945
1.23,141,21,558.072888410537,-4.99013508346212
1.23,141,24,539.572939777695,-5.01504259605156
1.23,141,27,521.510182501211,-5.03996582888255
1.23,141,30,503.994817268435,-5.06496457023268
1.23,141,33,487.112842969212,-5.09011165214195
1.23,141,36,470.928403978834,-5.11548302513364
1.23,141,39,455.486131053561,-5.14114875178375
1.23,141,42,440.813250725917,-5.16716621823895
1.23,141,45,426.921350467691,-5.19357614324904
1.23,141,48,413.807785548448,-5.22040121536853
1.23,141,51,401.456792352416,-5.24764665550595
1.23,141,54,389.840426895128,-5.27530182180052
1.23,141,57,378.91947242314,-5.30334213707943
1.23,141,60,368.644454548373,-5.33173099112557
1.23,141,63,358.95686851611,-5.36042166108275
1.23,141,66,349.790668177483,-5.38935954174384
1.23,141,69,341.074002063492,-5.41848500773569
1.23,141,72,332.731123097073,-5.44773706602759
1.23,141,75,324.684357987374,-5.47705769430932
1.23,141,78,316.856008046199,-5.50639651195335
1.23,141,81,309.17006538293,-5.53571528081324
1.23,141,84,301.553660260408,-5.56499171682262
1.23,141,87,293.938195365894,-5.59422219594703
1.23,141,90,286.260159043263,-5.6234231181526
1.23,141,93,278.46163419295,-5.65263090671611
1.23,141,96,270.490531276834,-5.68190083731789
1.23,141,99,262.300578332719,-5.71130509983149
1.23,141,102,253.851108355928,-5.74093069513807
1.23,141,105,245.106705226747,-5.77087795981111
1.23,141,108,236.036808866048,-5.80126068440908
1.23,141,111,226.61543448759,-5.83220892625525
1.23,141,114,216.821214858559,-5.86387569096021
1.23,141,117,206.638005324362,-5.89644865788539
1.23,141,120,196.05627475237,-5.93016807839579
1.23,141,123,185.075426202853,-5.96535196237035
1.23,141,126,173.70705271376,-6.00242982983376
1.23,141,129,161.978964321393,-6.04198683068002
1.23,141,132,149.939672710382,-6.08482112786705
1.23,141,135,137.662951040707,-6.1320192408156
1.23,141,138,125.252153759421,-6.18505647551556
1.23,141,141,112.844214887348,-6.24593185234322
1.23,141,144,100.613626878427,-6.31734622076572
1.23,141,147,88.7771243336843,-6.40291967469371
1.23,141,150,77.5998983217943,-6.50739548295053
1.23,141,153,67.4028975575823,-6.63663490770136
1.23,141,156,58.565502525407,-6.79688046548229
1.23,141,159,51.5044544452319,-6.99231705687304
1.23,141,162,46.5920742002229,-7.22034539391607
1.23,141,165,43.9944638021959,-7.46734019386799
1.23,141,168,43.519350501637,-7.7117832071197
1.23,141,171,44.645463991909,-7.93536062666952
1.23,141,174,46.736301411744,-8.13071783915485
1.23,141,177,49.2441097202095,-8.29987805739091
1.23,141,180,51.7915692843147,-8.44904123027896
1.23,144,-180,51.7915692843147,-2.11349604553955
1.23,144,-177,53.1355483182338,-2.24535404966874
1.23,144,-174,54.198485659277,-2.37357326966995
1.23,144,-171,55.0221974026905,-2.50250386510714
1.23,144,-168,55.7251933308512,-2.63558396351302
1.23,144,-165,56.4916868942879,-2.77513728656674
1.23,144,-162,57.5601660138586,-2.92204929523971
1.23,144,-159,59.2059318977001,-3.07540016431925
1.23,144,-156,61.7132753227196,-3.23230254411885
1.23,144,-153,65.3387307948994,-3.38825580264357
1.23,144,-150,70.2752405169132,-3.53810770821977
1.23,144,-147,76.6307821953596,-3.67727656974001
1.23,144,-144,84.4286345408765,-3.80265562701306
1.23,144,-141,93.625020956572,-3.91286871339841
1.23,144,-138,104.133516762501,-4.00798510391609
1.23,144,-135,115.847315312132,-4.0890142963616
1.23,144,-132,128.655503782824,-4.1574364275721
1.23,144,-129,142.453280648722,-4.21487185854436
1.23,144,-126,157.147518375319,-4.26288955306328
1.23,144,-123,172.659148528032,-4.30291590446152
1.23,144,-120,188.923470059877,-4.33620462832543
1.23,144,-117,205.889106545256,-4.36383904107081
1.23,144,-114,223.516079010221,-4.38674887482268
1.23,144,-111,241.773305962361,-4.40573159678661
1.23,144,-108,260.635756353566,-4.42147313694569
1.23,144,-105,280.08143586535,-4.43456583675894
1.23,144,-102,300.088362040541,-4.44552305535873
1.23,144,-99,320.631665887436,-4.45479070051158
1.23,144,-96,341.680938855263,-4.46275629348393
1.23,144,-93,363.197922073864,-4.46975622459077
1.23,144,-90,385.134611014414,-4.47608174457863
1.23,144,-87,407.431826307281,-4.48198406421436
1.23,144,-84,430.018282240736,-4.48767876915226
1.23,144,-81,452.810167663563,-4.49334964064052
1.23,144,-78,475.711236405934,-4.49915192137245
1.23,144,-75,498.613382143219,-4.5052150759361
1.23,144,-72,521.397644067697,-4.51164514856335
1.23,144,-69,543.935556978638,-4.51852689053896
1.23,144,-66,566.090728992844,-4.52592588620595
1.23,144,-63,587.72051132743,-4.53389092290119
1.23,144,-60,608.677626412898,-4.54245680693062
1.23,144,-57,628.811647832809,-4.55164771835288
1.23,144,-54,647.970276610688,-4.56148103276327
1.23,144,-51,666.000424849171,-4.57197134830182
1.23,144,-48,682.749187073843,-4.58313428614372
1.23,144,-45,698.064838893367,-4.59498953404901
1.23,144,-42,711.798041980402,-4.6075626175397
1.23,144,-39,723.803448771005,-4.62088502945063
1.23,144,-36,733.941888218475,-4.63499260738983
1.23,144,-33,742.083275372768,-4.64992236460779
1.23,144,-30,748.110322106294,-4.66570827301183
1.23,144,-27,751.923033324164,-4.68237668650622
1.23,144,-24,753.443853514971,-4.69994212326043
1.23,144,-21,752.623188206647,-4.71840398839381
1.23,144,-18,749.444877096511,-4.73774455827269
1.23,144,-15,743.931063125619,-4.75792824917134
1.23,144,-12,736.145816226119,-4.7789019547173
1.23,144,-9,726.196867506149,-4.8005961361545
1.23,144,-6,714.234918779296,-4.82292641595115
1.23,144,-3,700.450223610011,-4.84579562530696
1.23,144,0,685.066468211755,-4.86909650091668
1.23,144,3,668.332357824219,-4.89271539817837
1.23,144,6,650.511656157296,-4.91653738001657
1.23,144,9,631.872649513827,-4.94045279916495
1.23,144,12,612.678056484,-4.96436504841852
1.23,144,15,593.176269333864,-4.98819862979176
1.23,144,18,573.594537120794,-5.01190627278202
1.23,144,21,554.134361572788,-5.03547369725437
1.23,144,24,534.969058654235,-5.05892087691648
1.23,144,27,516.243201328641,-5.08229929310624
1.23,144,30,498.073523996813,-5.10568551271724
1.23,144,33,480.55082543964,-5.12917222275099
1.23,144,36,463.742428726988,-5.15285835093474
1.23,144,39,447.694818907252,-5.17683993989941
1.23,144,42,432.436166265434,-5.20120302693136
1.23,144,45,417.978544380619,-5.22601907822463
1.23,144,48,404.319758325966,-5.25134279466768
1.23,144,51,391.444796840436,-5.27721159335337
1.23,144,54,379.326999774841,-5.30364591762339
1.23,144,57,367.929077770399,-5.33064973002477
1.23,144,60,357.204130103947,-5.35821095683365
1.23,144,63,347.096781577865,-5.3863020781941
1.23,144,66,337.544509792804,-5.41488131829756
1.23,144,69,328.479174048616,-5.44389489980002
1.23,144,72,319.828701135264,-5.47328060977726
1.23,144,75,311.518843148488,-5.5029725864712
1.23,144,78,303.474904479392,-5.53290690898661
1.23,144,81,295.623339252538,-5.56302736096003
1.23,144,84,287.89314125314,-5.59329069153176
1.23,144,87,280.216977131539,-5.62367080226244
1.23,144,90,272.532041604042,-5.654161500041
1.23,144,93,264.780634590844,-5.68477771825459
1.23,144,96,256.910473848563,-5.71555537898755
1.23,144,99,248.874767066736,-5.7465503255691
1.23,144,102,240.632082440959,-5.77783699063839
1.23,144,105,232.146084017021,-5.80950767736723
1.23,144,108,223.385240591558,-5.84167351150857
1.23,144,111,214.322669410215,-5.87446825072868
1.23,144,114,204.936323795732,-5.90805619380764
1.23,144,117,195.209756074974,-5.94264540838721
1.23,144,120,185.133662816691,-5.97850741924246
1.23,144,123,174.708336911396,-6.0160044457498
1.23,144,126,163.947016926424,-6.05562536883785
1.23,144,129,152.879966937478,-6.09803197869933
1.23,144,132,141.558986200465,-6.14411777906968
1.23,144,135,130.061989663903,-6.19508256993224
1.23,144,138,118.497355902912,-6.25252654126649
1.23,144,141,107.00790888408,-6.31856574460577
1.23,144,144,95.7746092479166,-6.39596155062292
1.23,144,147,85.0200527656473,-6.48822823286292
1.23,144,150,75.0111581483812,-6.5996112398397
1.23,144,153,66.0578299542423,-6.73468202587726
1.23,144,156,58.4983351598318,-6.89709713860907
1.23,144,159,52.6536982937044,-7.08712694778535
1.23,144,162,48.7357147302656,-7.29867412042933
1.23,144,165,46.7328357603365,-7.51872346092286
1.23,144,168,46.3605644425543,-7.73190291967857
1.23,144,171,47.1430651477985,-7.92725404652198
1.23,144,174,48.5696273749896,-8.10124408326493
1.23,144,177,50.2161088034727,-8.25608249780312
1.23,144,180,51.7915692843147,-8.39668135271913
1.23,147,-180,51.7915692843146,-2.06113616797972
1.23,147,-177,52.1038343083274,-2.18848541471566
1.23,147,-174,52.1144993218969,-2.31601688396841
1.23,147,-171,51.8920907237596,-2.44810063774755
1.23,147,-168,51.5854553576038,-2.58850288061443
1.23,147,-165,51.419148460088,-2.73992007511137
1.23,147,-162,51.6842996192,-2.90322466700405
1.23,147,-159,52.7156364583453,-3.07658544966494
1.23,147,-156,54.8478487614558,-3.25504243547833
1.23,147,-153,58.3577959353919,-3.43127565753092
1.23,147,-150,63.4163345223818,-3.59761807465136
1.23,147,-147,70.0741105290947,-3.74822024287001
1.23,147,-144,78.2832819283317,-3.8801051428787
1.23,147,-141,87.9357648585794,-3.99289713991305
1.23,147,-138,98.8979414790024,-4.0878991571891
1.23,147,-135,111.03360779923,-4.16719429381092
1.23,147,-132,124.216228601156,-4.23304610012046
1.23,147,-129,138.33435964206,-4.28758595969332
1.23,147,-126,153.293406185331,-4.33268868626316
1.23,147,-123,169.015545188695,-4.36994868220262
1.23,147,-120,185.438681740494,-4.40070145764197
1.23,147,-117,202.514807543144,-4.42606102272732
1.23,147,-114,220.207911972788,-4.44695907334791
1.23,147,-111,238.491522617434,-4.46418001501404
1.23,147,-108,257.345943389284,-4.47838986587095
1.23,147,-105,276.755276100244,-4.49015895998877
1.23,147,-102,296.704336114774,-4.49997920719592
1.23,147,-99,317.175592429578,-4.50827697501096
1.23,147,-96,338.146270226311,-4.51542268605575
1.23,147,-93,359.585747380316,-4.52173809496733
1.23,147,-90,381.453357691135,-4.52750199974005
1.23,147,-87,403.696687277991,-4.53295491214433
1.23,147,-84,426.250421118237,-4.53830300593086
1.23,147,-81,449.035766592439,-4.54372151068685
1.23,147,-78,471.960450311774,-4.54935763718954
1.23,147,-75,494.919252512578,-4.55533310382319
1.23,147,-72,517.7950098827,-4.56174636609228
1.23,147,-69,540.459985381316,-4.56867470616024
1.23,147,-66,562.777477904166,-4.57617638648676
1.23,147,-63,584.603532606364,-4.58429308281295
1.23,147,-60,605.78862041076,-4.59305276672622
1.23,147,-57,626.179185055474,-4.60247310031505
1.23,147,-54,645.619005038539,-4.61256524644724
1.23,147,-51,663.950378307979,-4.62333781827336
1.23,147,-48,681.015199524134,-4.63480053551463
1.23,147,-45,696.656054006938,-4.64696707209893
1.23,147,-42,710.717492745053,-4.65985660860931
1.23,147,-39,723.04767542013,-4.67349375735602
1.23,147,-36,733.500570235196,-4.68790678618886
1.23,147,-33,741.938875829571,-4.7031243734855
1.23,147,-30,748.237775280746,-4.71917140363556
1.23,147,-27,752.289539315562,-4.73606448359522
1.23,147,-24,754.008864490036,-4.75380787723115
1.23,147,-21,753.33867059057,-4.77239041128057
1.23,147,-18,750.255909899496,-4.79178365082838
1.23,147,-15,744.776790496514,-4.81194135610913
1.23,147,-12,736.960724779316,-4.83280000903454
1.23,147,-9,726.912320342171,-4.85428010821905
1.23,147,-6,714.78085860959,-4.8762879990223
1.23,147,-3,700.756958578077,-4.89871819545033
1.23,147,0,685.066468211755,-4.92145637847651
1.23,147,3,667.96200326698,-4.94438341041544
1.23,147,6,649.712883413539,-4.96738068938329
1.23,147,9,630.594423601974,-4.99033693405227
1.23,147,12,610.877578558109,-5.01315606752128
1.23,147,15,590.819809081071,-5.03576537372818
1.23,147,18,570.657784729709,-5.05812270045902
1.23,147,21,550.602230322679,-5.08022135107969
1.23,147,24,530.834935161144,-5.10209154765377
1.23,147,27,511.507721576862,-5.12379794600525
1.23,147,30,492.743027918776,-5.14543349023672
1.23,147,33,474.635690438774,-5.16711066946619
1.23,147,36,457.255491056647,-5.18895173444821
1.23,147,39,440.650061301703,-5.21107948605261
1.23,147,42,424.847791813232,-5.23360985591917
1.23,147,45,409.860487458033,-5.25664681659142
1.23,147,48,395.685619952495,-5.2802794375759
1.23,147,51,382.308144681612,-5.30458039617973
1.23,147,54,369.701945035743,-5.32960510918786
1.23,147,57,357.831029175869,-5.35539087380759
1.23,147,60,346.650623576563,-5.3819558560173
1.23,147,63,336.108288999946,-5.40929823278842
1.23,147,66,326.145140268518,-5.43739609062785
1.23,147,69,316.697197434736,-5.46620870445918
1.23,147,72,307.696847204,-5.49567958146855
1.23,147,75,299.074359191654,-5.5257412605323
1.23,147,78,290.759385118173,-5.5563214539872
1.23,147,81,282.682368621445,-5.5873498297362
1.23,147,84,274.775804164545,-5.61876462534302
1.23,147,87,266.97529973389,-5.65051836446801
1.23,147,90,259.220414689204,-5.68258216574495
1.23,147,93,251.455258586317,-5.71494843325815
1.23,147,96,243.628849613477,-5.7476320414154
1.23,147,99,235.695246178543,-5.78067043945082
1.23,147,102,227.613487578265,-5.81412338370575
1.23,147,105,219.347413937057,-5.84807324862082
1.23,147,108,210.86548168907,-5.88262705695743
1.23,147,111,202.140741735549,-5.91792148681571
1.23,147,114,193.151188540349,-5.95413213805337
1.23,147,117,183.880700799945,-5.99148826877751
1.23,147,120,174.320760651981,-6.03029406934766
1.23,147,123,164.473051207391,-6.07095738880448
1.23,147,126,154.352900678215,-6.11402674633932
1.23,147,129,143.993393147015,-6.16023748725101
1.23,147,132,133.449841187661,-6.21056795973817
1.23,147,135,122.804252292586,-6.26630609826177
1.23,147,138,112.169433818986,-6.32912449860936
1.23,147,141,101.692430860484,-6.40115503474484
1.23,147,144,91.55694175784,-6.48503641229689
1.23,147,147,81.9839067584125,-6.58386987362196
1.23,147,150,73.2280946199059,-6.70094990801523
1.23,147,153,65.5656688948338,-6.83905521286268
1.23,147,156,59.2640585643343,-6.99910851254517
1.23,147,159,54.5260149496121,-7.17842848169312
1.23,147,162,51.4150535252108,-7.36973772778564
1.23,147,165,49.8002288613961,-7.56256483834494
1.23,147,168,49.3691455970039,-7.74697612839547
1.23,147,171,49.7129066789036,-7.91698475668753
1.23,147,174,50.4297473276372,-8.07138102893188
1.23,147,177,51.1956310411929,-8.21246048491894
1.23,147,180,51.7915692843146,-8.3443214751593
1.23,150,-180,51.7915692843146,-2.00877629041989
1.23,150,-177,51.0737304793201,-2.13118251851469
1.23,150,-174,50.0394381016916,-2.25767753232733
1.23,150,-171,48.7859306125141,-2.39304612877415
1.23,150,-168,47.4978767808715,-2.54184056854466
1.23,150,-165,46.4509746034217,-2.70758429599644
1.23,150,-162,46.0058578130695,-2.89129271009616
1.23,150,-159,46.5744728383868,-3.08960777165895
1.23,150,-156,48.5468180997572,-3.29395625400526
1.23,150,-153,52.1987546551712,-3.49250755131561
1.23,150,-150,57.6361024147619,-3.67445709654354
1.23,150,-147,64.810120121136,-3.8334317837344
1.23,150,-144,73.5793238393548,-3.96789031736695
1.23,150,-141,83.7699472816447,-4.07949167541612
1.23,150,-138,95.2121967962436,-4.17127993888963
1.23,150,-135,107.755119553995,-4.24652458850583
1.23,150,-132,121.269981354995,-4.30819018509559
1.23,150,-129,135.649262861027,-4.35877591245297
1.23,150,-126,150.804603112108,-4.40032242444057
1.23,150,-123,166.664785883708,-4.43447708841184
1.23,150,-120,183.173916120947,-4.46256956748767
1.23,150,-117,200.289640221124,-4.485679972518
1.23,150,-114,217.981232241743,-4.50469480373325
1.23,150,-111,236.227420677673,-4.52035079856771
1.23,150,-108,255.013902108409,-4.53326833845722
1.23,150,-105,274.330558295086,-4.54397635554004
1.23,150,-102,294.168454666593,-4.55293056520967
1.23,150,-99,314.516745126439,-4.56052662807365
1.23,150,-96,335.359636219683,-4.56710959806468
1.23,150,-93,356.673571005655,-4.5729807588592
1.23,150,-90,378.424781149137,-4.57840269563565
1.23,150,-87,400.567329261139,-4.58360320766464
1.23,150,-84,423.041727824267,-4.58877845899554
1.23,150,-81,445.774180697236,-4.59409560790064
1.23,150,-78,468.676451161339,-4.59969506090015
1.23,150,-75,491.646318612797,-4.60569246230462
1.23,150,-72,514.568546381015,-4.61218054128488
1.23,150,-69,537.316249145499,-4.61923097211557
1.23,150,-66,559.752524873064,-4.6268964314338
1.23,150,-63,581.732208272962,-4.63521303251526
1.23,150,-60,603.10361402017,-4.6442032619323
1.23,150,-57,623.710168561407,-4.65387943347609
1.23,150,-54,643.391875339904,-4.66424752046966
1.23,150,-51,661.986613038229,-4.67531106091747
1.23,150,-48,679.331322689868,-4.68707469339952
1.23,150,-45,695.263191587405,-4.6995468205563
1.23,150,-42,709.620986205656,-4.71274094502308
1.23,150,-39,722.246719597486,-4.7266753881077
1.23,150,-36,732.987855230622,-4.74137135954105
1.23,150,-33,741.700239331529,-4.75684964126935
1.23,150,-30,748.251905300785,-4.77312640565086
1.23,150,-27,752.527796792659,-4.79020883863264
1.23,150,-24,754.435309376616,-4.8080912388978
1.23,150,-21,753.91036673092,-4.82675211568917
1.23,150,-18,750.92355349286,-4.84615255827525
1.23,150,-15,745.485662477372,-4.86623587851852
1.23,150,-12,737.651922646834,-4.88692832103038
1.23,150,-9,727.524193500005,-4.90814055659256
1.23,150,-6,715.250561169255,-4.92976974221616
1.23,150,-3,701.022043668475,-4.95170210996231
1.23,150,0,685.066468211755,-4.97381625603634
1.23,150,3,667.639956958992,-4.99598744030187
1.23,150,6,649.016772426781,-5.01809318533006
1.23,150,9,629.478463852753,-5.04002024112739
1.23,150,12,609.303285565597,-5.06167258550677
1.23,150,15,588.756734582657,-5.08297966451701
1.23,150,18,568.083822243404,-5.10390369831531
1.23,150,21,547.503418632388,-5.12444474470049
1.23,150,24,527.204748915299,-5.1446424269912
1.23,150,27,507.345913687293,-5.16457378847775
1.23,150,30,488.054159238434,-5.1843475011607
1.23,150,33,469.42752928794,-5.20409540860656
1.23,150,36,451.53747715242,-5.22396288165028
1.23,150,39,434.432005049677,-5.24409954694574
1.23,150,42,418.138930290983,-5.26465159225888
1.23,150,45,402.668957885617,-5.28575619701119
1.23,150,48,388.018354782079,-5.30753792550554
1.23,150,51,374.171149191614,-5.3301064059998
1.23,150,54,361.100890898739,-5.35355446424206
1.23,150,57,348.772082656092,-5.37795610060376
1.23,150,60,337.141419567161,-5.40336416829374
1.23,150,63,326.158958433556,-5.42980811773852
1.23,150,66,315.769298363244,-5.45729251671301
1.23,150,69,305.91280634311,-5.48579711651599
1.23,150,72,296.526881761934,-5.51527900677126
1.23,150,75,287.547229101374,-5.54567698198049
1.23,150,78,278.909097874121,-5.57691777970233
1.23,150,81,270.548448710703,-5.60892348326382
1.23,150,84,262.403008841591,-5.6416192000211
1.23,150,87,254.413185330458,-5.67494015196629
1.23,150,90,246.522809092626,-5.70883751687026
1.23,150,93,238.679688174345,-5.74328267437134
1.23,150,96,230.835957944629,-5.77826987885832
1.23,150,99,222.948232644247,-5.81381774910887
1.23,150,102,214.977590618128,-5.84997029907477
1.23,150,105,206.889465680217,-5.8867985107967
1.23,150,108,198.653566109443,-5.9244036471212
1.23,150,111,190.243991513857,-5.9629235953311
1.23,150,114,181.639751491183,-6.00254350313215
1.23,150,117,172.825891585131,-6.04351181026564
1.23,150,120,163.795387800817,-6.08616251024285
1.23,150,123,154.551877235208,-6.13094413198577
1.23,150,126,145.113160169268,-6.17845552457278
1.23,150,129,135.515263172041,-6.22948796969586
1.23,150,132,125.816724027524,-6.285072094052
1.23,150,135,116.102667975055,-6.34652567776172
1.23,150,138,106.488178483474,-6.4154930928525
1.23,150,141,97.1203527863195,-6.49395591620371
1.23,150,144,88.1781173258664,-6.58417353725521
1.23,150,147,79.868132502156,-6.6884810769153
1.23,150,150,72.41379746065,-6.80884266531165
1.23,150,153,66.0329813557757,-6.9460831076038
1.23,150,156,60.9008876826596,-7.0989036709633
1.23,150,159,57.1014778411509,-7.26317646613012
1.23,150,162,54.5850071928174,-7.43230243853686
1.23,150,165,53.15871837546,-7.5989550171796
1.23,150,168,52.5243492841427,-7.75735354911268
1.23,150,171,52.3454560200299,-7.90467858623388
1.23,150,174,52.3117907131961,-8.04110204874047
1.23,150,177,52.1801860288951,-8.16898053994573
1.23,150,180,51.7915692843146,-8.29196159759947
1.23,153,-180,51.7915692843147,-1.95641641286006
1.23,153,-177,50.0482107314127,-2.07343815361756
1.23,153,-174,47.9793809526536,-2.19849661156562
1.23,153,-171,45.71283228893,-2.33726990686646
1.23,153,-168,43.4755266878691,-2.49575755663672
1.23,153,-165,41.6090186541658,-2.67905055520513
1.23,153,-162,40.5679870262225,-2.88854854491597
1.23,153,-159,40.865381499837,-3.11810957046179
1.23,153,-156,42.9423132519323,-3.35270464863814
1.23,153,-153,47.0247021113144,-3.57370156661907
1.23,153,-150,53.0864188707898,-3.76751947694993
1.23,153,-147,60.9377714139733,-3.92944487342381
1.23,153,-144,70.3396457454448,-4.06131482018962
1.23,153,-141,81.07052655544,-4.16770539081266
1.23,153,-138,92.9470638667061,-4.25350485939524
1.23,153,-135,105.822558432535,-4.32294791985483
1.23,153,-132,119.57974452086,-4.37942211882524
1.23,153,-129,134.124225861445,-4.42555991177306
1.23,153,-126,149.379913277746,-4.46339573134251
1.23,153,-123,165.286120140775,-4.49451125724147
1.23,153,-120,181.795644348207,-4.52015065164489
1.23,153,-117,198.873260612806,-4.54130702295053
1.23,153,-114,216.494221205006,-4.55878602329054
1.23,153,-111,234.642519664695,-4.57325233951781
1.23,153,-108,253.308796364118,-4.58526358021044
1.23,153,-105,272.487863701089,-4.59529485536252
1.23,153,-102,292.175908122903,-4.60375645041414
1.23,153,-99,312.367487171079,-4.61100638478089
1.23,153,-96,333.052480267159,-4.61735922584391
1.23,153,-93,354.213170156307,-4.62309222177259
1.23,153,-90,375.821628228612,-4.62844956963663
1.23,153,-87,397.837554465683,-4.63364542644168
1.23,153,-84,420.206686320036,-4.63886609691053
1.23,153,-81,442.859845570687,-4.64427169883785
1.23,153,-78,465.712642736419,-4.64999752007687
1.23,153,-75,488.665809051748,-4.65615523942341
1.23,153,-72,511.606080376898,-4.66283417640103
1.23,153,-69,534.407520180884,-4.67010274353999
1.23,153,-66,556.933144540705,-4.67801027601524
1.23,153,-63,579.036704746864,-4.68658938537227
1.23,153,-60,600.564494238435,-4.69585891174809
1.23,153,-57,621.357074827914,-4.70582743061943
1.23,153,-54,641.250858430159,-4.7164971200441
1.23,153,-51,660.079529544509,-4.72786764261902
1.23,153,-48,677.675346126799,-4.73993958308609
1.23,153,-45,693.870409579207,-4.75271694764322
1.23,153,-42,708.498046428127,-4.76620830151704
1.23,153,-39,721.394490677338,-4.78042629952143
1.23,153,-36,732.401087433925,-4.79538562189249
1.23,153,-33,741.36724008334,-4.81109960917865
1.23,153,-30,748.154277704661,-4.82757612607401
1.23,153,-27,752.640314068002,-4.84481331209341
1.23,153,-24,754.726004576885,-4.86279586171497
1.23,153,-21,754.340900695937,-4.88149232415218
1.23,153,-18,751.449887905419,-4.90085367114284
1.23,153,-15,746.059019543913,-4.92081312567217
1.23,153,-12,738.219972397835,-4.94128705436747
1.23,153,-9,728.032386377305,-4.96217665737525
1.23,153,-6,715.643522959187,-4.98337025534693
1.23,153,-3,701.244968126077,-5.00474613856908
1.23,153,0,685.066468211755,-5.02617613359617
1.23,153,3,667.367353261952,-5.04753016585603
1.23,153,6,648.426299612861,-5.06868207273895
1.23,153,9,628.530354169374,-5.08951671291841
1.23,153,12,607.964162160764,-5.10993804973542
1.23,153,15,587.000221433729,-5.12987745237542
1.23,153,18,565.890774660257,-5.14930109921421
1.23,153,21,544.861704258827,-5.16821523015004
1.23,153,24,524.108562586884,-5.18666817793427
1.23,153,27,503.79467802142,-5.20474861567862
1.23,153,30,484.051128521072,-5.22258017685178
1.23,153,33,464.978259980583,-5.24031333169121
1.23,153,36,446.648343516311,-5.25811591086315
1.23,153,39,429.108921688679,-5.27616378496398
1.23,153,42,412.386402413167,-5.29463290055265
1.23,153,45,396.489527663355,-5.3136932568061
1.23,153,48,381.412461531683,-5.33350470996994
1.23,153,51,367.137381194231,-5.35421396563682
1.23,153,54,353.636580235803,-5.3759519353814
1.23,153,57,340.87417871606,-5.3988308284466
1.23,153,60,328.807566870489,-5.42294081133084
1.23,153,63,317.388696302169,-5.44834659811775
1.23,153,66,306.565293250547,-5.47508472519657
1.23,153,69,296.282025072631,-5.50316237889395
1.23,153,72,286.481619397335,-5.53255845778938
1.23,153,75,277.10592106823,-5.56322714221577
1.23,153,78,268.096871267017,-5.59510375252157
1.23,153,81,259.397397947634,-5.62811225143254
1.23,153,84,250.952209623861,-5.66217349028076
1.23,153,87,242.708482549446,-5.697213258141
1.23,153,90,234.616426021013,-5.73316935312928
1.23,153,93,226.629706733491,-5.76999720422514
1.23,153,96,218.705716651372,-5.80767396354044
1.23,153,99,210.80568458798,-5.84620139990774
1.23,153,102,202.894661934063,-5.88560830285321
1.23,153,105,194.941456219355,-5.92595340922297
1.23,153,108,186.918636033351,-5.96733005642134
1.23,153,111,178.802775809508,-6.00987381394571
1.23,153,114,170.575133934387,-6.05377422401449
1.23,153,117,162.222947189806,-6.09929148205249
1.23,153,120,153.741468132617,-6.14677841216865
1.23,153,123,145.136768970374,-6.19670743972306
1.23,153,126,136.429197187921,-6.24970137412139
1.23,153,129,127.657214965778,-6.30656548529005
1.23,153,132,118.881205958295,-6.36831611522256
1.23,153,135,110.186693280664,-6.43619706296002
1.23,153,138,101.686254160015,-6.51166803650485
1.23,153,141,93.5191741809396,-6.59633868841435
1.23,153,144,85.8474802677139,-6.69180872651961
1.23,153,147,78.8464475178224,-6.79936851060241
1.23,153,150,72.6873672452078,-6.91953939208585
1.23,153,153,67.511352111504,-7.0515248159383
1.23,153,156,63.3967608487362,-7.19280702251761
1.23,153,159,60.3294819744768,-7.33924626270616
1.23,153,162,58.1903189373159,-7.48589231132025
1.23,153,165,56.769632145549,-7.62825511763016
1.23,153,168,55.8056677412648,-7.76340927494111
1.23,153,171,55.0309042252533,-7.89045931479168
1.23,153,174,54.2106581878386,-8.01038624683863
1.23,153,177,53.1672305858998,-8.12561292061686
1.23,153,180,51.7915692843147,-8.23960172003964
1.23,156,-180,51.7915692843146,-1.90405653530023
1.23,156,-177,49.0302151921038,-2.01524575394797
1.23,156,-174,45.9402546565855,-2.13840790463247
1.23,156,-171,42.681418515576,-2.28068352291168
1.23,156,-168,39.5305433558101,-2.45046454992898
1.23,156,-165,36.915363377043,-2.6556116355095
1.23,156,-162,35.4208408660166,-2.89822396851068
1.23,156,-159,35.6902939196993,-3.16669538996061
1.23,156,-156,38.1861536012963,-3.43450888098714
1.23,156,-153,42.9901595994213,-3.67425880896791
1.23,156,-150,49.86385289576,-3.8726257960921
1.23,156,-147,58.4614828409812,-4.03034802855279
1.23,156,-144,68.4740023306716,-4.15435807374912
1.23,156,-141,79.6669618611232,-4.25223079385336
1.23,156,-138,91.8699529522568,-4.33021235260283
1.23,156,-135,104.957437057734,-4.39299853810734
1.23,156,-132,118.833758771656,-4.44402747842967
1.23,156,-129,133.423725925322,-4.48582103516932
1.23,156,-126,148.667289345738,-4.5202556385161
1.23,156,-123,164.516712384287,-4.54875480205068
1.23,156,-120,180.935037675381,-4.57242127064801
1.23,156,-117,197.895065259902,-4.5921273646875
1.23,156,-114,215.378353834837,-4.60857737732012
1.23,156,-111,233.373960788887,-4.62235133424344
1.23,156,-108,251.876778568463,-4.63393611634458
1.23,156,-105,270.885429572589,-4.64374777710561
1.23,156,-102,290.399763257164,-4.65214754088681
1.23,156,-99,310.418062601746,-4.65945315776194
1.23,156,-96,330.934112425223,-4.66594680498717
1.23,156,-93,351.934307434613,-4.67188042451934
1.23,156,-90,373.394982467314,-4.67747918497291
1.23,156,-87,395.280132283819,-4.68294360897667
1.23,156,-84,417.53965656771,-4.6884507928736
1.23,156,-81,440.10822184694,-4.69415505928267
1.23,156,-78,462.904780849738,-4.70018832338727
1.23,156,-75,485.832736635773,-4.70666041838775
1.23,156,-72,508.780689162529,-4.71365960651307
1.23,156,-69,531.623661152063,-4.72125348584022
1.23,156,-66,554.224672908786,-4.72949047329429
1.23,156,-63,576.436525162223,-4.73840198534837
1.23,156,-60,598.103655695363,-4.74800534161029
1.23,156,-57,619.063957608225,-4.75830728562576
1.23,156,-54,639.150481209878,-4.76930786869069
1.23,156,-51,658.192984593741,-4.78100430568372
1.23,156,-48,676.019348332769,-4.79339432318239
1.23,156,-45,692.456927078744,-4.80647851292437
1.23,156,-42,707.333973589355,-4.82026129748464
1.23,156,-39,720.481332338709,-4.83475030578929
1.23,156,-36,731.734646327351,-4.84995421231052
1.23,156,-33,740.937331339171,-4.86587936114107
1.23,156,-30,747.944525128007,-4.88252571055686
1.23,156,-27,752.628101337717,-4.89988274005417
1.23,156,-24,754.882652539026,-4.91792593241962
1.23,156,-21,754.632117800215,-4.9366142887526
1.23,156,-18,751.836500527518,-4.95588910226209
1.23,156,-15,746.497944462126,-4.97567397792739
1.23,156,-12,738.665358954072,-4.99587591108662
1.23,156,-9,728.436841366184,-5.01638717721787
1.23,156,-6,715.95933988984,-5.03708784699455
1.23,156,-3,701.425307970936,-5.05784889120702
1.23,156,0,685.066468211755,-5.078536011156
1.23,156,3,667.145159623917,-5.09901443903212
1.23,156,6,647.94401971434,-5.11915492845425
1.23,156,9,627.75490401485,-5.13884096378525
1.23,156,12,606.867954645937,-5.15797687975534
1.23,156,15,585.56161550541,-5.17649618166938
1.23,156,18,564.094199134162,-5.19436901661341
1.23,156,21,542.697390704932,-5.21160760217661
1.23,156,24,521.571867454181,-5.22826856748164
1.23,156,27,500.885034385708,-5.24445161522242
1.23,156,30,480.770727086985,-5.26029458128571
1.23,156,33,461.330602380528,-5.27596566876137
1.23,156,36,442.636828729194,-5.29165414954172
1.23,156,39,424.735616313154,-5.3075609881842
1.23,156,42,407.651112833802,-5.32389059512097
1.23,156,45,391.389247194043,-5.3408443519573
1.23,156,48,375.941219954783,-5.3586158783476
1.23,156,51,361.286486537469,-5.3773874703267
1.23,156,54,347.39521678174,-5.39732691596052
1.23,156,57,334.23030962218,-5.41858403939589
1.23,156,60,321.74907995358,-5.44128675163342
1.23,156,63,309.904723215995,-5.4655369116172
1.23,156,66,298.647623715196,-5.49140672115156
1.23,156,69,287.926530476812,-5.51893654509195
1.23,156,72,277.689597557886,-5.54813491932294
1.23,156,75,267.885279659221,-5.57898114129702
1.23,156,78,258.463082721086,-5.61143035723654
1.23,156,81,249.374181681066,-5.64542060918876
1.23,156,84,240.571923934361,-5.68088099851925
1.23,156,87,232.012233409155,-5.71774002137054
1.23,156,90,223.653919386287,-5.7559332410254
1.23,156,93,215.458883553829,-5.79540974348809
1.23,156,96,207.392216619177,-5.8361372130076
1.23,156,99,199.422188319869,-5.87810589313368
1.23,156,102,191.520163858927,-5.92133209807912
1.23,156,105,183.660522298745,-5.96586224661473
1.23,156,108,175.820699469135,-6.01177855115551
1.23,156,111,167.981516128695,-6.05920746127977
1.23,156,114,160.127965892529,-6.10833169948616
1.23,156,117,152.250612770637,-6.15940621912499
1.23,156,120,144.347676997598,-6.21277765116408
1.23,156,123,136.42777150526,-6.26890576331357
1.23,156,126,128.513100802282,-6.32838404669125
1.23,156,129,120.642765210999,-6.39195457600676
1.23,156,132,112.875639134515,-6.46050945109635
1.23,156,135,105.29211348088,-6.53506715881799
1.23,156,138,97.9937995515104,-6.61670741233088
1.23,156,141,91.1000866276584,-6.70644452269924
1.23,156,144,84.7403056079207,-6.80502286577683
1.23,156,147,79.0404316309335,-6.9126388848322
1.23,156,150,74.1042481016581,-7.02864238732438
1.23,156,153,69.9911716491367,-7.15133785055201
1.23,156,156,66.6961744905944,-7.27804534548218
1.23,156,159,64.1394414137688,-7.4055151172351
1.23,156,162,62.1717072958375,-7.53060748593372
1.23,156,165,60.5951419909596,-7.65097849381697
1.23,156,168,59.1930353943621,-7.76551581956587
1.23,156,171,57.7592306814188,-7.87444603354189
1.23,156,174,56.121048969429,-7.97921753681337
1.23,156,177,54.1541753117694,-8.08232960069902
1.23,156,180,51.7915692843146,-8.18724184247981
1.23,159,-180,51.7915692843146,-1.8516966577404
1.23,159,-177,48.0226418941111,-1.95659960898775
1.23,159,-174,43.9278237943957,-2.07733672587967
1.23,159,-171,39.6997913835385,-2.22317513927371
1.23,159,-168,35.6740942839883,-2.40624417245071
1.23,159,-165,32.3932513133691,-2.63913017818368
1.23,159,-162,30.626690624331,-2.92487869942915
1.23,159,-159,31.1768200804764,-3.24059892488674
1.23,159,-156,34.4389816599122,-3.5404281502293
1.23,159,-153,40.2044891123039,-3.78966584041441
1.23,159,-150,47.9695905335929,-3.98247006036272
1.23,159,-147,57.2710590782409,-4.12886530787105
1.23,159,-144,67.7845942382872,-4.24101789536975
1.23,159,-141,79.3003779271426,-4.3285157956202
1.23,159,-138,91.6814351994381,-4.39807662517353
1.23,159,-135,104.833745373954,-4.4542854642814
1.23,159,-132,118.688592295031,-4.50030085281574
1.23,159,-129,133.193007925727,-4.53835099596598
1.23,159,-126,148.304947571302,-4.5700542388425
1.23,159,-123,163.991040246683,-4.59662161470032
1.23,159,-120,180.225598237827,-4.6189853877414
1.23,159,-117,196.990090411969,-4.63788207575847
1.23,159,-114,214.272603762396,-4.65390746098274
1.23,159,-111,232.067020054989,-4.66755412070128
1.23,159,-108,250.371769307751,-4.67923775310666
1.23,159,-105,269.188118402871,-4.68931603106997
1.23,159,-102,288.518027253871,-4.69810222432781
1.23,159,-99,308.361663525747,-4.70587497348809
1.23,159,-96,328.71471126615,-4.71288511958889
1.23,159,-93,349.565637638469,-4.71936023140873
1.23,159,-90,370.89309357744,-4.72550733223492
1.23,159,-87,392.663617997146,-4.73151425127195
1.23,159,-84,414.829792208324,-4.73754998085877
1.23,159,-81,437.328954175091,-4.74376439311417
1.23,159,-78,460.082535338046,-4.75028765026168
1.23,159,-75,482.99603121964,-4.75722962564195
1.23,159,-72,505.959566772816,-4.76467963017836
1.23,159,-69,528.848974178392,-4.772706702717
1.23,159,-66,551.527269249308,-4.7813606625151
1.23,159,-63,573.846395583786,-4.79067403102028
1.23,159,-60,595.649103713636,-4.80066480718555
1.23,159,-57,616.770844598143,-4.81133993480861
1.23,159,-54,637.041581433046,-4.82269915159464
1.23,159,-51,656.287460494142,-4.83473878654944
1.23,159,-48,674.332331760357,-4.84745500687716
1.23,159,-45,690.999174440957,-4.86084603440773
1.23,159,-42,706.111558719863,-4.87491296659777
1.23,159,-39,719.495352890431,-4.88965903823856
1.23,159,-36,730.980945130653,-4.90508741312652
1.23,159,-33,740.406265523829,-4.92119784752281
1.23,159,-30,747.62084193875,-4.93798276073179
1.23,159,-27,752.490990162938,-4.95542333497292
1.23,159,-24,754.906031893261,-4.97348622593998
1.23,159,-21,754.785185047113,-4.99212131125091
1.23,159,-18,752.084529336987,-5.01126068315723
1.23,159,-15,746.80327328085,-5.03081886993671
1.23,159,-12,738.988486129203,-5.05069411110172
1.23,159,-9,728.737537219634,-5.07077045661805
1.23,159,-6,716.197703150156,-5.09092051596975
1.23,159,-3,701.5627253571,-5.1110088172945
1.23,159,0,685.066468211755,-5.13089588871583
1.23,159,3,666.974171302247,-5.15044327022559
1.23,159,6,647.572046945628,-5.16951964203973
1.23,159,9,627.156105897518,-5.18800808335273
1.23,159,12,606.02109342039,-5.2058141709909
1.23,159,15,584.450308017525,-5.22287426015351
1.23,159,18,562.706899535104,-5.2391629694024
1.23,159,21,541.027047373775,-5.25469874135289
1.23,159,24,519.61523449642,-5.26954646228588
1.23,159,27,498.641668715908,-5.28381652150815
1.23,159,30,478.241753459261,-5.29766030369427
1.23,159,33,458.517368457185,-5.31126277634468
1.23,159,36,439.53959165017,-5.32483335918528
1.23,159,39,421.352398081527,-5.33859647148046
1.23,159,42,403.976836947389,-5.35278297578946
1.23,159,45,387.415230862382,-5.36762323826258
1.23,159,48,371.655054662595,-5.38334188879866
1.23,159,51,356.672303356309,-5.40015381855169
1.23,159,54,342.434306752652,-5.41826068288392
1.23,159,57,328.902054171763,-5.43784725668477
1.23,159,60,316.032138460654,-5.45907735385056
1.23,159,63,303.778419969702,-5.48208951191812
1.23,159,66,292.093471136536,-5.50699306465889
1.23,159,69,280.929818726078,-5.53386543098231
1.23,159,72,270.240974258838,-5.56275137860462
1.23,159,75,259.982240610627,-5.59366471336153
1.23,159,78,250.111298001898,-5.62659240677289
1.23,159,81,240.58859260187,-5.66150073699349
1.23,159,84,231.377563708709,-5.69834269559457
1.23,159,87,222.444745396568,-5.73706577499563
1.23,159,90,213.759768033957,-5.77761931795742
1.23,159,93,205.295272241053,-5.81996085622018
1.23,159,96,197.026742320715,-5.86406123421522
1.23,159,99,188.932275207129,-5.90990873272437
1.23,159,102,180.992326588872,-5.95751279634104
1.23,159,105,173.189513789587,-6.0069082471882
1.23,159,108,165.50859492718,-6.0581609602901
1.23,159,111,157.936771269854,-6.11137581997945
1.23,159,114,150.464458871729,-6.16670732875861
1.23,159,117,143.086633737998,-6.22437248331116
1.23,159,120,135.804766108259,-6.28466447358331
1.23,159,123,128.629227417042,-6.3479644173477
1.23,159,126,121.581890195088,-6.41474673224665
1.23,159,129,114.698463818773,-6.48557191862756
1.23,159,132,108.029936199524,-6.56105869421275
1.23,159,135,101.642344878348,-6.64182627596431
1.23,159,138,95.6140187898668,-6.72839878232082
1.23,159,141,90.0294960903363,-6.82107013320514
1.23,159,144,84.9696835139756,-6.91974284703878
1.23,159,147,80.4986646396599,-7.02377828970743
1.23,159,150,76.6489458744303,-7.13192079811801
1.23,159,153,73.4084860588179,-7.2423630770975
1.23,159,156,70.7136561376187,-7.35298364077156
1.23,159,159,68.4512933780958,-7.46171317913575
1.23,159,162,66.470191414423,-7.56692052245702
1.23,159,165,64.5991418067978,-7.66770322728011
1.23,159,168,62.6669326578219,-7.7640286516312
1.23,159,171,60.5202584680019,-7.8567514799009
1.23,159,174,58.0374883402964,-7.9475838406251
1.23,159,177,55.1383917316688,-8.03910423372698
1.23,159,180,51.7915692843146,-8.13488196491998
1.23,162,-180,51.7915692843146,-1.79933678018056
1.23,162,-177,47.0283388430077,-1.89749510963911
1.23,162,-174,41.9476853078397,-2.01519903003028
1.23,162,-171,36.7755165528373,-2.16460217816928
1.23,162,-168,31.9163697302758,-2.36348495856326
1.23,162,-165,28.0687919931707,-2.63236544771863
1.23,162,-162,26.2679994074699,-2.97481913758202
1.23,162,-159,27.4802982990575,-3.34427675776688
1.23,162,-156,31.8380152725931,-3.66685399614883
1.23,162,-153,38.6850785664989,-3.91110627695414
1.23,162,-150,47.2878123648183,-4.08818390760869
1.23,162,-147,57.1540812243202,-4.21820152595541
1.23,162,-144,68.0005654625678,-4.31662881580576
1.23,162,-141,79.6672196750801,-4.39350228354937
1.23,162,-138,92.0602152969297,-4.45514145340603
1.23,162,-135,105.120707686137,-4.50558900886158
1.23,162,-132,118.808573595535,-4.54751699084285
1.23,162,-129,133.094206589731,-4.58276167139915
1.23,162,-126,147.954622730817,-4.61263700407635
1.23,162,-123,163.371829280172,-4.63812044495436
1.23,162,-120,179.332283719968,-4.65996527893084
1.23,162,-117,195.826743993764,-4.67877027414921
1.23,162,-114,212.850088465513,-4.69502428665469
1.23,162,-111,230.400859269982,-4.70913593923195
1.23,162,-108,248.480400465941,-4.72145418558089
1.23,162,-105,267.091546638703,-4.73228306864734
1.23,162,-102,286.236881760462,-4.74189253394442
1.23,162,-99,305.916639115121,-4.75052633787072
1.23,162,-96,326.126353357201,-4.75840764762028
1.23,162,-93,346.854404927622,-4.76574271225767
1.23,162,-90,368.079613480921,-4.77272289988816
1.23,162,-87,389.769039147123,-4.77952538388698
1.23,162,-84,411.876137810698,-4.78631278359858
1.23,162,-81,434.339390114044,-4.79323209713647
1.23,162,-78,457.081486238942,-4.80041328978273
1.23,162,-75,480.009103827737,-4.80796790990376
1.23,162,-72,503.013269756052,-4.81598808703613
1.23,162,-69,525.970253039263,-4.824546217679
1.23,162,-66,548.742900298508,-4.83369555979888
1.23,162,-63,571.18229980958,-4.84347183781858
1.23,162,-60,593.129646635942,-4.85389581301471
1.23,162,-57,614.418180501469,-4.8649766147993
1.23,162,-54,634.875081330894,-4.87671547911158
1.23,162,-51,654.323237688653,-4.88910942901092
1.23,162,-48,672.582854349075,-4.90215438718713
1.23,162,-45,689.472938530418,-4.91584725056164
1.23,162,-42,704.812795166139,-4.93018658849612
1.23,162,-39,718.423755190768,-4.94517183325513
1.23,162,-36,730.131432060115,-4.9608010786621
1.23,162,-33,739.76882003671,-4.97706784012888
1.23,162,-30,747.180486835892,-4.99395730346701
1.23,162,-27,752.227962336028,-5.01144266037661
1.23,162,-24,754.796197410721,-5.02948208002071
1.23,162,-21,754.800700864751,-5.0480167152972
1.23,162,-18,752.194714090774,-5.06696993422884
1.23,162,-15,746.975612455911,-5.08624776127292
1.23,162,-12,739.18967730705,-5.10574036689522
1.23,162,-9,728.93448473045,-5.12532439223061
1.23,162,-6,716.358395978566,-5.14486594313567
1.23,162,-3,701.65696801279,-5.16422420540657
1.23,162,0,685.066468211755,-5.18325576627566
1.23,162,3,666.855006962039,-5.20181981235869
1.23,162,6,647.312039243119,-5.21978435549587
1.23,162,9,626.737100237651,-5.2370334869549
1.23,162,12,605.428630230121,-5.25347538965715
1.23,162,15,583.673637570328,-5.26905050543179
1.23,162,18,561.738787019994,-5.28373895502133
1.23,162,21,539.863324402122,-5.29756615224062
1.23,162,24,518.254081686499,-5.31060562982231
1.23,162,27,497.082653928115,-5.32297843523873
1.23,162,30,476.484692120524,-5.33484900899411
1.23,162,33,456.561106709938,-5.34641809110778
1.23,162,36,437.380832449748,-5.35791373075598
1.23,162,39,418.984690996508,-5.36958173078894
1.23,162,42,401.389834646046,-5.38167675732116
1.23,162,45,384.594283630252,-5.39445492333621
1.23,162,48,368.581176383284,-5.40816806832216
1.23,162,51,353.322506619099,-5.42305941397708
1.23,162,54,338.782277730799,-5.43935996270613
1.23,162,57,324.919122498768,-5.4572850077968
1.23,162,60,311.688492222183,-5.47703040516648
1.23,162,63,299.044516876573,-5.49876868103175
1.23,162,66,286.941598877228,-5.52264544414784
1.23,162,69,275.335756632438,-5.54877679115341
1.23,162,72,264.185703551804,-5.57724837107686
1.23,162,75,253.453643092155,-5.60811653037
1.23,162,78,243.105776289256,-5.64141158042206
1.23,162,81,233.112542213247,-5.67714283180755
1.23,162,84,223.448630695243,-5.71530473074527
1.23,162,87,214.092813144488,-5.75588328564489
1.23,162,90,205.027632032661,-5.79886201262804
1.23,162,93,196.238979745285,-5.84422684368938
1.23,162,96,187.715592386175,-5.89196978138652
1.23,162,99,179.448491125462,-5.9420914776424
1.23,162,102,171.430424903572,-5.99460327430316
1.23,162,105,163.655399159353,-6.04952947516478
1.23,162,108,156.118404941159,-6.10691063163848
1.23,162,111,148.81547650157,-6.16680834273816
1.23,162,114,141.744188200468,-6.22931145651845
1.23,162,117,134.904642391505,-6.29454263173236
1.23,162,120,128.300896419129,-6.36266306214288
1.23,162,123,121.942637079318,-6.43387194759602
1.23,162,126,115.846753690483,-6.50839627809203
1.23,162,129,110.038314100964,-6.5864660835183
1.23,162,132,104.550347727498,-6.66827110983141
1.23,162,135,99.4218329633985,-6.75389776701733
1.23,162,138,94.6934331343562,-6.84325101607335
1.23,162,141,90.4008899602828,-6.93597471226638
1.23,162,144,86.5665953999344,-7.03139376265639
1.23,162,147,83.1906396898472,-7.12850707949437
1.23,162,150,80.2433124048065,-7.22605472108785
1.23,162,153,77.661214021943,-7.32266234992761
1.23,162,156,75.3485142164056,-7.41703761586354
1.23,162,159,73.183569503414,-7.50817211437396
1.23,162,162,71.02965242861,-7.59550338188359
1.23,162,165,68.7476332233524,-7.6790141952659
1.23,162,168,66.2084264923028,-7.7592776294164
1.23,162,171,63.303702550969,-7.83748110115716
1.23,162,174,59.9543551111576,-7.9154763989938
1.23,162,177,56.1172199703391,-7.99591210430791
1.23,162,180,51.7915692843146,-8.08252208736015
1.23,165,-180,51.7915692843146,-1.74697690262073
1.23,165,-177,46.0500964558782,-1.83792902712236
1.23,165,-174,40.0052679061477,-1.95190051854683
1.23,165,-171,33.9156223660451,-2.10478112448965
1.23,165,-168,28.2666240294694,-2.3227365379307
1.23,165,-165,23.9741073664873,-2.63952357857634
1.23,165,-162,22.4587700186359,-3.05616212537054
1.23,165,-159,24.768598774642,-3.47815060211528
1.23,165,-156,30.4429206748285,-3.80389266721642
1.23,165,-153,38.3278305706581,-4.02750472627659
1.23,165,-150,47.6022674704707,-4.1818891909488
1.23,165,-147,57.8381439650174,-4.29358760891539
1.23,165,-144,68.826091868102,-4.37849543344445
1.23,165,-141,80.4639014266159,-4.44574488670165
1.23,165,-138,92.70172846596,-4.50070327259419
1.23,165,-135,105.51550849913,-4.54665512642606
1.23,165,-132,118.893681058512,-4.5857049606876
1.23,165,-129,132.83053610256,-4.61926842193701
1.23,165,-126,147.323060955365,-4.648346427077
1.23,165,-123,162.369674362464,-4.67368195669821
1.23,165,-120,177.969916756263,-4.69585169084585
1.23,165,-117,194.124517253463,-4.71532076123158
1.23,165,-114,210.835467837227,-4.73247640864834
1.23,165,-111,228.105875750562,-4.74764951831359
1.23,165,-108,245.939465536733,-4.76112913237163
1.23,165,-105,264.339676616373,-4.77317277714524
1.23,165,-102,283.308359364319,-4.78401411288006
1.23,165,-99,302.844117788222,-4.79386864834901
1.23,165,-96,322.940383001687,-4.80293785107005
1.23,165,-93,343.583329472619,-4.81141179721444
1.23,165,-90,364.749764795841,-4.81947045937912
1.23,165,-87,386.405132151527,-4.82728376670745
1.23,165,-84,408.501761535497,-4.8350106476473
1.23,165,-81,430.977491015078,-4.84279734912032
1.23,165,-78,453.754753659515,-4.85077539362904
1.23,165,-75,476.74019169773,-4.85905957145001
1.23,165,-72,499.824820126381,-4.86774635831117
1.23,165,-69,522.884721080203,-4.87691309529237
1.23,165,-66,545.782211239707,-4.8866181682708
1.23,165,-63,568.367390388708,-4.89690228626485
1.23,165,-60,590.479952821476,-4.90779079520464
1.23,165,-57,611.951128232511,-4.91929679602594
1.23,165,-54,632.605620117333,-4.9314246885715
1.23,165,-51,652.263434026748,-4.94417366242095
1.23,165,-48,670.741541042476,-4.95754062615702
1.23,165,-45,687.855404806192,-4.97152212226014
1.23,165,-42,703.420505421074,-4.98611491553857
1.23,165,-39,717.254100627802,-5.00131515025985
1.23,165,-36,729.177543317712,-5.01711620902322
1.23,165,-33,739.019490537299,-5.0335056276325
1.23,165,-30,746.62026611412,-5.05046157713235
1.23,165,-27,751.837469633887,-5.06794948190673
1.23,165,-24,754.552678000967,-5.08591929043633
1.23,165,-21,754.678807163689,-5.10430377079678
1.23,165,-18,752.167451726044,-5.1230180085083
1.23,165,-15,747.015360326792,-5.14196009425556
1.23,165,-12,739.269179570217,-5.1610128533256
1.23,165,-9,729.027724543899,-5.18004641821964
1.23,165,-6,716.441291330319,-5.19892148365522
1.23,165,-3,701.707868773611,-5.21749318338706
1.23,165,0,685.066468211755,-5.23561564383549
1.23,165,3,666.788105190559,-5.25314734470053
1.23,165,6,647.165185799272,-5.26995740279498
1.23,165,9,626.500148052268,-5.28593276583006
1.23,165,12,605.094191047008,-5.30098606571629
1.23,165,15,583.236820514337,-5.31506358329144
1.23,165,18,561.196788762655,-5.32815249939629
1.23,165,21,539.214845421328,-5.34028644829361
1.23,165,24,517.498562316461,-5.35154843355523
1.23,165,27,496.219352014276,-5.36207045290628
1.23,165,30,475.511654695264,-5.3720296739716
1.23,165,33,455.47411476207,-5.38164159633475
1.23,165,36,436.172415044376,-5.39115116308154
1.23,165,39,417.643308666149,-5.40082308466768
1.23,165,42,399.899320390582,-5.41093261243715
1.23,165,45,382.933604583038,-5.42175766138462
1.23,165,48,366.724545357875,-5.43357265570671
1.23,165,51,351.239837990546,-5.4466439439877
1.23,165,54,336.439954230527,-5.46122628020398
1.23,165,57,322.28102381139,-5.47755978997852
1.23,165,60,308.71723381309,-5.49586702636036
1.23,165,63,295.70285496045,-5.51635005876014
1.23,165,66,283.193968758673,-5.53918788130911
1.23,165,69,271.149920326905,-5.56453463819637
1.23,165,72,259.534484106084,-5.5925191708964
1.23,165,75,248.316716201841,-5.62324620053571
1.23,165,78,237.471476858775,-5.65679913616793
1.23,165,81,226.97962877145,-5.69324414610736
1.23,165,84,216.827938727762,-5.73263484201815
1.23,165,87,207.00872274138,-5.77501677473259
1.23,165,90,197.519276811485,-5.82043095960702
1.23,165,93,188.361131534707,-5.86891583264262
1.23,165,96,179.539166722342,-5.92050734938254
1.23,165,99,171.060628524563,-5.97523731396633
1.23,165,102,162.934108443037,-6.03313038344049
1.23,165,105,155.168567017282,-6.09420043806292
1.23,165,108,147.772505102112,-6.15844704794898
1.23,165,111,140.753389232221,-6.22585252878556
1.23,165,114,134.117411821097,-6.29637954836425
1.23,165,117,127.869604537203,-6.36996849603605
1.23,165,120,122.014226835187,-6.44653304962361
1.23,165,123,116.555236643176,-6.52595187375552
1.23,165,126,111.496544156034,-6.6080545359767
1.23,165,129,106.841688522726,-6.69260088454615
1.23,165,132,102.592598693665,-6.77925546572061
1.23,165,135,98.7472336333778,-6.86756183757529
1.23,165,138,95.2961514072044,-6.95692500114128
1.23,165,141,92.2183995912878,-7.04661208178519
1.23,165,144,89.477466421933,-7.13578008433175
1.23,165,147,87.0182547524102,-7.2235340815806
1.23,165,150,84.7660144916789,-7.30901070728545
1.23,165,153,82.6278467848516,-7.39147374047081
1.23,165,156,80.4968571887878,-7.47040502337405
1.23,165,159,78.2584736229484,-7.54557715165893
1.23,165,162,75.7980552614728,-7.61710309571352
1.23,165,165,73.0088076887116,-7.68546863323494
1.23,165,168,69.7991744523033,-7.75156314476183
1.23,165,171,66.0992125048362,-7.8167326470632
1.23,165,174,61.8659088976493,-7.88288918261694
1.23,165,177,57.0879768931833,-7.9527300699192
1.23,165,180,51.7915692843146,-8.03016220980032
1.23,168,-180,51.7915692843147,-1.6946170250609
1.23,168,-177,45.0906403407585,-1.77789982544342
1.23,168,-174,38.1058364780654,-1.88733579778604
1.23,168,-171,31.1266172112891,-2.0434731729265
1.23,168,-168,24.7332913172072,-2.28480327112853
1.23,168,-165,20.1532295836008,-2.66718195022335
1.23,168,-162,19.3553249951876,-3.17733975246414
1.23,168,-159,23.1732977660929,-3.63421249429304
1.23,168,-156,30.1877080254355,-3.93731881859527
1.23,168,-153,38.9227076628938,-4.12918802498985
1.23,168,-150,48.6451409443476,-4.2585895362935
1.23,168,-147,59.0417587864882,-4.35275217358657
1.23,168,-144,69.982453069892,-4.42574162788105
1.23,168,-141,81.4191916876739,-4.4850673649065
1.23,168,-138,93.3427388074083,-4.53494559114118
1.23,168,-135,105.762194922661,-4.57786372201665
1.23,168,-132,118.694425725505,-4.61536278463059
1.23,168,-129,132.158401867473,-4.64844897439105
1.23,168,-126,146.172290476541,-4.67781919280858
1.23,168,-123,160.752182375052,-4.70398794329911
1.23,168,-120,175.911764119525,-4.72735962322491
1.23,168,-117,191.662455282333,-4.74826984889545
1.23,168,-114,208.013668019284,-4.76700915577268
1.23,168,-111,224.972952009256,-4.78383682225547
1.23,168,-108,242.545875060039,-4.79898931570377
1.23,168,-105,260.735560905358,-4.81268588157086
1.23,168,-102,279.541862693511,-4.82513257325723
1.23,168,-99,298.960195557422,-4.83652528115991
1.23,168,-96,318.980086684813,-4.84705190799306
1.23,168,-93,339.58352813955,-4.85689365241373
1.23,168,-90,360.743237123069,-4.86622533088738
1.23,168,-87,382.420940402255,-4.87521473079831
1.23,168,-84,404.565803745948,-4.88402109875861
1.23,168,-81,427.113122773342,-4.89279298845576
1.23,168,-78,449.983378269141,-4.90166579247593
1.23,168,-75,473.081736955716,-4.91075934151205
1.23,168,-72,496.298048769198,-4.92017596021474
1.23,168,-69,519.507355324796,-4.92999931813932
1.23,168,-66,542.570883594266,-4.94029431113932
1.23,168,-63,565.337456919792,-4.95110806473019
1.23,168,-60,587.645216965787,-4.96247198432817
1.23,168,-57,609.323521856856,-4.97440461080564
1.23,168,-54,630.194876556409,-4.98691489924939
1.23,168,-51,650.076771282903,-5.00000544938268
1.23,168,-48,668.783359709164,-5.01367519811656
1.23,168,-45,686.127000898182,-5.0279211486306
1.23,168,-42,701.91980578325,-5.04273885265198
1.23,168,-39,715.975445532418,-5.05812156330238
1.23,168,-36,728.111560309467,-5.07405820020855
1.23,168,-33,738.153116444379,-5.09053047275064
1.23,168,-30,745.936972524436,-5.10750964859757
1.23,168,-27,751.317727504289,-5.12495350295681
1.23,168,-24,754.174661924447,-5.14280393132092
1.23,168,-21,754.419297265983,-5.16098557266178
1.23,168,-18,752.002852448055,-5.17940560995024
1.23,168,-15,746.922731240287,-5.19795473935526
1.23,168,-12,739.22717059408,-5.21650917271242
1.23,168,-9,729.017326910671,-5.23493348676698
1.23,168,-6,716.446350424265,-5.25308415975216
1.23,168,-3,701.715345217154,-5.27081371893292
1.23,168,0,685.066468211755,-5.28797552139532
1.23,168,3,666.773721959906,-5.30442925657482
1.23,168,6,647.132198016352,-5.32004725009396
1.23,168,9,626.446611755315,-5.33472153985932
1.23,168,12,605.019945038037,-5.34837149098405
1.23,168,15,583.142910187762,-5.36095145356172
1.23,168,18,561.084805208604,-5.37245771491992
1.23,168,21,539.086178027065,-5.38293384139794
1.23,168,24,517.353572871737,-5.39247352338895
1.23,168,27,496.056493574035,-5.40122027511991
1.23,168,30,475.326575816944,-5.40936377941342
1.23,168,33,455.258806076881,-5.4171332179857
1.23,168,36,435.9144672456,-5.42478844592422
1.23,168,39,417.32535538601,-5.43261020183295
1.23,168,42,399.498732924103,-5.44089058876815
1.23,168,45,382.422486819423,-5.44992480633572
1.23,168,48,366.070048965825,-5.46000465553647
1.23,168,51,350.404785993522,-5.47141383725996
1.23,168,54,335.38373375498,-5.48442468784215
1.23,168,57,320.960693197861,-5.49929584522317
1.23,168,60,307.088788860119,-5.51627042631897
1.23,168,63,293.722612086719,-5.53557454143005
1.23,168,66,280.82004311383,-5.55741624811382
1.23,168,69,268.343796055457,-5.58198523296916
1.23,168,72,256.262684706593,-5.60945353049481
1.23,168,75,244.552581257578,-5.63997743415803
1.23,168,78,233.197037752384,-5.6737004739863
1.23,168,81,222.187554364436,-5.71075700778167
1.23,168,84,211.523498030234,-5.75127568367791
1.23,168,87,201.211690229485,-5.79538184658614
1.23,168,90,191.265689672724,-5.84319791861157
1.23,168,93,181.70479599149,-5.89484089482159
1.23,168,96,172.552799397196,-5.95041635067278
1.23,168,99,163.836504248089,-6.01000873183041
1.23,168,102,155.584064734472,-6.07366815756499
1.23,168,105,147.823187760514,-6.14139447373049
1.23,168,108,140.579276990084,-6.21311978984538
1.23,168,111,133.87360595905,-6.28869116766069
1.23,168,114,127.721610318394,-6.36785543237343
1.23,168,117,122.131375903512,-6.45024819430878
1.23,168,120,117.102371936025,-6.53538905718023
1.23,168,123,112.624444443257,-6.62268463241236
1.23,168,126,108.677054843022,-6.71144038761305
1.23,168,129,105.228733453826,-6.80088156715984
1.23,168,132,102.236724242304,-6.89018249913146
1.23,168,135,99.6468255944224,-6.97850264758523
1.23,168,138,97.3934756364815,-7.06502692400187
1.23,168,141,95.4001776903227,-7.14900720071897
1.23,168,144,93.5803969889847,-7.22980182119847
1.23,168,147,91.8390690287738,-7.30691026768235
1.23,168,150,90.0748319835854,-7.38000103218774
1.23,168,153,88.1830277857582,-7.44893206519988
1.23,168,156,86.0594175580465,-7.51376482083479
1.23,168,159,83.6044471284193,-7.57477476449436
1.23,168,162,80.7278045217458,-7.6324632619854
1.23,168,165,77.3529615135134,-7.68757830084673
1.23,168,168,73.4214097426087,-7.74115529899593
1.23,168,171,68.8964110400568,-7.79459613366717
1.23,168,174,63.7663170966077,-7.84981839326716
1.23,168,177,58.0479646527611,-7.90953649572274
1.23,168,180,51.7915692843147,-7.97780233224049
1.23,171,-180,51.7915692843147,-1.64225714750107
1.23,171,-177,44.1526243764556,-1.71740800683703
1.23,171,-174,36.2545015354847,-1.82138767246961
1.23,171,-171,28.4145301436985,-1.98036369434781
1.23,171,-168,21.3242295463333,-2.25091163580745
1.23,171,-165,16.6732855809348,-2.72574323352464
1.23,171,-162,17.149655028706,-3.34172073481605
1.23,171,-159,22.7146993716208,-3.79498495680776
1.23,171,-156,30.8828061562262,-4.05399466144724
1.23,171,-153,40.2085730703079,-4.21050186874874
1.23,171,-150,50.1507447758078,-4.31644929126276
1.23,171,-147,60.5130420178911,-4.39544617319849
1.23,171,-144,71.2336505679993,-4.45873501588918
1.23,171,-141,82.3108571186624,-4.51206265282496
1.23,171,-138,93.772144773916,-4.55853730176171
1.23,171,-135,105.65868114071,-4.59991048307173
1.23,171,-132,118.016347367462,-4.63720386617285
1.23,171,-129,130.890241260898,-4.67103893308459
1.23,171,-126,144.321416668527,-4.7018192442489
1.23,171,-123,158.345199577891,-4.72983347349236
1.23,171,-120,172.990600039235,-4.75531320400697
1.23,171,-117,188.280409092063,-4.77846409754978
1.23,171,-114,204.231628495812,-4.79948146729589
1.23,171,-111,220.855951530367,-4.81855709676663
1.23,171,-108,238.160091876028,-4.83588155526405
1.23,171,-105,256.145834636379,-4.85164452661619
1.23,171,-102,274.809750932319,-4.86603448235588
1.23,171,-99,294.142571402832,-4.87923824638931
1.23,171,-96,314.128254300302,-4.89144052711036
1.23,171,-93,334.742812736431,-4.90282326409571
1.23,171,-90,355.952985756554,-4.91356458497411
1.23,171,-87,377.71485157749,-4.92383723283758
1.23,171,-84,399.972489712554,-4.93380645070547
1.23,171,-81,422.656801775639,-4.94362745076967
1.23,171,-78,445.684597427057,-4.95344271679582
1.23,171,-75,468.958040565021,-4.96337946401144
1.23,171,-72,492.364529897496,-4.97354759925051
1.23,171,-69,515.777056614783,-4.98403848250064
1.23,171,-66,539.055040728097,-4.99492469564054
1.23,171,-63,562.045599871206,-5.00626088872498
1.23,171,-60,584.585156325594,-5.01808561803701
1.23,171,-57,606.501249549768,-5.03042393645593
1.23,171,-54,627.614404960646,-5.04329037006237
1.23,171,-51,647.739927434424,-5.05669183820255
1.23,171,-48,666.689547794388,-5.07063006490961
1.23,171,-45,684.272950626526,-5.08510309563736
1.23,171,-42,700.299336720612,-5.10010566984237
1.23,171,-39,714.579293988708,-5.11562838770608
1.23,171,-36,726.927328718058,-5.13165581591158
1.23,171,-33,737.165407658378,-5.14816386310614
1.23,171,-30,745.127757932989,-5.16511688226147
1.23,171,-27,750.666968019868,-5.18246499825376
1.23,171,-24,753.661159845731,-5.20014210840884
1.23,171,-21,754.021714071513,-5.21806487814074
1.23,171,-18,751.700793376815,-5.23613288832266
1.23,171,-15,746.697780767577,-5.25422992910792
1.23,171,-12,739.063767657561,-5.27222631561098
1.23,171,-9,728.903393182652,-5.28998204793863
1.23,171,-6,716.373622143213,-5.30735065409215
1.23,171,-3,701.679399404096,-5.32418362068551
1.23,171,0,685.066468211755,-5.34033539895515
1.23,171,3,666.811929061493,-5.35566903110566
1.23,171,6,647.213303970728,-5.37006243746502
1.23,171,9,626.576944228197,-5.38341531561094
1.23,171,12,605.206589717126,-5.39565642951336
1.23,171,15,583.39278470779,-5.40675083941552
1.23,171,18,561.403714455937,-5.41670639864754
1.23,171,21,539.477878311747,-5.42557869631698
1.23,171,24,517.81887272646,-5.43347362759876
1.23,171,27,496.592420237181,-5.4405469714589
1.23,171,30,475.925638414091,-5.44700074236319
1.23,171,33,455.908389483835,-5.45307658694265
1.23,171,36,436.596394341262,-5.45904699458865
1.23,171,39,418.015657811427,-5.46520544188599
1.23,171,42,400.167667847518,-5.47185668917943
1.23,171,45,383.034826109581,-5.47930826747006
1.23,171,48,366.585646936917,-5.48786380302828
1.23,171,51,350.779406138926,-5.49781836154937
1.23,171,54,335.570090845142,-5.50945560315342
1.23,171,57,320.909652799685,-5.52304633000617
1.23,171,60,306.750667103345,-5.53884800663197
1.23,171,63,293.048534604779,-5.55710498647961
1.23,171,66,279.763348342107,-5.57804938498928
1.23,171,69,266.861495773774,-5.60190269163215
1.23,171,72,254.317014850254,-5.62887823585163
1.23,171,75,242.112682380485,-5.65918449077313
1.23,171,78,230.240795440828,-5.69302893913483
1.23,171,81,218.703608019883,-5.73062189411871
1.23,171,84,207.513396776666,-5.77217932780505
1.23,171,87,196.692141876324,-5.8179234673264
1.23,171,90,186.270814481593,-5.86807971541536
1.23,171,93,176.288259294693,-5.92286837488325
1.23,171,96,166.789650489027,-5.98248975680911
1.23,171,99,157.824487579926,-6.04710161831872
1.23,171,102,149.444091933273,-6.11678864721709
1.23,171,105,141.698574953167,-6.19152505860807
1.23,171,108,134.633288220697,-6.27113341060029
1.23,171,111,128.284846584135,-6.35524536981953
1.23,171,114,122.676942452073,-6.44327278576226
1.23,171,117,117.816328168718,-6.5343988908615
1.23,171,120,113.689486725454,-6.62759820894295
1.23,171,123,110.260564856297,-6.72168880156316
1.23,171,126,107.471035924147,-6.81541242356189
1.23,171,129,105.241276674538,-6.90752975749708
1.23,171,132,103.473855511952,-6.99691298631639
1.23,171,135,102.057983332831,-7.08261910171831
1.23,171,138,100.874407687703,-7.16393398883956
1.23,171,141,99.8000899178231,-7.24038619873054
1.23,171,144,98.7122407939451,-7.31173663497666
1.23,171,147,97.491588850842,-7.37795399461619
1.23,171,150,96.025005685878,-7.43918579090117
1.23,171,153,94.2077485385468,-7.49573261250891
1.23,171,156,91.9455912777772,-7.54803063513844
1.23,171,159,89.1570294610356,-7.59664552734924
1.23,171,162,85.7756127549906,-7.64228046364829
1.23,171,165,81.7523321719972,-7.68580241103872
1.23,171,168,77.0579180986363,-7.7282949091255
1.23,171,171,71.6849292805042,-7.77115405751312
1.23,171,174,65.6496814781924,-7.81626204398325
1.23,171,177,58.9944795795731,-7.86631118454031
1.23,171,180,51.7915692843147,-7.92544245468066
1.23,174,-180,51.7915692843147,-1.58989726994125
1.23,174,-177,43.2386240442884,-1.65645648812152
1.23,174,-174,34.456233521899,-1.75392669811185
1.23,174,-171,25.784982587711,-1.9150323237147
1.23,174,-168,18.047211355611,-2.22302877904195
1.23,174,-165,13.6449843390843,-2.83110284733063
1.23,174,-162,16.0111207448665,-3.53810882419494
1.23,174,-159,23.2598194637196,-3.94028408063886
1.23,174,-156,32.2734646302462,-4.14635020177415
1.23,174,-153,41.9319783695576,-4.26994542063452
1.23,174,-150,51.891478449768,-4.35591540883109
1.23,174,-147,62.0490328585779,-4.42262237216733
1.23,174,-144,72.3961108694508,-4.47847643264698
1.23,174,-141,82.9699662386825,-4.52765344118365
1.23,174,-138,93.8321350770847,-4.57231093824306
1.23,174,-135,105.05594295026,-4.61356417730327
1.23,174,-132,116.717901785395,-4.65196871269109
1.23,174,-129,128.891511679363,-4.68778259738609
1.23,174,-126,141.643019462935,-4.72111782618126
1.23,174,-123,155.028895985103,-4.75202931003255
1.23,174,-120,169.094748291285,-4.78056528528333
1.23,174,-117,183.875300225269,-4.80679289620018
1.23,174,-114,199.395038643775,-4.83080802687748
1.23,174,-111,215.669148969324,-4.85273583344877
1.23,174,-108,232.70443735991,-4.87272653667369
1.23,174,-105,250.500031239202,-4.89094948380702
1.23,174,-102,269.047742403531,-4.90758722201276
1.23,174,-99,288.332053431903,-4.92283036979436
1.23,174,-96,308.329743891447,-4.93687343657104
1.23,174,-93,329.009209673896,-4.94991139292284
1.23,174,-90,350.329551792051,-4.96213667492021
1.23,174,-87,372.239525533731,-4.9737363428064
1.23,174,-84,394.676450853581,-4.98488923682827
1.23,174,-81,417.565191649893,-4.99576312235844
1.23,174,-78,440.817314051187,-5.00651194933006
1.23,174,-75,464.330529215498,-5.01727344014096
1.23,174,-72,487.988511023343,-5.02816725257896
1.23,174,-69,511.661150830934,-5.03929393856482
1.23,174,-66,535.205269849706,-5.05073484303648
1.23,174,-63,558.465758094799,-5.06255297399641
1.23,174,-60,581.277055071406,-5.07479474297402
1.23,174,-57,603.464843628514,-5.08749234593076
1.23,174,-54,624.847809394453,-5.10066644962933
1.23,174,-51,645.239337438997,-5.11432878756704
1.23,174,-48,664.449082524717,-5.12848426775602
1.23,174,-45,682.284455292494,-5.14313225872152
1.23,174,-42,698.552195134412,-5.15826684563918
1.23,174,-39,713.060318956225,-5.17387601833245
1.23,174,-36,725.620804037508,-5.18993993818199
1.23,174,-33,736.053347189973,-5.2064285964998
1.23,174,-30,744.190422245329,-5.22329928865769
1.23,174,-27,749.883640387921,-5.24049436297164
1.23,174,-24,753.011138220934,-5.25793965571457
1.23,174,-21,753.485433889407,-5.27554390858847
1.23,174,-18,751.260967153117,-5.29319931370994
1.23,174,-15,746.340430679406,-5.3107831819702
1.23,174,-12,738.779038186729,-5.32816061791691
1.23,174,-9,728.686058859566,-5.34518802919287
1.23,174,-6,716.223243255008,-5.36171730390806
1.23,174,-3,701.60011772774,-5.37760053986364
1.23,174,0,685.066468211755,-5.39269527651498
1.23,174,3,666.902613527029,-5.40687022914564
1.23,174,6,647.408246433371,-5.42001152294677
1.23,174,9,626.890686175869,-5.43202935233409
1.23,174,12,605.653352019571,-5.44286484711691
1.23,174,15,583.98516221151,-5.45249673551755
1.23,174,18,562.151420736861,-5.4609472019236
1.23,174,21,540.386602698242,-5.46828620847468
1.23,174,24,518.889302339521,-5.47463354869062
1.23,174,27,497.819465976258,-5.48015807160315
1.23,174,30,477.297888044386,-5.48507385604279
1.23,174,33,457.407797321564,-5.48963357057384
1.23,174,36,438.19820884466,-5.49411971946999
1.23,174,39,419.688586047954,-5.49883482372843
1.23,174,42,401.874276089143,-5.50409171767393
1.23,174,45,384.73217354373,-5.51020502067955
1.23,174,48,368.226140740663,-5.5174845162529
1.23,174,51,352.311851014272,-5.52623074806345
1.23,174,54,336.940889251761,-5.53673275580999
1.23,174,57,322.064100931338,-5.54926762504505
1.23,174,60,307.634292698924,-5.56410145269609
1.23,174,63,293.608438467743,-5.58149140366561
1.23,174,66,279.949539006096,-5.60168867502614
1.23,174,69,266.628238687352,-5.62494230056384
1.23,174,72,253.624244713373,-5.65150374557472
1.23,174,75,240.927542418352,-5.68163212214519
1.23,174,78,228.539366860018,-5.71559959816351
1.23,174,81,216.472877200691,-5.75369620320085
1.23,174,84,204.753479891571,-5.7962327832823
1.23,174,87,193.418749054215,-5.84354035422729
1.23,174,90,182.517887320957,-5.89596358331255
1.23,174,93,172.11065017408,-5.95384565977815
1.23,174,96,162.265619036714,-6.01750155896264
1.23,174,99,153.057658710844,-6.08717700140259
1.23,174,102,144.564352064577,-6.1629918335177
1.23,174,105,136.861206992302,-6.24486985768547
1.23,174,108,130.015535312544,-6.33246285181175
1.23,174,111,124.079171380512,-6.42508411575487
1.23,174,114,119.080647132113,-6.52167370485032
1.23,174,117,115.017974689972,-6.62081856401579
1.23,174,120,111.853563344558,-6.72084102168687
1.23,174,123,109.512705860078,-6.81994834016403
1.23,174,126,107.886358674858,-6.91641248713006
1.23,174,129,106.837820380387,-7.00873632028344
1.23,174,132,106.211892984731,-7.095768360265
1.23,174,135,105.84466335003,-7.17674937719662
1.23,174,138,105.572282581415,-7.25129742176863
1.23,174,141,105.237794736446,-7.31935252224648
1.23,174,144,104.695797561161,-7.38110503763165
1.23,174,147,103.815248516924,-7.43692639004654
1.23,174,150,102.480984739405,-7.4873131151689
1.23,174,153,100.594552988566,-7.53284862287782
1.23,174,156,98.0748303360967,-7.57418312990482
1.23,174,159,94.8587348222399,-7.61203083843987
1.23,174,162,90.9021347400579,-7.64718411712049
1.23,174,165,86.1809079757045,-7.68054701575445
1.23,174,168,80.6920127465188,-7.71319552519798
1.23,174,171,74.4544394836499,-7.74648176982746
1.23,174,174,67.510064333585,-7.78221960807874
1.23,174,177,59.9248213571873,-7.82303530378764
1.23,174,180,51.7915692843147,-7.87308257712083
1.23,177,-180,51.7915692843146,-1.53753739238142
1.23,177,-177,42.3511299581786,-1.59505100406207
1.23,177,-174,32.7158815426621,-1.68481116979279
1.23,177,-171,23.2433038709997,-1.84690850446382
1.23,177,-168,14.910948167129,-2.20451685261098
1.23,177,-165,11.2531009005203,-3.00349278348379
1.23,177,-162,15.9728897484909,-3.73748963902733
1.23,177,-159,24.5662226385586,-4.05673581471635
1.23,177,-156,34.109649188421,-4.2127748818012
1.23,177,-153,43.8829047131557,-4.30874618289475
1.23,177,-150,53.6919709518351,-4.37860649913525
1.23,177,-147,63.4997257465511,-4.4357268931853
1.23,177,-144,73.3381107922992,-4.48614778368326
1.23,177,-141,83.2780972296824,-4.53278884012425
1.23,177,-138,93.4141793282392,-4.57704646034798
1.23,177,-135,103.853188906915,-4.61950412765134
1.23,177,-132,114.704971181275,-4.66029836345941
1.23,177,-129,126.074636154817,-4.69933283982383
1.23,177,-126,138.056648354417,-4.7364142144256
1.23,177,-123,150.730966991475,-4.77133940902373
1.23,177,-120,164.161183621332,-4.80394804285555
1.23,177,-117,178.39433019824,-4.83414860471767
1.23,177,-114,193.461857051378,-4.86192562621955
1.23,177,-111,209.381239886445,-4.88733452371647
1.23,177,-108,226.157743517593,-4.91048981923631
1.23,177,-105,243.785998243842,-4.93155105129356
1.23,177,-102,262.251184615111,-4.95070914771704
1.23,177,-99,281.529741942045,-4.96817467278399
1.23,177,-96,301.589602196419,-4.98416836281429
1.23,177,-93,322.390004943176,-4.99891376445226
1.23,177,-90,343.880978963656,-5.01263152762149
1.23,177,-87,366.00259204489,-5.02553487887063
1.23,177,-84,388.684079511867,-5.03782590756529
1.23,177,-81,411.842968057774,-5.04969245373045
1.23,177,-78,435.384313980757,-5.06130553504016
1.23,177,-75,459.200170961264,-5.07281735865966
1.23,177,-72,483.169387808836,-5.08436001773785
1.23,177,-69,507.157807849942,-5.09604497206536
1.23,177,-66,531.018898338394,-5.10796336597438
1.23,177,-63,554.59478438746,-5.12018715719691
1.23,177,-60,577.717606531418,-5.13277093421165
1.23,177,-57,600.211077661447,-5.14575420417028
1.23,177,-54,621.892099225493,-5.15916385665197
1.23,177,-51,642.572321349182,-5.173016466775
1.23,177,-48,662.059602346798,-5.18732010749481
1.23,177,-45,680.159432898454,-5.20207540158358
1.23,177,-42,696.676517294975,-5.21727565573315
1.23,177,-39,711.416814586189,-5.23290606823437
1.23,177,-36,724.190397254052,-5.24894216323048
1.23,177,-33,734.815451454707,-5.26534774794259
1.23,177,-30,743.123606230212,-5.28207278484765
1.23,177,-27,748.966550812583,-5.2990515981419
1.23,177,-24,752.223617707758,-5.31620178826568
1.23,177,-21,752.809732610119,-5.33342412285123
1.23,177,-18,750.682923533995,-5.3506035344242
1.23,177,-15,745.850492613301,-5.36761121797395
1.23,177,-12,738.373011334972,-5.38430771514355
1.23,177,-9,728.36549800826,-5.40054681489
1.23,177,-6,715.995439416349,-5.41618009601061
1.23,177,-3,701.477670870874,-5.43106197247233
1.23,177,0,685.066468211755,-5.44505515407481
1.23,177,3,667.045478041605,-5.45803647352315
1.23,177,6,647.716284447309,-5.46990302966046
1.23,177,9,627.386471650552,-5.48057853834269
1.23,177,12,606.358004717046,-5.4900196663454
1.23,177,15,584.916641747261,-5.4982219691383
1.23,177,18,563.322942593714,-5.5052248998336
1.23,177,21,541.80527775753,-5.51111525758335
1.23,177,24,520.555082203191,-5.51602845361132
1.23,177,27,499.724446119476,-5.52014712894666
1.23,177,30,479.425984961849,-5.52369696067969
1.23,177,33,459.734782385915,-5.52693989699237
1.23,177,36,440.692058243052,-5.53016547690657
1.23,177,39,422.310096709284,-5.53368121174262
1.23,177,42,404.577900144033,-5.53780314275997
1.23,177,45,387.467032204744,-5.54284760676009
1.23,177,48,370.937185094155,-5.54912497002238
1.23,177,51,354.941137500242,-5.55693571868306
1.23,177,54,339.428932171836,-5.56656893067589
1.23,177,57,324.351258387661,-5.57830289213109
1.23,177,60,309.662142821949,-5.59240750273313
1.23,177,63,295.321114535124,-5.60914812635731
1.23,177,66,281.295015464132,-5.62879062791868
1.23,177,69,267.559590733453,-5.65160741833113
1.23,177,72,254.100934596188,-5.67788433596959
1.23,177,75,240.916808483109,-5.70792807484098
1.23,177,78,228.017801455848,-5.74207359872256
1.23,177,81,215.428274840701,-5.78069054146321
1.23,177,84,203.187017353932,-5.82418697137002
1.23,177,87,191.347523233899,-5.873008074111
1.23,177,90,179.977778804056,-5.92762628625032
1.23,177,93,169.159387748315,-5.98851828623809
1.23,177,96,158.985773318649,-6.05612335850289
1.23,177,99,149.559074073117,-6.13077779035217
1.23,177,102,140.985239554637,-6.21262260103472
1.23,177,105,133.366828952844,-6.30148898334265
1.23,177,108,126.793272586328,-6.39677860705763
1.23,177,111,121.329026525377,-6.49737226959146
1.23,177,114,117.001129371856,-6.60161186153391
1.23,177,117,113.788789444716,-6.70739375247914
1.23,177,120,111.618054339022,-6.81237804856994
1.23,177,123,110.363688260187,-6.91426853952766
1.23,177,126,109.858234425924,-7.01108288029295
1.23,177,129,109.90595880627,-7.10133769177264
1.23,177,132,110.298216813498,-7.18411484385655
1.23,177,135,110.827172788733,-7.25902332594805
1.23,177,138,111.296147169614,-7.32609866998048
1.23,177,141,111.526268464916,-7.38568339367771
1.23,177,144,111.36001920628,-7.43831832374827
1.23,177,147,110.662618446284,-7.4846587943895
1.23,177,150,109.322160490347,-7.52541842369641
1.23,177,153,107.249232642068,-7.56133752641374
1.23,177,156,104.376491764641,-7.59317170914517
1.23,177,159,100.658449068784,-7.62169706451034
1.23,177,162,96.0715183164736,-7.64773059695611
1.23,177,165,90.614239116525,-7.67216793627082
1.23,177,168,84.3075107689325,-7.6960459240499
1.23,177,171,77.1946857135758,-7.72064794463715
1.23,177,174,69.3415141373909,-7.74769172742298
1.23,177,177,60.8363024233438,-7.77969131084913
1.23,177,180,51.7915692843146,-7.820722699561
