"Freq [GHz]","Phi [deg]","Theta [deg]","mag(rERHCP) [mV]","cang_rad(rERHCP) [rad]"
1.23,0,-180,51.8018228370621,-3.05898476615256
1.23,0,-177,68.3349069620684,-3.19909236547188
1.23,0,-174,85.2856085430227,-3.30492799349374
1.23,0,-171,102.469365169214,-3.39175030764179
1.23,0,-168,119.768916444767,-3.46637486230467
1.23,0,-165,137.089517284691,-3.53223999451405
1.23,0,-162,154.345397342132,-3.59124071150079
1.23,0,-159,171.45675099689,-3.64449309024226
1.23,0,-156,188.350861248789,-3.69268894330152
1.23,0,-153,204.964796007699,-3.73627491130428
1.23,0,-150,221.248368429027,-3.77554978895493
1.23,0,-147,237.16658818507,-3.81072141827768
1.23,0,-144,252.701154301007,-3.84194267532305
1.23,0,-141,267.850791254749,-3.86933614574879
1.23,0,-138,282.630435423983,-3.89301220688688
1.23,0,-135,297.069433643407,-3.91308271853148
1.23,0,-132,311.209011617134,-3.929671229226
1.23,0,-129,325.099306574285,-3.94292000030891
1.23,0,-126,338.796244188727,-3.95299395794661
1.23,0,-123,352.358489121484,-3.96008173002546
1.23,0,-120,365.84462877035,-3.96439408489417
1.23,0,-117,379.310677125289,-3.96616026878253
1.23,0,-114,392.807922983455,-3.965622873904
1.23,0,-111,406.381102744091,-3.9630319254984
1.23,0,-108,420.066856390418,-3.95863884677883
1.23,0,-105,433.892425264249,-3.95269086018127
1.23,0,-102,447.874567070254,-3.94542623724135
1.23,0,-99,462.01868966323,-3.9370706460508
1.23,0,-96,476.318231911769,-3.92783468883649
1.23,0,-93,490.754339311679,-3.91791259010142
1.23,0,-90,505.295888263331,-3.90748189818158
1.23,0,-87,519.899903401273,-3.8967040042136
1.23,0,-84,534.512387863945,-3.88572526180146
1.23,0,-81,549.069550800787,-3.87467850351919
1.23,0,-78,563.499375968317,-3.86368478858909
1.23,0,-75,577.723437546155,-3.85285526840834
1.23,0,-72,591.658842055787,-3.84229311001984
1.23,0,-69,605.220165108454,-3.83209545921186
1.23,0,-66,618.321262815973,-3.82235544433343
1.23,0,-63,630.876870639726,-3.8131642137372
1.23,0,-60,642.803953485653,-3.80461296527662
1.23,0,-57,654.022831943657,-3.79679487377924
1.23,0,-54,664.458169336882,-3.78980676585605
1.23,0,-51,674.0399498005,-3.78375034739829
1.23,0,-48,682.704597025583,-3.77873277273693
1.23,0,-45,690.39636826656,-3.77486636499591
1.23,0,-42,697.069106282894,-3.77226735515855
1.23,0,-39,702.688347852306,-3.77105359385702
1.23,0,-36,707.233683345779,-3.77134128873947
1.23,0,-33,710.701155167079,-3.77324091269198
1.23,0,-30,713.105393636443,-3.77685249837295
1.23,0,-27,714.481135450492,-3.7822605744368
1.23,0,-24,714.883764742028,-3.78952901081972
1.23,0,-21,714.388564142707,-3.79869603666515
1.23,0,-18,713.088458650037,-3.80976969305654
1.23,0,-15,711.090167897712,-3.82272400150762
1.23,0,-12,708.508839907713,-3.83749617752625
1.23,0,-9,705.461410204866,-3.85398528945927
1.23,0,-6,702.059104796336,-3.87205282754792
1.23,0,-3,698.399672795425,-3.89152565792627
1.23,0,0,694.560075576643,-3.91220173445608
1.23,0,3,690.590443587882,-3.93385868617584
1.23,0,6,686.510099523364,-3.95626499109593
1.23,0,9,682.306301152611,-3.97919295180499
1.23,0,12,677.936065299067,-4.0024322266301
1.23,0,15,673.331023183791,-4.02580238691319
1.23,0,18,668.404798196227,-4.04916297943132
1.23,0,21,663.061991464023,-4.07241990430336
1.23,0,24,657.207608712364,-4.09552750392882
1.23,0,27,650.755729154372,-4.11848645226612
1.23,0,30,643.636411277276,-4.14133816747539
1.23,0,33,635.800199516119,-4.16415690845547
1.23,0,36,627.220046408634,-4.18704088837768
1.23,0,39,617.89089118473,-4.21010365074788
1.23,0,42,607.827449752592,-4.23346666753882
1.23,0,45,597.060923146502,-4.25725372641854
1.23,0,48,585.635318105479,-4.28158727057989
1.23,0,51,573.603930795352,-4.30658651851844
1.23,0,54,561.026332891823,-4.33236697047662
1.23,0,57,547.965982444958,-4.35904081648111
1.23,0,60,534.488410771627,-4.38671778009146
1.23,0,63,520.65983774809,-4.41550602372877
1.23,0,66,506.546042528272,-4.44551286097708
1.23,0,69,492.21134678628,-4.47684513073051
1.23,0,72,477.717625806181,-4.50960916526407
1.23,0,75,463.123322843293,-4.54391032475
1.23,0,78,448.482485952833,-4.57985208415757
1.23,0,81,433.843866545904,-4.61753466207117
1.23,0,84,419.250117659051,-4.65705319224975
1.23,0,87,404.737115967255,-4.69849546997824
1.23,0,90,390.333415670833,-4.74193936031596
1.23,0,93,376.059833668035,-4.78745002900753
1.23,0,96,361.929168867369,-4.83507723585412
1.23,0,99,347.946073776183,-4.88485299601159
1.23,0,102,334.107118177247,-4.93678994656967
1.23,0,105,320.401103595171,-4.9908807368985
1.23,0,108,306.809692911755,-5.04709868409952
1.23,0,111,293.308403405175,-5.1053998069792
1.23,0,114,279.86797041203,-5.16572619882667
1.23,0,117,266.456027207069,-5.22801056264897
1.23,0,120,253.038977222973,-5.29218166273773
1.23,0,123,239.58387599332,-5.35817049102387
1.23,0,126,226.060111832898,-5.42591714000457
1.23,0,129,212.440690612029,-5.49537873514209
1.23,0,132,198.702994471693,-5.56653932563993
1.23,0,135,184.828986979166,-5.63942341564774
1.23,0,138,170.804956904643,-5.71411599991271
1.23,0,141,156.621004646986,-5.79079396548306
1.23,0,144,142.270562502818,-5.86977751934201
1.23,0,147,127.750309142789,-5.95161821202888
1.23,0,150,113.060943689919,-6.03725782914378
1.23,0,153,98.2095816793535,-6.12833504027929
1.23,0,156,83.215462874261,-6.22782887428637
1.23,0,159,68.1236541719035,-6.34155902073691
1.23,0,162,53.0422129852293,-6.48219052697047
1.23,0,165,38.2654849524156,-6.68194717906875
1.23,0,168,24.8117395821146,-7.04056422688993
1.23,0,171,17.0491381312053,-7.82393543251157
1.23,0,174,22.6381037610443,-8.70830965759586
1.23,0,177,36.1013910471312,-9.12732873366717
1.23,0,180,51.8018228370621,-9.34217007333214
1.23,3,-180,51.8018228370621,-3.00662488859273
1.23,3,-177,67.7872978591883,-3.14820605156474
1.23,3,-174,84.1440129879206,-3.25575940973393
1.23,3,-171,100.704360017965,-3.34433223808292
1.23,3,-168,117.370223771488,-3.42072013641641
1.23,3,-165,134.066627296794,-3.48836748372346
1.23,3,-162,150.726903572383,-3.54917456652037
1.23,3,-159,167.28877926979,-3.60425975884473
1.23,3,-156,183.694883114817,-3.65431571827861
1.23,3,-153,199.895037774669,-3.69978981909851
1.23,3,-150,215.848965802992,-3.74098212444335
1.23,3,-147,231.528594463283,-3.77810240620245
1.23,3,-144,246.919489454022,-3.81130597255513
1.23,3,-141,262.021219342796,-3.84071805905399
1.23,3,-138,276.846672321042,-3.86645158369048
1.23,3,-135,291.420505086544,-3.88862050340092
1.23,3,-132,305.776990753757,-3.90734969965543
1.23,3,-129,319.957550392142,-3.9227817239427
1.23,3,-126,334.008215003443,-3.93508055458695
1.23,3,-123,347.977193340699,-3.94443256510579
1.23,3,-120,361.912639758148,-3.95104504822141
1.23,3,-117,375.860645595886,-3.95514278742149
1.23,3,-114,389.863430773688,-3.95696326614368
1.23,3,-111,403.957694318506,-3.95675113271697
1.23,3,-108,418.173090869046,-3.95475250085432
1.23,3,-105,432.530826636845,-3.95120957775897
1.23,3,-102,447.042402010622,-3.94635599532992
1.23,3,-99,461.708558305644,-3.94041309259888
1.23,3,-96,476.518504854088,-3.93358727307367
1.23,3,-93,491.449505134188,-3.92606844913648
1.23,3,-90,506.466886179323,-3.91802949479939
1.23,3,-87,521.524506504674,-3.90962656389238
1.23,3,-84,536.565678867213,-3.90100009653712
1.23,3,-81,551.524501256388,-3.89227633209591
1.23,3,-78,566.32750907192,-3.88356916658532
1.23,3,-75,580.895529879587,-3.87498222746874
1.23,3,-72,595.145605089651,-3.86661107694111
1.23,3,-69,608.992844441644,-3.85854548459195
1.23,3,-66,622.352100893434,-3.85087172295159
1.23,3,-63,635.139393776849,-3.84367483137188
1.23,3,-60,647.273061776996,-3.83704076769111
1.23,3,-57,658.674686202458,-3.83105833166519
1.23,3,-54,669.269878942602,-3.82582071143774
1.23,3,-51,678.989067938268,-3.82142648717152
1.23,3,-48,687.768426973586,-3.81797993415451
1.23,3,-45,695.551080525214,-3.81559050495128
1.23,3,-42,702.288667386958,-3.81437143263876
1.23,3,-39,707.943273348239,-3.81443747403164
1.23,3,-36,712.489653129519,-3.8159018880485
1.23,3,-33,715.917568900761,-3.81887280493775
1.23,3,-30,718.233992625252,-3.82344917628521
1.23,3,-27,719.464866478506,-3.82971650062391
1.23,3,-24,719.656099620665,-3.83774250135164
1.23,3,-21,718.873504213348,-3.8475729072415
1.23,3,-18,717.201436007502,-3.85922747114699
1.23,3,-15,714.73999834826,-3.87269637972695
1.23,3,-12,711.600786035097,-3.88793726935059
1.23,3,-9,707.901282852101,-3.90487316881741
1.23,3,-6,703.758182046958,-3.92339181375543
1.23,3,-3,699.280068918702,-3.94334687143618
1.23,3,0,694.560075576643,-3.96456161201591
1.23,3,3,689.66926006957,-3.9868354001119
1.23,3,6,684.651529630554,-4.00995303058609
1.23,3,9,679.520870455131,-4.03369642921133
1.23,3,12,674.261430942253,-4.05785769049053
1.23,3,15,668.830638211373,-4.08225198906258
1.23,3,18,663.165066899004,-4.10672873086972
1.23,3,21,657.188324837595,-4.13117949029345
1.23,3,24,650.81988488212,-4.15554178609485
1.23,3,27,643.983662795684,-4.17979845560121
1.23,3,30,636.615248902327,-4.20397311164329
1.23,3,33,628.667012472923,-4.22812273881885
1.23,3,36,620.110727883201,-4.25232879477942
1.23,3,39,610.937813880366,-4.27668820028333
1.23,3,42,601.157635107161,-4.30130537279476
1.23,3,45,590.794525586658,-4.32628607173591
1.23,3,48,579.884239022806,-4.35173338314291
1.23,3,51,568.470433950221,-4.3777457707465
1.23,3,54,556.601614579648,-4.40441682496884
1.23,3,57,544.328732108202,-4.4318361808948
1.23,3,60,531.703460218425,-4.46009104603608
1.23,3,63,518.777026971941,-4.48926784745813
1.23,3,66,505.599424352782,-4.51945363143824
1.23,3,69,492.218817254716,-4.55073698425393
1.23,3,72,478.681014545581,-4.58320835875517
1.23,3,75,465.028921799707,-4.61695977344641
1.23,3,78,451.301948463329,-4.652083899763
1.23,3,81,437.535379864107,-4.68867258026245
1.23,3,84,423.759743499722,-4.7268148405505
1.23,3,87,410.000203071435,-4.76659448398033
1.23,3,90,396.276010054195,-4.80808739782552
1.23,3,93,382.600039011365,-4.85135875260372
1.23,3,96,368.978435090324,-4.8964603349661
1.23,3,99,355.410412114374,-4.94342830554462
1.23,3,102,341.888254893416,-4.99228169969658
1.23,3,105,328.397593273003,-5.04302197562994
1.23,3,108,314.918019114677,-5.0956338518268
1.23,3,111,301.424102265809,-5.15008756686895
1.23,3,114,287.886822680027,-5.20634255827591
1.23,3,117,274.275374851206,-5.26435242697304
1.23,3,120,260.559227392983,-5.32407097526525
1.23,3,123,246.710251776064,-5.38545912525456
1.23,3,126,232.704689973608,-5.44849268142236
1.23,3,129,218.524728390479,-5.51317122711198
1.23,3,132,204.159493489476,-5.57952897538733
1.23,3,135,189.605378843949,-5.64764920519408
1.23,3,138,174.865737609783,-5.71768519257782
1.23,3,141,159.950105872997,-5.78989274749219
1.23,3,144,144.873242875769,-5.86468364153866
1.23,3,147,129.654386871972,-5.94271782800592
1.23,3,150,114.317282277299,-6.02507149963461
1.23,3,153,98.8919003637453,-6.11356395184159
1.23,3,156,83.4198385307309,-6.21144687109269
1.23,3,159,67.968755121062,-6.32501462494382
1.23,3,162,52.6733046514219,-6.46789475218616
1.23,3,165,37.8726360524011,-6.67452447319682
1.23,3,168,24.6999842074774,-7.0486921111184
1.23,3,171,17.6723737348706,-7.83242550101454
1.23,3,174,23.4864599442827,-8.66807256801848
1.23,3,177,36.5867204080668,-9.0751882146006
1.23,3,180,51.8018228370621,-9.28981019577231
1.23,6,-180,51.8018228370622,-2.9542650110329
1.23,6,-177,67.1939503851747,-3.09701540954105
1.23,6,-174,82.9058956917307,-3.20617140306033
1.23,6,-171,98.7867422821863,-3.29647887983082
1.23,6,-168,114.757098415648,-3.37467791906898
1.23,6,-165,130.761532134561,-3.44420083282527
1.23,6,-162,146.75252611006,-3.5069409970755
1.23,6,-159,162.685652323698,-3.56400917227953
1.23,6,-156,178.519436786328,-3.61609013104335
1.23,6,-153,194.21720384063,-3.66362416775947
1.23,6,-150,209.749472328901,-3.7069057175447
1.23,6,-147,225.096051201598,-3.74614057592394
1.23,6,-144,240.247352634323,-3.78148164515475
1.23,6,-141,255.204735078508,-3.8130530922822
1.23,6,-138,269.979921067614,-3.84096778057381
1.23,6,-135,284.593691094613,-3.8653402323397
1.23,6,-132,299.074126369173,-3.8862960682635
1.23,6,-129,313.454666361652,-3.90397829342241
1.23,6,-126,327.772183302676,-3.9185506458615
1.23,6,-123,342.065185046442,-3.93019828100541
1.23,6,-120,356.372169635797,-3.93912619202215
1.23,6,-117,370.730092144105,-3.94555587496888
1.23,6,-114,385.172878427309,-3.94972079827757
1.23,6,-111,399.729931081402,-3.95186122494062
1.23,6,-108,414.4246104821,-3.95221887874115
1.23,6,-105,429.272723291233,-3.95103186400531
1.23,6,-102,444.281096684346,-3.94853015762149
1.23,6,-99,459.44634666182,-3.94493190066476
1.23,6,-96,474.753956770258,-3.94044062778977
1.23,6,-93,490.177769020403,-3.93524348755816
1.23,6,-90,505.679956040392,-3.92951042998392
1.23,6,-87,521.211499379471,-3.92339427483126
1.23,6,-84,536.713150756114,-3.91703153146606
1.23,6,-81,552.11680758509,-3.91054382120853
1.23,6,-78,567.347196784601,-3.90403975419909
1.23,6,-75,582.323735933293,-3.89761712811127
1.23,6,-72,596.962431464292,-3.89136533620796
1.23,6,-69,611.177681585382,-3.88536788795725
1.23,6,-66,624.883877082639,-3.87970495033901
1.23,6,-63,637.99673393366,-3.87445581044949
1.23,6,-60,650.434343072103,-3.86970114353957
1.23,6,-57,662.11797780013,-3.86552495273672
1.23,6,-54,672.972749840018,-3.86201603675709
1.23,6,-51,682.928242132404,-3.8592688482838
1.23,6,-48,691.91926257067,-3.857383633099
1.23,6,-45,699.886852703192,-3.85646578783422
1.23,6,-42,706.779647492398,-3.85662443594049
1.23,6,-39,712.555619438097,-3.85797028635735
1.23,6,-36,717.184160367972,-3.86061289478927
1.23,6,-33,720.648368479219,-3.86465748242239
1.23,6,-30,722.94733029737,-3.87020147489543
1.23,6,-27,724.098129851217,-3.87733090571653
1.23,6,-24,724.137289624365,-3.88611679106212
1.23,6,-21,723.121353234902,-3.89661154201795
1.23,6,-18,721.126356392293,-3.90884545583434
1.23,6,-15,718.245995667917,-3.92282334084325
1.23,6,-12,714.588390239724,-3.93852139668811
1.23,6,-9,710.271440532784,-3.95588459586302
1.23,6,-6,705.416924101467,-3.97482497591901
1.23,6,-3,700.143636461801,-3.9952214083067
1.23,6,0,694.560075576643,-4.01692148957574
1.23,6,3,688.75735634913,-4.03974612608016
1.23,6,6,682.803176857441,-4.06349710061579
1.23,6,9,676.737680248291,-4.0879674241328
1.23,6,12,670.571914727586,-4.11295367523239
1.23,6,15,664.289276089715,-4.13826897365458
1.23,6,18,657.849865749723,-4.16375490314302
1.23,6,21,651.197208140675,-4.18929072686331
1.23,6,24,644.266365980744,-4.21479864954967
1.23,6,27,636.992275899509,-4.24024457581561
1.23,6,30,629.317153238576,-4.26563460871955
1.23,6,33,621.196067640454,-4.29100822558203
1.23,6,36,612.600195042652,-4.31642950830866
1.23,6,39,603.517700510015,-4.34197792892686
1.23,6,42,593.952596276838,-4.3677400204856
1.23,6,45,583.922176576534,-4.39380288354252
1.23,6,48,573.453724999316,-4.4202500015948
1.23,6,51,562.5811339406,-4.44715937433433
1.23,6,54,551.341913432561,-4.47460360968801
1.23,6,57,539.774856914832,-4.50265139125785
1.23,6,60,527.918429993956,-4.53136966473824
1.23,6,63,515.809794855365,-4.56082594019804
1.23,6,66,503.484295966824,-4.59109024199321
1.23,6,69,490.975209924428,-4.62223640507537
1.23,6,72,478.313587596749,-4.65434257446885
1.23,6,75,465.528068205152,-4.68749088853368
1.23,6,78,452.644602210887,-4.72176640842262
1.23,6,81,439.686068473399,-4.75725540167805
1.23,6,84,426.671804271035,-4.7940431106604
1.23,6,87,413.617084328276,-4.83221115145356
1.23,6,90,400.532591413151,-4.87183470783702
1.23,6,93,387.42392273684,-4.91297971350688
1.23,6,96,374.291179178927,-4.95570025233835
1.23,6,99,361.128691672609,-5.00003644260628
1.23,6,102,347.924950568728,-5.04601309328631
1.23,6,105,334.662815049548,-5.09363941408004
1.23,6,108,321.320083084746,-5.14291001458254
1.23,6,111,307.870489373891,-5.19380734034076
1.23,6,114,294.285162684195,-5.24630557669246
1.23,6,117,280.534513971946,-5.30037593294232
1.23,6,120,266.590449619233,-5.3559931398396
1.23,6,123,252.428725103439,-5.41314299842796
1.23,6,126,238.03119385958,-5.47183095265439
1.23,6,129,223.387684292024,-5.53209196312514
1.23,6,132,208.497268479185,-5.59400248530209
1.23,6,135,193.368770858243,-5.65769619649975
1.23,6,138,178.020492582498,-5.72338648711568
1.23,6,141,162.47927672083,-5.79140112842023
1.23,6,144,146.779191824788,-5.86223908812909
1.23,6,147,130.960266813638,-5.93666884747572
1.23,6,150,115.067920328357,-6.01590835733754
1.23,6,153,99.1541717192304,-6.10197653174899
1.23,6,156,83.2829437489362,-6.19843669483795
1.23,6,159,67.5455952968929,-6.31213502319955
1.23,6,162,52.1065126567861,-6.45781886563168
1.23,6,165,37.3574117838752,-6.67244289396129
1.23,6,168,24.5637380282966,-7.06370283198213
1.23,6,171,18.3594083383918,-7.84443457395112
1.23,6,174,24.3976806055972,-8.6300357607538
1.23,6,177,37.1112262357446,-9.02379233708327
1.23,6,180,51.8018228370622,-9.23745031821248
1.23,9,-180,51.8018228370622,-2.90190513347307
1.23,9,-177,66.5567473504381,-3.04551545545996
1.23,9,-174,81.5756253761469,-3.15615710225929
1.23,9,-171,96.7238493504466,-3.24818775326828
1.23,9,-168,111.940211643759,-3.32825640035135
1.23,9,-165,127.188512522175,-3.39976481434362
1.23,9,-162,142.440375855473,-3.46458663373812
1.23,9,-159,157.669503336287,-3.52381414220128
1.23,9,-156,172.850851422675,-3.57811428152041
1.23,9,-153,187.961967773006,-3.62791108536395
1.23,9,-150,202.985009050798,-3.67348507539756
1.23,9,-147,217.90855872716,-3.71503087802888
1.23,9,-144,232.728761256854,-3.75269307298637
1.23,9,-141,247.449605564223,-3.78659024775948
1.23,9,-138,262.082431664797,-3.81683215199425
1.23,9,-135,276.644882123083,-3.84353221159527
1.23,9,-132,291.15956872135,-3.86681636263781
1.23,9,-129,305.652688544098,-3.88682863205096
1.23,9,-126,320.152733742423,-3.90373377972717
1.23,9,-123,334.689333381402,-3.91771739130837
1.23,9,-120,349.292177958321,-3.92898391907428
1.23,9,-117,363.989929670743,-3.93775322824274
1.23,9,-114,378.809021447369,-3.94425619512742
1.23,9,-111,393.772288108493,-3.94872983838686
1.23,9,-108,408.89743694009,-3.95141237622356
1.23,9,-105,424.195431857656,-3.9525385172916
1.23,9,-102,439.668916947788,-3.9523352233535
1.23,9,-99,455.310829979306,-3.95101812580629
1.23,9,-96,471.103351389598,-3.94878872773455
1.23,9,-93,487.017303637299,-3.94583247090675
1.23,9,-90,503.012068611765,-3.94231769162762
1.23,9,-87,519.036037149479,-3.93839543497216
1.23,9,-84,535.027553322405,-3.93420005068485
1.23,9,-81,550.916273002949,-3.92985046154302
1.23,9,-78,566.624824581332,-3.92545197774314
1.23,9,-75,582.070641103759,-3.92109852587269
1.23,9,-72,597.167828122362,-3.91687516246665
1.23,9,-69,611.828940446794,-3.91286074401639
1.23,9,-66,625.966563589046,-3.9091306237774
1.23,9,-63,639.494630919175,-3.90575924046836
1.23,9,-60,652.329452815109,-3.90282245805356
1.23,9,-57,664.390484897808,-3.90039951456752
1.23,9,-54,675.600912395577,-3.89857444702485
1.23,9,-51,685.888169010664,-3.89743688285287
1.23,9,-48,695.184533294759,-3.8970821267662
1.23,9,-45,703.427946610991,-3.89761052242661
1.23,9,-42,710.563170344761,-3.89912612386031
1.23,9,-39,716.543346700757,-3.90173476340679
1.23,9,-36,721.331953086226,-3.90554164157163
1.23,9,-33,724.905055482563,-3.91064858197581
1.23,9,-30,727.253684946411,-3.91715108778478
1.23,9,-27,728.386096681568,-3.92513530585939
1.23,9,-24,728.329632409806,-3.93467495868516
1.23,9,-21,727.131897480694,-3.9458282553665
1.23,9,-18,724.860982058034,-3.95863476045768
1.23,9,-15,721.604496018223,-3.9731122048845
1.23,9,-12,717.467247361376,-3.98925328624621
1.23,9,-9,712.567477598182,-4.00702263559732
1.23,9,-6,707.031684493619,-4.02635431315694
1.23,9,-3,700.988222709252,-4.04715039605981
1.23,9,0,694.560075576643,-4.06928136713557
1.23,9,3,687.857413567037,-4.09258901787332
1.23,9,6,680.970747004256,-4.11689236713992
1.23,9,9,673.965573282183,-4.14199664838746
1.23,9,12,666.879347258385,-4.16770479563524
1.23,9,15,659.721337020861,-4.19383021415507
1.23,9,18,652.475493900034,-4.22020915510567
1.23,9,21,645.105954999583,-4.24671089754099
1.23,9,24,637.564335461955,-4.27324424800671
1.23,9,27,629.797677075035,-4.29975953168801
1.23,9,30,621.755871987931,-4.32624609017876
1.23,9,33,613.397575960117,-4.35272609552987
1.23,9,36,604.693998821869,-4.37924604929254
1.23,9,39,595.630405510117,-4.40586755780908
1.23,9,42,586.205570381267,-4.43265886036086
1.23,9,45,576.429718102264,-4.45968821340414
1.23,9,48,566.321616608005,-4.48701972259798
1.23,9,51,555.905465801749,-4.51471169053619
1.23,9,54,545.208088152993,-4.54281711507605
1.23,9,57,534.256729798987,-4.57138569444612
1.23,9,60,523.077579041218,-4.60046658977394
1.23,9,63,511.694945859722,-4.6301112427058
1.23,9,66,500.130943731707,-4.66037569838597
1.23,9,69,488.405476067394,-4.69132208550964
1.23,9,72,476.536341633675,-4.72301910447159
1.23,9,75,464.539316913958,-4.75554153676237
1.23,9,78,452.428128786988,-4.78896889809738
1.23,9,81,440.214283081774,-4.82338341576249
1.23,9,84,427.906754849846,-4.85886753011645
1.23,9,87,415.511572180438,-4.89550111863022
1.23,9,90,403.031339325611,-4.93335863482181
1.23,9,93,390.464751663484,-4.97250635551794
1.23,9,96,377.806159980005,-5.01299994233878
1.23,9,99,365.045248665275,-5.05488254363265
1.23,9,102,352.166902739778,-5.09818368107544
1.23,9,105,339.151349381515,-5.14291916687825
1.23,9,108,325.974664403055,-5.18909227011975
1.23,9,111,312.609724381266,-5.23669628805924
1.23,9,114,299.027653045037,-5.28571858652924
1.23,9,117,285.199752590804,-5.33614607400237
1.23,9,120,271.099830907851,-5.3879720022519
1.23,9,123,256.706747307078,-5.4412039876106
1.23,9,126,242.006922677062,-5.49587326899003
1.23,9,129,226.996518035884,-5.55204551238832
1.23,9,132,211.682996950763,-5.60983400040896
1.23,9,135,196.085860241475,-5.66941692240986
1.23,9,138,180.236469662284,-5.73106194895385
1.23,9,141,164.177043051052,-5.79516387774487
1.23,9,144,147.959087034087,-5.86230611410901
1.23,9,147,131.641732658464,-5.93336699179357
1.23,9,150,115.290707053014,-6.00971460776447
1.23,9,153,98.9792069052007,-6.09358805932326
1.23,9,156,82.7933534187811,-6.18890490716032
1.23,9,159,66.8492852549035,-6.30314879322793
1.23,9,162,51.3445162398311,-6.45236052359131
1.23,9,165,36.7320737337817,-6.6763115628908
1.23,9,168,24.4266605658664,-7.08601792210785
1.23,9,171,19.1245847838242,-7.85918127726616
1.23,9,174,25.3723138972698,-8.59390785447621
1.23,9,177,37.6738211749409,-8.97311604105308
1.23,9,180,51.8018228370622,-9.18509044065265
1.23,12,-180,51.8018228370622,-2.84954525591324
1.23,12,-177,65.87771210225,-2.99370107595821
1.23,12,-174,80.157915815083,-3.10570853943192
1.23,12,-171,94.5236616896705,-3.19945480440003
1.23,12,-168,108.931299677834,-3.28146266790729
1.23,12,-165,123.363486820414,-3.35508472883008
1.23,12,-162,137.810948002601,-3.42216147812489
1.23,12,-159,152.26578827421,-3.48375480905643
1.23,12,-156,166.719919445284,-3.54050243808212
1.23,12,-153,181.165809192105,-3.59280126291494
1.23,12,-150,195.598037980194,-3.64090784892679
1.23,12,-147,210.014765613556,-3.68499681599123
1.23,12,-144,224.418633635531,-3.72519711870923
1.23,12,-141,238.816965492765,-3.76161622813068
1.23,12,-138,253.221369294335,-3.79435710442809
1.23,12,-135,267.646978946266,-3.8235302020984
1.23,12,-132,282.111588143282,-3.84926148730251
1.23,12,-129,296.634863146381,-3.87169698252472
1.23,12,-126,311.237706420455,-3.89100430389615
1.23,12,-123,325.941729169805,-3.90737175599728
1.23,12,-120,340.7687123066,-3.92100563263468
1.23,12,-117,355.739911158787,-3.93212636766697
1.23,12,-114,370.875089422547,-3.94096408814234
1.23,12,-111,386.191237487853,-3.94775398450721
1.23,12,-108,401.701015796629,-3.95273177867282
1.23,12,-105,417.411040990338,-3.95612947330186
1.23,12,-102,433.320182738971,-3.95817151296207
1.23,12,-99,449.418053542582,-3.95907146776217
1.23,12,-96,465.683853954739,-3.95902934213713
1.23,12,-93,482.085690840085,-3.95822959785463
1.23,12,-90,498.580429214593,-3.95683995271758
1.23,12,-87,515.114080976756,-3.95501097626352
1.23,12,-84,531.622684869052,-3.95287645835183
1.23,12,-81,548.033595254667,-3.9505544840986
1.23,12,-78,564.267073036112,-3.94814911460718
1.23,12,-75,580.23805870321,-3.94575254886396
1.23,12,-72,595.85800347049,-3.94344762659026
1.23,12,-69,611.03663925953,-3.9413105223309
1.23,12,-66,625.68358269333,-3.93941347593654
1.23,12,-63,639.709693632726,-3.93782740378857
1.23,12,-60,653.028145684151,-3.93662424002153
1.23,12,-57,665.555213009878,-3.93587886966461
1.23,12,-54,677.210830075003,-3.93567053768431
1.23,12,-51,687.919030897838,-3.93608364969494
1.23,12,-48,697.608411989274,-3.93720792013197
1.23,12,-45,706.212778441824,-3.93913786861478
1.23,12,-42,713.672118208465,-3.94197171018445
1.23,12,-39,719.934003489858,-3.9458097242804
1.23,12,-36,724.955445245895,-3.95075221475182
1.23,12,-33,728.70513863589,-3.95689718367433
1.23,12,-30,731.165949081526,-3.9643378318904
1.23,12,-27,732.337415727657,-3.97315996880333
1.23,12,-24,732.238001700209,-3.98343936750318
1.23,12,-21,730.906801685909,-3.99523904936027
1.23,12,-18,728.40442318616,-4.00860644205145
1.23,12,-15,724.812781941769,-4.02357034914237
1.23,12,-12,720.233591656138,-4.04013772106009
1.23,12,-9,714.785388966198,-4.0582903419564
1.23,12,-6,708.599031129092,-4.07798174078222
1.23,12,-3,701.811752780483,-4.09913486408274
1.23,12,0,694.560075576643,-4.1216412446954
1.23,12,3,686.972112440201,-4.14536247231667
1.23,12,6,679.160046689563,-4.17013462948743
1.23,12,9,671.213720584369,-4.19577595518775
1.23,12,12,663.196260580413,-4.22209737767514
1.23,12,15,655.142451689841,-4.24891485723314
1.23,12,18,647.060164688103,-4.2760619059053
1.23,12,21,638.934619750949,-4.3034004089739
1.23,12,24,630.734767898908,-4.33082807594863
1.23,12,27,622.420719956024,-4.35828146662579
1.23,12,30,613.951039966219,-4.38573440273074
1.23,12,33,605.288861437952,-4.41319244873139
1.23,12,36,596.406123428332,-4.44068480460365
1.23,12,39,587.285656424047,-4.46825526260477
1.23,12,42,577.921263547734,-4.49595381500795
1.23,12,45,568.316252795164,-4.52383013171086
1.23,12,48,558.481034797786,-4.55192958398572
1.23,12,51,548.430406653048,-4.58029191554083
1.23,12,54,538.181029359239,-4.60895217558614
1.23,12,57,527.749426888924,-4.63794320895678
1.23,12,60,517.150643259903,-4.66729887300068
1.23,12,63,506.397532733422,-4.69705720118315
1.23,12,66,495.500551279359,-4.7272629084226
1.23,12,69,484.467869351695,-4.75796886885954
1.23,12,72,473.305627144657,-4.78923643319757
1.23,12,75,462.018186925015,-4.82113464666987
1.23,12,78,450.608285119289,-4.85373855838843
1.23,12,81,439.077035547175,-4.887126876672
1.23,12,84,427.423775895857,-4.92137923568339
1.23,12,87,415.645778832932,-4.95657331652346
1.23,12,90,403.737867756118,-4.99278203200592
1.23,12,93,391.691988364708,-5.0300709559143
1.23,12,96,379.496795342203,-5.06849616472175
1.23,12,99,367.137322269785,-5.10810266401488
1.23,12,102,354.59481419744,-5.14892358637201
1.23,12,105,341.846814525907,-5.19098035934651
1.23,12,108,328.867605645519,-5.23428403692838
1.23,12,111,315.629097803853,-5.27883795498146
1.23,12,114,302.102234007705,-5.32464181054182
1.23,12,117,288.258924551751,-5.37169719114066
1.23,12,120,274.074444126418,-5.42001452391052
1.23,12,123,259.530128067998,-5.46962141851025
1.23,12,126,244.616112124614,-5.5205724945795
1.23,12,129,229.33379743728,-5.5729610726279
1.23,12,132,213.697713069289,-5.62693364487738
1.23,12,135,197.736506934948,-5.68270896294708
1.23,12,138,181.492922418597,-5.74060515633119
1.23,12,141,165.022798211681,-5.8010811305446
1.23,12,144,148.393343578295,-5.86480394239855
1.23,12,147,131.68118680857,-5.93276508132562
1.23,12,150,114.971026375037,-6.0064934379164
1.23,12,153,98.3563507999956,-6.08847212299838
1.23,12,156,81.9453367594532,-6.18302136237088
1.23,12,159,65.880071876179,-6.29835902007091
1.23,12,162,50.3950375724278,-6.45200949549221
1.23,12,165,36.0144592592519,-6.68682667811296
1.23,12,168,24.3173332738736,-7.11591688534208
1.23,12,171,19.9814795006523,-7.87582566634249
1.23,12,174,26.4108226156102,-8.55940873395224
1.23,12,177,38.2733460191273,-8.92313043208113
1.23,12,180,51.8018228370622,-9.13273056309282
1.23,15,-180,51.8018228370622,-2.79718537835341
1.23,15,-177,65.1590000665199,-2.9415670258336
1.23,15,-174,78.6578016783123,-3.05481655927955
1.23,15,-171,92.194756893983,-3.15027426283723
1.23,15,-168,105.743091133652,-3.23430267579417
1.23,15,-165,119.303908217411,-3.31018673662394
1.23,15,-162,132.886986977234,-3.37971989990369
1.23,15,-159,146.503119179428,-3.44392060589253
1.23,15,-156,160.161702415779,-3.50338421524925
1.23,15,-153,173.870800779258,-3.55846749625734
1.23,15,-150,187.638143103859,-3.60939077139646
1.23,15,-147,201.472160315783,-3.65629769824969
1.23,15,-144,215.382610592949,-3.69929251615928
1.23,15,-141,229.380689463203,-3.73846472169012
1.23,15,-138,243.478757924291,-3.77390601041267
1.23,15,-135,257.689926293447,-3.80572169246382
1.23,15,-132,272.027713754513,-3.83403760235583
1.23,15,-129,286.505901706196,-3.85900316290818
1.23,15,-126,301.138566386196,-3.88079129750984
1.23,15,-123,315.940163432419,-3.89959601164364
1.23,15,-120,330.925478217413,-3.91562850890464
1.23,15,-117,346.109262780151,-3.92911261339668
1.23,15,-114,361.505443877506,-3.94028007173299
1.23,15,-111,377.125883588274,-3.94936607690608
1.23,15,-108,392.978775023064,-3.95660516280225
1.23,15,-105,409.066835193862,-3.96222750150613
1.23,15,-102,425.385498671365,-3.9664555984336
1.23,15,-99,441.921315222881,-3.9695013984385
1.23,15,-96,458.650719139235,-3.97156385486873
1.23,15,-93,475.539281311802,-3.97282704360853
1.23,15,-90,492.541492801207,-3.97345890930139
1.23,15,-87,509.601073093012,-3.97361070916466
1.23,15,-84,526.651754226743,-3.97341717865023
1.23,15,-81,543.618464403654,-3.97299739377931
1.23,15,-78,560.418818336029,-3.97245625716909
1.23,15,-75,576.964811988988,-3.97188649503475
1.23,15,-72,593.164613268088,-3.97137102383627
1.23,15,-69,608.924337293341,-3.97098552848606
1.23,15,-66,624.149697896424,-3.97080108872194
1.23,15,-63,638.747440440434,-3.97088669544852
1.23,15,-60,652.626489200587,-3.97131151325535
1.23,15,-57,665.698786767244,-3.9721467672251
1.23,15,-54,677.87985992914,-3.97346715950864
1.23,15,-51,689.089207626164,-3.97535175187292
1.23,15,-48,699.250659044334,-3.97788428271312
1.23,15,-45,708.292879791619,-3.98115291946492
1.23,15,-42,716.150200253917,-3.98524947871286
1.23,15,-39,722.763898402149,-3.9902681748434
1.23,15,-36,728.083994313063,-3.99630398094937
1.23,15,-33,732.071518856745,-4.0034506985502
1.23,15,-30,734.701122744502,-4.01179883050375
1.23,15,-27,735.963812067166,-4.02143333031392
1.23,15,-24,735.86954386984,-4.03243126087611
1.23,15,-21,734.449391995678,-4.04485934349669
1.23,15,-18,731.756992882497,-4.05877132961707
1.23,15,-15,727.868993996438,-4.07420510711514
1.23,15,-12,722.884250047092,-4.09117948788366
1.23,15,-9,716.921551314326,-4.10969073536224
1.23,15,-6,710.115743459614,-4.12970908319333
1.23,15,-3,702.612232518257,-4.15117574165828
1.23,15,0,694.560075576644,-4.17400112225523
1.23,15,3,686.104123764914,-4.19806513764069
1.23,15,6,677.376960620058,-4.22322035419101
1.23,15,9,668.491585950928,-4.2492984245086
1.23,15,12,659.535845908011,-4.27611962558754
1.23,15,15,650.569444702772,-4.30350459846226
1.23,15,18,641.623993737653,-4.33128673534957
1.23,15,21,632.706034559141,-4.35932331519333
1.23,15,24,623.802442856369,-4.38750359674833
1.23,15,27,614.887222246232,-4.41575264256387
1.23,15,30,605.928529406612,-4.44403051589583
1.23,15,33,596.894863415259,-4.47232741880788
1.23,15,36,587.759653061196,-4.50065607540091
1.23,15,39,578.503886840854,-4.52904304246371
1.23,15,42,569.11683922058,-4.55752060430375
1.23,15,45,559.595263047342,-4.58612054364908
1.23,15,48,549.941592504247,-4.61487051179126
1.23,15,51,540.161728958603,-4.64379310578708
1.23,15,54,530.262893597709,-4.6729072355899
1.23,15,57,520.251874892046,-4.70223101938452
1.23,15,60,510.133826697907,-4.73178531391807
1.23,15,63,499.911624287555,-4.76159704881293
1.23,15,66,489.585683291641,-4.79170173396701
1.23,15,69,479.154095413022,-4.8221447760173
1.23,15,72,468.612926973678,-4.85298150645627
1.23,15,75,457.956547818069,-4.88427604108668
1.23,15,78,447.17789429167,-4.91609923227824
1.23,15,81,436.26860945946,-4.94852603842005
1.23,15,84,425.219039165474,-4.98163263223533
1.23,15,87,414.018090600462,-5.01549352397377
1.23,15,90,402.652980391248,-5.05017891233966
1.23,15,93,391.108913610591,-5.08575241787547
1.23,15,96,379.368746526418,-5.12226931603047
1.23,15,99,367.412697548021,-5.15977537667503
1.23,15,102,355.218184684053,-5.19830642991966
1.23,15,105,342.759883214199,-5.23788880301345
1.23,15,108,330.010109741199,-5.27854079359757
1.23,15,111,316.939640219656,-5.3202753458337
1.23,15,114,303.519050027072,-5.36310407129561
1.23,15,117,289.720615493414,-5.40704271359451
1.23,15,120,275.520736607931,-5.45211811942167
1.23,15,123,260.902737889129,-5.49837679057977
1.23,15,126,245.859797681902,-5.54589520679962
1.23,15,129,230.397672658459,-5.59479239618384
1.23,15,132,214.536852724126,-5.64524578230836
1.23,15,135,198.313823283708,-5.69751231050723
1.23,15,138,181.781233778979,-5.75195856068264
1.23,15,141,165.006964124984,-5.80910665766314
1.23,15,144,148.072326275,-5.86970878831219
1.23,15,147,131.069932857888,-5.9348755184686
1.23,15,150,114.102168739239,-6.00631049990783
1.23,15,153,97.2819608124281,-6.08676952207169
1.23,15,156,80.7394626766709,-6.18103186492861
1.23,15,159,64.6441014447313,-6.29815963850839
1.23,15,162,49.2718097002465,-6.45736418711173
1.23,15,165,35.2290733390196,-6.70476226043054
1.23,15,168,24.2691387861868,-7.15343946847198
1.23,15,171,20.9423412388213,-7.89350618218187
1.23,15,174,27.5135025671281,-8.52627349654618
1.23,15,177,38.9085665053738,-8.87380340721162
1.23,15,180,51.8018228370622,-9.08037068553299
1.23,18,-180,51.8018228370622,-2.74482550079358
1.23,18,-177,64.4028897154664,-2.88910792900559
1.23,18,-174,77.0806121597604,-3.00347071980566
1.23,18,-171,89.746257930498,-3.10063847653791
1.23,18,-168,102.38922266177,-3.18678120868435
1.23,18,-165,115.028641831303,-3.26509827251402
1.23,18,-162,127.693321492659,-3.33732189911718
1.23,18,-159,140.413057753267,-3.40441277077597
1.23,18,-156,153.215289255145,-3.46690866454209
1.23,18,-153,166.12434329447,-3.52511054417189
1.23,18,-150,179.161759714247,-3.57918729882857
1.23,18,-147,192.346815917999,-3.62923790511867
1.23,18,-144,205.696838012128,-3.67533047092015
1.23,18,-141,219.227233728805,-3.71752795834493
1.23,18,-138,232.951399824138,-3.755905310192
1.23,18,-135,246.880724645428,-3.79056014964151
1.23,18,-132,261.024847238121,-3.82161816845118
1.23,18,-129,275.392201185685,-3.84923410659962
1.23,18,-126,289.990728397256,-3.87358936343659
1.23,18,-123,304.828548238109,-3.89488742436339
1.23,18,-120,319.91433935052,-3.91334826138104
1.23,18,-117,335.257236823454,-3.92920264560523
1.23,18,-114,350.866146111809,-3.94268697072599
1.23,18,-111,366.748495682493,-3.95403883905644
1.23,18,-108,382.908560163964,-3.96349339745585
1.23,18,-105,399.345559990794,-3.97128027220036
1.23,18,-102,416.051770367667,-3.97762093326585
1.23,18,-99,433.010853869151,-3.98272637965136
1.23,18,-96,450.196579894179,-3.9867951278345
1.23,18,-93,467.572028370674,-3.99001156302875
1.23,18,-90,485.089311503438,-3.99254475367345
1.23,18,-87,502.689797437234,-3.99454782854294
1.23,18,-84,520.304787463737,-3.99615798151322
1.23,18,-81,537.856581133512,-3.99749711596463
1.23,18,-78,555.259854723557,-3.9986730836262
1.23,18,-75,572.42327101975,-3.99978142259674
1.23,18,-72,589.251228216487,-4.00090746317679
1.23,18,-69,605.645643478176,-4.00212865092613
1.23,18,-66,621.507657527334,-4.00351693376103
1.23,18,-63,636.739148483963,-4.00514107121084
1.23,18,-60,651.24396372991,-4.00706874472067
1.23,18,-57,664.928821674883,-4.00936837288167
1.23,18,-54,677.703898306328,-4.01211055991519
1.23,18,-51,689.483186215421,-4.01536912662075
1.23,18,-48,700.184780407142,-4.01922168994113
1.23,18,-45,709.731287684511,-4.02374977247633
1.23,18,-42,718.050560273376,-4.02903844015206
1.23,18,-39,725.076913734682,-4.03517548740323
1.23,18,-36,730.752909626355,-4.04225021413625
1.23,18,-33,735.031680880024,-4.05035186248576
1.23,18,-30,737.879674217928,-4.0595677954019
1.23,18,-27,739.279599381123,-4.0699814940475
1.23,18,-24,739.233321240517,-4.08167042132504
1.23,18,-21,737.764407843667,-4.09470374772472
1.23,18,-18,734.920044992907,-4.1091398780506
1.23,18,-15,730.772033252807,-4.12502367980931
1.23,18,-12,725.416590573477,-4.14238332855336
1.23,18,-9,718.972701732226,-4.1612267802932
1.23,18,-6,711.578808389699,-4.18153806597865
1.23,18,-3,703.387750941972,-4.20327385579273
1.23,18,0,694.560075576643,-4.22636099981506
1.23,18,3,685.256098556379,-4.25069592046871
1.23,18,6,675.627426598395,-4.27614670439298
1.23,18,9,665.808883857822,-4.30255844073314
1.23,18,12,655.911897258009,-4.32976178033256
1.23,18,15,646.020272820513,-4.35758395418655
1.23,18,18,636.188947279465,-4.38586079343286
1.23,18,21,626.445789398777,-4.41444787309378
1.23,18,24,616.795982475912,-4.44322893148001
1.23,18,27,607.228088420466,-4.47212022735111
1.23,18,30,597.720683240064,-4.50107035335997
1.23,18,33,588.248499742124,-4.53005597848285
1.23,18,36,578.787273992127,-4.55907477765822
1.23,18,39,569.31687243496,-4.58813723264115
1.23,18,42,559.822666704814,-4.61725898914392
1.23,18,45,550.295433314133,-4.64645509051254
1.23,18,48,540.730236133659,-4.67573681941887
1.23,18,51,531.124794614504,-4.70511123654651
1.23,18,54,521.477777306145,-4.7345829588052
1.23,18,57,511.787333094598,-4.76415736703397
1.23,18,60,502.050027695691,-4.79384430885518
1.23,18,63,492.260225624105,-4.82366144364599
1.23,18,66,482.409867374944,-4.85363660210872
1.23,18,69,472.488541879328,-4.88380882559649
1.23,18,72,462.48373900643,-4.91422803830299
1.23,18,75,452.38117514251,-4.9449535359101
1.23,18,78,442.165106101941,-4.97605161942003
1.23,18,81,431.818567829719,-5.00759275846667
1.23,18,84,421.323511486128,-5.03964864840226
1.23,18,87,410.660822825047,-5.0722894549828
1.23,18,90,399.810235238114,-5.10558144870102
1.23,18,93,388.750161801799,-5.13958514498691
1.23,18,96,377.457485769542,-5.17435400724606
1.23,18,99,365.907363611471,-5.20993374785663
1.23,18,102,354.073111948676,-5.24636227737187
1.23,18,105,341.926269496874,-5.28367039337486
1.23,18,108,329.436943676408,-5.32188334967081
1.23,18,111,316.574560865915,-5.36102348447666
1.23,18,114,303.30912844949,-5.40111409993473
1.23,18,117,289.613075423422,-5.44218477528747
1.23,18,120,275.463661411487,-5.48427828193088
1.23,18,123,260.845836691518,-5.5274592902281
1.23,18,126,245.755316077322,-5.5718251744323
1.23,18,129,230.201525939307,-5.61751951206588
1.23,18,132,214.210029515699,-5.66474944810192
1.23,18,135,197.82405920539,-5.71380913441349
1.23,18,138,181.104899878656,-5.76511331313966
1.23,18,141,164.131070539597,-5.81924853432677
1.23,18,144,146.996527811441,-5.8770561432643
1.23,18,147,129.808461507961,-5.93977490817671
1.23,18,150,112.685737954656,-6.00930152144303
1.23,18,153,95.7599525035744,-6.08869945346261
1.23,18,156,79.1833108826767,-6.18327335486357
1.23,18,159,63.1543391058714,-6.30305398902045
1.23,18,162,47.9957465236205,-6.46914637245979
1.23,18,165,34.4082599029023,-6.73093962987636
1.23,18,168,24.3195357851595,-7.19827388636592
1.23,18,171,22.0176106691252,-7.91138261132057
1.23,18,174,28.680412011695,-8.49425532432408
1.23,18,177,39.5781699942587,-8.82510027126548
1.23,18,180,51.8018228370622,-9.02801080797316
1.23,21,-180,51.8018228370621,-2.69246562323375
1.23,21,-177,63.6117730212668,-2.83631828329815
1.23,21,-174,75.4319426046368,-2.95165918342575
1.23,21,-171,87.1877760248216,-3.05053771898805
1.23,21,-168,98.8841435967291,-3.13890184196438
1.23,21,-165,110.557823247412,-3.21984857098364
1.23,21,-162,122.256672733897,-3.29503472291923
1.23,21,-159,134.029875097717,-3.36534759575832
1.23,21,-156,145.92351749675,-3.43124959206477
1.23,21,-153,157.978866534278,-3.49296674468118
1.23,21,-150,170.231879604,-3.55059749440057
1.23,21,-147,182.713126905412,-3.60417875515954
1.23,21,-144,195.447761226172,-3.65372802358639
1.23,21,-141,208.4555093958,-3.69927097107606
1.23,21,-138,221.750841704362,-3.74085904727919
1.23,21,-135,235.343495712189,-3.77857925000239
1.23,21,-132,249.239426843481,-3.81255738438886
1.23,21,-129,263.442099542454,-3.84295612462696
1.23,21,-126,277.953891834721,-3.86996943867701
1.23,21,-123,292.777313557791,-3.89381506376153
1.23,21,-120,307.915752666404,-3.91472656858613
1.23,21,-117,323.373553292353,-3.93294613447056
1.23,21,-114,339.155362387535,-3.94871866570525
1.23,21,-111,355.264820634856,-3.96228735297003
1.23,21,-108,371.702784239802,-3.97389047254917
1.23,21,-105,388.465326035461,-3.9837590490215
1.23,21,-102,405.541771608721,-3.99211501791043
1.23,21,-99,422.912987790707,-3.99916963746708
1.23,21,-96,440.550075064368,-4.00512204661075
1.23,21,-93,458.413543014107,-4.01015799397109
1.23,21,-90,476.45298598602,-4.01444884031759
1.23,21,-87,494.607234033653,-4.01815095706483
1.23,21,-84,512.804932647193,-4.02140561781369
1.23,21,-81,530.965497424344,-4.02433942683063
1.23,21,-78,549.000387187332,-4.02706526718966
1.23,21,-75,566.814632453019,-4.02968369715646
1.23,21,-72,584.308541363542,-4.03228468570774
1.23,21,-69,601.379484059391,-4.03494956061073
1.23,21,-66,617.923636659932,-4.03775304410703
1.23,21,-63,633.837558467714,-4.04076526700846
1.23,21,-60,649.01949113531,-4.04405367456191
1.23,21,-57,663.370311902333,-4.04768475887179
1.23,21,-54,676.794142056202,-4.05172556674779
1.23,21,-51,689.198694708855,-4.05624493606973
1.23,21,-48,700.495523798832,-4.06131441047123
1.23,21,-45,710.600387601201,-4.06700877797519
1.23,21,-42,719.433947928137,-4.07340618264943
1.23,21,-39,726.922983994221,-4.08058777595812
1.23,21,-36,733.00221452801,-4.08863690717553
1.23,21,-33,737.616712178258,-4.09763789323637
1.23,21,-30,740.72478565831,-4.10767444429953
1.23,21,-27,742.301119700948,-4.11882783636628
1.23,21,-24,742.339912269164,-4.1311749050928
1.23,21,-21,740.857729683349,-4.14478588505607
1.23,21,-18,737.895799066614,-4.15972205096528
1.23,21,-15,733.52145711949,-4.17603306109937
1.23,21,-12,727.828467294832,-4.19375389622596
1.23,21,-9,720.935914386118,-4.21290136330556
1.23,21,-6,712.985415102953,-4.23347030737975
1.23,21,-3,704.13648229549,-4.25542992885938
1.23,21,0,694.560075576643,-4.27872087737489
1.23,21,3,684.430657875995,-4.30325399134131
1.23,21,6,673.917408394978,-4.32891156433599
1.23,21,9,663.175530898425,-4.35555176111314
1.23,21,12,652.338740773251,-4.3830162665316
1.23,21,15,641.513936855371,-4.41114052520602
1.23,21,18,630.778747753213,-4.43976521437227
1.23,21,21,620.182149019829,-4.46874712663512
1.23,21,24,609.747802747533,-4.49796761180761
1.23,21,27,599.479320875174,-4.52733718936505
1.23,21,30,589.366410399771,-4.55679577666965
1.23,21,33,579.390864387138,-4.58630893744223
1.23,21,36,569.531581386721,-4.61586136314639
1.23,21,39,559.768138068927,-4.64544924937599
1.23,21,42,550.082800691202,-4.67507324195076
1.23,21,45,540.461154620071,-4.70473325854994
1.23,21,48,530.89171045886,-4.73442588914832
1.23,21,51,521.364904109721,-4.76414442274803
1.23,21,54,511.871870767542,-4.79388099740023
1.23,21,57,502.403278765978,-4.82363002650117
1.23,21,60,492.948397599803,-4.85339194912063
1.23,21,63,483.494474194944,-4.88317645764315
1.23,21,66,474.026417311325,-4.9130046051145
1.23,21,69,464.526744279467,-4.94290950604477
1.23,21,72,454.975722178913,-4.97293564376924
1.23,21,75,445.351629922657,-5.00313703112841
1.23,21,78,435.63107242537,-5.03357461119917
1.23,21,81,425.789289037693,-5.06431332733296
1.23,21,84,415.800413134651,-5.09541925200574
1.23,21,87,405.637656197024,-5.12695706919367
1.23,21,90,395.273406317402,-5.15898808750843
1.23,21,93,384.679246946967,-5.19156885234178
1.23,21,96,373.825917331,-5.22475034954448
1.23,21,99,362.683253218962,-5.25857776510027
1.23,21,102,351.220167123159,-5.2930907867034
1.23,21,105,339.404752070348,-5.32832449354079
1.23,21,108,327.20461820669,-5.36431095990196
1.23,21,111,314.587589758369,-5.40108177293479
1.23,21,114,301.522888775424,-5.43867171598925
1.23,21,117,287.98289924392,-5.47712389095377
1.23,21,120,273.945532652463,-5.51649656063352
1.23,21,123,259.397106352578,-5.55687202445738
1.23,21,126,244.335515423045,-5.59836796115489
1.23,21,129,228.773356975583,-5.64115197044795
1.23,21,132,212.740590171475,-5.68546065165593
1.23,21,135,196.286320365933,-5.73162568195612
1.23,21,138,179.47940325386,-5.78011140148628
1.23,21,141,162.407777104122,-5.83157221340687
1.23,21,144,145.176737217059,-5.88694551649814
1.23,21,147,127.906768384805,-5.94761120771113
1.23,21,150,110.732128508959,-6.01568259246212
1.23,21,153,93.8024565527046,-6.09457359811069
1.23,21,156,77.2923434483054,-6.19019205018792
1.23,21,159,61.4317061770315,-6.31367500008605
1.23,21,162,46.596353787128,-6.48820961642744
1.23,21,165,33.5933222763495,-6.7661623277268
1.23,21,168,24.5085377817053,-7.24965407180029
1.23,21,171,23.2155692601014,-7.9286781234155
1.23,21,174,29.9113130724308,-8.4631273880979
1.23,21,177,40.2807622129175,-8.77698433006602
1.23,21,180,51.8018228370621,-8.97565093041333
1.23,24,-180,51.8018228370622,-2.64010574567392
1.23,24,-177,62.7881454607524,-2.78319246955643
1.23,24,-174,73.7176243846995,-2.89936859734987
1.23,24,-171,84.5293487268747,-2.99995996329694
1.23,24,-168,95.2430106072329,-3.09066689806463
1.23,24,-165,105.912700339464,-3.17446933864564
1.23,24,-162,116.605439289712,-3.25293495821993
1.23,24,-159,127.390284674947,-3.3268606721668
1.23,24,-156,138.332670559851,-3.39661253675996
1.23,24,-153,149.491518118863,-3.46231799392295
1.23,24,-150,160.917765684899,-3.52398087682282
1.23,24,-147,172.653584878021,-3.58155370584749
1.23,24,-144,184.731991390796,-3.63498479779989
1.23,24,-141,197.176858145374,-3.68424894342144
1.23,24,-138,210.003465072816,-3.7293658697047
1.23,24,-135,223.219679513455,-3.77040870244003
1.23,24,-132,236.827712272461,-3.80750417731442
1.23,24,-129,250.826221478294,-3.84082660403213
1.23,24,-126,265.212414975185,-3.87058792532874
1.23,24,-123,279.983773752526,-3.89702624565008
1.23,24,-120,295.139086689883,-3.92039482985996
1.23,24,-117,310.678623736423,-3.94095290273784
1.23,24,-114,326.603438890416,-3.95895882430707
1.23,24,-111,342.913944103643,-3.9746655712296
1.23,24,-108,359.60799912594,-3.98831804049492
1.23,24,-105,376.678805333986,-4.00015153500248
1.23,24,-102,394.112875954267,-4.01039084393534
1.23,24,-99,411.888296528761,-4.01924950814732
1.23,24,-96,429.973410684932,-4.02692907322058
1.23,24,-93,448.325989607798,-4.03361831325585
1.23,24,-90,466.892885127598,-4.03949252180714
1.23,24,-87,485.610132658318,-4.0447130074795
1.23,24,-84,504.403458617784,-4.04942691552048
1.23,24,-81,523.189148088043,-4.05376744694173
1.23,24,-78,541.875230670721,-4.05785448666695
1.23,24,-75,560.362936241395,-4.06179559974577
1.23,24,-72,578.548353688716,-4.06568732026369
1.23,24,-69,596.324197963211,-4.06961664454032
1.23,24,-66,613.581563489079,-4.07366264587011
1.23,24,-63,630.21152833927,-4.07789814532948
1.23,24,-60,646.10648574041,-4.08239139253436
1.23,24,-57,661.161123946477,-4.08720772227704
1.23,24,-54,675.273049409734,-4.09241115127278
1.23,24,-51,688.34313814137,-4.09806586286578
1.23,24,-48,700.275784801599,-4.10423750219341
1.23,24,-45,710.979274671394,-4.11099418123971
1.23,24,-42,720.366511729196,-4.11840708562433
1.23,24,-39,728.356290085095,-4.12655059274486
1.23,24,-36,734.875204783938,-4.13550185550288
1.23,24,-33,739.8601834226,-4.14533986779006
1.23,24,-30,743.26150992666,-4.15614408827567
1.23,24,-27,745.04612971246,-4.1679927354383
1.23,24,-24,745.200981696176,-4.18096086209033
1.23,24,-21,743.736090943208,-4.1951182684613
1.23,24,-18,740.687157443675,-4.21052723457505
1.23,24,-15,736.117371212079,-4.22723997821617
1.23,24,-12,730.118162987277,-4.24529571708703
1.23,24,-9,722.808575768327,-4.2647172718312
1.23,24,-6,714.332949000787,-4.28550730924143
1.23,24,-3,704.85668772141,-4.3076445760775
1.23,24,0,694.560075576643,-4.33108075493472
1.23,24,3,683.630382404239,-4.35573878871184
1.23,24,6,672.252866654595,-4.38151355848108
1.23,24,9,660.601590999257,-4.408275573563
1.23,24,12,648.831149852544,-4.43587782465213
1.23,24,15,637.070366705744,-4.46416524699203
1.23,24,18,625.418734663087,-4.4929855284972
1.23,24,21,613.94590218282,-4.5221995139926
1.23,24,24,602.693969706247,-4.55168939604219
1.23,24,27,591.681905448264,-4.58136330876381
1.23,24,30,580.911122953583,-4.61115574720891
1.23,24,33,570.371233297817,-4.64102418100983
1.23,24,36,560.045160193057,-4.67094303676384
1.23,24,39,549.913104023078,-4.70089667299594
1.23,24,42,539.955163624758,-4.73087297979699
1.23,24,45,530.152693572451,-4.76085885730166
1.23,24,48,520.488647208232,-4.79083821642689
1.23,24,51,510.947226347776,-4.82079248952094
1.23,24,54,501.513148732556,-4.85070310044046
1.23,24,57,492.170786677428,-4.88055502301233
1.23,24,60,482.903355946392,-4.91034048040841
1.23,24,63,473.692263851895,-4.94006197054503
1.23,24,66,464.516669531825,-4.9697340716143
1.23,24,69,455.353268290917,-4.99938380350162
1.23,24,72,446.176282887618,-5.02904962110151
1.23,24,75,436.957624786348,-5.05877934230285
1.23,24,78,427.667176371715,-5.08862744045682
1.23,24,81,418.273140776047,-5.11865215626282
1.23,24,84,408.742408969099,-5.14891282387922
1.23,24,87,399.040902713399,-5.1794676897625
1.23,24,90,389.133864690206,-5.21037236500272
1.23,24,93,378.986081624962,-5.24167892677808
1.23,24,96,368.562042123173,-5.27343559961766
1.23,24,99,357.826049510972,-5.30568691916956
1.23,24,102,346.742333435064,-5.33847431322185
1.23,24,105,335.275233203776,-5.37183711598844
1.23,24,108,323.389558007592,-5.40581414013938
1.23,24,111,311.051256130079,-5.44044603950658
1.23,24,114,298.228534163963,-5.47577878005256
1.23,24,117,284.893543615568,-5.51186858700774
1.23,24,120,271.024685587113,-5.54878876343391
1.23,24,123,256.6094742227,-5.58663881872382
1.23,24,126,241.647761035042,-5.62555647348027
1.23,24,129,226.154985342623,-5.66573342187593
1.23,24,132,210.165021359323,-5.70743638404959
1.23,24,135,193.732180492046,-5.75103621400953
1.23,24,138,176.932026728067,-5.7970500997969
1.23,24,141,159.860882896445,-5.84620614606746
1.23,24,144,142.634240869268,-5.89954794023785
1.23,24,147,125.384748086568,-5.95861387082468
1.23,24,150,108.261124024693,-6.02576370490852
1.23,24,153,91.4306472991845,-6.10481364255099
1.23,24,156,75.0910072336625,-6.20236457523148
1.23,24,159,59.5065058061069,-6.33080501802948
1.23,24,162,45.1133904167069,-6.5155328851693
1.23,24,165,32.8353225001893,-6.81110072309415
1.23,24,168,24.8763347932938,-7.30630286835244
1.23,24,171,24.5421435537828,-7.9447139139988
1.23,24,174,31.2056253111582,-8.43268389604784
1.23,24,177,41.0148642295692,-8.72941744972173
1.23,24,180,51.8018228370622,-8.92329105285351
1.23,27,-180,51.8018228370621,-2.58774586811409
1.23,27,-177,61.9345956405029,-2.72972476568164
1.23,27,-174,71.9436933038001,-2.84658396197033
1.23,27,-171,81.7813737885091,-2.94889061612593
1.23,27,-168,91.4815735048391,-3.04207739904385
1.23,27,-165,101.115460507642,-3.12899562308067
1.23,27,-162,110.769463035264,-3.21111126860132
1.23,27,-159,120.533156870255,-3.28911249686597
1.23,27,-156,130.492166796422,-3.36324401760799
1.23,27,-153,140.723866916486,-3.43350491958833
1.23,27,-150,151.294716876926,-3.49977318322093
1.23,27,-147,162.258648923313,-3.56188777939345
1.23,27,-144,173.656312037099,-3.61970375098627
1.23,27,-141,185.515205260836,-3.67312778683158
1.23,27,-138,197.850773306498,-3.72213801653318
1.23,27,-135,210.668422436914,-3.76679047982772
1.23,27,-132,223.966224908931,-3.80721485215951
1.23,27,-129,237.737911937535,-3.84360259379297
1.23,27,-126,251.975677656258,-3.87619103714169
1.23,27,-123,266.672353326792,-3.90524670892767
1.23,27,-120,281.822643644512,-3.93105042657648
1.23,27,-117,297.423302260309,-3.95388565675602
1.23,27,-114,313.472312375785,-3.97403057681202
1.23,27,-111,329.967289184592,-3.99175346795423
1.23,27,-108,346.903408805038,-4.00731060252388
1.23,27,-105,364.271186756826,-4.02094566015865
1.23,27,-102,382.054388428816,-4.03288983344856
1.23,27,-99,400.228276141474,-4.04336204463844
1.23,27,-96,418.758307985257,-4.05256898107214
1.23,27,-93,437.599324956227,-4.06070489163043
1.23,27,-90,456.695208943836,-4.06795123369728
1.23,27,-87,475.978968389304,-4.0744763195778
1.23,27,-84,495.373205192229,-4.08043510400717
1.23,27,-81,514.790924137855,-4.0859692096019
1.23,27,-78,534.136651922534,-4.09120723165687
1.23,27,-75,553.307827099632,-4.09626531674334
1.23,27,-72,572.196401641408,-4.10124798122007
1.23,27,-69,590.690563620015,-4.10624912797644
1.23,27,-66,608.676459646604,-4.11135322803398
1.23,27,-63,626.039779470122,-4.11663664925359
1.23,27,-60,642.66707653846,-4.12216912658485
1.23,27,-57,658.446744064699,-4.12801536722826
1.23,27,-54,673.269642811897,-4.13423676405437
1.23,27,-51,687.029469881682,-4.14089315279254
1.23,27,-48,699.623044365662,-4.14804450199613
1.23,27,-45,710.950740829482,-4.15575238510136
1.23,27,-42,720.91730638695,-4.16408106825804
1.23,27,-39,729.433246010403,-4.17309806842561
1.23,27,-36,736.416864561415,-4.18287409487202
1.23,27,-33,741.796937271187,-4.19348237103587
1.23,27,-30,745.515872696524,-4.20499741826881
1.23,27,-27,747.533157196545,-4.21749343958561
1.23,27,-24,747.828836075954,-4.23104244800052
1.23,27,-21,746.406783682182,-4.24571223468863
1.23,27,-18,743.297519895329,-4.26156418356067
1.23,27,-15,738.560320134534,-4.27865084775813
1.23,27,-12,732.284331008074,-4.2970131578125
1.23,27,-9,724.588359111961,-4.31667717396649
1.23,27,-6,715.61898494849,-4.33765044755755
1.23,27,-3,705.546716595338,-4.35991830284921
1.23,27,0,694.560075576643,-4.38344063249455
1.23,27,3,682.857801823163,-4.4081500213616
1.23,27,6,670.639728053197,-4.43395206484115
1.23,27,9,658.097214817433,-4.4607285423217
1.23,27,12,645.404246567496,-4.48834362496861
1.23,27,15,632.710279699241,-4.51665262018166
1.23,27,18,620.135679778582,-4.54551206306462
1.23,27,21,607.770140000193,-4.57478948778524
1.23,27,24,595.673953661034,-4.60437114145285
1.23,27,27,583.8815591855,-4.63416630753349
1.23,27,30,572.406496604108,-4.66410768554258
1.23,27,33,561.246853526295,-4.6941481942508
1.23,27,36,550.390409862061,-4.72425534841542
1.23,27,39,539.818939036014,-4.75440478713059
1.23,27,42,529.51140175169,-4.78457452047791
1.23,27,45,519.446006927,-4.81474106850575
1.23,27,48,509.601276770331,-4.84487805184221
1.23,27,51,499.956335041638,-4.87495714881695
1.23,27,54,490.490656717478,-4.90495082229648
1.23,27,57,481.183498479846,-4.93483593463756
1.23,27,60,472.013194149123,-4.96459732870949
1.23,27,63,462.956460157352,-4.99423061321532
1.23,27,66,453.987817917073,-5.0237436740793
1.23,27,69,445.079202550656,-5.05315675627409
1.23,27,72,436.199790723472,-5.08250125092178
1.23,27,75,427.316046110896,-5.11181753276972
1.23,27,78,418.391952917372,-5.14115230067274
1.23,27,81,409.389389317559,-5.17055587891654
1.23,27,84,400.268585136024,-5.20007985846429
1.23,27,87,390.988610265787,-5.22977532485142
1.23,27,90,381.50784920758,-5.25969176948509
1.23,27,93,371.784429724757,-5.28987664886484
1.23,27,96,361.776588767649,-5.32037547058121
1.23,27,99,351.442977679792,-5.35123226345193
1.23,27,102,340.742933712181,-5.38249033511024
1.23,27,105,329.636777436851,-5.41419332225546
1.23,27,108,318.086233348094,-5.44638667292574
1.23,27,111,306.055105652846,-5.47911983670838
1.23,27,114,293.510359396655,-5.51244955068874
1.23,27,117,280.423742643579,-5.5464446823658
1.23,27,120,266.774025654468,-5.5811931351616
1.23,27,123,252.549825194368,-5.61681137746655
1.23,27,126,237.752839218537,-5.65345729719787
1.23,27,129,222.401169403305,-5.69134742558306
1.23,27,132,206.53229918159,-5.73078028878642
1.23,27,135,190.205268479455,-5.77216901584782
1.23,27,138,173.501678438823,-5.81608887790284
1.23,27,141,156.525386468048,-5.86335022444176
1.23,27,144,139.401116130747,-5.91511664883759
1.23,27,147,122.272726705179,-5.97310751010084
1.23,27,150,105.302686083724,-6.03996608463022
1.23,27,153,88.6758222559358,-6.11997249332221
1.23,27,156,72.6141540571808,-6.22052117347655
1.23,27,159,57.4202051274834,-6.35539061126834
1.23,27,162,43.5987117336322,-6.55218473872203
1.23,27,165,32.1950935333555,-6.86611418336637
1.23,27,168,25.4602527395689,-7.36646167803419
1.23,27,171,26.0008646595431,-7.95893204686119
1.23,27,174,32.5623911167302,-8.40274040626345
1.23,27,177,41.7789098129752,-8.68236057375062
1.23,27,180,51.8018228370621,-8.87093117529368
1.23,30,-180,51.8018228370621,-2.53538599055426
1.23,30,-177,61.0537946151881,-2.67590936624717
1.23,30,-174,70.1163568459314,-2.79328848585778
1.23,30,-171,78.9545395674624,-2.897312202365
1.23,30,-168,87.616053509594,-2.99313301501403
1.23,30,-165,96.1890457114177,-3.08346694529785
1.23,30,-162,104.779780779178,-3.16966801254332
1.23,30,-159,113.499225191495,-3.25229595909408
1.23,30,-156,122.454259800984,-3.33144391231467
1.23,30,-153,131.741654661857,-3.40694439767899
1.23,30,-150,141.443933689704,-3.47850827974803
1.23,30,-147,151.626776449522,-3.54582221491001
1.23,30,-144,162.337899641013,-3.60861634257594
1.23,30,-141,173.60745873621,-3.66670747247785
1.23,30,-138,185.449922003991,-3.72002073550421
1.23,30,-135,197.867161909433,-3.76859277684826
1.23,30,-132,210.852290172103,-3.81256066847333
1.23,30,-129,224.393629832421,-3.8521416685705
1.23,30,-126,238.478218493531,-3.88760910239458
1.23,30,-123,253.094363721537,-3.91926886989956
1.23,30,-120,268.232979183424,-3.94743968656832
1.23,30,-117,283.887660711077,-3.97243857372206
1.23,30,-114,300.053663803679,-3.99457172142818
1.23,30,-111,316.726083454648,-4.01412988362255
1.23,30,-108,333.89759893457,-4.03138699438977
1.23,30,-105,351.556134442676,-4.0466006490035
1.23,30,-102,369.68271994685,-4.06001333361631
1.23,30,-99,388.24974139843,-4.07185365777812
1.23,30,-96,407.219672487813,-4.08233721459134
1.23,30,-93,426.544301862454,-4.09166698261393
1.23,30,-90,446.164421144447,-4.10003336055139
1.23,30,-87,466.009920547133,-4.10761399848066
1.23,30,-84,486.00024228135,-4.11457358767236
1.23,30,-81,506.045154432047,-4.12106373025013
1.23,30,-78,526.045816496778,-4.12722295963948
1.23,30,-75,545.896103056396,-4.13317694237499
1.23,30,-72,565.484131483074,-4.13903887008615
1.23,30,-69,584.693908166366,-4.14491004740738
1.23,30,-66,603.406976840946,-4.15088069097735
1.23,30,-63,621.503936768302,-4.15703096663396
1.23,30,-60,638.865710736961,-4.16343229512632
1.23,30,-57,655.374489483693,-4.17014894158996
1.23,30,-54,670.914356211385,-4.17723986609955
1.23,30,-51,685.371687128274,-4.18476075511045
1.23,30,-48,698.635507839037,-4.19276608872569
1.23,30,-45,710.598035875391,-4.20131104555613
1.23,30,-42,721.155638474482,-4.21045302597201
1.23,30,-39,730.21037788888,-4.22025260000854
1.23,30,-36,737.672217016947,-4.23077375893995
1.23,30,-33,743.461842376317,-4.24208345378401
1.23,30,-30,747.513959895987,-4.2542505102153
1.23,30,-27,749.780854410434,-4.26734408334375
1.23,30,-24,750.235981664501,-4.28143183117155
1.23,30,-21,748.87736806503,-4.29657793517845
1.23,30,-18,745.730601456389,-4.31284099847089
1.23,30,-15,740.851180082278,-4.3302717469209
1.23,30,-12,734.325937698062,-4.34891039875319
1.23,30,-9,726.273198542204,-4.36878359935883
1.23,30,-6,716.841280021811,-4.38990096270203
1.23,30,-3,706.205007554795,-4.41225150197817
1.23,30,0,694.560075576643,-4.43580051005438
1.23,30,3,682.115384078188,-4.46048766919866
1.23,30,6,669.083852963004,-4.48622722217408
1.23,30,9,655.672573875634,-4.51291084007095
1.23,30,12,642.073390229457,-4.54041335965205
1.23,30,15,628.455013184513,-4.56860091418593
1.23,30,18,614.957557081275,-4.59734032064277
1.23,30,21,601.689962159593,-4.62650813370246
1.23,30,24,588.730277101449,-4.65599771812552
1.23,30,27,576.12833117277,-4.68572308982329
1.23,30,30,563.910039076149,-4.71561903483754
1.23,30,33,552.082493136252,-4.74563790443114
1.23,30,36,540.639084063724,-4.77574423013111
1.23,30,39,529.564087466736,-4.80590869277668
1.23,30,42,518.836382892517,-4.83610293542286
1.23,30,45,508.432177037046,-4.86629629672852
1.23,30,48,498.326753536721,-4.89645492498318
1.23,30,51,488.495365623893,-4.92654310816086
1.23,30,54,478.913437531235,-4.95652618090035
1.23,30,57,469.556261815919,-4.98637412941081
1.23,30,60,460.398383869944,-5.01606501539014
1.23,30,63,451.412855917468,-5.04558752674945
1.23,30,66,442.570520552352,-5.07494225445617
1.23,30,69,433.839448257708,-5.10414160843566
1.23,30,72,425.18460768681,-5.13320855541197
1.23,30,75,416.567798817951,-5.16217454640281
1.23,30,78,407.947835918209,-5.19107708442455
1.23,30,81,399.280936270397,-5.21995736786357
1.23,30,84,390.52125448232,-5.24885835198204
1.23,30,87,381.621499277994,-5.27782343079626
1.23,30,90,372.533575782113,-5.30689578968091
1.23,30,93,363.209207337884,-5.33611835020615
1.23,30,96,353.600504974385,-5.36553415109929
1.23,30,99,343.660470819492,-5.39518699979617
1.23,30,102,333.343446862693,-5.4251222904703
1.23,30,105,322.605554507732,-5.45538800448027
1.23,30,108,311.405211471757,-5.48603606327092
1.23,30,111,299.703852947909,-5.51712436085452
1.23,30,114,287.467009692862,-5.54871993454726
1.23,30,117,274.665889805424,-5.58090382349237
1.23,30,120,261.279558886413,-5.61377822376072
1.23,30,123,247.297710128191,-5.64747661863057
1.23,30,126,232.723872736872,-5.6821777245684
1.23,30,129,217.578753419728,-5.71812447617793
1.23,30,132,201.903285732391,-5.7556500736391
1.23,30,135,185.760925033427,-5.79521465713121
1.23,30,138,169.238813730959,-5.83745905006749
1.23,30,141,152.447676176163,-5.88328743554816
1.23,30,144,135.52069610846,-5.93400141475606
1.23,30,147,118.61221531477,-5.991529582291
1.23,30,150,101.898024449532,-6.0588436291107
1.23,30,153,85.5808330096104,-6.14075871812278
1.23,30,156,69.9088761420851,-6.24556813610747
1.23,30,159,55.2276091196131,-6.38854281173271
1.23,30,162,42.1180612873016,-6.5992356750675
1.23,30,165,31.7418014372109,-6.93101616447492
1.23,30,168,26.2915574504332,-7.42802916861886
1.23,30,171,27.5929601499578,-7.97090496927123
1.23,30,174,33.980252144185,-8.3731335272075
1.23,30,177,42.5712433116706,-8.63577419233513
1.23,30,180,51.8018228370621,-8.81857129773385
1.23,33,-180,51.801822837062,-2.48302611299443
1.23,33,-177,60.1484849745949,-2.62174040844362
1.23,33,-174,68.241960604807,-2.73946342585
1.23,33,-171,76.0597527470909,-2.84520398887372
1.23,33,-168,83.6630153878446,-2.94383200735242
1.23,33,-165,91.156957892554,-3.03792878907581
1.23,33,-162,98.6683672111583,-3.12873008207243
1.23,33,-159,106.330796434397,-3.21664645931744
1.23,33,-156,114.273774979246,-3.3015822026737
1.23,33,-153,122.614639238959,-3.38315299379286
1.23,33,-150,131.452548163667,-3.46084675981796
1.23,33,-147,140.86469174046,-3.53414528320746
1.23,33,-144,150.904832054777,-3.60261187484196
1.23,33,-141,161.604198893586,-3.66594626447077
1.23,33,-138,172.974476968683,-3.72400849490937
1.23,33,-135,185.012302023385,-3.77681636092333
1.23,33,-132,197.704461698502,-3.82452360960411
1.23,33,-129,211.032950557977,-3.86738735116662
1.23,33,-126,224.979156812123,-3.90573258118901
1.23,33,-123,239.526704899947,-3.93991983515665
1.23,33,-120,254.662767756989,-3.97031954928602
1.23,33,-117,270.377929032413,-3.99729438004989
1.23,33,-114,286.664874605138,-4.02118897105744
1.23,33,-111,303.516304218215,-4.04232560793701
1.23,33,-108,320.922478253142,-4.06100382177649
1.23,33,-105,338.868767624548,-4.07750212279129
1.23,33,-102,357.333482219896,-4.09208045903619
1.23,33,-99,376.286143985648,-4.10498250592515
1.23,33,-96,395.686270048443,-4.11643735779556
1.23,33,-93,415.482656441763,-4.12666053431101
1.23,33,-90,435.613111126327,-4.13585441296637
1.23,33,-87,456.00457335325,-4.14420827621082
1.23,33,-84,476.573565179339,-4.15189815870334
1.23,33,-81,497.22693687709,-4.15908663883432
1.23,33,-78,517.862878515942,-4.16592267093849
1.23,33,-75,538.372166725315,-4.17254151934382
1.23,33,-72,558.639596700546,-4.1790648392753
1.23,33,-69,578.545520204777,-4.18560095051782
1.23,33,-66,597.967381934682,-4.19224535978943
1.23,33,-63,616.781133235183,-4.19908159607793
1.23,33,-60,634.862416084993,-4.2061824182751
1.23,33,-57,652.087457205824,-4.21361142716842
1.23,33,-54,668.33368747804,-4.22142506076088
1.23,33,-51,683.480189978936,-4.22967487813666
1.23,33,-48,697.408157512046,-4.23840995744789
1.23,33,-45,710.001583159291,-4.2476791700741
1.23,33,-42,721.148398501089,-4.25753306867071
1.23,33,-39,730.742211758642,-4.26802515721072
1.23,33,-36,738.684697240179,-4.27921239638464
1.23,33,-33,744.888575803242,-4.2911549192075
1.23,33,-30,749.28103388215,-4.30391505551472
1.23,33,-27,751.807376745622,-4.31755585150156
1.23,33,-24,752.434702187232,-4.33213929205271
1.23,33,-21,751.155395871329,-4.34772438152186
1.23,33,-18,747.990259025662,-4.36436513278565
1.23,33,-15,742.991056094679,-4.38210839894917
1.23,33,-12,736.242206637825,-4.40099141251211
1.23,33,-9,727.861263512083,-4.42103892119393
1.23,33,-6,717.997765941781,-4.442259949415
1.23,33,-3,706.830089257895,-4.46464445079566
1.23,33,0,694.560075576643,-4.48816038761421
1.23,33,3,681.405524593821,-4.51275198242057
1.23,33,6,667.591001924143,-4.53833993074879
1.23,33,9,653.337790139174,-4.56482416519862
1.23,33,12,638.854054359971,-4.59208930926804
1.23,33,15,624.326333134997,-4.62001233596561
1.23,33,18,609.913269334482,-4.64847132127787
1.23,33,21,595.74211212362,-4.67735376753008
1.23,33,24,581.908055169142,-4.70656294021753
1.23,33,27,568.476051308803,-4.73602106974356
1.23,33,30,555.484455413529,-4.76566901615915
1.23,33,33,542.949733690648,-4.79546285292444
1.23,33,36,530.87151964897,-4.82536852756398
1.23,33,39,519.237438510879,-4.85535609924574
1.23,33,42,508.027300677598,-4.88539496690412
1.23,33,45,497.216434760233,-4.91545106240256
1.23,33,48,486.778069888798,-4.94548636505347
1.23,33,51,476.684783522621,-4.97546049326147
1.23,33,54,466.90911189783,-5.00533369834719
1.23,33,57,457.423481742498,-5.03507039625152
1.23,33,60,448.199664364813,-5.06464241561647
1.23,33,63,439.207972312271,-5.09403135127035
1.23,33,66,430.416410132914,-5.12322970450483
1.23,33,69,421.789954830062,-5.15224078610485
1.23,33,72,413.290085774952,-5.18107759699572
1.23,33,75,404.874620640954,-5.20976105250664
1.23,33,78,396.497856662002,-5.23831797053347
1.23,33,81,388.110974828902,-5.26677921007498
1.23,33,84,379.662641973604,-5.29517824616449
1.23,33,87,371.099739666743,-5.32355032960195
1.23,33,90,362.368153841723,-5.35193223807742
1.23,33,93,353.413569586114,-5.38036251093619
1.23,33,96,344.182228902723,-5.40888199849129
1.23,33,99,334.621626295009,-5.43753456349451
1.23,33,102,324.681140933554,-5.4663678487921
1.23,33,105,314.312637592716,-5.49543415889142
1.23,33,108,303.471110472379,-5.52479166989494
1.23,33,111,292.115487289682,-5.55450635148936
1.23,33,114,280.209742059048,-5.58465512831752
1.23,33,117,267.724466345872,-5.61533091141707
1.23,33,120,254.63900471417,-5.64665020371398
1.23,33,123,240.944163827638,-5.67876407218225
1.23,33,126,226.645365290336,-5.71187347221617
1.23,33,129,211.765958084682,-5.74625035031678
1.23,33,132,196.350282071428,-5.78226686223854
1.23,33,135,180.466031297529,-5.82043679446314
1.23,33,138,164.205550957177,-5.86147654580293
1.23,33,141,147.685945895987,-5.90639917792862
1.23,33,144,131.048303319445,-5.95666699598906
1.23,33,147,114.456989511702,-6.01445237832223
1.23,33,150,98.1010633030551,-6.0831081101992
1.23,33,153,82.2019853235788,-6.16806211003148
1.23,33,156,67.0368436296027,-6.27860271389701
1.23,33,159,52.999359991456,-6.43150524493887
1.23,33,162,40.7522818610011,-6.65758988372419
1.23,33,165,31.5493537460815,-7.0048255677161
1.23,33,168,27.3928126494397,-7.48879195012855
1.23,33,171,29.3175418370845,-7.98033286637591
1.23,33,174,35.4574357690532,-8.34372013085434
1.23,33,177,43.3901181667928,-8.58961876027398
1.23,33,180,51.801822837062,-8.76621142017401
1.23,36,-180,51.801822837062,-2.4306662354346
1.23,36,-177,59.2214697763874,-2.56721200518914
1.23,36,-174,66.3269542571361,-2.68508791062601
1.23,36,-171,73.1080642281052,-2.79254153221569
1.23,36,-168,79.6392349707009,-2.89417116470263
1.23,36,-165,86.043057589653,-2.99243457862658
1.23,36,-162,92.4678756521433,-3.08844945501696
1.23,36,-159,99.0714806063497,-3.18245576287482
1.23,36,-156,106.007915899334,-3.27412186849836
1.23,36,-153,113.416588100963,-3.36277847685173
1.23,36,-150,121.413900135466,-3.44761299869164
1.23,36,-147,130.087980478325,-3.52782966220997
1.23,36,-144,139.496944427558,-3.60276913228574
1.23,36,-141,149.670642097938,-3.67198120117279
1.23,36,-138,160.615257464522,-3.73525057439744
1.23,36,-135,172.319669852196,-3.79258361971664
1.23,36,-132,184.762322471967,-3.84416913617863
1.23,36,-129,197.917469404174,-3.89032724047345
1.23,36,-126,211.759997927208,-3.93145811304186
1.23,36,-123,226.268422009462,-3.96799833211358
1.23,36,-120,241.426013069923,-4.00038843067346
1.23,36,-117,257.220315842792,-4.02905207440188
1.23,36,-114,273.64146792746,-4.05438519568584
1.23,36,-111,290.679804665835,-4.07675245527483
1.23,36,-108,308.323205368059,-4.09648828116334
1.23,36,-105,326.554550281821,-4.11390014552867
1.23,36,-102,345.349540727888,-4.12927239950325
1.23,36,-99,364.675015854919,-4.14286966895624
1.23,36,-96,384.487800120942,-4.15493937961559
1.23,36,-93,404.734048155925,-4.16571336447781
1.23,36,-90,425.349020624977,-4.17540871248997
1.23,36,-87,446.257220442496,-4.18422808588491
1.23,36,-84,467.372832200702,-4.19235971862895
1.23,36,-81,488.600426064395,-4.19997725905442
1.23,36,-78,509.835899184131,-4.20723956980884
1.23,36,-75,530.967625703795,-4.21429056527591
1.23,36,-72,551.877769621967,-4.22125915487094
1.23,36,-69,572.443688625103,-4.22825936549565
1.23,36,-66,592.539332393963,-4.23539072828689
1.23,36,-63,612.036528988336,-4.24273902162727
1.23,36,-60,630.806068972389,-4.25037745232863
1.23,36,-57,648.718543620643,-4.25836832102183
1.23,36,-54,665.644965579793,-4.26676515347009
1.23,36,-51,681.457282075565,-4.27561519345116
1.23,36,-48,696.028959451602,-4.28496206194794
1.23,36,-45,709.235850725855,-4.29484831607773
1.23,36,-42,720.957540480795,-4.30531761458969
1.23,36,-39,731.079294206753,-4.31641623132197
1.23,36,-36,739.494639091727,-4.32819375312243
1.23,36,-33,746.108498473476,-4.34070293330096
1.23,36,-30,750.84072186697,-4.35399880833312
1.23,36,-27,753.629814549691,-4.36813728218416
1.23,36,-24,754.4366734278,-4.38317340768768
1.23,36,-21,753.248157750567,-4.39915954011779
1.23,36,-18,750.080331961257,-4.41614342637114
1.23,36,-15,744.981186579738,-4.43416617116304
1.23,36,-12,738.032565973318,-4.45325994730976
1.23,36,-9,729.350934032429,-4.4734453391924
1.23,36,-6,719.086541376456,-4.49472834659574
1.23,36,-3,707.420580906891,-4.5170973082208
1.23,36,0,694.560075576643,-4.54052026517404
1.23,36,3,680.730535522099,-4.5649434790388
1.23,36,6,666.166801257136,-4.59029184647738
1.23,36,9,651.102861879673,-4.61647174304896
1.23,36,12,635.761693702004,-4.64337638002428
1.23,36,15,620.346221376371,-4.67089315547631
1.23,36,18,605.032334753502,-4.69891189244489
1.23,36,21,589.964545055561,-4.72733248509836
1.23,36,24,575.254431516605,-4.75607047976153
1.23,36,27,560.981627142404,-4.78505954605015
1.23,36,30,547.196805490138,-4.81425053753014
1.23,36,33,533.925993728588,-4.84360767386852
1.23,36,36,521.175534831102,-4.87310303546148
1.23,36,39,508.937108511776,-4.90271085285157
1.23,36,42,497.192348294809,-4.93240294015439
1.23,36,45,485.916727481728,-4.96214615270157
1.23,36,48,475.082515324265,-4.99190212724176
1.23,36,51,464.660724678812,-5.02162898711406
1.23,36,54,454.622084698743,-5.05128430990577
1.23,36,57,444.937172803274,-5.08082851831423
1.23,36,60,435.575919055742,-5.11022794059901
1.23,36,63,426.506740841744,-5.13945701825359
1.23,36,66,417.695568436797,-5.16849942497267
1.23,36,69,409.104984220474,-5.19734812710016
1.23,36,72,400.693631588152,-5.22600461372127
1.23,36,75,392.415971969006,-5.25447763436214
1.23,36,78,384.222397736777,-5.28278180497907
1.23,36,81,376.059657566432,-5.31093639320425
1.23,36,84,367.871523057291,-5.33896449410134
1.23,36,87,359.599617949577,-5.36689268444842
1.23,36,90,351.184336789752,-5.39475112450447
1.23,36,93,342.565791396871,-5.4225739873119
1.23,36,96,333.684737120508,-5.45040005767651
1.23,36,99,324.483447029622,-5.47827336822936
1.23,36,102,314.906524130032,-5.50624382917993
1.23,36,105,304.901672819718,-5.53436794990254
1.23,36,108,294.420491031865,-5.56270992201692
1.23,36,111,283.419387840735,-5.59134350694631
1.23,36,114,271.86076498912,-5.62035532021712
1.23,36,117,259.714607649929,-5.64985021733892
1.23,36,120,246.960593371161,-5.67995957456146
1.23,36,123,233.590740350411,-5.71085337158928
1.23,36,126,219.612484132319,-5.74275721952909
1.23,36,129,205.051922195695,-5.77597599478185
1.23,36,132,189.956843010573,-5.81092678935238
1.23,36,135,174.399113451503,-5.84818588944467
1.23,36,138,158.476086245481,-5.88855821533947
1.23,36,141,142.310945818237,-5.93318462274209
1.23,36,144,126.052370340089,-5.98371587942315
1.23,36,147,109.874623457244,-6.04260891722844
1.23,36,150,93.9804379754193,-6.11365625170877
1.23,36,153,78.6115254670129,-6.20297488472774
1.23,36,156,64.0771643980008,-6.32090675685753
1.23,36,159,50.8244616361059,-6.48556128673809
1.23,36,162,39.5969813982961,-6.72771223070415
1.23,36,165,31.6903200388128,-7.08559923423041
1.23,36,168,28.7764258973037,-7.54668783825812
1.23,36,171,31.1718494097259,-7.98703180856444
1.23,36,174,36.9917503685664,-8.31437619920783
1.23,36,177,44.2336961501133,-8.54385506219227
1.23,36,180,51.801822837062,-8.71385154261418
1.23,39,-180,51.8018228370621,-2.37830635787477
1.23,39,-177,58.2756014021836,-2.51231828633376
1.23,39,-174,64.377857460825,-2.63013874611386
1.23,39,-171,70.1105941077762,-2.73929613087675
1.23,39,-168,75.5615636324995,-2.84414572834803
1.23,39,-165,80.8713587640003,-2.94704833290334
1.23,39,-162,86.2113845266533,-3.04901419059061
1.23,39,-159,91.7659618671678,-3.15009123035943
1.23,39,-156,97.7161874481467,-3.24965050947922
1.23,39,-153,104.225502936391,-3.34664223112811
1.23,39,-150,111.42816539152,-3.43984230318199
1.23,39,-147,119.422101536503,-3.52807511366339
1.23,39,-144,128.267042919532,-3.61038488450927
1.23,39,-141,137.987728125044,-3.68613488905956
1.23,39,-138,148.580882202641,-3.75503229709013
1.23,39,-135,160.024092538564,-3.81709417310777
1.23,39,-132,172.284714589871,-3.87257905937506
1.23,39,-129,185.327391433429,-3.92190778231154
1.23,39,-126,199.119390296153,-3.96559051911091
1.23,39,-123,213.63353605604,-4.0041692305775
1.23,39,-120,228.848950570042,-4.03817807044724
1.23,39,-117,244.750064492519,-4.0681202121331
1.23,39,-114,261.324474844446,-4.09445748068597
1.23,39,-111,278.560212366018,-4.11760865014463
1.23,39,-108,296.442895928508,-4.13795267130289
1.23,39,-105,314.953123392633,-4.15583395847976
1.23,39,-102,334.06431102874,-4.1715678444171
1.23,39,-99,353.741071472517,-4.18544518821469
1.23,39,-96,373.938128557922,-4.19773577662417
1.23,39,-93,394.599712101965,-4.20869056611023
1.23,39,-90,415.659354372681,-4.21854300530099
1.23,39,-87,437.040014138438,-4.22750971931421
1.23,39,-84,458.654472267335,-4.23579079767764
1.23,39,-81,480.40596280901,-4.24356986145844
1.23,39,-78,502.189015479803,-4.25101402765961
1.23,39,-75,523.890483853125,-4.25827385549199
1.23,39,-72,545.3907182807,-4.26548335109498
1.23,39,-69,566.564819397597,-4.27276011725857
1.23,39,-66,587.283887330481,-4.28020575081834
1.23,39,-63,607.416175544195,-4.28790659916972
1.23,39,-60,626.828076503135,-4.29593497606814
1.23,39,-57,645.384912395221,-4.30435089645616
1.23,39,-54,662.951572019922,-4.31320431843137
1.23,39,-51,679.393108934338,-4.32253778562465
1.23,39,-48,694.57547445253,-4.33238926400524
1.23,39,-45,708.366581379685,-4.34279488995784
1.23,39,-42,720.637868645102,-4.35379131812731
1.23,39,-39,731.266466303815,-4.36541739503161
1.23,39,-36,740.137963211568,-4.3777149863883
1.23,39,-33,747.149684194469,-4.39072892933948
1.23,39,-30,752.214316748044,-4.40450622530475
1.23,39,-27,755.263703473478,-4.41909469069792
1.23,39,-24,756.252629844121,-4.43454130864418
1.23,39,-21,755.162462843809,-4.45089046803853
1.23,39,-18,752.004501271606,-4.46818216078053
1.23,39,-15,746.822857412405,-4.48645008333489
1.23,39,-12,739.696599883702,-4.50571951429417
1.23,39,-9,730.740777154411,-4.52600486344246
1.23,39,-6,720.105864276132,-4.54730692693803
1.23,39,-3,707.975192571132,-4.56961011178259
1.23,39,0,694.560075576643,-4.59288014273387
1.23,39,3,680.092635105773,-4.6170629407801
1.23,39,6,664.816708181566,-4.6420853682973
1.23,39,9,648.977586796167,-4.66785831020747
1.23,39,12,632.811603271577,-4.69428210833278
1.23,39,15,616.53664488957,-4.72125377906465
1.23,39,18,600.344538919966,-4.74867488904243
1.23,39,21,584.395935130677,-4.77645863453522
1.23,39,24,568.817916930235,-4.80453471698036
1.23,39,27,553.704195340918,-4.83285106279994
1.23,39,30,539.117457285401,-4.86137218625804
1.23,39,33,525.093281099143,-4.89007481058215
1.23,39,36,511.644985999524,-4.91894198649772
1.23,39,39,498.768814873383,-4.94795719258108
1.23,39,42,486.44892766704,-4.97709972329637
1.23,39,45,474.66178507378,-5.00634216986456
1.23,39,48,463.379621437611,-5.03565017000251
1.23,39,51,452.572839597477,-5.06498404753735
1.23,39,54,442.2113030739,-5.09430162104448
1.23,39,57,432.264638731404,-5.12356137479826
1.23,39,60,422.701775729821,-5.15272531245977
1.23,39,63,413.49001468476,-5.18176106324001
1.23,39,66,404.593933596709,-5.21064308576309
1.23,39,69,395.974396958181,-5.23935304502623
1.23,39,72,387.58785715227,-5.26787958645436
1.23,39,75,379.386045726208,-5.29621779257736
1.23,39,78,371.316068630361,-5.32436859612417
1.23,39,81,363.320859094223,-5.3523383603411
1.23,39,84,355.339909402687,-5.38013874630503
1.23,39,87,347.310194534854,-5.40778688954201
1.23,39,90,339.167207746793,-5.4353058240372
1.23,39,93,330.846041985624,-5.46272503826989
1.23,39,96,322.282466260434,-5.49008103944035
1.23,39,99,313.413962242889,-5.51741784715153
1.23,39,102,304.180706507675,-5.54478743681005
1.23,39,105,294.526511766347,-5.57225029641902
1.23,39,108,284.399777226681,-5.59987642955294
1.23,39,111,273.754539161132,-5.62774730806001
1.23,39,114,262.551746502223,-5.65595942840097
1.23,39,117,250.7608964739,-5.6846302461364
1.23,39,120,238.362135576263,-5.71390736982095
1.23,39,123,225.34885256532,-5.74398204266416
1.23,39,126,211.730668026011,-5.77510823356763
1.23,39,129,197.536584710594,-5.80762927375838
1.23,39,132,182.817947336947,-5.84201519203516
1.23,39,135,167.650824103595,-5.87891619215806
1.23,39,138,152.137518276408,-5.91924193753577
1.23,39,141,136.407192211408,-5.96428413220907
1.23,39,144,120.616084923481,-6.01591470739127
1.23,39,147,104.948624750849,-6.07692070815383
1.23,39,150,89.6221574820097,-6.15159349987461
1.23,39,153,74.9007769142205,-6.24679654807864
1.23,39,156,61.1295971636015,-6.3738938576577
1.23,39,159,48.8120774542944,-6.55184017362578
1.23,39,162,38.7592536658939,-6.8092590479189
1.23,39,165,32.2279824725339,-7.17046962401984
1.23,39,168,30.4446487136188,-7.60002584299207
1.23,39,171,33.1515145082968,-7.99091630709534
1.23,39,174,38.5805881894845,-8.28499541619051
1.23,39,177,45.1000473964922,-8.49844452525542
1.23,39,180,51.8018228370621,-8.66149166505435
1.23,42,-180,51.8018228370621,-2.32594648031494
1.23,42,-177,57.3137704139415,-2.45705344897915
1.23,42,-174,62.4012260740188,-2.57459020111487
1.23,42,-171,67.0784567149132,-2.68543415660446
1.23,42,-168,71.4467913587321,-2.79374930139007
1.23,42,-165,75.6658231224424,-2.90184827110359
1.23,42,-162,79.932159684585,-3.0106609679585
1.23,42,-159,84.4598405915288,-3.12002290394054
1.23,42,-156,89.4605042997226,-3.22892441573561
1.23,42,-153,95.1241898008919,-3.33579602506715
1.23,42,-150,101.603466176935,-3.43883861300456
1.23,42,-147,109.00388136358,-3.53635110950734
1.23,42,-144,117.382356467629,-3.62698668720331
1.23,42,-141,126.752906424707,-3.70988955538162
1.23,42,-138,137.097209396716,-3.78470884925188
1.23,42,-135,148.376887547916,-3.85152322892591
1.23,42,-132,160.544839129224,-3.91072292734688
1.23,42,-129,173.55399294924,-3.96288842943087
1.23,42,-126,187.362883243117,-4.0086889961711
1.23,42,-123,201.938187240906,-4.04880963757904
1.23,42,-120,217.25478933307,-4.08390568860923
1.23,42,-117,233.294102156661,-4.11457960446528
1.23,42,-114,250.041371085779,-4.14137334662917
1.23,42,-111,267.482583947961,-4.16477026630857
1.23,42,-108,285.60145372876,-4.18520169695691
1.23,42,-105,304.376776569862,-4.20305495484331
1.23,42,-102,323.780317788635,-4.21868079622932
1.23,42,-99,343.775261981462,-4.23239943388862
1.23,42,-96,364.315186638711,-4.24450492564785
1.23,42,-93,385.343480730654,-4.25526814062276
1.23,42,-90,406.793122994482,-4.26493865815105
1.23,42,-87,428.586748376466,-4.27374594953191
1.23,42,-84,450.636953543254,-4.28190011506607
1.23,42,-81,472.846812937255,-4.28959235814191
1.23,42,-78,495.110587635376,-4.29699530845448
1.23,42,-75,517.314606518049,-4.30426327052681
1.23,42,-72,539.338284179741,-4.31153246935183
1.23,42,-69,561.055218787517,-4.3189213815669
1.23,42,-66,582.334295604347,-4.32653126358735
1.23,42,-63,603.04071909698,-4.33444700208238
1.23,42,-60,623.036916792236,-4.34273840310078
1.23,42,-57,642.18330326836,-4.35146199449632
1.23,42,-54,660.338955914633,-4.36066334043153
1.23,42,-51,677.362319812613,-4.37037976587175
1.23,42,-48,693.112106988722,-4.38064328368203
1.23,42,-45,707.44856708462,-4.391483435476
1.23,42,-42,720.235273397476,-4.40292972768457
1.23,42,-39,731.341495898475,-4.41501338364266
1.23,42,-36,740.645140959481,-4.42776823848915
1.23,42,-33,748.036153363722,-4.44123075148921
1.23,42,-30,753.420223774799,-4.45543925821192
1.23,42,-27,756.722634226577,-4.4704326873372
1.23,42,-24,757.892095622848,-4.48624899121179
1.23,42,-21,756.904457767098,-4.50292347984092
1.23,42,-18,753.766171131484,-4.52048713079009
1.23,42,-15,748.517327484806,-4.53896482372519
1.23,42,-12,741.234005084257,-4.55837337776178
1.23,42,-9,732.029525100478,-4.57871929882938
1.23,42,-6,721.054144393637,-4.5999962864299
1.23,42,-3,708.492725342964,-4.62218277463299
1.23,42,0,694.560075576643,-4.6452400202937
1.23,42,3,679.49393724052,-4.66911140739876
1.23,42,6,663.54597583114,-4.6937236187884
1.23,42,9,646.971483471973,-4.71899008113261
1.23,42,12,630.018771774024,-4.74481662966148
1.23,42,15,612.919311433067,-4.77110876231153
1.23,42,18,595.879558736947,-4.7977793247125
1.23,42,21,579.075131934964,-4.82475517603744
1.23,42,24,562.647643116634,-4.85198147050866
1.23,42,27,546.704141869585,-4.87942267377843
1.23,42,30,531.318849711391,-4.90706019708972
1.23,42,33,516.536684709501,-4.93488734346355
1.23,42,36,502.377986738836,-4.96290286195571
1.23,42,39,488.843833887648,-4.99110461679962
1.23,42,42,475.921370746598,-5.01948466136959
1.23,42,45,463.588640958952,-5.0480264755049
1.23,42,48,451.818527637284,-5.07670448391007
1.23,42,51,440.581552589786,-5.10548543165399
1.23,42,54,429.847456313732,-5.13433088638749
1.23,42,57,419.585652322061,-5.16320009659083
1.23,42,60,409.764792692731,-5.19205260107308
1.23,42,63,400.351771163739,-5.22085025108187
1.23,42,66,391.310512293696,-5.24955856909828
1.23,42,69,382.600853766507,-5.27814755883465
1.23,42,72,374.177742677197,-5.30659217452606
1.23,42,75,365.990862585752,-5.33487266507161
1.23,42,78,357.984712282452,-5.36297495889918
1.23,42,81,350.099087245495,-5.39089117989683
1.23,42,84,342.269876870134,-5.41862030779141
1.23,42,87,334.4300807592,-5.4461689334993
1.23,42,90,326.510955999057,-5.47355202048123
1.23,42,93,318.443224141326,-5.50079357355354
1.23,42,96,310.158284698539,-5.52792714268849
1.23,42,99,301.589399505811,-5.55499615537378
1.23,42,102,292.672831674333,-5.58205417747522
1.23,42,105,283.348947948327,-5.60916534313476
1.23,42,108,273.563325938402,-5.6364053555681
1.23,42,111,263.267944688462,-5.66386362428806
1.23,42,114,252.422568580628,-5.6916472533624
1.23,42,117,240.996445777911,-5.7198877247721
1.23,42,120,228.97041768487,-5.7487512507606
1.23,42,123,216.339466057903,-5.77845395882006
1.23,42,126,203.115614043381,-5.80928343757194
1.23,42,129,189.330970023103,-5.84162890311866
1.23,42,132,175.040600659318,-5.8760236536446
1.23,42,135,160.324895808916,-5.91320608532523
1.23,42,138,145.291198682665,-5.95421027518641
1.23,42,141,130.074771361494,-6.00050574879736
1.23,42,144,114.839707815168,-6.05422190283012
1.23,42,147,99.7813110735395,-6.11852185663256
1.23,42,150,85.1330132542085,-6.19824287173012
1.23,42,153,71.183816440259,-6.30099922697483
1.23,42,156,58.3175272522046,-6.43896933927361
1.23,42,159,47.0911428728999,-6.63098329351762
1.23,42,162,38.3500458655454,-6.90069799408596
1.23,42,165,33.208388543967,-7.25596428926081
1.23,42,168,32.3908278196635,-7.64760870618204
1.23,42,171,35.2508188246355,-7.99197963259027
1.23,42,174,40.2209345874025,-8.25548760440548
1.23,42,177,45.9871512782624,-8.45334948099908
1.23,42,180,51.8018228370621,-8.60913178749452
1.23,45,-180,51.8018228370621,-2.27358660275511
1.23,45,-177,56.3388944858862,-2.40141181802471
1.23,45,-174,60.4036191008569,-2.5184137716845
1.23,45,-171,64.0226867171345,-2.63091623174447
1.23,45,-168,67.3115100640611,-2.74297373287215
1.23,45,-165,70.4501575902221,-2.85693177725456
1.23,45,-162,73.6634462664568,-2.97369285773807
1.23,45,-159,77.1995912129627,-3.09286224129076
1.23,45,-156,81.3055872435714,-3.2129303672093
1.23,45,-153,86.2013340846717,-3.33159665576226
1.23,45,-150,92.0576046474702,-3.44623938508774
1.23,45,-147,98.9834503314184,-3.55442506571495
1.23,45,-144,107.025807610474,-3.65430443390069
1.23,45,-141,116.179680008492,-3.74479562905184
1.23,45,-138,126.404180696157,-3.8255580625058
1.23,45,-135,137.639324707542,-3.89683413202449
1.23,45,-132,149.820017328924,-3.95924843530457
1.23,45,-129,162.885695505087,-4.01362636849552
1.23,45,-126,176.785582783382,-4.06085900457472
1.23,45,-123,191.480314931115,-4.10181680921269
1.23,45,-120,206.940964653612,-4.13730326318339
1.23,45,-117,223.146470048658,-4.16803652010104
1.23,45,-114,240.080309976661,-4.1946483775948
1.23,45,-111,257.727057417694,-4.21769234724264
1.23,45,-108,276.069226385632,-4.23765520244878
1.23,45,-105,295.08463721923,-4.25496858751792
1.23,45,-102,314.744375772056,-4.27001895059484
1.23,45,-99,335.011321068247,-4.28315521731897
1.23,45,-96,355.839161508753,-4.29469431245585
1.23,45,-93,377.17180336468,-4.3049249608329
1.23,45,-90,398.943085299015,-4.31411027034831
1.23,45,-87,421.07673652017,-4.32248952814219
1.23,45,-84,443.486542596448,-4.33027951491463
1.23,45,-81,466.076703067457,-4.33767552152732
1.23,45,-78,488.742373158365,-4.34485216755908
1.23,45,-75,511.370376465373,-4.35196408200924
1.23,45,-72,533.840059105873,-4.35914650574429
1.23,45,-69,556.024235262376,-4.36651589945288
1.23,45,-66,577.790158817151,-4.37417067234466
1.23,45,-63,599.000455677464,-4.38219216782436
1.23,45,-60,619.513973160931,-4.39064603741583
1.23,45,-57,639.186546808292,-4.39958409321709
1.23,45,-54,657.871743310254,-4.40904665097294
1.23,45,-51,675.421695517327,-4.41906527096124
1.23,45,-48,691.688183023463,-4.42966569453334
1.23,45,-45,706.524114034803,-4.44087069004486
1.23,45,-42,719.785525508269,-4.45270249170392
1.23,45,-39,731.334146953914,-4.46518455546409
1.23,45,-36,741.040489194718,-4.47834246400256
1.23,45,-33,748.787348285735,-4.49220396174382
1.23,45,-30,754.473576933719,-4.50679824795668
1.23,45,-27,758.017976536625,-4.52215475558351
1.23,45,-24,759.363188928999,-4.53830166419291
1.23,45,-21,758.479489899893,-4.55526433336148
1.23,45,-18,755.36837538669,-4.57306372578858
1.23,45,-15,750.065767084008,-4.59171476975285
1.23,45,-12,742.64455304866,-4.6112245471195
1.23,45,-9,733.216055368123,-4.63159022977423
1.23,45,-6,721.929936124153,-4.65279683373004
1.23,45,-3,708.972071358645,-4.67481508258048
1.23,45,0,694.560075576643,-4.69759989785353
1.23,45,3,678.9364413216,-4.72109016945146
1.23,45,6,662.359618573281,-4.74521041811797
1.23,45,9,645.093712329727,-4.76987469676405
1.23,45,12,627.397731979726,-4.79499260926096
1.23,45,15,609.515416428384,-4.82047675455451
1.23,45,18,591.666566768604,-4.84625039584167
1.23,45,21,574.04057866148,-4.87225389190106
1.23,45,24,556.792549295051,-4.89844854244483
1.23,45,27,540.04201325834,-4.92481700876375
1.23,45,30,523.87409078962,-4.9513602508513
1.23,45,33,508.342632222651,-4.97809173920639
1.23,45,36,493.474812158855,-5.00503029537704
1.23,45,39,479.276556594139,-5.03219310861458
1.23,45,42,465.738171445459,-5.05959023332611
1.23,45,45,452.839584152299,-5.08722131423966
1.23,45,48,440.554714253905,-5.11507462905923
1.23,45,51,428.854648648488,-5.14312799923536
1.23,45,54,417.709493555429,-5.17135083619552
1.23,45,57,407.088976648845,-5.19970658620546
1.23,45,60,396.962043233635,-5.22815503755698
1.23,45,63,387.295799311133,-5.25665423733593
1.23,45,66,378.054186670281,-5.28516201773702
1.23,45,69,369.196734805991,-5.31363728448297
1.23,45,72,360.677642370557,-5.34204125757479
1.23,45,75,352.445326765626,-5.37033880450931
1.23,45,78,344.442473265256,-5.39849991419139
1.23,45,81,336.60653489219,-5.42650126898034
1.23,45,84,328.870589101642,-5.45432780987751
1.23,45,87,321.164444035067,-5.48197416537965
1.23,45,90,313.415895820235,-5.50944582560751
1.23,45,93,305.552057809477,-5.53675998363614
1.23,45,96,297.500704328693,-5.56394603107497
1.23,45,99,289.191591982963,-5.59104578396144
1.23,45,102,280.557741946649,-5.618113628373
1.23,45,105,271.536690301664,-5.64521691082933
1.23,45,108,262.071742575177,-5.67243704943159
1.23,45,111,252.113301060678,-5.69987199620704
1.23,45,114,241.620361223237,-5.72764082859315
1.23,45,117,230.562283427165,-5.75589138860027
1.23,45,120,218.920924358436,-5.78481204672327
1.23,45,123,206.693150432594,-5.81464890942962
1.23,45,126,193.893657612552,-5.84573023786061
1.23,45,129,180.557910730746,-5.87850070812159
1.23,45,132,166.744930969281,-5.91356975441379
1.23,45,135,152.539655365773,-5.95178114784907
1.23,45,138,138.054723623799,-5.99431612930189
1.23,45,141,123.431871199552,-6.04285151456083
1.23,45,144,108.843691547357,-6.0998100771843
1.23,45,147,94.4974981422766,-6.16876716875351
1.23,45,150,80.6446260845543,-6.25511582507018
1.23,45,153,67.6011562523513,-6.36711352251265
1.23,45,156,55.7893373687718,-6.51725021507112
1.23,45,159,45.805569200657,-6.72267208624004
1.23,45,162,38.4718680944368,-6.99910362523008
1.23,45,165,34.6549572954201,-7.33854791288269
1.23,45,168,34.601386836818,-7.68874753634534
1.23,45,171,37.46292976653,-7.99027446559826
1.23,45,174,41.9093825013993,-8.22577709130973
1.23,45,177,46.8928981486727,-8.40853337894482
1.23,45,180,51.8018228370621,-8.5567719099347
1.23,48,-180,51.8018228370621,-2.22122672519528
1.23,48,-177,55.3539074842435,-2.34538791813343
1.23,48,-174,58.391566774729,-2.46157792315079
1.23,48,-171,60.9541673631673,-2.57569620908982
1.23,48,-168,63.1719788351015,-2.69180896290825
1.23,48,-165,65.247619141522,-2.81242234253504
1.23,48,-162,67.4383097293221,-2.93850497888141
1.23,48,-159,70.0327047989058,-3.06941835527203
1.23,48,-156,73.3198030275179,-3.20297233901393
1.23,48,-153,77.5532919050189,-3.33579999917117
1.23,48,-150,82.9205086658874,-3.4640744400593
1.23,48,-147,89.526285963929,-3.58434402302009
1.23,48,-144,97.3960717517107,-3.69415467289636
1.23,48,-141,106.494110134299,-3.79226693084456
1.23,48,-138,116.747686455703,-3.87851457925808
1.23,48,-135,128.06944439298,-3.95348563305716
1.23,48,-132,140.373660939636,-4.01819154123581
1.23,48,-129,153.585802488308,-4.07381036018523
1.23,48,-126,167.646488805983,-4.12152172819005
1.23,48,-123,182.511506453121,-4.16241802140212
1.23,48,-120,198.14939770099,-4.1974677482679
1.23,48,-117,214.537832781393,-4.22751023245385
1.23,48,-114,231.659634245666,-4.25326650826339
1.23,48,-111,249.499018953796,-4.27535670585494
1.23,48,-108,268.038371309558,-4.29431822138743
1.23,48,-105,287.255667437391,-4.31062174466742
1.23,48,-102,307.122536866215,-4.32468402813136
1.23,48,-99,327.602872902613,-4.33687736848616
1.23,48,-96,348.651875794713,-4.34753632844395
1.23,48,-93,370.215420280145,-4.3569624126444
1.23,48,-90,392.229666346321,-4.36542736981717
1.23,48,-87,414.620865682382,-4.37317563900418
1.23,48,-84,437.305345977863,-4.38042627743372
1.23,48,-81,460.189673996294,-4.38737455527141
1.23,48,-78,483.171002925265,-4.39419330304019
1.23,48,-75,506.137600321429,-4.40103405446709
1.23,48,-72,528.969534191537,-4.4080280305886
1.23,48,-69,551.539473749073,-4.41528704256066
1.23,48,-66,573.713547363267,-4.42290443041125
1.23,48,-63,595.352201841065,-4.43095618290511
1.23,48,-60,616.311029577138,-4.43950238288603
1.23,48,-57,636.441572092612,-4.44858908248658
1.23,48,-54,655.592161317461,-4.45825063297085
1.23,48,-51,673.608908704653,-4.46851238660122
1.23,48,-48,690.336980024412,-4.47939357654706
1.23,48,-45,705.622287876437,-4.49091009619512
1.23,48,-42,719.313692045012,-4.50307686995433
1.23,48,-39,731.265729926573,-4.51590954974038
1.23,48,-36,741.341825607219,-4.52942537981314
1.23,48,-33,749.41786960174,-4.54364321996909
1.23,48,-30,755.386037454996,-4.55858286007095
1.23,48,-27,759.158724939173,-4.57426385286507
1.23,48,-24,760.6725038832,-4.59070410750411
1.23,48,-21,759.892017590041,-4.60791842156242
1.23,48,-18,756.813710518749,-4.62591701421753
1.23,48,-15,751.469209918371,-4.64470401010013
1.23,48,-12,743.928058407575,-4.66427576934421
1.23,48,-9,734.299373053601,-4.68461900496554
1.23,48,-6,722.73193178023,-4.70570877942633
1.23,48,-3,709.412213714553,-4.7275066911753
1.23,48,0,694.560075576643,-4.74995977541336
1.23,48,3,678.422022460442,-4.77300075960455
1.23,48,6,661.262378051581,-4.79655025152143
1.23,48,9,643.35299730366,-4.82052115510521
1.23,48,12,624.962410855287,-4.84482513316672
1.23,48,15,606.345386616663,-4.86938036864333
1.23,48,18,587.733825644298,-4.89411938099396
1.23,48,21,569.329707582913,-4.9189954095264
1.23,48,24,551.300524362547,-4.9439860084776
1.23,48,27,533.777349929782,-4.96909302475889
1.23,48,30,516.855430200102,-4.99433892478088
1.23,48,33,500.596959039777,-5.01976026854195
1.23,48,36,485.03553647569,-5.04539973643704
1.23,48,39,470.181687356328,-5.07129831068953
1.23,48,42,456.028761749486,-5.09748896189892
1.23,48,45,442.558555325677,-5.12399261477422
1.23,48,48,429.746085690223,-5.15081648982
1.23,48,51,417.563131171984,-5.17795436796846
1.23,48,54,405.980356469129,-5.20538804820008
1.23,48,57,394.968076214737,-5.23308928624038
1.23,48,60,384.49590108363,-5.26102173107658
1.23,48,63,374.531637794262,-5.2891426789568
1.23,48,66,365.039857715935,-5.3174047150616
1.23,48,69,355.980512843189,-5.3457574369588
1.23,48,72,347.307884214182,-5.3741494419513
1.23,48,75,338.970027375349,-5.40253065374868
1.23,48,78,330.908762786583,-5.4308549257819
1.23,48,81,323.06016837671,-5.45908274586099
1.23,48,84,315.35547694131,-5.48718381277983
1.23,48,87,307.722261381215,-5.51513926576562
1.23,48,90,300.085796930714,-5.54294340907069
1.23,48,93,292.370509992096,-5.57060486663658
1.23,48,96,284.501448335533,-5.59814720962911
1.23,48,99,276.40573200514,-5.62560921524168
1.23,48,102,268.013967645519,-5.65304503808606
1.23,48,105,259.261633223751,-5.6805247076302
1.23,48,108,250.0904670909,-5.70813550608175
1.23,48,111,240.449923533836,-5.73598492687189
1.23,48,114,230.298779909732,-5.7642060608963
1.23,48,117,219.606987234937,-5.7929664122621
1.23,48,120,208.357834966201,-5.82248133766648
1.23,48,123,196.550445022315,-5.85303360453088
1.23,48,126,184.202524979435,-5.88500110336353
1.23,48,129,171.353217490455,-5.91889574537541
1.23,48,132,158.065820867182,-5.95541836945077
1.23,48,135,144.430175079466,-5.99553761640057
1.23,48,138,130.56466358779,-6.04060606705674
1.23,48,141,116.618131001696,-6.09253578460006
1.23,48,144,102.77262560647,-6.15406923836828
1.23,48,147,89.2488407641022,-6.22919979410378
1.23,48,150,76.3175592313845,-6.32380450870879
1.23,48,153,64.3220609342229,-6.44647738495849
1.23,48,156,53.7156949757769,-6.6091058940567
1.23,48,159,45.1027310382791,-6.82512698578293
1.23,48,162,39.2040373389109,-7.10034954628131
1.23,48,165,36.5674605535086,-7.41518983151475
1.23,48,168,37.0579706299891,-7.72319532825555
1.23,48,171,39.7801058208207,-7.98589551720477
1.23,48,174,43.6421511396791,-8.19580107330537
1.23,48,177,47.8150919629247,-8.3639609554425
1.23,48,180,51.8018228370621,-8.50441203237487
1.23,51,-180,51.8018228370621,-2.16886684763545
1.23,51,-177,54.3617487628867,-2.28897655837834
1.23,51,-174,56.3715401893136,-2.40404780926034
1.23,51,-171,57.8835619708711,-2.51971989684215
1.23,51,-168,59.0439927713873,-2.64024280695498
1.23,51,-165,60.0808320848136,-2.76847944543769
1.23,51,-162,61.2895557450126,-2.90562229899987
1.23,51,-159,63.0081263817663,-3.05078085126921
1.23,51,-156,65.5766831732747,-3.20079186050566
1.23,51,-153,69.2868418429503,-3.35066820676932
1.23,51,-150,74.3372514473321,-3.49478326991714
1.23,51,-147,80.8143482110866,-3.62830693600306
1.23,51,-144,88.7043196953053,-3.74816808037386
1.23,51,-141,97.9253716641224,-3.8532116873881
1.23,51,-138,108.36339336947,-3.94376953409033
1.23,51,-135,119.899745723138,-4.0210551415624
1.23,51,-132,132.428083791997,-4.08665704251272
1.23,51,-129,145.861927831603,-4.14221254448405
1.23,51,-126,160.135977821509,-4.18923725567264
1.23,51,-123,175.203778330286,-4.22905759900087
1.23,51,-120,191.033588794177,-4.26280112545133
1.23,51,-117,207.603674287049,-4.29141461474637
1.23,51,-114,224.897766086039,-4.31569243314041
1.23,51,-111,242.901105525745,-4.3363058121895
1.23,51,-108,261.597240451067,-4.35382862321249
1.23,51,-105,280.965574076907,-4.36875804761163
1.23,51,-102,300.979563842661,-4.38153010536529
1.23,51,-99,321.605424266948,-4.39253078651158
1.23,51,-96,342.801189442429,-4.4021038194332
1.23,51,-93,364.516021163935,-4.41055609421335
1.23,51,-90,386.689691546329,-4.41816157833241
1.23,51,-87,409.252211069818,-4.42516431961023
1.23,51,-84,432.123605079375,-4.43178089950502
1.23,51,-81,455.213858818394,-4.43820252040997
1.23,51,-78,478.423051897674,-4.44459679970889
1.23,51,-75,501.641690010566,-4.45110929857184
1.23,51,-72,524.751220175101,-4.45786482042227
1.23,51,-69,547.624693699981,-4.46496855206767
1.23,51,-66,570.127527285967,-4.47250716687417
1.23,51,-63,592.118314762138,-4.48055004227183
1.23,51,-60,613.449663555829,-4.48915074552218
1.23,51,-57,633.969068603182,-4.49834890176103
1.23,51,-54,653.519882761171,-4.50817247741274
1.23,51,-51,671.942482717495,-4.51864040355547
1.23,51,-48,689.075748224586,-4.52976535271211
1.23,51,-45,704.758960687016,-4.54155639994626
1.23,51,-42,718.834185067273,-4.55402127295934
1.23,51,-39,731.149138255258,-4.56716794041338
1.23,51,-36,741.560486605108,-4.58100539617011
1.23,51,-33,749.937474452044,-4.59554364093723
1.23,51,-30,756.165774559007,-4.61079299912768
1.23,51,-27,760.15146642426,-4.62676299476703
1.23,51,-24,761.825070352135,-4.64346101931345
1.23,51,-21,761.145567446357,-4.66089095734238
1.23,51,-18,758.104295299457,-4.6790518242241
1.23,51,-15,752.728519038481,-4.69793636504128
1.23,51,-12,745.08435374519,-4.71752952068611
1.23,51,-9,735.27859556255,-4.73780672175948
1.23,51,-6,723.458955397824,-4.75873212518016
1.23,51,-3,709.812226306805,-4.78025712287795
1.23,51,0,694.560075576643,-4.80231965297319
1.23,51,3,677.952422155477,-4.82484494256075
1.23,51,6,660.258690371405,-4.84774823064327
1.23,51,9,641.757549474153,-4.8709397241869
1.23,51,12,622.725982364398,-4.89433155888617
1.23,51,15,603.428626379041,-4.91784597141464
1.23,51,18,584.108283223443,-4.9414234014283
1.23,51,21,564.978330574068,-4.96502900319876
1.23,51,24,546.217531970147,-4.98865618416955
1.23,51,27,527.967480765691,-5.0123263188977
1.23,51,30,510.332658688852,-5.03608459363301
1.23,51,33,493.382854343489,-5.05999278962622
1.23,51,36,477.157480741806,-5.08412044850421
1.23,51,39,461.671168358733,-5.10853608483657
1.23,51,42,446.919913874014,-5.13329987122101
1.23,51,45,432.88705716458,-5.15845863725211
1.23,51,48,419.54845024904,-5.18404332411869
1.23,51,51,406.876361004199,-5.21006846191977
1.23,51,54,394.841889958271,-5.23653294563056
1.23,51,57,383.415925538652,-5.2634214070727
1.23,51,60,372.56887571812,-5.29070572675552
1.23,51,63,362.269556410257,-5.31834655317776
1.23,51,66,352.483672129571,-5.34629495721878
1.23,51,69,343.17229619436,-5.37449446128233
1.23,51,72,334.290667243857,-5.40288363645593
1.23,51,75,325.787496616555,-5.43139930604903
1.23,51,78,317.604858007419,-5.45998020874954
1.23,51,81,309.678630376525,-5.48857083151796
1.23,51,84,301.939399736587,-5.5171250638974
1.23,51,87,294.313696418632,-5.54560935830583
1.23,51,90,286.725444728548,-5.57400518430245
1.23,51,93,279.097520855971,-5.60231070673783
1.23,51,96,271.353342301969,-5.63054176996954
1.23,51,99,263.418441108145,-5.65873241709358
1.23,51,102,255.222001049887,-5.68693531116164
1.23,51,105,246.698365876203,-5.71522255887294
1.23,51,108,237.788552303895,-5.74368757180366
1.23,51,111,228.441826332422,-5.77244873957136
1.23,51,114,218.617419308716,-5.80165583768029
1.23,51,117,208.286462495082,-5.83150026344297
1.23,51,120,197.434196830155,-5.86223042205315
1.23,51,123,186.062464126208,-5.89417394618559
1.23,51,126,174.192413745414,-5.92776905805203
1.23,51,129,161.867286176261,-5.96360848230928
1.23,51,132,149.155098148993,-6.00250120579601
1.23,51,135,136.151099886106,-6.0455605022786
1.23,51,138,122.9800543897,-6.09433155677853
1.23,51,141,109.79874975865,-6.15097911775515
1.23,51,144,96.7997398113227,-6.21856367619152
1.23,51,147,84.2181212135504,-6.30143546715859
1.23,51,150,72.3439861798496,-6.4057349969862
1.23,51,153,61.5428033836795,-6.53979172496519
1.23,51,156,52.279394606024,-6.71356125479001
1.23,51,159,45.1147916455383,-6.9348399780785
1.23,51,162,40.5903134943045,-7.19976898479312
1.23,51,165,38.9253206770232,-7.48374287038187
1.23,51,168,39.7393425879345,-7.75104048341715
1.23,51,171,42.1938699886231,-7.97896493158902
1.23,51,174,45.415107979091,-8.1655080304078
1.23,51,177,48.7514537688304,-8.3195983616932
1.23,51,180,51.8018228370621,-8.45205215481504
1.23,54,-180,51.8018228370621,-2.11650697007562
1.23,54,-177,53.365352737667,-2.23217293087598
1.23,54,-174,54.3499228812871,-2.34578496893347
1.23,54,-171,54.8212498266717,-2.46292345245881
1.23,54,-168,54.9427570830517,-2.58826064487184
1.23,54,-165,54.9716243867187,-2.72531289837407
1.23,54,-162,55.2497763699056,-2.87575657841607
1.23,54,-159,56.1771672420396,-3.03844326852082
1.23,54,-156,58.1574664856597,-3.20872952247721
1.23,54,-153,61.5230635522595,-3.37906151520696
1.23,54,-150,66.4708543047521,-3.5411112492666
1.23,54,-147,73.0439727718019,-3.68832475157519
1.23,54,-144,81.1640907404166,-3.81728639275271
1.23,54,-141,90.6867523207626,-3.92749079443
1.23,54,-138,101.450181697104,-4.02029444012931
1.23,54,-135,113.305503889437,-4.09788287175125
1.23,54,-132,126.130273516277,-4.16259416488853
1.23,54,-129,139.831375947295,-4.21658118287582
1.23,54,-126,154.34236301514,-4.26169003579702
1.23,54,-123,169.618352665897,-4.2994495876556
1.23,54,-120,185.63022440716,-4.33110787904487
1.23,54,-117,202.359040050116,-4.3576823663338
1.23,54,-114,219.791168496385,-4.38000882938343
1.23,54,-111,237.914314181909,-4.39878299390399
1.23,54,-108,256.714460087176,-4.4145933359322
1.23,54,-105,276.173613076105,-4.42794557061587
1.23,54,-102,296.268175260426,-4.43928018491663
1.23,54,-99,316.967752830797,-4.44898462517869
1.23,54,-96,338.234240321762,-4.45740167297646
1.23,54,-93,360.021067024929,-4.46483529128431
1.23,54,-90,382.272547152291,-4.47155490070958
1.23,54,-87,404.923323722111,-4.47779872521587
1.23,54,-84,427.897929936467,-4.4837765764351
1.23,54,-81,451.110507497546,-4.48967225045744
1.23,54,-78,474.464719251239,-4.49564559665376
1.23,54,-75,497.853877446553,-4.5018342759324
1.23,54,-72,521.161285138537,-4.50835523785728
1.23,54,-69,544.260764986826,-4.51530598934745
1.23,54,-66,567.017335318142,-4.52276577792548
1.23,54,-63,589.287994382422,-4.530796847035
1.23,54,-60,610.922592631811,-4.53944592202511
1.23,54,-57,631.764806162421,-4.54874604358864
1.23,54,-54,651.653262907872,-4.55871878283289
1.23,54,-51,670.422903904383,-4.56937676372686
1.23,54,-48,687.906672831292,-4.5807263103009
1.23,54,-45,703.9376116685,-4.59276995840133
1.23,54,-42,718.351401539332,-4.60550855125422
1.23,54,-39,730.989337662967,-4.6189426864662
1.23,54,-36,741.701682755207,-4.63307339048708
1.23,54,-33,750.35131870114,-4.64790203556245
1.23,54,-30,756.817616691437,-4.6634296420365
1.23,54,-27,761.000462620716,-4.67965578541994
1.23,54,-24,762.824387332113,-4.69657732960988
1.23,54,-21,762.242736519846,-4.71418713890373
1.23,54,-18,759.241756154653,-4.73247281403907
1.23,54,-15,753.844366335325,-4.75141540193912
1.23,54,-12,746.113270783555,-4.77098799641494
1.23,54,-9,736.152939794721,-4.79115420993521
1.23,54,-6,724.109957148993,-4.8118666527615
1.23,54,-3,710.171273620064,-4.83306576434409
1.23,54,0,694.560075576643,-4.85467953053302
1.23,54,3,677.529239499255,-4.87662470370871
1.23,54,6,659.352654842483,-4.89881004918033
1.23,54,9,640.314993902834,-4.92114183825702
1.23,54,12,620.700725877566,-4.94353132635566
1.23,54,15,600.783272782496,-4.96590339289127
1.23,54,18,580.815179809713,-4.98820503283791
1.23,54,21,561.020044035393,-5.01041214709619
1.23,54,24,541.586749374534,-5.03253320629276
1.23,54,27,522.666325019442,-5.05460888539862
1.23,54,30,504.371499120157,-5.07670757728911
1.23,54,33,486.778770047523,-5.09891757025634
1.23,54,36,469.932578100746,-5.12133735189329
1.23,54,39,453.850956687157,-5.14406577070417
1.23,54,42,438.531908857037,-5.16719358075287
1.23,54,45,423.959724062574,-5.19079731736243
1.23,54,48,410.110534005596,-5.21493573050717
1.23,54,51,396.956591804027,-5.23964838938596
1.23,54,54,384.469008012642,-5.26495574345558
1.23,54,57,372.618940033463,-5.29085992641178
1.23,54,60,361.37745892348,-5.31734583831571
1.23,54,63,350.714473148629,-5.34438238355375
1.23,54,66,340.597155662238,-5.37192402416952
1.23,54,69,330.98830255251,-5.39991293051688
1.23,54,72,321.844968447382,-5.42828195484461
1.23,54,75,313.117604798501,-5.45695846872893
1.23,54,78,304.74980176504,-5.48586887985343
1.23,54,81,296.678626530803,-5.51494346381372
1.23,54,84,288.835474786601,-5.54412106798755
1.23,54,87,281.147311882064,-5.57335328045156
1.23,54,90,273.538171678373,-5.60260778523832
1.23,54,93,265.930795575304,-5.63187080575297
1.23,54,96,258.248321701571,-5.66114873174934
1.23,54,99,250.415966846992,-5.6904692062622
1.23,54,102,242.362676487539,-5.71988210843059
1.23,54,105,234.022749013209,-5.74946100998651
1.23,54,108,225.337467870071,-5.77930581688718
1.23,54,111,216.256797697282,-5.80954744375957
1.23,54,114,206.7412133999,-5.84035551969742
1.23,54,117,196.763728339617,-5.8719503098448
1.23,54,120,186.312163954768,-5.90462029797777
1.23,54,123,175.391657412673,-5.93874728388355
1.23,54,126,164.027344938904,-5.97484152435287
1.23,54,129,152.267107146185,-6.0135905597354
1.23,54,132,140.184251775096,-6.05592713474158
1.23,54,135,127.880078786784,-6.10312423461798
1.23,54,138,115.486461457715,-6.15692861804743
1.23,54,141,103.168908847105,-6.21974703220688
1.23,54,144,91.1310267694398,-6.29489614021065
1.23,54,147,79.6216894262828,-6.38690018890511
1.23,54,150,68.9458785512338,-6.50171840644876
1.23,54,153,59.476812144298,-6.64649031485484
1.23,54,156,51.6552669182082,-6.82777711120285
1.23,54,159,45.9367752165209,-7.04685711371502
1.23,54,162,42.6340187835725,-7.29305960907445
1.23,54,165,41.6934710026126,-7.54303959675671
1.23,54,168,42.622844143381,-7.7725955652692
1.23,54,171,44.6951535110161,-7.96962067268476
1.23,54,174,47.2237933109697,-8.13485622945931
1.23,54,177,49.6996260448465,-8.27541325519749
1.23,54,180,51.8018228370621,-8.39969227725521
1.23,57,-180,51.8018228370621,-2.06414709251579
1.23,57,-177,52.3676387957574,-2.1749727247256
1.23,57,-174,52.3329847557026,-2.28674700263904
1.23,57,-171,51.7772677316837,-2.40523134351089
1.23,57,-168,50.8827680768955,-2.53584496041919
1.23,57,-165,49.9408921935566,-2.68320416515558
1.23,57,-162,49.3516018385155,-2.84989425094169
1.23,57,-159,49.5951923036521,-3.0344879776998
1.23,57,-156,51.155122459656,-3.22992333215616
1.23,57,-153,54.402075922529,-3.42443204282919
1.23,57,-150,59.5025884391311,-3.60573558828782
1.23,57,-147,66.4162260419236,-3.76554958911543
1.23,57,-144,74.9698891681327,-3.90102664853168
1.23,57,-141,84.9449587690714,-4.01332304229631
1.23,57,-138,96.1346703455894,-4.10547830908211
1.23,57,-135,108.368806744594,-4.18093610383868
1.23,57,-132,121.518479177602,-4.24283821802551
1.23,57,-129,135.491997342195,-4.2938017766101
1.23,57,-126,150.227735552654,-4.33592011762175
1.23,57,-123,165.686563337519,-4.37084257870567
1.23,57,-120,181.844860867491,-4.39986847358277
1.23,57,-117,198.688518213381,-4.42403114097821
1.23,57,-114,216.208053978425,-4.44416551164441
1.23,57,-111,234.394839341588,-4.46095938075148
1.23,57,-108,253.238306263624,-4.4749907975249
1.23,57,-105,272.723946982892,-4.48675446956585
1.23,57,-102,292.831882105276,-4.49667992932923
1.23,57,-99,313.535786115649,-4.50514383111956
1.23,57,-96,334.802002357696,-4.51247828851572
1.23,57,-93,356.58873963704,-4.51897669239094
1.23,57,-90,378.845304618572,-4.52489801251177
1.23,57,-87,401.511376347306,-4.53047021342929
1.23,57,-84,424.516364329555,-4.5358931285254
1.23,57,-81,447.778906997956,-4.54134094203359
1.23,57,-78,471.206564264308,-4.54696432272946
1.23,57,-75,494.695740598713,-4.55289222021807
1.23,57,-72,518.131850386068,-4.55923335434377
1.23,57,-69,541.389713241673,-4.5660774759282
1.23,57,-66,564.334151339358,-4.57349652809339
1.23,57,-63,586.820759252874,-4.58154586960609
1.23,57,-60,608.696830822711,-4.59026571840656
1.23,57,-57,629.80245332634,-4.59968292720943
1.23,57,-54,649.971808124303,-4.60981311797054
1.23,57,-51,669.034738044097,-4.62066309468969
1.23,57,-48,686.818645851165,-4.63223335076976
1.23,57,-45,703.150771898149,-4.64452041751223
1.23,57,-42,717.860867158046,-4.65751878795592
1.23,57,-39,730.78424187044,-4.6712222039839
1.23,57,-36,741.765143517994,-4.68562420319873
1.23,57,-33,750.660409757722,-4.70071795554711
1.23,57,-30,757.343351170911,-4.71649553794949
1.23,57,-27,761.707832747515,-4.73294686151476
1.23,57,-24,763.672521880375,-4.75005846080788
1.23,57,-21,763.185235042532,-4.76781228471511
1.23,57,-18,760.227236153361,-4.78618452630071
1.23,57,-15,754.817224777786,-4.80514444316153
1.23,57,-12,747.014627726983,-4.8246530975204
1.23,57,-9,736.921711813693,-4.84466201452325
1.23,57,-6,724.684008416907,-4.86511191298557
1.23,57,-3,710.488610488697,-4.88593186385973
1.23,57,0,694.560075576643,-4.90703940809285
1.23,57,3,677.153923000441,-4.92834223661359
1.23,57,6,658.548004677349,-4.949741933383
1.23,57,9,639.032300866097,-4.97113997849344
1.23,57,12,618.897893055288,-4.99244573105283
1.23,57,15,598.425965338549,-5.01358555523561
1.23,57,18,577.877678784222,-5.03451176443597
1.23,57,21,557.485668200744,-5.05520980230433
1.23,57,24,537.447752903527,-5.07570218373723
1.23,57,27,517.923252344748,-5.09604821940376
1.23,57,30,499.032063349217,-5.11633935262562
1.23,57,33,480.856395397159,-5.13669083789621
1.23,57,36,463.444791820084,-5.15723122047212
1.23,57,39,446.81782345471,-5.17809141209803
1.23,57,42,430.974673732657,-5.19939500790676
1.23,57,45,415.899780414729,-5.22125093559241
1.23,57,48,401.568775065061,-5.24374878899807
1.23,57,51,387.953150735242,-5.26695653573956
1.23,57,54,375.023348311232,-5.29091990046804
1.23,57,57,362.750227242581,-5.31566267941094
1.23,57,60,351.105125114671,-5.3411874710036
1.23,57,63,340.058876308306,-5.36747666001892
1.23,57,66,329.580237098166,-5.39449380426377
1.23,57,69,319.634157147492,-5.42218572841887
1.23,57,72,310.18026442607,-5.4504855938741
1.23,57,75,301.171818811256,-5.47931702776184
1.23,57,78,292.555266534937,-5.50859914700187
1.23,57,81,284.270416159599,-5.53825209951649
1.23,57,84,276.251172133066,-5.56820263385958
1.23,57,87,268.426710795234,-5.59838922572141
1.23,57,90,260.722965002979,-5.62876641898301
1.23,57,93,253.064291049357,-5.65930823860667
1.23,57,96,245.375216633616,-5.69001075617718
1.23,57,99,237.58220280889,-5.72089410110457
1.23,57,102,229.615389362855,-5.75200439439275
1.23,57,105,221.41032731781,-5.78341623725409
1.23,57,108,212.909730879435,-5.81523652419829
1.23,57,111,204.06530116014,-5.84761048510855
1.23,57,114,194.839681801356,-5.88073101217287
1.23,57,117,185.208598568463,-5.91485252095535
1.23,57,120,175.163209177581,-5.95031086937878
1.23,57,123,164.712648785528,-5.98755127277282
1.23,57,126,153.886711103252,-6.02716678544934
1.23,57,129,142.738574365655,-6.06995084562466
1.23,57,132,131.34749200351,-6.11696860006083
1.23,57,135,119.821447154971,-6.16965293994362
1.23,57,138,108.29993276327,-6.22993118954555
1.23,57,141,96.9572386099216,-6.30038349518675
1.23,57,144,86.0067668759733,-6.38441409492763
1.23,57,147,75.7065347646774,-6.48635754774445
1.23,57,150,66.3640513685914,-6.61129716095958
1.23,57,153,58.3329384323972,-6.76410412750332
1.23,57,156,51.9821314695505,-6.94699797846785
1.23,57,159,47.6097119058766,-7.15569264185037
1.23,57,162,45.3023395086459,-7.37702408324426
1.23,57,165,44.828583595408,-7.59275903344802
1.23,57,168,45.6853986174876,-7.78830216584339
1.23,57,171,47.2744140116344,-7.95800771431303
1.23,57,174,49.0634466886863,-8.1038123409617
1.23,57,177,50.6571778512236,-8.23137485897725
1.23,57,180,51.8018228370621,-8.34733239969538
1.23,60,-180,51.8018228370621,-2.01178721495596
1.23,60,-177,51.3715015888708,-2.11737225653874
1.23,60,-174,50.326858724783,-2.22688723267119
1.23,60,-171,48.7612585249046,-2.34655373846751
1.23,60,-168,46.8777026255504,-2.48297464425163
1.23,60,-165,45.0085063346548,-2.64253888690723
1.23,60,-162,43.6282969799517,-2.82943558123212
1.23,60,-159,43.3245831900902,-3.04186050963057
1.23,60,-156,44.6802932461126,-3.26849618416023
1.23,60,-153,48.0870152077842,-3.49052711895183
1.23,60,-150,53.6248378878275,-3.69041416977516
1.23,60,-147,61.1140197097361,-3.85925831718137
1.23,60,-144,70.2623960736625,-3.9967237609642
1.23,60,-141,80.7814525109983,-4.10695197307645
1.23,60,-138,92.4356699299672,-4.19516773981362
1.23,60,-135,105.050110994474,-4.26609498813547
1.23,60,-132,118.502241653436,-4.32352422429817
1.23,60,-129,132.710483709339,-4.37035625805373
1.23,60,-126,147.623575447854,-4.40877868889311
1.23,60,-123,163.211589878115,-4.44044554772231
1.23,60,-120,179.45858374271,-4.46662372877185
1.23,60,-117,196.356716945541,-4.48830285039648
1.23,60,-114,213.901689763237,-4.50627444015086
1.23,60,-111,232.08933528623,-4.52118758610329
1.23,60,-108,250.913169532191,-4.53358724219646
1.23,60,-105,270.362669186062,-4.54394009208153
1.23,60,-102,290.422039141373,-4.55265174285282
1.23,60,-99,311.069255998021,-4.56007809207923
1.23,60,-96,332.27522370736,-4.5665329513029
1.23,60,-93,354.002941268337,-4.57229338361748
1.23,60,-90,376.206646374989,-4.57760370722754
1.23,60,-87,398.830952398525,-4.58267872658898
1.23,60,-84,421.810032368016,-4.58770647431932
1.23,60,-81,445.066920225699,-4.59285057243047
1.23,60,-78,468.512997811883,-4.59825223622254
1.23,60,-75,492.047720018805,-4.60403192857584
1.23,60,-72,515.558606764477,-4.61029070295657
1.23,60,-69,538.921506381789,-4.61711132531918
1.23,60,-66,562.001117765703,-4.62455931422045
1.23,60,-63,584.651753002795,-4.63268406431709
1.23,60,-60,606.71832919873,-4.64152020692919
1.23,60,-57,628.037594247864,-4.65108930788319
1.23,60,-54,648.439609100351,-4.66140191426483
1.23,60,-51,667.749520299045,-4.67245985623717
1.23,60,-48,685.789655225704,-4.68425861392453
1.23,60,-45,702.381958128031,-4.69678950007479
1.23,60,-42,717.350763450691,-4.71004140707891
1.23,60,-39,730.525884180166,-4.72400192719477
1.23,60,-36,741.745985894535,-4.73865776385466
1.23,60,-33,750.862224696671,-4.7539944795787
1.23,60,-30,757.742142281717,-4.76999573435347
1.23,60,-27,762.27381851364,-4.78664222444309
1.23,60,-24,764.370262480855,-4.80391051995212
1.23,60,-21,763.973963639251,-4.82177192919024
1.23,60,-18,761.061424607563,-4.84019142155463
1.23,60,-15,755.647372100828,-4.85912656410968
1.23,60,-12,747.788222345355,-4.87852641344173
1.23,60,-9,737.584298942509,-4.89833037747161
1.23,60,-6,725.180297569754,-4.91846721457119
1.23,60,-3,710.763581850759,-4.938854528962
1.23,60,0,694.560075576643,-4.95939928565268
1.23,60,3,676.827763094658,-4.97999992948037
1.23,60,6,657.848080021334,-5.00055058807604
1.23,60,9,637.91572261151,-5.0209475399856
1.23,60,12,617.327585893816,-5.04109766251743
1.23,60,15,596.371636130791,-5.06092802587761
1.23,60,18,575.316531537942,-5.08039530874383
1.23,60,21,554.402740318832,-5.0994934342945
1.23,60,24,533.835782843408,-5.11825789584163
1.23,60,27,513.78205313049,-5.1367657067439
1.23,60,30,494.367453683843,-5.1551306985786
1.23,60,33,475.678810387256,-5.17349481193378
1.23,60,36,457.767741304831,-5.19201681317411
1.23,60,39,440.65637861233,-5.21086028838478
1.23,60,42,424.344143292836,-5.230182692203
1.23,60,45,408.814696043786,-5.2501267167305
1.23,60,48,394.042254410872,-5.27081449736606
1.23,60,51,379.996657552298,-5.2923444544812
1.23,60,54,366.646828412505,-5.31479010251694
1.23,60,57,353.96256814885,-5.33820003758235
1.23,60,60,341.914864947626,-5.36259849772041
1.23,60,63,330.475072539086,-5.38798623578597
1.23,60,66,319.613398584053,-5.41434178526048
1.23,60,69,309.297144976278,-5.4416234042088
1.23,60,72,299.489079538755,-5.46977199729606
1.23,60,75,290.146216338161,-5.49871516436536
1.23,60,78,281.219164904342,-5.52837228527341
1.23,60,81,272.652098189449,-5.558660320719
1.23,60,84,264.383300195588,-5.5894998661669
1.23,60,87,256.346195007797,-5.62082097968379
1.23,60,90,248.470731137088,-5.65256841047909
1.23,60,93,240.684995015908,-5.68470604771114
1.23,60,96,232.916948244139,-5.71722064102078
1.23,60,99,225.096216453364,-5.75012507335769
1.23,60,102,217.155895424716,-5.78346166746332
1.23,60,105,209.034375573908,-5.81730617299904
1.23,60,108,200.677213777799,-5.85177321976254
1.23,60,111,192.039097726635,-5.8870241509484
1.23,60,114,183.085949734593,-5.92327829116835
1.23,60,117,173.797203090944,-5.96082888217794
1.23,60,120,164.168256224447,-6.00006516161568
1.23,60,123,154.213074036708,-6.04150238760856
1.23,60,126,143.966872739665,-6.08582201600794
1.23,60,129,133.488809745007,-6.13392461171398
1.23,60,132,122.86461904675,-6.18699805268074
1.23,60,135,112.20919056371,-6.24660214339482
1.23,60,138,101.669163446568,-6.31476535434858
1.23,60,141,91.4255880470942,-6.3940742728584
1.23,60,144,81.696346352971,-6.48769995337092
1.23,60,147,72.7367402908969,-6.59923042491786
1.23,60,150,64.8335517543528,-6.73206126370879
1.23,60,153,58.2825696829064,-6.88802736039129
1.23,60,156,53.3359107067593,-7.06527636804483
1.23,60,159,50.1167581577306,-7.25651023738329
1.23,60,162,48.5369597344958,-7.44986370448187
1.23,60,165,48.2841542224655,-7.63318567549191
1.23,60,168,48.9041344403116,-7.79865952101435
1.23,60,171,49.9217327541721,-7.94427165614488
1.23,60,174,50.929034743304,-8.07235018383023
1.23,60,177,51.6216107502029,-8.1874539928729
1.23,60,180,51.8018228370621,-8.29497252213555
1.23,63,-180,51.8018228370621,-1.95942733739613
1.23,63,-177,50.3798017508709,-2.05936861874907
1.23,63,-174,48.3375204020862,-2.16615435489251
1.23,63,-171,45.7824280505338,-2.28678314160941
1.23,63,-168,42.9403176698739,-2.42962391913991
1.23,63,-165,40.1932832289898,-2.6038580522215
1.23,63,-162,38.1149563722285,-2.81642085990072
1.23,63,-159,37.4397844481379,-3.06475898582099
1.23,63,-156,38.8689712738021,-3.329560564195
1.23,63,-153,42.7624677955872,-3.58045305673928
1.23,63,-150,49.0188365785722,-3.79455874213505
1.23,63,-147,57.2631185017696,-3.96582290986826
1.23,63,-144,67.0865680435417,-4.09925566099728
1.23,63,-141,78.1590298181385,-4.20296828992337
1.23,63,-138,90.2440581368537,-4.28429782102805
1.23,63,-135,103.181464425053,-4.34887459573655
1.23,63,-132,116.866906187863,-4.40078186062658
1.23,63,-129,131.235649208,-4.44294111189985
1.23,63,-126,146.250511586558,-4.47745656837077
1.23,63,-123,161.892821782916,-4.50587070666227
1.23,63,-120,178.155493988548,-4.5293422555018
1.23,63,-117,195.037701638061,-4.5487672183792
1.23,63,-114,212.54084903517,-4.56486019398954
1.23,63,-111,230.665619944213,-4.57820847267705
1.23,63,-108,249.409887406264,-4.58930759536621
1.23,63,-105,268.767256278271,-4.59858442528146
1.23,63,-102,288.726011098259,-4.60641198159625
1.23,63,-99,309.268268089119,-4.61311901537104
1.23,63,-96,330.369178558193,-4.61899637602123
1.23,63,-93,351.996091683141,-4.62430151418543
1.23,63,-90,374.107646183437,-4.62926194077507
1.23,63,-87,396.652812958559,-4.63407808407067
1.23,63,-84,419.56994804444,-4.63892573725196
1.23,63,-81,442.785934438192,-4.64395814815042
1.23,63,-78,466.215493052715,-4.64930774919393
1.23,63,-75,489.760730697297,-4.65508753394221
1.23,63,-72,513.310972037157,-4.66139213160736
1.23,63,-69,536.742899491328,-4.66829868740024
1.23,63,-66,559.92100610494,-4.67586770186493
1.23,63,-63,582.69835569464,-4.68414399880217
1.23,63,-60,604.917642861835,-4.69315796853001
1.23,63,-57,626.412550077699,-4.70292717031472
1.23,63,-54,647.009404784161,-4.71345828486909
1.23,63,-51,666.52914106791,-4.72474930467657
1.23,63,-48,684.789565417159,-4.73679176220972
1.23,63,-45,701.607916380316,-4.74957274875146
1.23,63,-42,716.803699740359,-4.76307648584831
1.23,63,-39,730.201781279587,-4.77728527883987
1.23,63,-36,741.635731951581,-4.79217979149114
1.23,63,-33,750.951441399068,-4.8077387025184
1.23,63,-30,758.011032927571,-4.82393790342668
1.23,63,-27,762.697108831215,-4.84074944365987
1.23,63,-24,764.917313608525,-4.85814041191025
1.23,63,-21,764.609117653035,-4.87607187274025
1.23,63,-18,761.74460355851,-4.8944978873922
1.23,63,-15,756.334904296279,-4.91336457959016
1.23,63,-12,748.433830213778,-4.93260920010701
1.23,63,-9,738.140164165016,-4.95215921797723
1.23,63,-6,725.598126452299,-4.97193161295345
1.23,63,-3,710.995622512456,-4.99183272428198
1.23,63,0,694.560075576643,-5.01175916321251
1.23,63,3,676.551885412602,-5.03160035073311
1.23,63,6,657.255803659002,-5.05124313895689
1.23,63,9,636.970736657191,-5.07057868715497
1.23,63,12,615.998648350613,-5.08951131289716
1.23,63,15,594.633325381262,-5.10796850280118
1.23,63,18,573.149786504428,-5.12591077347633
1.23,63,21,551.795079478059,-5.14333977351467
1.23,63,24,530.781118207651,-5.16030304572817
1.23,63,27,510.280068721154,-5.17689428907146
1.23,63,30,490.422585809737,-5.19324872285361
1.23,63,33,471.298931859226,-5.20953408982336
1.23,63,36,452.962697610555,-5.22593868365207
1.23,63,39,435.436541403407,-5.24265829634335
1.23,63,42,418.719134530341,-5.25988400073182
1.23,63,45,402.792402073407,-5.27779222985137
1.23,63,48,387.62820460325,-5.29653786899236
1.23,63,51,373.193797812651,-5.31625030325313
1.23,63,54,359.455682476095,-5.33703180371997
1.23,63,57,346.381750785864,-5.35895741682611
1.23,63,60,333.941889466653,-5.38207563072144
1.23,63,63,322.107378339246,-5.40640940766974
1.23,63,66,310.849512516889,-5.43195752820894
1.23,63,69,300.137884274607,-5.45869645080349
1.23,63,72,289.938706023195,-5.48658297619303
1.23,63,75,280.213462552733,-5.51555792114406
1.23,63,78,270.918071795627,-5.54555081318173
1.23,63,81,262.002627952247,-5.57648540369756
1.23,63,84,253.411712907911,-5.60828564171709
1.23,63,87,245.085199918234,-5.64088170338703
1.23,63,90,236.959440670471,-5.67421574196058
1.23,63,93,228.968721380567,-5.70824718525395
1.23,63,96,221.046890118044,-5.74295761964421
1.23,63,99,213.129088203943,-5.77835551820448
1.23,63,102,205.153554517598,-5.81448126405748
1.23,63,105,197.063504534357,-5.85141307480364
1.23,63,108,188.809109071313,-5.88927455324063
1.23,63,111,180.349606505246,-5.92824468857709
1.23,63,114,171.655574962052,-5.96857123022136
1.23,63,117,162.711369224367,-6.0105884669368
1.23,63,120,153.517695811448,-6.05474056191706
1.23,63,123,144.094266748136,-6.10161166677037
1.23,63,126,134.482447229112,-6.15196391015834
1.23,63,129,124.747801710178,-6.20678365845177
1.23,63,132,114.982444389982,-6.26733435775176
1.23,63,135,105.307087834908,-6.33520910489312
1.23,63,138,95.8725843678118,-6.41236469944636
1.23,63,141,86.860410689981,-6.50109634144482
1.23,63,144,78.4806832499674,-6.60387386033084
1.23,63,147,70.9646056060627,-6.72291394355222
1.23,63,150,64.5459351732556,-6.85935940726333
1.23,63,153,59.4252297345373,-7.01210756840927
1.23,63,156,55.7166004442345,-7.17680093655322
1.23,63,159,53.3934602444379,-7.34598501707045
1.23,63,162,52.2661261368657,-7.51104077569145
1.23,63,165,52.0139237311609,-7.66496581366657
1.23,63,168,52.2567308627431,-7.80417618010036
1.23,63,171,52.6268954882979,-7.9285543203218
1.23,63,174,52.8152799303379,-8.04044960379092
1.23,63,177,52.5903654434453,-8.14362308105427
1.23,63,180,51.8018228370621,-8.24261264457572
1.23,66,-180,51.8018228370621,-1.9070674598363
1.23,66,-177,49.3953570712447,-2.00095984671727
1.23,66,-174,46.3707711549958,-2.10449209414706
1.23,66,-171,42.8495122385034,-2.22579001835038
1.23,66,-168,39.0823612565564,-2.37576065312013
1.23,66,-165,35.5130594816138,-2.567941409701
1.23,66,-162,32.8507813505072,-2.81390694003881
1.23,66,-159,32.0355822204668,-3.1091143597028
1.23,66,-156,33.8892426805666,-3.4185864874866
1.23,66,-153,38.6175367555216,-3.69473642524804
1.23,66,-150,45.8117321034406,-3.91367436163394
1.23,66,-147,54.8856367504655,-4.07847365412837
1.23,66,-144,65.3608387391674,-4.20177480927105
1.23,66,-141,76.9121790741929,-4.29538956377566
1.23,66,-138,89.3313663023032,-4.36794398052175
1.23,66,-135,102.488191705718,-4.42530804888636
1.23,66,-132,116.303873744672,-4.47143029522363
1.23,66,-129,130.733945515049,-4.50899894873125
1.23,66,-126,145.756867318334,-4.5398869728818
1.23,66,-123,161.365951364314,-4.5654387053188
1.23,66,-120,177.563345685859,-4.58665302215275
1.23,66,-117,194.355471257652,-4.60430060075554
1.23,66,-114,211.749600324225,-4.61899903933748
1.23,66,-111,229.751364692328,-4.63126073387496
1.23,66,-108,248.36299749083,-4.64152305373883
1.23,66,-105,267.582104120701,-4.65016710360019
1.23,66,-102,287.400759999695,-4.65752930059554
1.23,66,-99,307.804755417619,-4.66390861232878
1.23,66,-96,328.772849834251,-4.66957132012668
1.23,66,-93,350.27595156001,-4.67475445841246
1.23,66,-90,372.276194592138,-4.67966856932023
1.23,66,-87,394.725934108752,-4.68450006503298
1.23,66,-84,417.56671975856,-4.68941328111902
1.23,66,-81,440.728328216579,-4.69455220543593
1.23,66,-78,464.127943085591,-4.70004185066824
1.23,66,-75,487.669563218598,-4.70598927527389
1.23,66,-72,511.243704008054,-4.71248431946173
1.23,66,-69,534.727435279965,-4.71960018446307
1.23,66,-66,557.984779096035,-4.72739402402177
1.23,66,-63,580.867474445157,-4.73590772240785
1.23,66,-60,603.216104534409,-4.74516899738602
1.23,66,-57,624.861574837757,-4.75519289314795
1.23,66,-54,645.626923702502,-4.76598363071521
1.23,66,-51,665.329440403733,-4.77753668300674
1.23,66,-48,683.783058944529,-4.78984086330802
1.23,66,-45,700.80099360521,-4.80288018104868
1.23,66,-42,716.198589709331,-4.81663523975006
1.23,66,-39,729.796383726969,-4.8310840263837
1.23,66,-36,741.423398186615,-4.84620205128617
1.23,66,-33,750.920728438092,-4.86196191377658
1.23,66,-30,758.145493171618,-4.87833245822966
1.23,66,-27,762.975200742055,-4.89527772361529
1.23,66,-24,765.312517164803,-4.91275586817252
1.23,66,-21,765.09031048257,-4.93071818263165
1.23,66,-18,762.276706967372,-4.94910822105351
1.23,66,-15,756.879757004398,-4.96786101737161
1.23,66,-12,748.951207402855,-4.98690235279869
1.23,66,-9,738.588842662268,-5.00614811138311
1.23,66,-6,725.936907597959,-5.02550389909856
1.23,66,-3,711.184256937937,-5.04486526964709
1.23,66,0,694.560075576643,-5.06411904077234
1.23,66,3,676.327244867171,-5.0831462338622
1.23,66,6,656.773659704193,-5.10182707200981
1.23,66,9,636.201996522235,-5.12004820016545
1.23,66,12,614.918573607885,-5.13771186141798
1.23,66,15,593.222026705583,-5.15474624347454
1.23,66,18,571.392550453318,-5.17111571517397
1.23,66,21,549.682437907601,-5.18682934915799
1.23,66,24,528.308587082782,-5.20194610983879
1.23,66,27,507.447524061663,-5.21657545402875
1.23,66,30,487.233300585234,-5.23087281984349
1.23,66,33,467.758354685764,-5.24503041885536
1.23,66,36,449.077097930349,-5.25926465126281
1.23,66,39,431.211666499629,-5.27380206895227
1.23,66,42,414.159018445358,-5.28886593454603
1.23,66,45,397.898439976093,-5.30466504528145
1.23,66,48,382.398568091663,-5.32138576097205
1.23,66,51,367.623227444613,-5.3391873541707
1.23,66,54,353.535660681502,-5.35820014470635
1.23,66,57,340.101033530341,-5.37852554876561
1.23,66,60,327.287356989771,-5.40023718463148
1.23,66,63,315.065150971779,-5.42338243582193
1.23,66,66,303.406264971945,-5.44798422392077
1.23,66,69,292.282280962959,-5.47404304370067
1.23,66,72,281.662872610923,-5.50153947338563
1.23,66,75,271.514407359987,-5.53043737485569
1.23,66,78,261.798976125183,-5.56068788299546
1.23,66,81,252.473936953659,-5.5922341225577
1.23,66,84,243.491976663363,-5.62501645823333
1.23,66,87,234.801635898604,-5.65897802992537
1.23,66,90,226.348211465025,-5.69407036765462
1.23,66,93,218.074944162588,-5.73025900429033
1.23,66,96,209.92441573779,-5.76752917384822
1.23,66,99,201.840107162762,-5.805891857058
1.23,66,102,193.768102704108,-5.84539058045083
1.23,66,105,185.658950679781,-5.88610947220318
1.23,66,108,177.469704751466,-5.92818312627184
1.23,66,111,169.166164811577,-5.97180883629842
1.23,66,114,160.725314184541,-6.01726174184302
1.23,66,117,152.137914653442,-6.06491337069808
1.23,66,120,143.411180676373,-6.11525390109368
1.23,66,123,134.571417483661,-6.1689180492815
1.23,66,126,125.666479033843,-6.22671348561155
1.23,66,129,116.767875401453,-6.2896484918542
1.23,66,132,107.972310939985,-6.3589511776514
1.23,66,135,99.4023117305611,-6.4360645083783
1.23,66,138,91.2053149072559,-6.52258826104006
1.23,66,141,83.5500367141143,-6.6201217702891
1.23,66,144,76.6180882365267,-6.72994940825404
1.23,66,147,70.5880218857569,-6.85253232092742
1.23,66,150,65.6094713491124,-6.98687283488053
1.23,66,153,61.7688268144726,-7.13002012855839
1.23,66,156,59.0556509409435,-7.27715457805676
1.23,66,159,57.3458974361159,-7.42252314440025
1.23,66,162,56.4144449809957,-7.56091687904149
1.23,66,165,55.9737991265252,-7.68891533657942
1.23,66,168,55.7215809377242,-7.80534033782866
1.23,66,171,55.3794607406619,-7.91099089438712
1.23,66,174,54.7166898524424,-8.0080954846415
1.23,66,177,53.5608290690346,-8.0998561396347
1.23,66,180,51.8018228370621,-8.19025276701589
1.23,69,-180,51.8018228370621,-1.85470758227647
1.23,69,-177,48.4209341463795,-1.94214510537168
1.23,69,-174,44.4322247669612,-2.04183888197559
1.23,69,-171,39.9707562706557,-2.16341706179439
1.23,69,-168,35.3144965686201,-2.32134366169652
1.23,69,-165,30.9849441174084,-2.53594918887631
1.23,69,-162,27.8833861241516,-2.82660317165865
1.23,69,-159,27.2395687101855,-3.18291551586979
1.23,69,-156,29.9378663423119,-3.53927888013085
1.23,69,-153,35.8019726576039,-3.82870960068859
1.23,69,-150,44.022208695532,-4.03897276758684
1.23,69,-147,53.8702517858116,-4.18859490254017
1.23,69,-144,64.8785418925696,-4.29736178050059
1.23,69,-141,76.7711522510191,-4.3790330947359
1.23,69,-138,89.3867386046635,-4.44229702720741
1.23,69,-135,102.632031912779,-4.49259231430836
1.23,69,-132,116.45607642045,-4.53339108013431
1.23,69,-129,130.835271536617,-4.56697660308913
1.23,69,-126,145.763817354076,-4.59490346491596
1.23,69,-123,161.247009194253,-4.61827267199121
1.23,69,-120,177.296238430966,-4.63789910379789
1.23,69,-117,193.925193674477,-4.65441478153758
1.23,69,-114,211.147010812351,-4.66833274421077
1.23,69,-111,228.972197694435,-4.68008619701167
1.23,69,-108,247.407166320539,-4.69005202812966
1.23,69,-105,266.453196980267,-4.6985645808557
1.23,69,-102,286.105660047582,-4.70592357967702
1.23,69,-99,306.353339991672,-4.71239877455931
1.23,69,-96,327.17774116213,-4.71823291784514
1.23,69,-93,348.552300224937,-4.72364400112831
1.23,69,-90,370.441478706519,-4.72882719809908
1.23,69,-87,392.79975436342,-4.73395664985122
1.23,69,-84,415.570566811686,-4.73918706201079
1.23,69,-81,438.685297613329,-4.74465502692138
1.23,69,-78,462.062376457315,-4.75048000557224
1.23,69,-75,485.60660386471,-4.75676496963691
1.23,69,-72,509.208769405345,-4.76359678322391
1.23,69,-69,532.745626211246,-4.77104647100905
1.23,69,-66,556.08026119484,-4.77916955542484
1.23,69,-63,579.062878595009,-4.78800663993441
1.23,69,-60,601.53199374653,-4.79758436684111
1.23,69,-57,623.316014755079,-4.80791679486574
1.23,69,-54,644.235172575203,-4.81900714061671
1.23,69,-51,664.103746733864,-4.83084973145677
1.23,69,-48,682.732528589143,-4.8434319484517
1.23,69,-45,699.931471762214,-4.85673591553583
1.23,69,-42,715.512504038643,-4.87073972283138
1.23,69,-39,729.292515442461,-4.88541805247526
1.23,69,-36,741.096584461549,-4.90074218497144
1.23,69,-33,750.761541989596,-4.91667947450013
1.23,69,-30,758.139980110104,-4.93319246317482
1.23,69,-27,763.104773267179,-4.95023783562012
1.23,69,-24,765.554086379488,-4.96776539105721
1.23,69,-21,765.41670762643,-4.98571714387772
1.23,69,-18,762.657388230611,-5.00402658472048
1.23,69,-15,757.281732763241,-5.02261807840242
1.23,69,-12,749.340096832166,-5.04140637361544
1.23,69,-9,738.929940275105,-5.06029626662345
1.23,69,-6,726.196162150448,-5.07918258838599
1.23,69,-3,711.329099076433,-5.09795083848184
1.23,69,0,694.560075576644,-5.11647891833217
1.23,69,3,676.15462061396,-5.13464046169922
1.23,69,6,656.403675537214,-5.15231017093838
1.23,69,9,635.613290621434,-5.16937131519271
1.23,69,12,614.093428602503,-5.18572514179947
1.23,69,15,592.146565291244,-5.20130145209453
1.23,69,18,570.056808082781,-5.21606910201101
1.23,69,21,548.080249568752,-5.23004484316305
1.23,69,24,526.43723124856,-5.2432988588349
1.23,69,27,505.307093983871,-5.25595566324754
1.23,69,30,484.825814980326,-5.26818971954446
1.23,69,33,465.086666099185,-5.28021606742537
1.23,69,36,446.143695949621,-5.29227720276948
1.23,69,39,428.017494906389,-5.30462814672014
1.23,69,42,410.702425886378,-5.31752187068345
1.23,69,45,394.174364883173,-5.33119694824803
1.23,69,48,378.398027895175,-5.34586860574736
1.23,69,51,363.333149135202,-5.36172348672142
1.23,69,54,348.939062069866,-5.37891769951005
1.23,69,57,335.177545273159,-5.39757726804341
1.23,69,60,322.014063249335,-5.41780000646452
1.23,69,63,309.41771762717,-5.43965801861924
1.23,69,66,297.360314861105,-5.46320034526111
1.23,69,69,285.814963885415,-5.48845560274083
1.23,69,72,274.754564349815,-5.5154346787113
1.23,69,75,264.150459159522,-5.5441336382048
1.23,69,78,253.971426895482,-5.57453696929698
1.23,69,81,244.183097570161,-5.60662121724142
1.23,69,84,234.747800673744,-5.64035898157655
1.23,69,87,225.624804220236,-5.67572322820084
1.23,69,90,216.770879797191,-5.71269191509549
1.23,69,93,208.141129655837,-5.75125303384655
1.23,69,96,199.690031966372,-5.79141029527478
1.23,69,99,191.372690520773,-5.83318979361905
1.23,69,102,183.146304398012,-5.87664803221621
1.23,69,105,174.97189046998,-5.92188166201019
1.23,69,108,166.816288762313,-5.96903916815174
1.23,69,111,158.654454187472,-6.01833454626521
1.23,69,114,150.471990896961,-6.07006273832651
1.23,69,117,142.267825954272,-6.12461621126856
1.23,69,120,134.056858284398,-6.18250144676129
1.23,69,123,125.872365248553,-6.24435303951586
1.23,69,126,117.767901802832,-6.31094120419292
1.23,69,129,109.818370028638,-6.3831652948327
1.23,69,132,102.119837050125,-6.462021095527
1.23,69,135,94.7874964443227,-6.54852359539517
1.23,69,138,87.9508876269403,-6.6435624671011
1.23,69,141,81.7451990588036,-6.74767190051231
1.23,69,144,76.2975016328448,-6.86072277813873
1.23,69,147,71.7076943700627,-6.98160477262914
1.23,69,150,68.0263736238768,-7.10804489754218
1.23,69,153,65.2353195492709,-7.23674151051201
1.23,69,156,63.2384244786669,-7.36389076227366
1.23,69,159,61.8685575699332,-7.48595722916123
1.23,69,162,60.9091250601093,-7.60037085280756
1.23,69,165,60.1227012735334,-7.70589081473778
1.23,69,168,59.2778446170755,-7.80260368923013
1.23,69,171,58.1688186621514,-7.89170823703773
1.23,69,174,56.6275868708324,-7.97527688693913
1.23,69,177,54.5303430962356,-8.05612874797091
1.23,69,180,51.8018228370621,-8.13789288945606
1.23,72,-180,51.8018228370621,-1.80234770471664
1.23,72,-177,47.4592405208744,-1.88292489572949
1.23,72,-174,42.527297893712,-1.97812758401228
1.23,72,-171,37.1539082644598,-2.09947161625838
1.23,72,-168,31.6462403809588,-2.26631829773096
1.23,72,-165,26.6258980150003,-2.50967485316245
1.23,72,-162,23.277005844874,-2.86193082292625
1.23,72,-159,23.2266292316015,-3.29543911786029
1.23,72,-156,27.2075250124995,-3.68934981208759
1.23,72,-153,34.3593717211503,-3.97125533464879
1.23,72,-150,43.526546832225,-4.15940737198493
1.23,72,-147,53.9836379260145,-4.28815895386053
1.23,72,-144,65.3462147078673,-4.38070747690796
1.23,72,-141,77.4105540914366,-4.45046048106546
1.23,72,-138,90.067122334676,-4.50512595349645
1.23,72,-135,103.259424852102,-4.54927567990474
1.23,72,-132,116.963334586694,-4.58572756733471
1.23,72,-129,131.175379856456,-4.61628857770588
1.23,72,-126,145.905154312632,-4.64216715845976
1.23,72,-123,161.169859492023,-4.66421092264035
1.23,72,-120,176.990169508453,-4.68304773878251
1.23,72,-117,193.387075029771,-4.69917073686648
1.23,72,-114,210.379525399397,-4.71298932500934
1.23,72,-111,227.98272413511,-4.72485906052794
1.23,72,-108,246.206928254934,-4.73509834697375
1.23,72,-105,265.056594303853,-4.74399716076326
1.23,72,-102,284.529718382157,-4.7518212703089
1.23,72,-99,304.617236692036,-4.75881420333895
1.23,72,-96,325.302384454058,-4.76519833189729
1.23,72,-93,346.559949918009,-4.77117579417867
1.23,72,-90,368.355401744671,-4.77692952151904
1.23,72,-87,390.643907754768,-4.78262436253956
1.23,72,-84,413.369297033046,-4.78840816634806
1.23,72,-81,436.463042611282,-4.79441266842769
1.23,72,-78,459.843356555011,-4.80075407836517
1.23,72,-75,483.414492704371,-4.80753336034175
1.23,72,-72,507.066345318951,-4.81483629208614
1.23,72,-69,530.674416149768,-4.82273345972749
1.23,72,-66,554.100200141763,-4.83128037771954
1.23,72,-63,577.192013190265,-4.84051790779621
1.23,72,-60,599.786256214541,-4.85047309195347
1.23,72,-57,621.709080761553,-4.86116042412023
1.23,72,-54,642.778396086763,-4.87258348290072
1.23,72,-51,662.806141515,-4.88473675642425
1.23,72,-48,681.600747300303,-4.89760743154755
1.23,72,-45,698.969727626234,-4.91117690863665
1.23,72,-42,714.722391976922,-4.92542184437968
1.23,72,-39,728.672719511767,-4.94031461011951
1.23,72,-36,740.64250015678,-4.95582316185115
1.23,72,-33,750.464884205145,-4.97191042305814
1.23,72,-30,757.988477065678,-4.98853335613166
1.23,72,-27,763.082052730575,-5.00564192402649
1.23,72,-24,765.639838608013,-5.02317811784279
1.23,72,-21,765.587163425275,-5.04107516200449
1.23,72,-18,762.886091693499,-5.05925693406948
1.23,72,-15,757.540532043348,-5.07763758379634
1.23,72,-12,749.600237460601,-5.09612133355894
1.23,72,-9,739.1631336585,-5.11460250228454
1.23,72,-6,726.375518472648,-5.13296590964176
1.23,72,-3,711.429852235992,-5.15108795654686
1.23,72,0,694.560075576643,-5.168838795892
1.23,72,3,676.034611931221,-5.18608605028249
1.23,72,6,656.147407204361,-5.20270045356196
1.23,72,9,635.207509885535,-5.21856356165736
1.23,72,12,613.527796968936,-5.23357730052031
1.23,72,15,591.413511077335,-5.24767464242987
1.23,72,18,569.151303473289,-5.26083021979825
1.23,72,21,546.999482012599,-5.27306932627572
1.23,72,24,525.180135016095,-5.28447365527855
1.23,72,27,503.873719537258,-5.29518238852627
1.23,72,30,483.216538804053,-5.30538789014971
1.23,72,33,463.301275490046,-5.31532618401098
1.23,72,36,444.180413542123,-5.32526337583535
1.23,72,39,425.872028108494,-5.33547995314241
1.23,72,42,408.367131489608,-5.34625522295495
1.23,72,45,391.637608461282,-5.35785393760738
1.23,72,48,375.64379599759,-5.37051650149544
1.23,72,51,360.340947528837,-5.38445327666269
1.23,72,54,345.684112687462,-5.39984268498564
1.23,72,57,331.63128186613,-5.41683224763941
1.23,72,60,318.144920279343,-5.43554149075023
1.23,72,63,305.192204613832,-5.45606573658755
1.23,72,66,292.744364283613,-5.47848007139269
1.23,72,69,280.775531242836,-5.50284309749511
1.23,72,72,269.261443175449,-5.52920033586122
1.23,72,75,258.178253383593,-5.55758729930132
1.23,72,78,247.501601530901,-5.58803231379358
1.23,72,81,237.20601054654,-5.62055916805519
1.23,72,84,227.264607767899,-5.65518967154664
1.23,72,87,217.649128495128,-5.69194623803023
1.23,72,90,208.330148567588,-5.73085469871631
1.23,72,93,199.277506066879,-5.77194766860576
1.23,72,96,190.460903314059,-5.81526889926384
1.23,72,99,181.850717679983,-5.86087909499328
1.23,72,102,173.419079634735,-5.90886359346
1.23,72,105,165.141285288873,-5.95934207945307
1.23,72,108,156.997588364141,-6.01248010019263
1.23,72,111,148.975360008594,-6.06850159279229
1.23,72,114,141.071519935822,-6.12770093292435
1.23,72,117,133.295042551149,-6.19045215727064
1.23,72,120,125.669243688064,-6.25721194350333
1.23,72,123,118.233470244688,-6.32851156527209
1.23,72,126,111.043749759852,-6.40493137367757
1.23,72,129,104.171903902074,-6.48704973883692
1.23,72,132,97.7025860535796,-6.57535797561244
1.23,72,135,91.7276968995131,-6.67013606426282
1.23,72,138,86.3377602242065,-6.77129468949891
1.23,72,141,81.6102831610256,-6.87821009576734
1.23,72,144,77.5960580216449,-6.98960590850617
1.23,72,147,74.3057168551321,-7.10355401892795
1.23,72,150,71.7000227317349,-7.21764899515948
1.23,72,153,69.6873421013424,-7.32934533784185
1.23,72,156,68.1298627032101,-7.43636440038598
1.23,72,159,66.8571226930493,-7.53703907478978
1.23,72,162,65.6830972310142,-7.63050286922054
1.23,72,165,64.4227593340918,-7.71671406048184
1.23,72,168,62.9054420608452,-7.79637431938379
1.23,72,171,60.9842428198431,-7.87082402895039
1.23,72,174,58.5421377740928,-7.94198630557925
1.23,72,177,55.4962117535083,-8.0124180068887
1.23,72,180,51.8018228370621,-8.08553301189623
1.23,75,-180,51.8018228370621,-1.74998782715681
1.23,75,-177,46.5129173215343,-1.82330128110365
1.23,75,-174,40.6612044105712,-1.91328531612259
1.23,75,-171,34.4062306062864,-2.03371558112437
1.23,75,-168,28.0859173984038,-2.21060904591831
1.23,75,-165,22.4539669839743,-2.49202224068503
1.23,75,-162,19.1280975569405,-2.93161626263371
1.23,75,-159,20.2209256818698,-3.4530774678818
1.23,75,-156,25.8095832575822,-3.85630386687275
1.23,75,-153,34.1773254125939,-4.1075709408944
1.23,75,-150,44.0769490224165,-4.26531758254219
1.23,75,-147,54.9215996075342,-4.37175924100862
1.23,75,-144,66.4400871084772,-4.44890214201437
1.23,75,-141,78.5010157312617,-4.50814028561241
1.23,75,-138,91.0421810022751,-4.55567285294999
1.23,75,-135,104.040381890031,-4.59505384886825
1.23,75,-132,117.496438206105,-4.62841607130523
1.23,75,-129,131.426308127329,-4.65709412876803
1.23,75,-126,145.854961922895,-4.68196166469057
1.23,75,-123,160.811777258095,-4.7036234698448
1.23,75,-120,176.326998852862,-4.72252856622238
1.23,75,-117,192.429066417389,-4.73903731025024
1.23,75,-114,209.142675012231,-4.75346034476608
1.23,75,-111,226.487425482758,-4.76607989442905
1.23,75,-108,244.476907555388,-4.77716011282875
1.23,75,-105,263.118056089724,-4.78695100584712
1.23,75,-102,282.410635392016,-4.79568900881802
1.23,75,-99,302.34673352636,-4.80359622275176
1.23,75,-96,322.910182784264,-4.81087948573607
1.23,75,-93,344.075859434278,-4.81772983156281
1.23,75,-90,365.808852473945,-4.824322456867
1.23,75,-87,388.063525093844,-4.83081706555067
1.23,75,-84,410.78252197537,-4.8373583578803
1.23,75,-81,433.89579849073,-4.84407644372313
1.23,75,-78,457.319762650722,-4.85108704229076
1.23,75,-75,480.956625983457,-4.85849144302198
1.23,75,-72,504.694054791424,-4.86637630853663
1.23,75,-69,528.405198505024,-4.87481347503274
1.23,75,-66,551.949147945505,-4.88385993326557
1.23,75,-63,575.171844914417,-4.89355815087809
1.23,75,-60,597.907428548593,-4.90393683136025
1.23,75,-57,619.979967958399,-4.91501211182156
1.23,75,-54,641.205501464612,-4.92678910209326
1.23,75,-51,661.394288447383,-4.93926358400557
1.23,75,-48,680.353188314444,-4.95242364160594
1.23,75,-45,697.888116886954,-4.9662509928154
1.23,75,-42,713.806591122269,-4.98072184211675
1.23,75,-39,727.920446657882,-4.99580716206746
1.23,75,-36,740.048878322868,-5.01147241836798
1.23,75,-33,750.021986072945,-5.02767685312848
1.23,75,-30,757.684985371858,-5.04437250952642
1.23,75,-27,762.90315112974,-5.06150320255196
1.23,75,-24,765.567415026255,-5.07900361328558
1.23,75,-21,765.600353216978,-5.09679862179624
1.23,75,-18,762.962124112136,-5.11480292186233
1.23,75,-15,757.65578606993,-5.13292090928138
1.23,75,-12,749.731375489631,-5.15104682952575
1.23,75,-9,739.2881718808,-5.16906522143567
1.23,75,-6,726.474711411494,-5.18685179442575
1.23,75,-3,711.486309010398,-5.20427500105671
1.23,75,0,694.560075576643,-5.22119867345183
1.23,75,3,675.967635056584,-5.23748613247873
1.23,75,6,656.005928443185,-5.25300610814274
1.23,75,9,634.986624485656,-5.26764059966845
1.23,75,12,613.224741031864,-5.28129445442218
1.23,75,15,591.027127784341,-5.29390599537053
1.23,75,18,568.681484303387,-5.30545755995064
1.23,75,21,546.446592194127,-5.31598444888914
1.23,75,24,524.544418466534,-5.3255806561366
1.23,75,27,503.154673847646,-5.33439997003034
1.23,75,30,482.412256140952,-5.34265163547445
1.23,75,33,462.407758810717,-5.35059066629302
1.23,75,36,443.190895009193,-5.35850389484228
1.23,75,39,424.776332259742,-5.36669367105632
1.23,75,42,407.151134167748,-5.37546152961805
1.23,75,45,390.282841081523,-5.38509401291535
1.23,75,48,374.127234884561,-5.39585222896626
1.23,75,51,358.63501467831,-5.40796584912963
1.23,75,54,343.756903196336,-5.42163138045452
1.23,75,57,329.447028186617,-5.4370139042024
1.23,75,60,315.6647044018,-5.45425116083212
1.23,75,63,302.374932798865,-5.47345886322273
1.23,75,66,289.548019933015,-5.49473633068903
1.23,75,69,277.158715446442,-5.51817182789745
1.23,75,72,265.185197261109,-5.54384726088445
1.23,75,75,253.608134224163,-5.5718420726348
1.23,75,78,242.409951707867,-5.60223628980774
1.23,75,81,231.57433645612,-5.63511273253545
1.23,75,84,221.085954391523,-5.6705584560717
1.23,75,87,210.930324241865,-5.70866558287601
1.23,75,90,201.093790577008,-5.74953181782783
1.23,75,93,191.563567383673,-5.79326109554043
1.23,75,96,182.327868231565,-5.83996493168983
1.23,75,99,173.376187487203,-5.88976505987384
1.23,75,102,164.699831654797,-5.94279774463086
1.23,75,105,156.292803021338,-5.99921969968165
1.23,75,108,148.153095667659,-6.05921478071317
1.23,75,111,140.284372101289,-6.12299959933984
1.23,75,114,132.697855749376,-6.19082502707009
1.23,75,117,125.414122033097,-6.262969411959
1.23,75,120,118.464329871607,-6.33971850736449
1.23,75,123,111.890340917866,-6.42132707786354
1.23,75,126,105.743160011956,-6.5079586450242
1.23,75,129,100.079232815498,-6.59960389457096
1.23,75,132,94.9543955862619,-6.69598582048584
1.23,75,135,90.4157235700676,-6.79647043899423
1.23,75,138,86.492158363135,-6.90001259099483
1.23,75,141,83.1854794054186,-7.00516983837144
1.23,75,144,80.4636218788826,-7.11020565800701
1.23,75,147,78.2581669145303,-7.21327461669715
1.23,75,150,76.4668880026389,-7.31264873125669
1.23,75,153,74.9608414878249,-7.40692607816885
1.23,75,156,73.5943058172807,-7.49517253935142
1.23,75,159,72.2154545165664,-7.57697856860435
1.23,75,162,70.6760384408067,-7.65244545563623
1.23,75,165,68.839162780361,-7.72213442569171
1.23,75,168,66.5850188305758,-7.78701521657227
1.23,75,171,63.8149366960673,-7.8484465169799
1.23,75,174,60.4543833187248,-7.90821903588576
1.23,75,177,56.4557109238418,-7.96870248671682
1.23,75,180,51.8018228370621,-8.0331731343364
1.23,78,-180,51.8018228370621,-1.69762794959698
1.23,78,-177,45.5845323776424,-1.76327813209611
1.23,78,-174,38.8389536354955,-1.8472334036261
1.23,78,-171,31.7345331386,-1.96585184344244
1.23,78,-168,24.6406320836211,-2.15410665853328
1.23,78,-165,18.4909437749319,-2.48796786581985
1.23,78,-162,15.5930193298875,-3.05310601981453
1.23,78,-159,18.446295961482,-3.64972613041585
1.23,78,-156,25.6864975582605,-4.01932994527354
1.23,78,-153,35.0044833709886,-4.22498722542478
1.23,78,-150,45.3652504087097,-4.35103362597957
1.23,78,-147,56.3711867901976,-4.43712667080057
1.23,78,-144,67.8553547286111,-4.50119977954642
1.23,78,-141,79.7468492592906,-4.55202314622665
1.23,78,-138,92.0235057433328,-4.59422456515774
1.23,78,-135,104.691882646018,-4.63038886891436
1.23,78,-132,117.776560104118,-4.6620194995837
1.23,78,-129,131.31303151607,-4.69002067460204
1.23,78,-126,145.342322548641,-4.7149588877031
1.23,78,-123,159.906766147266,-4.73721321771954
1.23,78,-120,175.046767715074,-4.75706427813773
1.23,78,-117,190.798469490199,-4.77474642158198
1.23,78,-114,207.192187795331,-4.79047667231775
1.23,78,-111,224.251448045603,-4.80446868596482
1.23,78,-108,241.992418765555,-4.81693738713077
1.23,78,-105,260.423554497892,-4.82809832236915
1.23,78,-102,279.545290201538,-4.8381645751577
1.23,78,-99,299.349674157091,-4.84734311077234
1.23,78,-96,319.819872351048,-4.85583161113261
1.23,78,-93,340.929519009879,-4.86381623555106
1.23,78,-90,362.641923397736,-4.87147031491781
1.23,78,-87,384.90917223467,-4.8789537463726
1.23,78,-84,407.671190634314,-4.88641277412326
1.23,78,-81,430.854842280371,-4.89397987684797
1.23,78,-78,454.373160847636,-4.9017735850921
1.23,78,-75,478.124808029762,-4.9098981781659
1.23,78,-72,501.993847435256,-4.91844332273823
1.23,78,-69,525.849906953908,-4.92748378974921
1.23,78,-66,549.548774924982,-4.93707941023719
1.23,78,-63,572.933439232786,-4.9472754040088
1.23,78,-60,595.835537378589,-4.95810314775683
1.23,78,-57,618.077146451349,-4.96958135864898
1.23,78,-54,639.472813961472,-4.98171757692505
1.23,78,-51,659.831723777345,-4.99450975801641
1.23,78,-48,678.959913925649,-5.00794774843365
1.23,78,-45,696.662516971995,-5.02201442975185
1.23,78,-42,712.746072064363,-5.03668637088648
1.23,78,-39,727.021042984896,-5.05193391923886
1.23,78,-36,739.304743028758,-5.06772076621069
1.23,78,-33,749.424887598358,-5.08400311781243
1.23,78,-30,757.223948327498,-5.10072866439178
1.23,78,-27,762.564362919936,-5.11783556110705
1.23,78,-24,765.334477329341,-5.13525160192578
1.23,78,-21,765.454894673457,-5.1528937079197
1.23,78,-18,762.88472247548,-5.17066777937
1.23,78,-15,757.627089600218,-5.18846890832951
1.23,78,-12,749.733276795986,-5.20618193671854
1.23,78,-9,739.304879220804,-5.22368238546851
1.23,78,-6,726.493582181352,-5.24083786669546
1.23,78,-3,711.498351263258,-5.25751020021797
1.23,78,0,694.560075576643,-5.27355855101166
1.23,78,3,675.953921008538,-5.28884394152468
1.23,78,6,655.979823443035,-5.30323543060734
1.23,78,9,634.951669853969,-5.31661806095887
1.23,78,12,613.185782971593,-5.32890235637549
1.23,78,15,590.98935741377,-5.34003473115463
1.23,78,18,568.649507071561,-5.35000773060511
1.23,78,21,546.423581640182,-5.35886866508031
1.23,78,24,524.531385435012,-5.36672506007377
1.23,78,27,503.149859783921,-5.37374553310972
1.23,78,30,482.410641931419,-5.38015526875865
1.23,78,33,462.400671817829,-5.38622613068553
1.23,78,36,443.165697368367,-5.39226243879169
1.23,78,39,424.716181181733,-5.39858428746426
1.23,78,42,407.034815715456,-5.40551073816728
1.23,78,45,390.084688199126,-5.41334515086344
1.23,78,48,373.817145872274,-5.42236436150318
1.23,78,51,358.178590369203,-5.4328125589302
1.23,78,54,343.115722491876,-5.44489982542784
1.23,78,57,328.579085033229,-5.45880460751483
1.23,78,60,314.525035412412,-5.47467899779032
1.23,78,63,300.91647148918,-5.49265563411903
1.23,78,66,287.722717029912,-5.51285517204542
1.23,78,69,274.918960916162,-5.53539354072776
1.23,78,72,262.485566198934,-5.56038844847843
1.23,78,75,250.407455690516,-5.58796480064523
1.23,78,78,238.673669574203,-5.61825881695091
1.23,78,81,227.277098478373,-5.65142071026168
1.23,78,84,216.214334573332,-5.68761585331158
1.23,78,87,205.485557970987,-5.72702444949721
1.23,78,90,195.094384715851,-5.76983985254371
1.23,78,93,185.047639811896,-5.81626582804264
1.23,78,96,175.35507317251,-5.86651315837555
1.23,78,99,166.029092342897,-5.92079596580704
1.23,78,102,157.084623296722,-5.97932785208607
1.23,78,105,148.539207953269,-6.04231733075339
1.23,78,108,140.413386599816,-6.1099610433447
1.23,78,111,132.731289151689,-6.18243204318539
1.23,78,114,125.521185101645,-6.25985937980488
1.23,78,117,118.815557686796,-6.34229499293959
1.23,78,120,112.650138496933,-6.42966544536201
1.23,78,123,107.061346950839,-6.52171019696635
1.23,78,126,102.081803489914,-6.61791521564992
1.23,78,129,97.734061622494,-6.71745933395779
1.23,78,132,94.0233677123479,-6.8191969683303
1.23,78,135,90.9308975878605,-6.9216988909771
1.23,78,138,88.4092089097935,-7.02335876999159
1.23,78,141,86.3813118573072,-7.12255018386597
1.23,78,144,84.7438108723449,-7.21779800460668
1.23,78,147,83.3734007378192,-7.30792212886424
1.23,78,150,82.1351689186534,-7.3921243174175
1.23,78,153,80.8910026077326,-7.47001197088256
1.23,78,156,79.5068464957689,-7.54157289410224
1.23,78,159,77.8582505997616,-7.60712460544928
1.23,78,162,75.8342397383057,-7.66726111638091
1.23,78,165,73.3398666319016,-7.72281475149555
1.23,78,168,70.2979014991949,-7.77484602773857
1.23,78,171,66.6500761533722,-7.82467465907816
1.23,78,174,62.3582674932747,-7.87397263695745
1.23,78,177,57.4060974410949,-7.92496216765175
1.23,78,180,51.8018228370621,-7.98081325677657
1.23,81,-180,51.8018228370621,-1.64526807203715
1.23,81,-177,44.676573813,-1.70286138859098
1.23,81,-174,37.0653522676689,-1.77988755747762
1.23,81,-171,29.1452340558207,-1.89550589484925
1.23,81,-168,21.3162600370935,-2.09664481712991
1.23,81,-165,14.7684840446376,-2.50665086823232
1.23,81,-162,12.9230508658024,-3.24613347521585
1.23,81,-159,17.9953322289992,-3.85897392585212
1.23,81,-156,26.6017450916084,-4.15909021025784
1.23,81,-153,36.5285028177087,-4.31693656855361
1.23,81,-150,47.0911951453378,-4.41500946150508
1.23,81,-147,58.0558986772599,-4.48438982375262
1.23,81,-144,69.3350764509614,-4.53826581401868
1.23,81,-141,80.905045005062,-4.58293044503499
1.23,81,-138,92.7776666981993,-4.62163494259092
1.23,81,-135,104.987251682075,-4.65613383367188
1.23,81,-132,117.582269453958,-4.68738774484993
1.23,81,-129,130.618896457551,-4.71592065015403
1.23,81,-126,144.155663821865,-4.74201894372173
1.23,81,-123,158.249148410563,-4.76584944453577
1.23,81,-120,172.950770412464,-4.78753067946981
1.23,81,-117,188.304675334213,-4.80717437942444
1.23,81,-114,204.346548631851,-4.82490688891424
1.23,81,-111,221.1031161295,-4.84087706881359
1.23,81,-108,238.592050684986,-4.85525568541484
1.23,81,-105,256.822030130429,-4.86823015779828
1.23,81,-102,275.792752004626,-4.8799975163475
1.23,81,-99,295.494783496744,-4.89075745992983
1.23,81,-96,315.909193032795,-4.90070654899714
1.23,81,-93,337.006964417582,-4.91003390427182
1.23,81,-90,358.748233855331,-4.91891832925792
1.23,81,-87,381.081416907491,-4.92752653305383
1.23,81,-84,403.942309862879,-4.93601206126594
1.23,81,-81,427.25326047734,-4.94451459489539
1.23,81,-78,450.922507221926,-4.95315939472407
1.23,81,-75,474.843783093281,-4.96205680329721
1.23,81,-72,498.896267867397,-4.97130183134804
1.23,81,-69,522.944949828159,-4.98097392772734
1.23,81,-66,546.841424318018,-4.99113705261524
1.23,81,-63,570.425114336112,-5.00184014591984
1.23,81,-60,593.5248535524,-5.01311801838832
1.23,81,-57,615.960733527693,-5.02499261009647
1.23,81,-54,637.546095785593,-5.03747448014868
1.23,81,-51,658.089556406471,-5.05056433202746
1.23,81,-48,677.39699258265,-5.06425435596562
1.23,81,-45,695.273495524484,-5.07852919038535
1.23,81,-42,711.525389824097,-5.09336636687509
1.23,81,-39,725.962512825891,-5.10873619573111
1.23,81,-36,738.40100924408,-5.12460115243716
1.23,81,-33,748.666898091331,-5.14091491672394
1.23,81,-30,756.600593546396,-5.15762127444196
1.23,81,-27,762.0624097407,-5.17465310599309
1.23,81,-24,764.938873954005,-5.19193165343519
1.23,81,-21,765.149453362434,-5.20936619458421
1.23,81,-18,762.653115197209,-5.22685417920389
1.23,81,-15,757.454032062581,-5.24428182561896
1.23,81,-12,749.605739883598,-5.26152515719859
1.23,81,-9,739.213158926912,-5.27845148726152
1.23,81,-6,726.432078824405,-5.29492143298646
1.23,81,-3,711.465950170813,-5.31079163322937
1.23,81,0,694.560075576643,-5.32591842857149
1.23,81,3,675.99351441106,-5.3401627946489
1.23,81,6,656.069183395916,-5.35339676360037
1.23,81,9,635.102742009355,-5.36551139651936
1.23,81,12,613.410904793228,-5.37642607759183
1.23,81,15,591.299838683523,-5.38609851605528
1.23,81,18,569.054299112037,-5.39453443187982
1.23,81,21,546.928141527532,-5.40179556807148
1.23,81,24,525.136807654769,-5.40800453909958
1.23,81,27,503.852306187153,-5.41334519888895
1.23,81,30,483.201058547367,-5.41805773990938
1.23,81,33,463.26474623375,-5.42242856122324
1.23,81,36,444.083989873205,-5.42677589709316
1.23,81,39,425.664359747548,-5.4314330307
1.23,81,42,407.9839372294,-5.43673138812997
1.23,81,45,391.001490303165,-5.44298577750222
1.23,81,48,374.6643383287,-5.45048353008238
1.23,81,51,358.915156809772,-5.45947848690736
1.23,81,54,343.697260610095,-5.47018990112138
1.23,81,57,328.958226115056,-5.48280561335262
1.23,81,60,314.651993622463,-5.49748843038234
1.23,81,63,300.739779653625,-5.51438450842374
1.23,81,66,287.190207488058,-5.53363263891487
1.23,81,69,273.97904536014,-5.55537354805641
1.23,81,72,261.088855858502,-5.57975855104173
1.23,81,75,248.508742867957,-5.60695708264486
1.23,81,78,236.234265248868,-5.6371627336795
1.23,81,81,224.267491429909,-5.67059746731206
1.23,81,84,212.617108127691,-5.70751369746915
1.23,81,87,201.29847281447,-5.74819391112766
1.23,81,90,190.333510179177,-5.79294751958003
1.23,81,93,179.750389616026,-5.84210461685615
1.23,81,96,169.582971347823,-5.89600626088972
1.23,81,99,159.870056416094,-5.95499070447782
1.23,81,102,150.654499952929,-6.01937462263112
1.23,81,105,141.98222660666,-6.0894278150039
1.23,81,108,133.901106819551,-6.16533929385452
1.23,81,111,126.459516414141,-6.24717260679549
1.23,81,114,119.704246530513,-6.33480958741705
1.23,81,117,113.677336776168,-6.42788556388705
1.23,81,120,108.411486359765,-6.5257259227313
1.23,81,123,103.924058391056,-6.62730247433774
1.23,81,126,100.210330778614,-6.73123389909243
1.23,81,129,97.2373651926637,-6.8358511068673
1.23,81,132,94.9402736170437,-6.93933145527967
1.23,81,135,93.2223804462558,-7.03987981176447
1.23,81,138,91.9597599500459,-7.1359131231554
1.23,81,141,91.0093086392024,-7.22620245256471
1.23,81,144,90.2185517775513,-7.30994450024216
1.23,81,147,89.4352005525696,-7.38676172606216
1.23,81,150,88.5149976946312,-7.4566511736063
1.23,81,153,87.3272116645969,-7.51990953095695
1.23,81,156,85.7578621983071,-7.57705811545857
1.23,81,159,83.7111835594231,-7.62878294177235
1.23,81,162,81.1099556597259,-7.6758973718442
1.23,81,165,77.8952588059165,-7.71933073616184
1.23,81,168,74.0260535955714,-7.76014649344212
1.23,81,171,69.4788487418698,-7.79959852658916
1.23,81,174,64.2476663889652,-7.83924648085534
1.23,81,177,58.344618721478,-7.88117837462841
1.23,81,180,51.8018228370621,-7.92845337921674
1.23,84,-180,51.8018228370621,-1.59290819447732
1.23,84,-177,43.7914440885314,-1.64205933588091
1.23,84,-174,35.3450096960657,-1.71115836551458
1.23,84,-171,26.644456914228,-1.82220073125904
1.23,84,-168,18.1174622320723,-2.03795534441012
1.23,84,-165,11.3435316665036,-2.56624437346525
1.23,84,-162,11.4456985565242,-3.5117482218117
1.23,84,-159,18.7144485239231,-4.0453815704093
1.23,84,-156,28.2319547878339,-4.26595324065182
1.23,84,-153,38.4559155349069,-4.38263239401758
1.23,84,-150,49.0041791468098,-4.4583990518653
1.23,84,-147,59.7560281181502,-4.51497432478154
1.23,84,-144,70.6800100123591,-4.56142459834826
1.23,84,-141,81.7898065469794,-4.60203230498438
1.23,84,-138,93.1278790488287,-4.63894711796217
1.23,84,-135,104.756126978711,-4.67324775683606
1.23,84,-132,116.748399004468,-4.70543508789117
1.23,84,-129,129.183719196033,-4.73569354880603
1.23,84,-126,142.140301339329,-4.76404562322525
1.23,84,-123,155.690710323726,-4.79044908030098
1.23,84,-120,169.898434536944,-4.81485817247526
1.23,84,-117,184.815895688898,-4.83725916346314
1.23,84,-114,200.483686248741,-4.85768680592486
1.23,84,-111,216.93067160989,-4.87622721566123
1.23,84,-108,234.174549621572,-4.89301201976041
1.23,84,-105,252.222506937436,-4.90820794569424
1.23,84,-102,271.071711551852,-4.92200505041855
1.23,84,-99,290.709495208887,-4.93460570997024
1.23,84,-96,311.113180875021,-4.94621549326519
1.23,84,-93,332.249586438979,-4.95703626347853
1.23,84,-90,354.074284972532,-4.9672613385803
1.23,84,-87,376.530729248345,-4.97707228405278
1.23,84,-84,399.549360314116,-4.98663685067803
1.23,84,-81,423.046821834762,-4.99610763930712
1.23,84,-78,446.925395990001,-5.00562120664242
1.23,84,-75,471.072762798323,-5.0152974682142
1.23,84,-72,495.362161319426,-5.02523937067356
1.23,84,-69,519.652997031949,-5.03553287572227
1.23,84,-66,543.791895529733,-5.04624731729103
1.23,84,-63,567.614152584902,-5.05743616787415
1.23,84,-60,590.945482540455,-5.06913819272699
1.23,84,-57,613.603932144052,-5.08137889968528
1.23,84,-54,635.40181772952,-5.09417212658296
1.23,84,-51,656.147570209904,-5.10752156477501
1.23,84,-48,675.647438256327,-5.12142200874828
1.23,84,-45,693.707098643663,-5.13586015393005
1.23,84,-42,710.133335557904,-5.15081483469539
1.23,84,-39,724.736049327734,-5.16625669050722
1.23,84,-36,737.33090733427,-5.18214735128609
1.23,84,-33,747.742928624727,-5.19843832155998
1.23,84,-30,755.811186340162,-5.21506979717153
1.23,84,-27,761.394626777462,-5.23196965691504
1.23,84,-24,764.378770854733,-5.249052835033
1.23,84,-21,764.682828962554,-5.26622121210323
1.23,84,-18,762.266574372043,-5.28336408366031
1.23,84,-15,757.136225756715,-5.30035920281618
1.23,84,-12,749.348608744615,-5.31707436547708
1.23,84,-9,739.012997723671,-5.33336952405639
1.23,84,-6,726.290257204986,-5.34909947326711
1.23,84,-3,711.38916632268,-5.36411723078578
1.23,84,0,694.560075576643,-5.37827830613132
1.23,84,3,676.08627333,-5.39144607692762
1.23,84,6,656.273606838809,-5.40349843825681
1.23,84,9,635.439002022605,-5.4143357339534
1.23,84,12,613.89856628253,-5.42388971465511
1.23,84,15,591.955956854451,-5.43213292206284
1.23,84,18,569.891671113819,-5.4390875334445
1.23,84,21,547.95387425426,-5.44483240925851
1.23,84,24,526.351319348357,-5.44950698152306
1.23,84,27,505.248817343096,-5.45331079872006
1.23,84,30,484.765557822564,-5.45649804565278
1.23,84,33,464.976353243513,-5.45936713075
1.23,84,36,445.915592511009,-5.46224632145952
1.23,84,39,427.583387962727,-5.46547718355483
1.23,84,42,409.953149176847,-5.46939802171581
1.23,84,45,392.979683438876,-5.47432949893199
1.23,84,48,376.606945353728,-5.48056414924212
1.23,84,51,360.774732152822,-5.48836074567417
1.23,84,54,345.423899004957,-5.49794366465511
1.23,84,57,330.499977695765,-5.50950670232907
1.23,84,60,315.955350923077,-5.52322036702829
1.23,84,63,301.750313837061,-5.53924151444275
1.23,84,66,287.853426646134,-5.55772424817922
1.23,84,69,274.241538346824,-5.57883118190853
1.23,84,72,260.899771604708,-5.60274435583039
1.23,84,75,247.821638245541,-5.6296752513671
1.23,84,78,235.009335518079,-5.65987341800737
1.23,84,81,222.474177515709,-5.69363320538148
1.23,84,84,210.237055079354,-5.73129798520775
1.23,84,87,198.328792480405,-5.77326105351181
1.23,84,90,186.790273959529,-5.81996211304518
1.23,84,93,175.672236055792,-5.87187782448083
1.23,84,96,165.034646819984,-5.92950435937139
1.23,84,99,154.945601909011,-5.99332921384307
1.23,84,102,145.479641765789,-6.0637889256571
1.23,84,105,136.715322598305,-6.14120927004138
1.23,84,108,128.731767585694,-6.22572597853836
1.23,84,111,121.603837098561,-6.31718850243117
1.23,84,114,115.395598565902,-6.4150581438642
1.23,84,117,110.152095354067,-6.51832441226567
1.23,84,120,105.890098826966,-6.62547476818778
1.23,84,123,102.589446516044,-6.73455308372176
1.23,84,126,100.187265060457,-6.84332175230489
1.23,84,129,98.5772439419404,-6.94950361683423
1.23,84,132,97.614904545782,-7.05104257001936
1.23,84,135,97.1279759154797,-7.14631128882164
1.23,84,138,96.9295165797065,-7.2342191987546
1.23,84,141,96.8310244718408,-7.31421593010191
1.23,84,144,96.653416210508,-7.38621907718468
1.23,84,147,96.2348553692556,-7.45050662828344
1.23,84,150,95.4353889022739,-7.50760780139523
1.23,84,153,94.1389440817227,-7.55821227632433
1.23,84,156,92.2534564950738,-7.6031055692522
1.23,84,159,89.7098698566313,-7.64313089059615
1.23,84,162,86.4605966465668,-7.67917509848382
1.23,84,165,82.4778429482631,-7.712177103458
1.23,84,168,77.7520365214605,-7.74316058849949
1.23,84,171,72.2904904504282,-7.77329985990861
1.23,84,174,66.1164165858283,-7.80404137655621
1.23,84,177,59.2685226654269,-7.83733370854223
1.23,84,180,51.8018228370621,-7.87609350165691
1.23,87,-180,51.8018228370621,-1.54054831691749
1.23,87,-177,42.9314544694397,-1.58088289078553
1.23,87,-174,33.6823460972077,-1.64095222580971
1.23,87,-171,24.2381761119581,-1.74532236042515
1.23,87,-168,15.0477288446374,-1.97757567797236
1.23,87,-165,8.34129564382335,-2.70540709367216
1.23,87,-162,11.3551233197377,-3.80009647407343
1.23,87,-159,20.2671704228359,-4.18743133300865
1.23,87,-156,30.2741896336392,-4.3396646699604
1.23,87,-153,40.5538914461019,-4.42455254007251
1.23,87,-150,50.9161278289769,-4.4835242168273
1.23,87,-147,61.3109256234721,-4.53073421571968
1.23,87,-144,71.746806725806,-4.5721332677285
1.23,87,-141,82.2690225400251,-4.61050057086875
1.23,87,-138,92.9496044720856,-4.64714641341029
1.23,87,-135,103.879491208455,-4.68260913987401
1.23,87,-132,115.160611342867,-4.71699431517051
1.23,87,-129,126.897943197682,-4.7501697539856
1.23,87,-126,139.192250758913,-4.78189344168359
1.23,87,-123,152.134252427964,-4.81190235636305
1.23,87,-120,165.800704614791,-4.83997214077527
1.23,87,-117,180.252473363821,-4.86595206194917
1.23,87,-114,195.534291799685,-4.8897792504297
1.23,87,-111,211.675667830017,-4.91147715397481
1.23,87,-108,228.692346126023,-4.93114370766995
1.23,87,-105,246.587807873351,-4.94893437401995
1.23,87,-102,265.354448072631,-4.96504411465421
1.23,87,-99,284.974242520111,-4.97969095294515
1.23,87,-96,305.418864527693,-4.99310246751503
1.23,87,-93,326.649317648655,-5.0055055496324
1.23,87,-90,348.615215025957,-5.01711912890736
1.23,87,-87,371.2538670312,-5.02814927897755
1.23,87,-84,394.489346883988,-5.03878606601464
1.23,87,-81,418.231696802353,-5.04920159853044
1.23,87,-78,442.376418990025,-5.05954889334386
1.23,87,-75,466.804367218455,-5.06996132999232
1.23,87,-72,491.382115192592,-5.08055258874528
1.23,87,-69,515.962827254476,-5.09141704018091
1.23,87,-66,540.387597941088,-5.10263057628658
1.23,87,-63,564.487166160558,-5.11425185328149
1.23,87,-60,588.083858095837,-5.12632386954381
1.23,87,-57,610.993583858361,-5.13887574538006
1.23,87,-54,633.027719449202,-5.15192452217579
1.23,87,-51,653.994756129808,-5.16547677186433
1.23,87,-48,673.701693183907,-5.17952981452239
1.23,87,-45,691.955274479721,-5.19407238673313
1.23,87,-42,708.563299193979,-5.20908468260547
1.23,87,-39,723.336339115901,-5.22453779102143
1.23,87,-36,736.090234941289,-5.24039265799488
1.23,87,-33,746.649696766485,-5.25659879024857
1.23,87,-30,754.853192523054,-5.27309296622988
1.23,87,-27,760.559088322199,-5.28979822315499
1.23,87,-24,763.652744288697,-5.30662334479497
1.23,87,-21,764.05401995477,-5.32346299841457
1.23,87,-18,761.724457513443,-5.34019858296811
1.23,87,-15,756.673330140238,-5.3566997788971
1.23,87,-12,748.96178513899,-5.37282675218212
1.23,87,-9,738.704470880296,-5.38843297049371
1.23,87,-6,726.068282495025,-5.40336863263939
1.23,87,-3,711.268149877578,-5.41748477612749
1.23,87,0,694.560075576643,-5.43063818369115
1.23,87,3,676.231870120047,-5.44269722551944
1.23,87,6,656.592203736721,-5.45354871950779
1.23,87,9,635.958689296802,-5.46310574728726
1.23,87,12,614.645739746806,-5.47131612848066
1.23,87,15,592.95292159171,-5.4781709558718
1.23,87,18,571.15447229235,-5.48371228736706
1.23,87,21,549.490575303931,-5.48803886165444
1.23,87,24,528.160891895115,-5.49130865014785
1.23,87,27,507.320723038726,-5.49373725823579
1.23,87,30,487.080003074067,-5.49559167102379
1.23,87,33,467.505103357965,-5.49717954656644
1.23,87,36,448.623162625988,-5.49883504908553
1.23,87,39,430.428399637715,-5.50090288750069
1.23,87,42,412.889658049479,-5.50372259411132
1.23,87,45,395.958336691838,-5.50761504128976
1.23,87,48,379.57590045339,-5.51287277214246
1.23,87,51,363.680340515168,-5.51975504904779
1.23,87,54,348.211214416312,-5.52848779226843
1.23,87,57,333.113182230915,-5.53926796329414
1.23,87,60,318.338201654669,-5.55227154856956
1.23,87,63,303.846707826098,-5.56766413819329
1.23,87,66,289.60816694791,-5.58561312302611
1.23,87,69,275.60136619806,-5.60630067030966
1.23,87,72,261.814713463622,-5.6299367974758
1.23,87,75,248.246702846053,-5.65677197756823
1.23,87,78,234.906586156344,-5.68710872938299
1.23,87,81,221.815197938746,-5.72131153624685
1.23,87,84,209.005821560983,-5.75981416427903
1.23,87,87,196.524955089563,-5.80312296459574
1.23,87,90,184.432827170887,-5.85181397377311
1.23,87,93,172.803506762892,-5.90652049752666
1.23,87,96,161.724423013312,-5.96790636137732
1.23,87,99,151.295038674217,-6.03661835764195
1.23,87,102,141.624287500311,-6.11321038149121
1.23,87,105,132.826210693482,-6.19803309697722
1.23,87,108,125.013097325817,-6.29108969081501
1.23,87,111,118.285542667015,-6.39187357744281
1.23,87,114,112.719459983909,-6.49922766179608
1.23,87,117,108.351381580163,-6.61128744958479
1.23,87,120,105.165063556636,-6.72557086529596
1.23,87,123,103.08348024436,-6.83923622161346
1.23,87,126,101.969571031685,-6.94945465495711
1.23,87,129,101.636381480225,-7.05378145399181
1.23,87,132,101.863949776362,-7.15041127716015
1.23,87,135,102.418433213244,-7.23826489297342
1.23,87,138,103.069353449107,-7.31693018797512
1.23,87,141,103.60263447243,-7.38652109840321
1.23,87,144,103.828961447662,-7.44751702450899
1.23,87,147,103.588129372197,-7.50062228346716
1.23,87,150,102.75044497901,-7.54666130165544
1.23,87,153,101.216194526264,-7.58650998981472
1.23,87,156,98.9139748971231,-7.62105724122882
1.23,87,159,95.7984551914656,-7.65118959411491
1.23,87,162,91.8479406193289,-7.67779397408888
1.23,87,165,87.0619582500596,-7.70177662791809
1.23,87,168,81.4589770544246,-7.72410079270469
1.23,87,171,75.0743203166174,-7.74585270385988
1.23,87,174,67.9583429855288,-7.76835925826754
1.23,87,177,60.1750677667207,-7.79341197536413
1.23,87,180,51.8018228370621,-7.82373362409708
1.23,90,-180,51.8018228370622,-1.48818843935766
1.23,90,-177,42.0988198884342,-1.51934589216816
1.23,90,-174,32.0816024474471,-1.56917288186431
1.23,90,-171,21.9324293007798,-1.66407222111737
1.23,90,-168,12.1094697572548,-1.91463790602154
1.23,90,-165,6.07442642016423,-3.00030473313978
1.23,90,-162,12.4501253379701,-4.03813887642362
1.23,90,-159,22.3055659554412,-4.28315929656444
1.23,90,-156,32.497872841045,-4.38465339450124
1.23,90,-153,42.6571177112533,-4.4462219909735
1.23,90,-150,52.6975525807865,-4.49288237792779
1.23,90,-147,62.6126496488404,-4.53344804007726
1.23,90,-144,72.4413084787155,-4.5716873811028
1.23,90,-141,82.2576220742438,-4.6093133725868
1.23,90,-138,92.1639152143332,-4.64701663451374
1.23,90,-135,102.282884636623,-4.68490333235325
1.23,90,-132,112.748322116238,-4.722726379563
1.23,90,-129,123.695210018302,-4.76003886602315
1.23,90,-126,135.250469988227,-4.7963126399351
1.23,90,-123,147.525592605631,-4.83103241453558
1.23,90,-120,160.611924678077,-4.86376446840131
1.23,90,-117,174.57875527951,-4.89419791080514
1.23,90,-114,189.473761984612,-4.92215979027826
1.23,90,-111,205.325025228459,-4.94760914422901
1.23,90,-108,222.143737882065,-4.97061725362162
1.23,90,-105,239.926869999716,-4.99134138748849
1.23,90,-102,258.659290318046,-5.0099978052998
1.23,90,-99,278.31510116416,-5.02683767465504
1.23,90,-96,298.858153603887,-5.042127606267
1.23,90,-93,320.241854142548,-5.05613508454634
1.23,90,-90,342.408457136214,-5.06911824516627
1.23,90,-87,365.288072939086,-5.08131911164269
1.23,90,-84,388.79762591043,-5.09295938576447
1.23,90,-81,412.839979572655,-5.10423803869034
1.23,90,-78,437.303413958223,-5.1153301576633
1.23,90,-75,462.061594120882,-5.12638669747646
1.23,90,-72,486.974109208804,-5.1375349310912
1.23,90,-69,511.887590136553,-5.14887947981526
1.23,90,-66,536.637336129186,-5.16050383503953
1.23,90,-63,561.049306305709,-5.17247227369587
1.23,90,-60,584.942276148747,-5.18483203486663
1.23,90,-57,608.129935911256,-5.19761558267598
1.23,90,-54,630.42273202331,-5.21084274713415
1.23,90,-51,651.629329346101,-5.22452252402209
1.23,90,-48,671.557696001103,-5.23865433710618
1.23,90,-45,690.015964036198,-5.25322862470805
1.23,90,-42,706.813366657145,-5.26822670370085
1.23,90,-39,721.761657863511,-5.28361997459679
1.23,90,-36,734.677447391093,-5.29936864186165
1.23,90,-33,745.385810175365,-5.31542021154275
1.23,90,-30,753.725353834165,-5.3317080745829
1.23,90,-27,759.554673459233,-5.34815047884166
1.23,90,-24,762.759835258858,-5.36465013868349
1.23,90,-21,763.262265931369,-5.38109464336404
1.23,90,-18,761.026237905204,-5.39735772788975
1.23,90,-15,756.065071566719,-5.41330138735974
1.23,90,-12,748.445239934224,-5.42877876693936
1.23,90,-9,738.287747690952,-5.44363775230395
1.23,90,-6,725.766431109733,-5.45772521407048
1.23,90,-3,711.103140768971,-5.47089190667556
1.23,90,0,694.560075576643,-5.48299806125098
1.23,90,3,676.429793271403,-5.4939197144127
1.23,90,6,657.023603206783,-5.50355575564156
1.23,90,9,636.659143199068,-5.51183554159058
1.23,90,12,615.647960032332,-5.51872672124473
1.23,90,15,594.283868929485,-5.52424267043247
1.23,90,18,572.83277941051,-5.52844870207939
1.23,90,21,551.524557793251,-5.5314660733467
1.23,90,24,530.547356366425,-5.5334728292903
1.23,90,27,510.044674526469,-5.53470076010386
1.23,90,30,490.11522408075,-5.53542821089668
1.23,90,33,470.815451715433,-5.53596910616377
1.23,90,36,452.164342291787,-5.53665920727107
1.23,90,39,434.149918934756,-5.53784114927331
1.23,90,42,416.736710770118,-5.53985006280526
1.23,90,45,399.873413017018,-5.54300151017649
1.23,90,48,383.500033675689,-5.54758308300483
1.23,90,51,367.553994491636,-5.55385043639556
1.23,90,54,351.974892909536,-5.56202792402914
1.23,90,57,336.707883396891,-5.5723134850693
1.23,90,60,321.705849552841,-5.58488709815893
1.23,90,63,306.930677201189,-5.59992197500146
1.23,90,66,292.35399019441,-5.61759767869125
1.23,90,69,277.957683607435,-5.63811445411942
1.23,90,72,263.734507031249,-5.66170817706129
1.23,90,75,249.688843339304,-5.68866539840698
1.23,90,78,235.837722654821,-5.71933791993203
1.23,90,81,222.212025950121,-5.75415612316121
1.23,90,84,208.857774969501,-5.79363979644975
1.23,90,87,195.837369927233,-5.83840434015441
1.23,90,90,183.230606715663,-5.88915880286474
1.23,90,93,171.135253187049,-5.94669003706367
1.23,90,96,159.666853104664,-6.01182434487454
1.23,90,99,148.957221173439,-6.0853548719228
1.23,90,102,139.150785425842,-6.16792161897618
1.23,90,105,130.397602864865,-6.25983554526199
1.23,90,108,122.841774779556,-6.36085542152267
1.23,90,111,116.604595443151,-6.46996069357727
1.23,90,114,111.763581711249,-6.58520778211514
1.23,90,117,108.331430894833,-6.70377882459784
1.23,90,120,106.241449665535,-6.82228593204914
1.23,90,123,105.345639470459,-6.9372743587138
1.23,90,126,105.427345529878,-7.04574966528607
1.23,90,129,106.224506337633,-7.14553934456327
1.23,90,132,107.456124952975,-7.23540208013937
1.23,90,135,108.845394560404,-7.31492585591553
1.23,90,138,110.136238423272,-7.38431995028592
1.23,90,141,111.103157528798,-7.44419545502192
1.23,90,144,111.555886954617,-7.49538628573403
1.23,90,147,111.340627557139,-7.53882489974323
1.23,90,150,110.33924758776,-7.5754665057814
1.23,90,153,108.467368754192,-7.60624916941391
1.23,90,156,105.671881635516,-7.63207814031401
1.23,90,159,101.928201239746,-7.65382617244916
1.23,90,162,97.2374337916669,-7.67234538155053
1.23,90,165,91.6235411573404,-7.68848983048265
1.23,90,168,85.1305414661443,-7.70315217326441
1.23,90,171,77.8197731929563,-7.71732407199063
1.23,90,174,69.7672860411406,-7.73220292856433
1.23,90,177,61.0615333676491,-7.74939811441364
1.23,90,180,51.8018228370622,-7.77137374653724
1.23,93,-180,51.8018228370623,-1.43582856179783
1.23,93,-177,41.2956541768267,-1.45746538865912
1.23,93,-174,30.5468512163456,-1.49572375328798
1.23,93,-171,19.7336245186722,-1.57740162271044
1.23,93,-168,9.30420463708149,-1.84731731998297
1.23,93,-165,5.18867068408953,-3.49494463169134
1.23,93,-162,14.2792282691589,-4.19762046894031
1.23,93,-159,24.5693359201767,-4.34035240791377
1.23,93,-156,34.74786051506,-4.40633751021591
1.23,93,-153,44.6583096007673,-4.45102647397676
1.23,93,-150,54.2677588404718,-4.48867907622037
1.23,93,-147,63.59736222584,-4.5245922208799
1.23,93,-144,72.7109890864418,-4.56108631609084
1.23,93,-141,81.7106652397762,-4.59915825481147
1.23,93,-138,90.7308236376309,-4.63906006110288
1.23,93,-135,99.929621580715,-4.68055287077457
1.23,93,-132,109.477561530913,-4.72306121252599
1.23,93,-129,119.544769628833,-4.76580339759944
1.23,93,-126,130.288867487424,-4.80791762328035
1.23,93,-123,141.845325221555,-4.84857831375812
1.23,93,-120,154.321537819312,-4.88708872075001
1.23,93,-117,167.794893851576,-4.92293858989514
1.23,93,-114,182.314195376881,-4.95582431442377
1.23,93,-111,197.903239858743,-4.98563766685719
1.23,93,-108,214.565270657531,-5.01243413015384
1.23,93,-105,232.287233264598,-5.03639231479195
1.23,93,-102,251.043156350604,-5.05777339321077
1.23,93,-99,270.796355572888,-5.07688590116507
1.23,93,-96,291.500451334909,-5.09405808429189
1.23,93,-93,313.099379979297,-5.10961781661103
1.23,93,-90,335.526677186381,-5.1238789922805
1.23,93,-87,358.70434906282,-5.13713292444092
1.23,93,-84,382.541643270849,-5.14964336375998
1.23,93,-81,406.934003784287,-5.16164402660923
1.23,93,-78,431.762444893499,-5.17333783946008
1.23,93,-75,456.893514755329,-5.18489737802313
1.23,93,-72,482.179937134708,-5.19646617447878
1.23,93,-69,507.461925602836,-5.20816068190585
1.23,93,-66,532.569065707032,-5.22007273498488
1.23,93,-63,557.322571210163,-5.23227234938362
1.23,93,-60,581.537657997311,-5.24481067905416
1.23,93,-57,605.025761654336,-5.2577229199907
1.23,93,-54,627.596365443402,-5.27103092784236
1.23,93,-51,649.058307880666,-5.28474531935672
1.23,93,-48,669.220592698059,-5.2988668638411
1.23,93,-45,687.89290268001,-5.31338704407848
1.23,93,-42,704.886184477496,-5.32828777131318
1.23,93,-39,720.0137809711,-5.34354036173143
1.23,93,-36,733.09360377826,-5.35910400072354
1.23,93,-33,743.951740461936,-5.37492401205305
1.23,93,-30,752.42768288667,-5.39093029197468
1.23,93,-27,758.381075522206,-5.40703625395185
1.23,93,-24,761.699567128253,-5.42313856254737
1.23,93,-21,762.307067841473,-5.43911783295803
1.23,93,-18,760.171523371838,-5.45484036099855
1.23,93,-15,755.311258176019,-5.47016085272293
1.23,93,-12,747.799023284422,-5.48492606166907
1.23,93,-9,737.763097255783,-5.49897922118637
1.23,93,-6,725.385093055747,-5.51216517234819
1.23,93,-3,710.894468953687,-5.52433611629255
1.23,93,0,694.560075576643,-5.53535793881081
1.23,93,3,676.679350235954,-5.54511703980614
1.23,93,6,657.565964738833,-5.55352753273231
1.23,93,9,637.536832463328,-5.56053855430894
1.23,93,12,616.899388089216,-5.56614125592309
1.23,93,15,595.939983086858,-5.57037486867363
1.23,93,18,574.914110529403,-5.57333109488739
1.23,93,21,554.039002092858,-5.57515603895906
1.23,93,24,533.488942698846,-5.57604900026445
1.23,93,27,513.393434872895,-5.57625773370448
1.23,93,30,493.838125210242,-5.57607021787478
1.23,93,33,474.868191914747,-5.57580348615825
1.23,93,36,456.493703448895,-5.5757905645879
1.23,93,39,438.696317169925,-5.57636690749811
1.23,93,42,421.436616705802,-5.57785784340146
1.23,93,45,404.661403195567,-5.58056841416348
1.23,93,48,388.310358797219,-5.58477665228015
1.23,93,51,372.321673484501,-5.5907308855124
1.23,93,54,356.636435669304,-5.5986511934883
1.23,93,57,341.201794453843,-5.60873475792843
1.23,93,60,325.973070579989,-5.621164598468
1.23,93,63,310.915100429936,-5.63612107721931
1.23,93,66,296.003134769543,-5.6537955594762
1.23,93,69,281.223588751528,-5.67440568639686
1.23,93,72,266.574870477362,-5.69821178999543
1.23,93,75,252.068425326872,-5.72553399848154
1.23,93,78,237.730043766092,-5.75676946794691
1.23,93,81,223.601405936795,-5.79240883579374
1.23,93,84,209.741780856108,-5.83305027294162
1.23,93,87,196.229752193663,-5.87940818989987
1.23,93,90,183.164781907727,-5.93231141932677
1.23,93,93,170.668306697821,-5.99268224951863
1.23,93,96,158.883835940668,-6.06148303575014
1.23,93,99,147.975133702855,-6.13961242541572
1.23,93,102,138.121032828434,-6.22773232992525
1.23,93,105,129.504941289092,-6.32601783935955
1.23,93,108,122.297204960899,-6.43385648900039
1.23,93,111,116.630078221657,-6.54958388143442
1.23,93,114,112.568724799925,-6.67040221426506
1.23,93,117,110.086305467161,-6.79261883757562
1.23,93,120,109.053217126718,-6.91220897379438
1.23,93,123,109.246454173818,-7.02551053994546
1.23,93,126,110.37627581264,-7.12976831536157
1.23,93,129,112.120303225582,-7.22335047477048
1.23,93,132,114.154661274012,-7.3056567347026
1.23,93,135,116.176407409089,-7.37685927635265
1.23,93,138,117.916636435256,-7.43761775820971
1.23,93,141,119.14646815258,-7.48884803609379
1.23,93,144,119.678620531801,-7.53156585825191
1.23,93,147,119.366625317462,-7.56679548438514
1.23,93,150,118.102910915038,-7.59552407843122
1.23,93,153,115.816362909649,-7.61868464666731
1.23,93,156,112.469623456124,-7.63715548357135
1.23,93,159,108.056226314912,-7.65176909450034
1.23,93,162,102.597597290034,-7.66332752198057
1.23,93,165,96.1399262280028,-7.67262422991365
1.23,93,168,88.7509155774686,-7.68047612054188
1.23,93,171,80.5164309012799,-7.68777460584213
1.23,93,174,71.5371283505507,-7.69557584776973
1.23,93,177,61.9252300011845,-7.70527812680956
1.23,93,180,51.8018228370623,-7.71901386897742
1.23,96,-180,51.8018228370622,-1.383468684238
1.23,96,-177,40.523965638624,-1.39526191471152
1.23,96,-174,29.0820060849914,-1.42051128560163
1.23,96,-171,17.6489836424298,-1.48392237630936
1.23,96,-168,6.63306008945848,-1.77107031182325
1.23,96,-165,6.01515787114256,-3.96041249213875
1.23,96,-162,16.4581964340533,-4.2909655672175
1.23,96,-159,26.8928351807784,-4.36818096531479
1.23,96,-156,36.9288136899095,-4.4095034624809
1.23,96,-153,46.4952828477423,-4.44178611753212
1.23,96,-150,55.5849194342517,-4.47268130905984
1.23,96,-147,64.2374485096805,-4.50527481220177
1.23,96,-144,72.5383880492266,-4.54098874892406
1.23,96,-141,80.6175154097246,-4.58038835672158
1.23,96,-138,88.643684827666,-4.62344803356884
1.23,96,-135,96.8149830431064,-4.66966453304172
1.23,96,-132,105.34464788993,-4.71814819576475
1.23,96,-129,114.444525438896,-4.76774084631536
1.23,96,-126,124.30882493637,-4.81716650912522
1.23,96,-123,135.101082945833,-4.8651934685066
1.23,96,-120,146.946393024127,-4.9107744056633
1.23,96,-117,159.929440187872,-4.95313722079882
1.23,96,-114,174.097385784227,-4.99181667469502
1.23,96,-111,189.465758191611,-5.02663513656105
1.23,96,-108,206.025381115881,-5.05765112517021
1.23,96,-105,223.748798076068,-5.08509534448602
1.23,96,-102,242.595283462907,-5.10930890579843
1.23,96,-99,262.514104681999,-5.13069176894157
1.23,96,-96,283.44610289547,-5.14966396328609
1.23,96,-93,305.323889449155,-5.16663879461472
1.23,96,-90,328.071056882328,-5.18200575492232
1.23,96,-87,351.600826897869,-5.19612057823783
1.23,96,-84,375.814537471832,-5.20930022443481
1.23,96,-81,400.600325271927,-5.22182111670117
1.23,96,-78,425.832293794243,-5.23391948424121
1.23,96,-75,451.370372754406,-5.24579307577917
1.23,96,-72,477.060971020254,-5.25760379123708
1.23,96,-69,502.738408524712,-5.26948094378318
1.23,96,-66,528.226993046214,-5.28152494041113
1.23,96,-63,553.343502480565,-5.29381118600159
1.23,96,-60,577.899763043638,-5.30639400022833
1.23,96,-57,601.704998923156,-5.31931031169175
1.23,96,-54,624.567683015402,-5.33258287874297
1.23,96,-51,646.29674305942,-5.3462227973517
1.23,96,-48,666.702157905075,-5.36023110378395
1.23,96,-45,685.595183188506,-5.37459936712915
1.23,96,-42,702.788630161958,-5.38930928752868
1.23,96,-39,718.097738056262,-5.40433145370041
1.23,96,-36,731.342189630119,-5.41962354351993
1.23,96,-33,742.349701868748,-5.43512834729493
1.23,96,-30,750.961387138285,-5.45077203367368
1.23,96,-27,757.038760988004,-5.46646305392964
1.23,96,-24,760.471929395756,-5.48209199842023
1.23,96,-21,761.188187485687,-5.49753259995653
1.23,96,-18,759.160063874614,-5.51264395068407
1.23,96,-15,754.411789955232,-5.52727388867109
1.23,96,-12,747.023273564396,-5.54126343553145
1.23,96,-9,737.130894492614,-5.55445213143239
1.23,96,-6,724.924774657871,-5.5666841094599
1.23,96,-3,710.642554694676,-5.57781475820623
1.23,96,0,694.560075576643,-5.58771781637063
1.23,96,3,676.979671203677,-5.59629270622857
1.23,96,6,658.216992727704,-5.60347183442637
1.23,96,9,638.587391692035,-5.60922747470066
1.23,96,12,618.392886222511,-5.61357772151405
1.23,96,15,597.910633812757,-5.61659090499473
1.23,96,18,577.383654658548,-5.61838783143245
1.23,96,21,557.014314201134,-5.61914129884168
1.23,96,24,536.960807738668,-5.6190725511747
1.23,96,27,517.336619688227,-5.61844466227514
1.23,96,30,498.212681175036,-5.61755323146839
1.23,96,33,479.621746080553,-5.61671515224435
1.23,96,36,461.564367002511,-5.61625650533506
1.23,96,39,444.015790734047,-5.61650076859465
1.23,96,42,426.933109906962,-5.61775850589222
1.23,96,45,410.262094856676,-5.6203195139135
1.23,96,48,393.943269967049,-5.62444811923244
1.23,96,51,377.916968283765,-5.63038199259599
1.23,96,54,362.127271749103,-5.6383345436698
1.23,96,57,346.524898834855,-5.64850072122883
1.23,96,60,331.069218843163,-5.66106589195902
1.23,96,63,315.72964249521,-5.6762174045914
1.23,96,66,300.486659899383,-5.69415844603496
1.23,96,69,285.332775777892,-5.71512383007648
1.23,96,72,270.273540084558,-5.7393973829354
1.23,96,75,255.328804831394,-5.76733054396537
1.23,96,78,240.534268981457,-5.79936159743721
1.23,96,81,225.943311422272,-5.83603445678935
1.23,96,84,211.629056716443,-5.87801491850136
1.23,96,87,197.686555147124,-5.92610045613231
1.23,96,90,184.234854500519,-5.98121649177268
1.23,96,93,171.418540543028,-6.04438725824306
1.23,96,96,159.407952658412,-6.11666304282431
1.23,96,99,148.396682374847,-6.19897995320818
1.23,96,102,138.594196407104,-6.29192995479738
1.23,96,105,130.210884432302,-6.39544073875242
1.23,96,108,123.433467996249,-6.50842138545073
1.23,96,111,118.391817136764,-6.62851461068336
1.23,96,114,115.124031510128,-6.75214996134585
1.23,96,117,113.552125592892,-6.87501478054738
1.23,96,120,113.480040664156,-6.99283059054987
1.23,96,123,114.616510991046,-7.10210964570041
1.23,96,126,116.613589235273,-7.200582809893
1.23,96,129,119.106614516224,-7.28721774827457
1.23,96,132,121.745278115752,-7.36196182290753
1.23,96,135,124.212722322252,-7.4254010118365
1.23,96,138,126.234720994046,-7.47846352064068
1.23,96,141,127.582570768711,-7.52221376222677
1.23,96,144,128.072736974809,-7.55773101005071
1.23,96,147,127.565116129229,-7.58604901278385
1.23,96,150,125.960801526735,-7.60813315842189
1.23,96,153,123.19965586452,-7.62487816815893
1.23,96,156,119.257724795722,-7.63711589093854
1.23,96,159,114.144437198044,-7.64562778350957
1.23,96,162,107.899532658538,-7.65116013310172
1.23,96,165,100.589680603975,-7.65444265364573
1.23,96,168,92.3047898708076,-7.65621367449513
1.23,96,171,83.1540519777868,-7.65725920743964
1.23,96,174,73.2618205941675,-7.65848196198675
1.23,96,177,62.7635097633897,-7.66103900490125
1.23,96,180,51.8018228370622,-7.66665399141759
1.23,99,-180,51.8018228370621,-1.33110880667817
1.23,99,-177,39.7856529492744,-1.33275974443398
1.23,99,-174,27.6908285612984,-1.34344955996725
1.23,99,-171,15.6871826927165,-1.38178857635501
1.23,99,-168,4.09873682318896,-1.67080866408202
1.23,99,-165,7.84249110081113,-4.21840686730293
1.23,99,-162,18.7565905645917,-4.33825636374135
1.23,99,-159,29.1798288107108,-4.37415195993688
1.23,99,-156,38.9883432501058,-4.39792151788722
1.23,99,-153,48.1397523693719,-4.42070587234001
1.23,99,-150,56.6379646366809,-4.44622593218796
1.23,99,-147,64.5353063066923,-4.47624849896224
1.23,99,-144,71.9361519691514,-4.5117130588812
1.23,99,-141,78.9976289537911,-4.55300232628622
1.23,99,-138,85.9252152499706,-4.59997915916555
1.23,99,-135,92.9619336564818,-4.6519723505137
1.23,99,-132,100.371183640401,-4.70779727824581
1.23,99,-129,108.415153944459,-4.76585852800202
1.23,99,-126,117.332615296489,-4.82434139215058
1.23,99,-123,127.320676493708,-4.88145478206931
1.23,99,-120,138.524089224069,-4.93565992760435
1.23,99,-117,151.033246776483,-4.98582479499157
1.23,99,-114,164.889412165463,-5.03127816943533
1.23,99,-111,180.09416749695,-5.07177594533692
1.23,99,-108,196.619964111218,-5.10741434578165
1.23,99,-105,214.419503072639,-5.13852620035956
1.23,99,-102,233.43278102016,-5.16558540343309
1.23,99,-99,253.59152771561,-5.18913143093746
1.23,99,-96,274.821299578448,-5.20971602828426
1.23,99,-93,297.04173822677,-5.22786902799738
1.23,99,-90,320.16556891741,-5.2440785638956
1.23,99,-87,344.096892763466,-5.25878116388293
1.23,99,-84,368.729270209353,-5.27235816913955
1.23,99,-81,393.944021186697,-5.2851359959424
1.23,99,-78,419.609081909343,-5.29738864727069
1.23,99,-75,445.578655846773,-5.30934152057705
1.23,99,-72,471.693775344942,-5.32117596551015
1.23,99,-69,497.783755091936,-5.3330342727844
1.23,99,-66,523.668381413797,-5.34502487754446
1.23,99,-63,549.160561592362,-5.35722758440064
1.23,99,-60,574.069078431448,-5.36969860411002
1.23,99,-57,598.201079471389,-5.38247516294057
1.23,99,-54,621.363992303658,-5.39557942842611
1.23,99,-51,643.36669818697,-5.40902150769109
1.23,99,-48,664.019998243487,-5.4228013287766
1.23,99,-45,683.136634116736,-5.4369093147218
1.23,99,-42,700.531328890539,-5.45132589668098
1.23,99,-39,716.021441764696,-5.46602006653088
1.23,99,-36,729.428838725967,-5.48094731301821
1.23,99,-33,740.583450930667,-5.49604738836389
1.23,99,-30,749.328732884454,-5.51124239110193
1.23,99,-27,755.528884801955,-5.5264356170244
1.23,99,-24,759.077331700421,-5.54151153241386
1.23,99,-21,759.905628362303,-5.55633708622353
1.23,99,-18,757.991748854069,-5.57076443157042
1.23,99,-15,753.366664276063,-5.58463500010925
1.23,99,-12,746.118225104586,-5.59778478275013
1.23,99,-9,736.391626349885,-5.61005061886136
1.23,99,-6,724.386101634783,-5.62127727159657
1.23,99,-3,710.347908867356,-5.6313250486313
1.23,99,0,694.560075576643,-5.64007769393046
1.23,99,3,677.329713791598,-5.64745021348735
1.23,99,6,658.973954097421,-5.65339620744329
1.23,99,9,639.805664218251,-5.65791418222867
1.23,99,12,620.120103121263,-5.66105224538481
1.23,99,15,600.1835250962,-5.66291058602897
1.23,99,18,580.224509286385,-5.66364125158077
1.23,99,21,560.428478893374,-5.66344495834412
1.23,99,24,540.935529756126,-5.66256499632148
1.23,99,27,521.841354861263,-5.66127864919009
1.23,99,30,503.200773804153,-5.65988687201904
1.23,99,33,485.033189691568,-5.65870318248498
1.23,99,36,467.329218823568,-5.65804278781606
1.23,99,39,450.0577676663,-5.65821289360438
1.23,99,42,433.17294457408,-5.65950496169215
1.23,99,45,416.620356191525,-5.66218945825933
1.23,99,48,400.342514957296,-5.66651341048585
1.23,99,51,384.283246616693,-5.67270090294785
1.23,99,54,368.391118689905,-5.68095650558794
1.23,99,57,352.6220067624,-5.6914715323749
1.23,99,60,336.940976607437,-5.70443297636772
1.23,99,63,321.323690861207,-5.72003494387808
1.23,99,66,305.757554114365,-5.73849240659303
1.23,99,69,290.242794633547,-5.76005708781949
1.23,99,72,274.793649560418,-5.78503526483541
1.23,99,75,259.439778901128,-5.81380714511518
1.23,99,78,244.227986899298,-5.84684715753342
1.23,99,81,229.224279187556,-5.88474381633736
1.23,99,84,214.516224322076,-5.92821648141593
1.23,99,87,200.215498597372,-5.97812392517237
1.23,99,90,186.460331216792,-6.03545558401754
1.23,99,93,173.417263505688,-6.101290336519
1.23,99,96,161.281104073065,-6.17670025711678
1.23,99,99,150.271156345945,-6.26257174295591
1.23,99,102,140.620878515405,-6.35932355798841
1.23,99,105,132.557779406466,-6.46653760836255
1.23,99,108,126.271937842288,-6.58259630036594
1.23,99,111,121.876469353385,-6.70451470810192
1.23,99,114,119.370671553931,-6.82817257266582
1.23,99,117,118.62112072121,-6.94898842344318
1.23,99,120,119.371099467665,-7.06279487677876
1.23,99,123,121.275338385493,-7.16652426174844
1.23,99,126,123.945565456481,-7.2584580677325
1.23,99,129,126.991398371582,-7.33807666920118
1.23,99,132,130.048486301334,-7.40571186558433
1.23,99,135,132.793716008703,-7.4621905409934
1.23,99,138,134.951250350505,-7.50856377926801
1.23,99,141,136.293507271572,-7.54593715059329
1.23,99,144,136.639945944396,-7.57538116847797
1.23,99,147,135.855162782953,-7.59789375480236
1.23,99,150,133.846856852183,-7.61439188805821
1.23,99,153,130.563727027437,-7.62571740826753
1.23,99,156,125.99317230412,-7.63264840717669
1.23,99,159,120.158640324294,-7.63591207061729
1.23,99,162,113.116511388694,-7.63619768610807
1.23,99,165,104.952466235336,-7.63417044990414
1.23,99,168,95.7773488543497,-7.63048843405458
1.23,99,171,85.7226002059438,-7.62582763193011
1.23,99,174,74.9354068092244,-7.62092556314919
1.23,99,177,63.5737766615604,-7.61666866329686
1.23,99,180,51.8018228370621,-7.61429411385776
1.23,102,-180,51.8018228370622,-1.27874892911834
1.23,102,-177,39.082501370393,-1.2699871110832
1.23,102,-174,26.3769288824801,-1.26446639413075
1.23,102,-171,13.8592704782185,-1.26855124828792
1.23,102,-168,1.72244953857623,-1.45155332687197
1.23,102,-165,10.0017705025388,-4.33605598807269
1.23,102,-162,21.0527953883856,-4.35475858019761
1.23,102,-159,31.3791813510027,-4.36376916003294
1.23,102,-156,40.9040276524125,-4.37444120611496
1.23,102,-153,49.588871462422,-4.38946884126273
1.23,102,-150,57.4404793841818,-4.41029096914417
1.23,102,-147,64.5188235166029,-4.43796009797788
1.23,102,-144,70.9437361634195,-4.47326027823876
1.23,102,-141,76.8981463448453,-4.51663321135492
1.23,102,-138,82.6254662899162,-4.56803061240873
1.23,102,-135,88.4187968848944,-4.62675875274203
1.23,102,-132,94.6007866128095,-4.69139061084044
1.23,102,-129,101.495595111437,-4.75982337596831
1.23,102,-126,109.39789381744,-4.82951880371044
1.23,102,-123,118.546260430471,-4.89788099039952
1.23,102,-120,129.107581042181,-4.96264956585262
1.23,102,-117,141.175026928527,-5.02217712450254
1.23,102,-114,154.777263807911,-5.07552560640441
1.23,102,-111,169.893657612213,-5.12240256770598
1.23,102,-108,186.47026778663,-5.16300750712089
1.23,102,-105,204.433238207115,-5.19785839386519
1.23,102,-102,223.698235469818,-5.22764214115413
1.23,102,-99,244.175982170838,-5.25310516165514
1.23,102,-96,265.77459352324,-5.27498268328359
1.23,102,-93,288.399597574129,-5.29395826140656
1.23,102,-90,311.952464239458,-5.31064395843711
1.23,102,-87,336.328346960461,-5.32557338636415
1.23,102,-84,361.413619944439,-5.33920212400877
1.23,102,-81,387.083686190059,-5.3519120268933
1.23,102,-78,413.201427136397,-5.36401740178568
1.23,102,-75,439.616550757934,-5.37577195907079
1.23,102,-72,466.165963924468,-5.38737600605662
1.23,102,-69,492.675148916114,-5.39898362590333
1.23,102,-66,518.960375202538,-5.41070969819134
1.23,102,-63,544.831446472824,-5.42263662977128
1.23,102,-60,570.094594722033,-5.43482062916896
1.23,102,-57,594.555112379487,-5.44729731103226
1.23,102,-54,618.019376572133,-5.46008638633984
1.23,102,-51,640.296068453794,-5.4731951998646
1.23,102,-48,661.196607293471,-5.48662093170214
1.23,102,-45,680.535065708608,-5.50035138749918
1.23,102,-42,698.12805600851,-5.51436445262983
1.23,102,-39,713.795220787626,-5.52862645612327
1.23,102,-36,727.360976488576,-5.54308984824891
1.23,102,-33,738.658023533644,-5.55769070718503
1.23,102,-30,747.532860831696,-5.5723466292808
1.23,102,-27,753.853169830111,-5.58695551499115
1.23,102,-24,757.516532819816,-5.60139564956629
1.23,102,-21,758.459600552586,-5.61552732128027
1.23,102,-18,756.666595657716,-5.62919605461512
1.23,102,-15,752.175977464678,-5.64223739125227
1.23,102,-12,745.08421489136,-5.65448304451488
1.23,102,-9,735.545898229945,-5.66576818263648
1.23,102,-6,723.769822498228,-5.67593954798221
1.23,102,-3,710.011133277332,-5.68486407112115
1.23,102,0,694.560075576643,-5.6924375714903
1.23,102,3,677.728268599727,-5.69859304451817
1.23,102,6,659.833698768076,-5.70330793301225
1.23,102,9,641.185750547419,-5.70660970420656
1.23,102,12,622.07156678622,-5.70857905255492
1.23,102,15,602.744851425919,-5.70935016824094
1.23,102,18,583.417918982273,-5.70910777297933
1.23,102,21,564.257396740772,-5.70808100430773
1.23,102,24,545.383553562764,-5.70653465545165
1.23,102,27,526.872830192392,-5.70475864815543
1.23,102,30,508.762844077189,-5.70305683479177
1.23,102,33,491.058982355955,-5.70173624233132
1.23,102,36,473.741693214515,-5.70109769873205
1.23,102,39,456.773715777995,-5.70142849380529
1.23,102,42,440.106702055321,-5.70299741806591
1.23,102,45,423.686920947134,-5.70605227608976
1.23,102,48,407.459942491629,-5.71081982591328
1.23,102,51,391.374350460968,-5.71750804874972
1.23,102,54,375.384617603487,-5.72631067032709
1.23,102,57,359.453312889902,-5.73741389622799
1.23,102,60,343.552814325897,-5.7510053586772
1.23,102,63,327.666692474117,-5.76728528684002
1.23,102,66,311.790919615888,-5.78647990237809
1.23,102,69,295.935050373328,-5.80885699970554
1.23,102,72,280.123509240932,-5.83474357090229
1.23,102,75,264.397104527195,-5.86454511741353
1.23,102,78,248.814862104689,-5.89876583459329
1.23,102,81,233.456229970719,-5.93802795074898
1.23,102,84,218.423633452878,-5.98308681136865
1.23,102,87,203.845234163262,-6.03483533642329
1.23,102,90,189.877513013466,-6.09428670278134
1.23,102,93,176.706880550585,-6.16251735304606
1.23,102,96,164.548832619482,-6.24054516083862
1.23,102,99,153.642220678437,-6.32911538030948
1.23,102,102,144.235318260838,-6.42838259340278
1.23,102,105,136.560517660776,-6.53752806915429
1.23,102,108,130.797326586792,-6.65444250368222
1.23,102,111,127.029842536815,-6.77568445688695
1.23,102,114,125.212533451741,-6.89688317191111
1.23,102,117,125.15999363229,-7.01352736639576
1.23,102,120,126.567215293008,-7.12181368879891
1.23,102,123,129.051989596807,-7.21918407088613
1.23,102,126,132.202402659486,-7.30440870248982
1.23,102,129,135.615336730366,-7.37733493254041
1.23,102,132,138.920759639501,-7.43851734750228
1.23,102,135,141.793662817782,-7.48888603407742
1.23,102,138,143.958108474952,-7.52951399474909
1.23,102,141,145.187367511751,-7.56148114567137
1.23,102,144,145.302636870536,-7.58580850804232
1.23,102,147,144.1714867735,-7.60343525150532
1.23,102,150,141.706339438252,-7.61521825490016
1.23,102,153,137.862867419102,-7.6219413950277
1.23,102,156,132.638069916341,-7.6243274976188
1.23,102,159,126.067804763608,-7.62304963345933
1.23,102,162,118.223632980502,-7.61874070813609
1.23,102,165,109.208924771295,-7.61200161631613
1.23,102,168,99.1542640779152,-7.60340907115826
1.23,102,171,88.2122721426622,-7.59352503335624
1.23,102,174,76.5520490021373,-7.58291117536462
1.23,102,177,64.3534968858186,-7.57215587194555
1.23,102,180,51.8018228370622,-7.56193423629793
1.23,105,-180,51.8018228370621,-1.22638905155851
1.23,105,-177,38.4161792842584,-1.20697637880102
1.23,105,-174,25.1437581787546,-1.18351111022239
1.23,105,-171,12.179953295934,-1.14101133647517
1.23,105,-168,0.792088044157449,0.821544916488565
1.23,105,-165,12.2168398465648,1.90066166264071
1.23,105,-162,23.2861601727995,1.93276152529737
1.23,105,-159,33.4682288145335,1.9422323147459
1.23,105,-156,42.6743487020233,1.94197894170226
1.23,105,-153,50.8590668296567,1.93381915354344
1.23,105,-150,58.0261822407039,1.91759674154138
1.23,105,-147,64.2382061885271,1.89256571198884
1.23,105,-144,69.6255818415742,1.85783147917509
1.23,105,-141,74.3933410921595,1.81264160360409
1.23,105,-138,78.822097542019,1.75669019495336
1.23,105,-135,83.2594414482356,1.69044937994101
1.23,105,-132,88.098103965337,1.61544768045365
1.23,105,-129,93.7402468105574,1.53434523076995
1.23,105,-126,100.553353831432,1.45066955341003
1.23,105,-123,108.829550099528,1.36822288412808
1.23,105,-120,118.761215142244,1.29037636361248
1.23,105,-117,130.43895813705,1.21954543944722
1.23,105,-114,143.868018108328,1.15701343547333
1.23,105,-111,158.993244364204,1.10306413980665
1.23,105,-108,175.72345484306,1.05726904969911
1.23,105,-105,193.950132237969,1.01878602067395
1.23,105,-102,213.559329506806,0.986593935357839
1.23,105,-99,234.437780164475,0.959647028919547
1.23,105,-96,256.474824402946,0.936962276817647
1.23,105,-93,279.561630051567,0.917660831627943
1.23,105,-90,303.588850602542,0.900981722655215
1.23,105,-87,328.443560193876,0.886280563057561
1.23,105,-84,354.006091925638,0.873021121839581
1.23,105,-81,380.147260461895,0.860764147621596
1.23,105,-78,406.726335512645,0.849155651960252
1.23,105,-75,433.590019534328,0.837915612430454
1.23,105,-72,460.572554610977,0.826827410382534
1.23,105,-69,487.496937979316,0.815728036795378
1.23,105,-66,514.177073694073,0.804499025210422
1.23,105,-63,540.420550118698,0.793058104321381
1.23,105,-60,566.031635787293,0.781351641679345
1.23,105,-57,590.814056313093,0.769348032610284
1.23,105,-54,614.573171817305,0.757032245423046
1.23,105,-51,637.117322460789,0.744401744093965
1.23,105,-48,658.258333183448,0.731463959923019
1.23,105,-45,677.811429706326,0.718235372146407
1.23,105,-42,695.595060743568,0.704742095955465
1.23,105,-39,711.43128427069,0.691021690967608
1.23,105,-36,725.147405715352,0.677125730521878
1.23,105,-33,736.579424967725,0.663122550598891
1.23,105,-30,745.577564598135,0.649099555648365
1.23,105,-27,752.013758316442,0.635164507229529
1.23,105,-24,755.790549797848,0.62144534785335
1.23,105,-21,756.850472729088,0.608088286574446
1.23,105,-18,755.184730713397,0.595254057451427
1.23,105,-15,750.839923168266,0.58311242547769
1.23,105,-12,743.921688501294,0.571835141066879
1.23,105,-9,734.594440666479,0.561587636663041
1.23,105,-6,723.076812253817,0.552519835455179
1.23,105,-3,709.632920975621,0.544756525501457
1.23,105,0,694.560075576643,0.538387858129462
1.23,105,3,678.173965581269,0.533460652988631
1.23,105,6,660.792682692301,0.529971302853334
1.23,105,9,642.721061578539,0.527861114720266
1.23,105,12,624.236783569229,0.527014836982237
1.23,105,15,605.579458271521,0.527262860818812
1.23,105,18,586.943509724625,0.528387150731267
1.23,105,21,568.475197536053,0.530130423487807
1.23,105,24,550.273577303924,0.532207582562358
1.23,105,27,532.394740275776,0.534318069127351
1.23,105,30,514.858354029983,0.536157713211393
1.23,105,33,497.655406447275,0.537428876056243
1.23,105,36,480.756137690274,0.537848088356971
1.23,105,39,464.117382695794,0.537150869472081
1.23,105,42,447.688860261992,0.535093818100168
1.23,105,45,431.41824934686,0.531454303719069
1.23,105,48,415.255124845894,0.526028141712453
1.23,105,51,399.153955882166,0.518625547190707
1.23,105,54,383.076407098395,0.509065506939279
1.23,105,57,366.993158616087,0.49716855593142
1.23,105,60,350.885410912914,0.482747839634347
1.23,105,63,334.746196988918,0.465598302449083
1.23,105,66,318.581601029582,0.445483864879841
1.23,105,69,302.41198055839,0.422122537457028
1.23,105,72,286.273297950856,0.395169590572913
1.23,105,75,270.218673305543,0.364199223375036
1.23,105,78,254.320260180692,0.328685788560173
1.23,105,81,238.67150461872,0.287986770199029
1.23,105,84,223.389757208989,0.24133174319089
1.23,105,87,208.619034972212,0.187824941889726
1.23,105,90,194.532419212445,0.126474236753643
1.23,105,93,181.333051062584,0.0562659639050109
1.23,105,96,169.251892391333,-0.0236893553810758
1.23,105,99,158.539453443651,-0.113918179853981
1.23,105,102,149.44806930107,-0.214254889413046
1.23,105,105,142.202246319442,-0.323486943252808
1.23,105,108,136.958657064415,-0.439126253517367
1.23,105,111,133.764586649471,-0.557504478342509
1.23,105,114,132.529962600171,-0.674292116353049
1.23,105,117,133.026520528961,-0.785297224798415
1.23,105,120,134.91596144042,-0.887200013556614
1.23,105,123,137.795260515113,-0.977928552242852
1.23,105,126,141.242335684784,-1.05662567432672
1.23,105,129,144.850624278579,-1.12336175179843
1.23,105,132,148.249762032175,-1.17878583476291
1.23,105,135,151.115250848916,-1.22383530032359
1.23,105,138,153.171550810631,-1.25954131728412
1.23,105,141,154.192169602622,-1.28691954087929
1.23,105,144,153.998835333467,-1.30692019278086
1.23,105,147,152.460614643324,-1.32041329357941
1.23,105,150,149.493089152024,-1.3281916039085
1.23,105,153,145.057354930068,-1.33098042727666
1.23,105,156,139.158522590776,-1.32944827934963
1.23,105,159,131.843448626317,-1.32421553725808
1.23,105,162,123.197538389991,-1.31585994673392
1.23,105,165,113.340581204579,-1.30491863329087
1.23,105,168,102.421690450639,-1.29188617813681
1.23,105,171,90.6135238568694,-1.27720715352535
1.23,105,174,78.1060511069314,-1.26125815547194
1.23,105,177,65.1002089539649,-1.24430488441723
1.23,105,180,51.8018228370621,-1.22638905155851
1.23,108,-180,51.8018228370622,-1.17402917399868
1.23,108,-177,37.7882350664929,-1.1437641523161
1.23,108,-174,23.994588647492,-1.10056401924602
1.23,108,-171,10.669267340306,-0.995162429347777
1.23,108,-168,2.83833984620319,1.35299408466345
1.23,108,-165,14.386087081941,1.89162528311856
1.23,108,-162,25.4289044983576,1.95158734749459
1.23,108,-159,35.4423391444141,1.97466921381578
1.23,108,-156,44.3124258883528,1.98332288955065
1.23,108,-153,51.981433832664,1.98176139659418
1.23,108,-150,58.4454170397114,1.97052049102933
1.23,108,-147,63.7636795716296,1.94889894851392
1.23,108,-144,68.0704363402412,1.91568275770203
1.23,108,-141,71.5859025052712,1.86954763278594
1.23,108,-138,74.623402086437,1.80947979205373
1.23,108,-135,77.5868729312895,1.73531730821066
1.23,108,-132,80.951085832775,1.64835473179908
1.23,108,-129,85.218462896695,1.55175630405154
1.23,108,-126,90.8556548140796,1.45040069454219
1.23,108,-123,98.2280653880776,1.34997522200739
1.23,108,-120,107.55848902101,1.25565433558116
1.23,108,-117,118.925055691034,1.17104816378152
1.23,108,-114,132.291502849959,1.09787138629077
1.23,108,-111,147.549570406311,1.03624733048769
1.23,108,-108,164.556325577595,0.985275452656993
1.23,108,-105,183.159351635268,0.943556927337287
1.23,108,-102,203.21032696997,0.909557309422074
1.23,108,-99,224.570323068675,0.881810569267217
1.23,108,-96,247.110073367369,0.859012094758566
1.23,108,-93,270.707517391128,0.840046988344813
1.23,108,-90,295.244058313954,0.82398577075972
1.23,108,-87,320.600412758021,0.810066317084307
1.23,108,-84,346.652624978298,0.797671820709938
1.23,108,-81,373.268656895251,0.786309283526106
1.23,108,-78,400.305865565972,0.775590210759063
1.23,108,-75,427.609588064408,0.765213823363154
1.23,108,-72,455.012944735137,0.754952531469587
1.23,108,-69,482.337839710826,0.744639256662255
1.23,108,-66,509.396991687663,0.734156237196477
1.23,108,-63,535.996688603908,0.723425083364984
1.23,108,-60,561.939854476395,0.712398005629542
1.23,108,-57,587.028974150317,0.701050277031933
1.23,108,-54,611.068465271377,0.689374087578401
1.23,108,-51,633.866225601917,0.677373983146523
1.23,108,-48,655.234306097813,0.665064044057984
1.23,108,-45,674.988930117329,0.652466848582396
1.23,108,-42,692.950340285415,0.639614098262316
1.23,108,-39,708.943140599482,0.626548584231298
1.23,108,-36,722.797852730849,0.613326987099314
1.23,108,-33,734.354287007014,0.600022870081105
1.23,108,-30,743.467042740828,0.586729178349873
1.23,108,-27,750.0130430227,0.573559609029994
1.23,108,-24,753.90055244945,0.560648353132158
1.23,108,-21,755.078714606326,0.548147900726099
1.23,108,-18,753.546365340495,0.536224803836258
1.23,108,-15,749.358788447268,0.525053474899853
1.23,108,-12,742.63120562461,0.514808246812614
1.23,108,-9,733.538116329287,0.5056540391019
1.23,108,-6,722.308076384307,0.497736084306968
1.23,108,-3,709.214056556009,0.49116929253327
1.23,108,0,694.560075576643,0.486027980569632
1.23,108,3,678.665281168041,0.482336848070584
1.23,108,6,661.846993169941,0.480064197216796
1.23,108,9,644.404375804469,0.479118388925213
1.23,108,12,626.604341677527,0.479348332916787
1.23,108,15,608.671004031831,0.480548383540704
1.23,108,18,590.779515174989,0.482467395380254
1.23,108,21,573.054526123881,0.48482100672829
1.23,108,24,555.572878633823,0.487305648428266
1.23,108,27,538.369615380161,0.489612496184099
1.23,108,30,521.446071038176,0.491439688274948
1.23,108,33,504.778741560596,0.492501581031593
1.23,108,36,488.327808450671,0.4925344596556
1.23,108,39,472.044544045909,0.491298760191065
1.23,108,42,455.877232886531,0.488578318775778
1.23,108,45,439.775606608423,0.484177362956084
1.23,108,48,423.694034108161,0.477915911139572
1.23,108,51,407.593813192072,0.46962403378277
1.23,108,54,391.444897298095,0.45913516050635
1.23,108,57,375.227310002783,0.446278380807452
1.23,108,60,358.932403556524,0.43086953435638
1.23,108,63,342.564044624686,0.412700834827526
1.23,108,66,326.139777917802,0.391528812785799
1.23,108,69,309.692022936931,0.367060495012731
1.23,108,72,293.26938347812,0.338937983747569
1.23,108,75,276.938171426738,0.30672203434123
1.23,108,78,260.784243775951,0.26987600290545
1.23,108,81,244.915203889661,0.227752892966314
1.23,108,84,229.462900357744,0.179590520979015
1.23,108,87,214.585933127392,0.124523427250272
1.23,108,90,200.471493333138,0.0616252053735624
1.23,108,93,187.335261853182,-0.00999951996604745
1.23,108,96,175.417271738651,-0.0910517606694432
1.23,108,99,164.970819066388,-0.181790672391296
1.23,108,102,156.241373349588,-0.281721894352716
1.23,108,105,149.434247215211,-0.389304925575774
1.23,108,108,144.674633584102,-0.501832159950029
1.23,108,111,141.970437171687,-0.615636238041449
1.23,108,114,141.192306541883,-0.726651884504856
1.23,108,117,142.080832312511,-0.831142969660004
1.23,108,120,144.278816417337,-0.926288855991765
1.23,108,123,147.375657219428,-1.01042504197587
1.23,108,126,150.94905721061,-1.08294823790903
1.23,108,129,154.59536144374,-1.14403736306378
1.23,108,132,157.947316311989,-1.19434679319543
1.23,108,135,160.682384263331,-1.23476057645315
1.23,108,138,162.525641205342,-1.26623086140432
1.23,108,141,163.250336653819,-1.28968838623505
1.23,108,144,162.677841930479,-1.30600250782867
1.23,108,147,160.677625449441,-1.31597030723884
1.23,108,150,157.167231662363,-1.32032004090555
1.23,108,153,152.111938114081,-1.31971965725717
1.23,108,156,145.523706864241,-1.31478511046968
1.23,108,159,137.45912538214,-1.30608575189305
1.23,108,162,128.016168923774,-1.29414540548349
1.23,108,165,117.329763558342,-1.27943797032565
1.23,108,168,105.566265755068,-1.26237533259118
1.23,108,171,92.9170971123983,-1.24328199695219
1.23,108,174,79.5918823015476,-1.22234184673881
1.23,108,177,65.8115336813339,-1.19947660466991
1.23,108,180,51.8018228370622,-1.17402917399868
1.23,111,-180,51.8018228370621,-1.12166929643885
1.23,111,-177,37.2000943311195,-1.0803913100795
1.23,111,-174,22.9324786360901,-1.0156474515926
1.23,111,-171,9.35436449413707,-0.82646612504421
1.23,111,-168,4.8660783342641,1.47878613468025
1.23,111,-165,16.4707744300172,1.90394622511864
1.23,111,-162,27.4713006047666,1.98076882830738
1.23,111,-159,37.3083387874852,2.01465442145018
1.23,111,-156,45.8415060219257,2.03146164351094
1.23,111,-153,52.9980344143726,2.03666965446335
1.23,111,-150,58.7620923423036,2.03118267633018
1.23,111,-147,63.1834820161041,2.01420827078599
1.23,111,-144,66.3912761811309,1.98408191272127
1.23,111,-141,68.6098311418495,1.93867048357788
1.23,111,-138,70.174618076609,1.87581727084774
1.23,111,-135,71.5417235590148,1.79406742209666
1.23,111,-132,73.2784432119335,1.69375756284355
1.23,111,-129,76.0176643562064,1.57818065902713
1.23,111,-126,80.3678844664663,1.45398667559997
1.23,111,-123,86.8023832852407,1.32994140277391
1.23,111,-120,95.5822428922243,1.21434242812939
1.23,111,-117,106.753908187571,1.1127512454355
1.23,111,-114,120.208309595564,1.02735547309943
1.23,111,-111,135.755778602004,0.957735823295984
1.23,111,-108,153.183046124803,0.902048589978427
1.23,111,-105,172.284655756189,0.857956429467726
1.23,111,-102,192.875268445938,0.823159633513391
1.23,111,-99,214.791240850951,0.795627705302204
1.23,111,-96,237.887236987777,0.773662551076547
1.23,111,-93,262.030963100306,0.755884296064738
1.23,111,-90,287.097483411709,0.741189287291171
1.23,111,-87,312.963784430975,0.728703382486333
1.23,111,-84,339.50393629393,0.717739641456216
1.23,111,-81,366.585091305932,0.707762967687245
1.23,111,-78,394.06451941955,0.698361496955702
1.23,111,-75,421.787838536831,0.689223585631103
1.23,111,-72,449.588525910234,0.68011910553169
1.23,111,-69,477.288690342246,0.67088392911029
1.23,111,-66,504.700953044896,0.661406773335542
1.23,111,-63,531.631148500294,0.6516178677709
1.23,111,-60,557.881443735154,0.64147917896229
1.23,111,-57,583.253416455498,0.630976136916278
1.23,111,-54,607.55065704202,0.62011095516613
1.23,111,-51,630.580581536048,0.60889770215303
1.23,111,-48,652.155356570015,0.59735926174888
1.23,111,-45,672.092110918554,0.585526217170983
1.23,111,-42,690.212885953155,0.573437521352125
1.23,111,-39,706.344988641272,0.561142609574611
1.23,111,-36,720.322488882866,0.548704410524129
1.23,111,-33,731.989504133803,0.536202566371451
1.23,111,-30,741.205633878737,0.523736117428709
1.23,111,-27,747.853485297955,0.51142495698728
1.23,111,-24,751.847748422464,0.49940950520228
1.23,111,-21,753.144833261936,0.487848253816178
1.23,111,-18,751.751768243495,0.476913054174065
1.23,111,-15,747.732948643903,0.466782224988159
1.23,111,-12,741.213445600413,0.457631728799258
1.23,111,-9,732.377927452641,0.449624814771451
1.23,111,-6,721.464755097707,0.44290067332061
1.23,111,-3,708.755416417574,0.437562817773634
1.23,111,0,694.560075576643,0.433668103009802
1.23,111,3,679.200546086475,0.431217478758783
1.23,111,6,662.99237613655,0.430149684086486
1.23,111,9,646.227899707237,0.430339022875104
1.23,111,12,629.162017667459,0.431598033208046
1.23,111,15,612.002121300444,0.433685254633907
1.23,111,18,594.902992643655,0.43631748844129
1.23,111,21,577.966799808173,0.439185125706405
1.23,111,24,561.247583739945,0.44196852644711
1.23,111,27,544.759054476424,0.444353267288389
1.23,111,30,528.484201060203,0.4460423963425
1.23,111,33,512.385222395326,0.446764536118246
1.23,111,36,496.41257182093,0.446277529153839
1.23,111,39,480.512368618595,0.444368073270955
1.23,111,42,464.631925423085,0.44084826280162
1.23,111,45,448.723547461174,0.435550080260807
1.23,111,48,432.747004263684,0.428318725211979
1.23,111,51,416.671145735514,0.41900534514184
1.23,111,54,400.475071834307,0.407459378081767
1.23,111,57,384.149134098253,0.393520427488756
1.23,111,60,367.695912460772,0.37700941728992
1.23,111,63,351.131216512109,0.35771872841983
1.23,111,66,334.48512297477,0.335401087065662
1.23,111,69,317.803072072509,0.309757155049717
1.23,111,72,301.147080518429,0.280422091798599
1.23,111,75,284.597158509317,0.246951895920615
1.23,111,78,268.253014299196,0.208811244313475
1.23,111,81,252.236067053922,0.165366059098537
1.23,111,84,236.691639441718,0.115886431958209
1.23,111,87,221.790930567534,0.0595690285454656
1.23,111,90,207.73193473659,-0.00440757233443023
1.23,111,93,194.737847231345,-0.0767775515121143
1.23,111,96,183.050758263768,-0.158016886843517
1.23,111,99,172.917912591925,-0.248105456159082
1.23,111,102,164.568269296124,-0.346256990477162
1.23,111,105,158.179602795807,-0.450707247604062
1.23,111,108,153.841354867129,-0.558693858497087
1.23,111,111,151.523949443048,-0.666731426070794
1.23,111,114,151.066756147134,-0.771151755783242
1.23,111,117,152.190877624857,-0.868716458245658
1.23,111,120,154.532200745425,-0.957060051325557
1.23,111,123,157.682436732105,-1.03483459866674
1.23,111,126,161.226024676276,-1.10159379970602
1.23,111,129,164.766523938219,-1.15754576164485
1.23,111,132,167.942162377753,-1.20329468663039
1.23,111,135,170.433469900956,-1.2396366491822
1.23,111,138,171.966463679694,-1.26742524831022
1.23,111,141,172.313980392777,-1.28749661431747
1.23,111,144,171.296574063311,-1.30063547121788
1.23,111,147,168.783445413655,-1.30756548392528
1.23,111,150,164.693276586827,-1.30895154729779
1.23,111,153,158.994575343451,-1.30540599935651
1.23,111,156,151.705094559387,-1.29749399325051
1.23,111,159,142.889992775445,-1.28573531784423
1.23,111,162,132.658563733874,-1.27060088201024
1.23,111,165,121.159536967134,-1.2525017861338
1.23,111,168,108.575113461278,-1.23176681330178
1.23,111,171,95.1140452342018,-1.20859838585822
1.23,111,174,81.0041996947099,-1.18298167451205
1.23,111,177,66.4851839291386,-1.15447668473311
1.23,111,180,51.8018228370621,-1.12166929643885
1.23,114,-180,51.8018228370621,-1.06930941887902
1.23,114,-177,36.6530575977977,-1.01690294684285
1.23,114,-174,21.9602202853249,-0.928837831856612
1.23,114,-171,8.27029346534822,-0.630956516725899
1.23,114,-168,6.78751417009802,1.56151199499172
1.23,114,-165,18.4568165263633,1.92933921282725
1.23,114,-162,29.413743339445,2.01750652356145
1.23,114,-159,39.0801759200181,2.06060031599845
1.23,114,-156,47.2914734324652,2.08528592068091
1.23,114,-153,53.9585949886262,2.09772752174512
1.23,114,-150,59.0505450915071,2.09905951090737
1.23,114,-147,62.6014479930595,2.08838520717336
1.23,114,-144,64.7249305001037,2.06357856959871
1.23,114,-141,65.6341978900029,2.02156621205965
1.23,114,-138,65.6678356143369,1.95861760755847
1.23,114,-135,65.3179696113786,1.87105465509913
1.23,114,-132,65.2462005198251,1.75684031001906
1.23,114,-129,66.2531780596101,1.61815043200096
1.23,114,-126,69.1602882869371,1.46360079181653
1.23,114,-123,74.6144471920184,1.30721438722999
1.23,114,-120,82.9290949819763,1.16316520038924
1.23,114,-117,94.0793490303246,1.04039011312445
1.23,114,-114,107.826835899941,0.941336694023304
1.23,114,-111,123.85800069807,0.864093966221445
1.23,114,-108,141.868089227688,0.804970476578235
1.23,114,-105,161.592966408526,0.760093886604694
1.23,114,-102,182.812656341294,0.726081151599783
1.23,114,-99,205.344166373876,0.700197657277574
1.23,114,-96,229.031872507656,0.680308451070882
1.23,114,-93,253.738400351748,0.664770951061515
1.23,114,-90,279.336718512159,0.65232804506245
1.23,114,-87,305.703464113585,0.64201940327483
1.23,114,-84,332.713409281682,0.63311294731149
1.23,114,-81,360.235040031223,0.625053361317243
1.23,114,-78,388.127295192026,0.617423610586102
1.23,114,-75,416.237547503308,0.609915887713384
1.23,114,-72,444.400887623263,0.602309191491475
1.23,114,-69,472.440697722529,0.594451506004962
1.23,114,-66,500.170387778716,0.586245191492749
1.23,114,-63,527.396036272569,0.577634715403868
1.23,114,-60,553.919556764267,0.568596253837072
1.23,114,-57,579.54193641625,0.559128991452709
1.23,114,-54,604.066094002336,0.549248146781911
1.23,114,-51,627.299004835601,0.538979849401076
1.23,114,-48,649.052939504512,0.528357995162428
1.23,114,-45,669.145935959863,0.517423111123928
1.23,114,-42,687.40191605498,0.506223090722429
1.23,114,-39,703.651094840209,0.494815445135174
1.23,114,-36,717.731439283309,0.483270504657628
1.23,114,-33,729.491859154973,0.471674844216587
1.23,114,-30,738.797543416891,0.46013414024861
1.23,114,-27,745.537426811159,0.44877471026027
1.23,114,-24,749.63326382984,0.43774313143685
1.23,114,-21,751.049306774084,0.427203547105075
1.23,114,-18,749.801236817266,0.417332506461777
1.23,114,-15,745.962862158317,0.408311408273723
1.23,114,-12,739.669213433707,0.400316818696745
1.23,114,-9,731.115023799162,0.393509116439592
1.23,114,-6,720.54812782258,0.388020109698622
1.23,114,-3,708.257968973962,0.383940489296415
1.23,114,0,694.560075576643,0.381308225449972
1.23,114,3,679.777953794968,0.380099231532791
1.23,114,6,664.224265113241,0.380221710992914
1.23,114,9,648.183330592864,0.381515454922583
1.23,114,12,631.896884638305,0.383756878174731
1.23,114,15,615.554575884281,0.386669774282741
1.23,114,18,599.290027860596,0.389940771929686
1.23,114,21,583.182439160626,0.393237546852771
1.23,114,24,567.262887168384,0.396227275404914
1.23,114,27,551.523879375722,0.39859281016709
1.23,114,30,535.930406939243,0.400044624747494
1.23,114,33,520.430840133284,0.400327524814969
1.23,114,36,504.966402542648,0.399222150987029
1.23,114,39,489.478528395424,0.396542116489764
1.23,114,42,473.913977952875,0.392128056889129
1.23,114,45,458.228022579239,0.385839901686205
1.23,114,48,442.386243923741,0.377548409391403
1.23,114,51,426.365523624945,0.36712659417965
1.23,114,54,410.154688600934,0.354441259690665
1.23,114,57,393.755102918106,0.339344543012539
1.23,114,60,377.181333724172,0.321665202394231
1.23,114,63,360.461911834449,0.301199356738981
1.23,114,66,343.640170029137,0.277700488054357
1.23,114,69,326.775159040311,0.250868745655513
1.23,114,72,309.942681765654,0.220339973566135
1.23,114,75,293.236515507774,0.185675502112274
1.23,114,78,276.769878289931,0.146354742143185
1.23,114,81,260.677111280773,0.101774184743644
1.23,114,84,245.115368858127,0.0512587170083082
1.23,114,87,230.26580269039,-0.0059058036670857
1.23,114,90,216.333273978169,-0.0704066577128276
1.23,114,93,203.543048045651,-0.142791822388087
1.23,114,96,192.132364466906,-0.223302826367336
1.23,114,99,182.334636440137,-0.311662380562328
1.23,114,102,174.355030819288,-0.406860449823431
1.23,114,105,168.339029257057,-0.507024179074543
1.23,114,108,164.340021971847,-0.60947448160846
1.23,114,111,162.295763083884,-0.711023742230413
1.23,114,114,162.023011439713,-0.808453671736185
1.23,114,117,163.233394197839,-0.899004275337799
1.23,114,120,165.564915773081,-0.980697852968734
1.23,114,123,168.618486298909,-1.05242261215883
1.23,114,126,171.989967005234,-1.1138202522054
1.23,114,129,175.293107182203,-1.16507919115806
1.23,114,132,178.173436861669,-1.20672315114333
1.23,114,135,180.315634909815,-1.23944343741587
1.23,114,138,181.447258530909,-1.26398694952801
1.23,114,141,181.3409883355,-1.28109215814148
1.23,114,144,179.816546941914,-1.29145890180483
1.23,114,147,176.742616345086,-1.29573856066713
1.23,114,150,172.03854480439,-1.29453433225028
1.23,114,153,165.675387997727,-1.28840464349236
1.23,114,156,157.675805610282,-1.27786530963335
1.23,114,159,148.112452714559,-1.26338765971035
1.23,114,162,137.104691654886,-1.24539039097248
1.23,114,165,124.813651354757,-1.22422208585063
1.23,114,168,111.435849102425,-1.20012814951768
1.23,114,171,97.1957588948184,-1.1731875415692
1.23,114,174,82.3378703939076,-1.1431823244936
1.23,114,177,67.1189740863427,-1.1092966969495
1.23,114,180,51.8018228370621,-1.06930941887902
1.23,117,-180,51.8018228370621,-1.01694954131919
1.23,117,-177,36.1482984448872,-0.953348213170622
1.23,117,-174,21.080268980399,-0.84027786231434
1.23,117,-171,7.4570389053345,-0.407779948090487
1.23,117,-168,8.5994486845158,1.63078218332763
1.23,117,-165,20.3408524136698,1.96314608435996
1.23,117,-162,31.2622468377685,2.05981853746759
1.23,117,-159,40.7758555185151,2.1112335588801
1.23,117,-156,48.6959207681893,2.14380068189493
1.23,117,-153,54.9172594681432,2.16409892659237
1.23,117,-150,59.3918769388734,2.17348632780522
1.23,117,-147,62.1333620625757,2.17107027303367
1.23,117,-144,63.2299675721378,2.15442069376662
1.23,117,-141,62.8658753404689,2.1196278932084
1.23,117,-138,61.35457473383,2.06119017752342
1.23,117,-135,59.188773149752,1.97220834169731
1.23,117,-132,57.1012644282145,1.84588523192467
1.23,117,-129,56.0927998549443,1.67992104249764
1.23,117,-126,57.3154698934189,1.483586540082
1.23,117,-123,61.7271825543168,1.28018612916101
1.23,117,-120,69.723007302303,1.09625161932978
1.23,117,-117,81.1173097266373,0.946956193254624
1.23,117,-114,95.4363139776211,0.833718274326498
1.23,117,-111,112.183156117005,0.750776226012266
1.23,117,-108,130.945453767872,0.690926561824811
1.23,117,-105,151.405689210327,0.647939483948376
1.23,117,-102,173.320984511064,0.617043116556796
1.23,117,-99,196.500573473789,0.594737706498573
1.23,117,-96,220.787948649827,0.578485823702386
1.23,117,-93,246.047723583448,0.566443995742393
1.23,117,-90,272.155905154867,0.557263753313123
1.23,117,-87,298.992462178179,0.54995194210865
1.23,117,-84,326.435510492097,0.543774281072968
1.23,117,-81,354.356790028421,0.538188684994979
1.23,117,-78,382.618338687698,0.532798565701874
1.23,117,-75,411.070385704913,0.527319381238954
1.23,117,-72,439.550514802872,0.52155391208009
1.23,117,-69,467.884103610589,0.515373280364348
1.23,117,-66,495.885949192472,0.508701795064515
1.23,117,-63,523.362862664185,0.501504456143036
1.23,117,-60,550.116887933398,0.493776483681562
1.23,117,-57,575.948705716133,0.48553461173744
1.23,117,-54,600.660760217266,0.476810131039798
1.23,117,-51,624.059720144405,0.467643792365793
1.23,117,-48,645.958066632656,0.458082699332261
1.23,117,-45,666.174868109791,0.448179233513867
1.23,117,-42,684.536104608758,0.437991884683897
1.23,117,-39,700.875165996475,0.427587637992604
1.23,117,-36,715.034288376765,0.417045345277421
1.23,117,-33,726.867646989011,0.4064593321076
1.23,117,-30,736.246569497044,0.395942409992712
1.23,117,-27,743.066901209437,0.385627496719249
1.23,117,-24,747.258024265402,0.375667189985678
1.23,117,-21,748.79251857945,0.36623085788636
1.23,117,-18,747.695069423056,0.357499060661835
1.23,117,-15,744.04906630597,0.349655365234693
1.23,117,-12,737.999446790984,0.342875842995005
1.23,117,-9,729.750711278886,0.337316762743246
1.23,117,-6,719.559617931181,0.333101229613017
1.23,117,-3,707.722774789459,0.330305794297027
1.23,117,0,694.560075576643,0.328948347890142
1.23,117,3,680.395569469531,0.328978855672234
1.23,117,6,665.537811501828,0.330274546363031
1.23,117,9,650.261921147468,0.332640923407338
1.23,117,12,634.795421022894,0.335819313594643
1.23,117,15,619.309422537284,0.339500653716754
1.23,117,18,603.915928789515,0.343344042009544
1.23,117,21,588.671076035264,0.346997578795441
1.23,117,24,573.583233402428,0.350118524814298
1.23,117,27,558.624232944081,0.352390001489446
1.23,117,30,543.741752650163,0.353532285578483
1.23,117,33,528.871052635173,0.353307931397804
1.23,117,36,513.944775303473,0.351521115098938
1.23,117,39,498.900187184139,0.348012428902231
1.23,117,42,483.68387143428,0.342650714428063
1.23,117,45,468.254331494307,0.335323443908106
1.23,117,48,452.583176101751,0.32592678338657
1.23,117,51,436.655544002093,0.314355985820751
1.23,117,54,420.470268926384,0.300496317474494
1.23,117,57,404.040075611083,0.284214410070987
1.23,117,60,387.391914775393,0.265349784498084
1.23,117,63,370.567433640083,0.243706299747927
1.23,117,66,353.623545497143,0.219043422219235
1.23,117,69,336.633084694313,0.191067480465727
1.23,117,72,319.685575148281,0.159423499538637
1.23,117,75,302.888162544532,0.123688872889045
1.23,117,78,286.366730153473,0.0833711443401713
1.23,117,81,270.267110389623,0.0379136628967404
1.23,117,84,254.756098462263,-0.0132851166768549
1.23,117,87,240.021655662659,-0.0708306287869875
1.23,117,90,226.271262106327,-0.135259794557257
1.23,117,93,213.726906195967,-0.206928708388837
1.23,117,96,202.614879322296,-0.285859572992988
1.23,117,99,193.148786794719,-0.371564175576311
1.23,117,102,185.505550163164,-0.462889467832446
1.23,117,105,179.796974938956,-0.557957134175093
1.23,117,108,176.042992347142,-0.654267406006889
1.23,117,111,174.154816540588,-0.748985252678561
1.23,117,114,173.934558744725,-0.839338954007658
1.23,117,117,175.092152692251,-0.922996609824379
1.23,117,120,177.274017638124,-0.998299288549984
1.23,117,123,180.094779602476,-1.06430889673702
1.23,117,126,183.164799857881,-1.12071090206475
1.23,117,129,186.110145441862,-1.16764799818142
1.23,117,132,188.585198652569,-1.20555054159337
1.23,117,135,190.279968912065,-1.23500005461597
1.23,117,138,190.924457892202,-1.2566358496216
1.23,117,141,190.29184380234,-1.27109977061928
1.23,117,144,188.201417472962,-1.27900855172211
1.23,117,147,184.521474215966,-1.28094321935331
1.23,117,150,179.171879443993,-1.27744705019796
1.23,117,153,172.125799095151,-1.2690260302917
1.23,117,156,163.410074376009,-1.25614774022661
1.23,117,159,153.103855055267,-1.23923578842005
1.23,117,162,141.335315094664,-1.21865708057703
1.23,117,165,128.276502532621,-1.19469783333207
1.23,117,168,114.136590572301,-1.1675199309813
1.23,117,171,99.1539920445185,-1.13707808795288
1.23,117,174,83.587992959905,-1.10294839352412
1.23,117,177,67.710829241459,-1.06392877307498
1.23,117,180,51.8018228370621,-1.01694954131919
1.23,120,-180,51.8018228370622,-0.964589663759362
1.23,120,-177,35.6868622222854,-0.889780041904253
1.23,120,-174,20.2946564531673,-0.750187392720144
1.23,120,-171,6.94898747408894,-0.162814838346713
1.23,120,-168,10.304054572015,1.69380754071685
1.23,120,-165,22.1244567143767,2.002532024331
1.23,120,-162,33.0256828775782,2.10623431750316
1.23,120,-159,42.4151129046706,2.16548398339591
1.23,120,-156,50.089526388523,2.20606405585593
1.23,120,-153,55.9292115741957,2.23487317115346
1.23,120,-150,59.8694545923647,2.25357323777671
1.23,120,-147,61.9012799821031,2.26148694036187
1.23,120,-144,62.0808684210798,2.25622735830443
1.23,120,-141,60.547423259303,2.23351911970191
1.23,120,-138,57.5564531215518,2.18651285610835
1.23,120,-135,53.5431788347054,2.10476827433117
1.23,120,-132,49.2368150496918,1.97385149748484
1.23,120,-129,45.8183957382912,1.77943181576634
1.23,120,-126,44.945647190196,1.5235718875812
1.23,120,-123,48.2063985141282,1.24539837894639
1.23,120,-120,56.1527666936794,1.00182582967816
1.23,120,-117,68.2105850177354,0.820305892433831
1.23,120,-114,83.4678751433066,0.695490103722895
1.23,120,-111,101.181610928724,0.612009483157134
1.23,120,-108,120.843281795434,0.55648292594845
1.23,120,-105,142.11070498549,0.51954372340361
1.23,120,-102,164.74329259068,0.494986452919934
1.23,120,-99,188.560489799051,0.478708505133125
1.23,120,-96,213.41686363213,0.467953369554916
1.23,120,-93,239.186764424679,0.460829807134423
1.23,120,-90,265.754214738413,0.456014294756285
1.23,120,-87,293.005699721765,0.452566087780741
1.23,120,-84,320.824708280184,0.449810377450415
1.23,120,-81,349.087522283365,0.447262809495757
1.23,120,-78,377.660098214536,0.44457938873083
1.23,120,-75,406.396055675788,0.441522119989591
1.23,120,-72,435.135842673201,0.437934475446694
1.23,120,-69,463.70712139743,0.433723040036369
1.23,120,-66,491.926331784413,0.428843100824515
1.23,120,-63,519.601264925931,0.423286864657968
1.23,120,-60,546.53434203334,0.41707360447396
1.23,120,-57,572.52618241279,0.410241451165917
1.23,120,-54,597.378994778945,0.402840816043482
1.23,120,-51,620.899373794585,0.39492957133256
1.23,120,-48,642.900243769893,0.386570142511619
1.23,120,-45,663.201950508271,0.377828585359384
1.23,120,-42,681.632812360624,0.36877554997072
1.23,120,-39,698.029725757845,0.359488806104096
1.23,120,-36,712.23959070791,0.350056766352552
1.23,120,-33,724.122304578472,0.340582250367027
1.23,120,-30,733.555835251947,0.331185632792617
1.23,120,-27,740.443451624507,0.322006536473848
1.23,120,-24,744.722640832712,0.313203367623757
1.23,120,-21,746.374695879814,0.304950210630771
1.23,120,-18,745.433540778384,0.297430863665662
1.23,120,-15,741.992175436573,0.290830065583973
1.23,120,-12,736.205224477534,0.285322225355499
1.23,120,-9,728.286461342632,0.281058228479312
1.23,120,-6,718.500797667519,0.278151184738394
1.23,120,-3,707.150986620512,0.276662309936202
1.23,120,0,694.560075576643,0.276588470330313
1.23,120,3,681.05133946188,0.277853169456325
1.23,120,6,666.927915909627,0.280302775093751
1.23,120,9,652.454545038839,0.283709414114701
1.23,120,12,637.843619045212,0.2877811259182
1.23,120,15,623.247156808507,0.292178644295623
1.23,120,18,608.755409550337,0.296536849827222
1.23,120,21,594.401743839903,0.300487901180639
1.23,120,24,580.172472631734,0.303682676576944
1.23,120,27,566.019645627908,0.305807585819451
1.23,120,30,551.874614727919,0.306594904572212
1.23,120,33,537.660467414853,0.305826165092327
1.23,120,36,523.302042168027,0.303329385374626
1.23,120,39,508.732995264474,0.298971723627011
1.23,120,42,493.900065563016,0.292649404379132
1.23,120,45,478.765136316232,0.28427656118874
1.23,120,48,463.305870643725,0.273774168582079
1.23,120,51,447.515638848135,0.261059695380975
1.23,120,54,431.403254611848,0.246037655923941
1.23,120,57,414.992798472781,0.228590944787689
1.23,120,60,398.323612901315,0.208572730207134
1.23,120,63,381.450444482213,0.185798729901506
1.23,120,66,364.443684101546,0.160039872689361
1.23,120,69,347.389685218855,0.131015651891681
1.23,120,72,330.39118051189,0.0983889282161765
1.23,120,75,313.567827777597,0.0617636021681622
1.23,120,78,297.056866184475,0.0206875288992565
1.23,120,81,281.013734029027,-0.025335657951512
1.23,120,84,265.612278810877,-0.0768205965412805
1.23,120,87,251.043882024487,-0.134253513871636
1.23,120,90,237.514456148828,-0.198018021733509
1.23,120,93,225.237948396264,-0.268289590448881
1.23,120,96,214.42492141401,-0.344903685310261
1.23,120,99,205.265325644225,-0.427218774394541
1.23,120,102,197.906085416486,-0.514015955144919
1.23,120,105,192.426568780067,-0.603489993194189
1.23,120,108,188.817517946645,-0.693374227193504
1.23,120,111,186.969871117368,-0.781195375951457
1.23,120,114,186.67771416668,-0.864592835562143
1.23,120,117,187.654910467118,-0.941602263274613
1.23,120,120,189.560394715504,-1.0108227260035
1.23,120,123,192.02529805861,-1.07144486695317
1.23,120,126,194.676454665203,-1.12317232041397
1.23,120,129,197.153824440239,-1.16609155529648
1.23,120,132,199.12204349567,-1.20053798706824
1.23,120,135,200.277745752213,-1.2269858514251
1.23,120,138,200.354544044234,-1.24597059623702
1.23,120,141,199.127101393045,-1.25804106309747
1.23,120,144,196.415026962277,-1.26373393745492
1.23,120,147,192.086691078015,-1.26356229160011
1.23,120,150,186.062609764228,-1.25801126996652
1.23,120,153,178.31783923553,-1.24753567266979
1.23,120,156,168.882820156946,-1.23255565146089
1.23,120,159,157.84226146413,-1.21344754493345
1.23,120,162,145.331885048044,-1.19052667149142
1.23,120,165,131.533106938731,-1.16401695218493
1.23,120,168,116.665972744171,-1.13399675268715
1.23,120,171,100.980888182467,-1.10029632355861
1.23,120,174,84.749918245136,-1.06228435394854
1.23,120,177,68.2587940018474,-1.01836555326586
1.23,120,180,51.8018228370622,-0.964589663759362
1.23,123,-180,51.8018228370622,-0.912229786199531
1.23,123,-177,35.2696654029419,-0.826254755193649
1.23,123,-174,19.6048929240833,-0.658871122262164
1.23,123,-171,6.75714832964402,0.0897127179209008
1.23,123,-168,11.9044758038248,1.75312786555868
1.23,123,-165,23.8113913300195,2.04564546369501
1.23,123,-162,34.7139507922146,2.15561176916523
1.23,123,-159,44.0175482341435,2.22241455713742
1.23,123,-156,51.5056358322134,2.27115181534428
1.23,123,-153,57.0471488761637,2.30903635549969
1.23,123,-150,60.5635230130233,2.33815417727914
1.23,123,-147,62.0253472508872,2.35830888289085
1.23,123,-144,61.4564893623897,2.36764440727708
1.23,123,-141,58.9442287335082,2.36237145150527
1.23,123,-138,54.6617646947609,2.3356761981998
1.23,123,-135,48.9216516814626,2.27531200646853
1.23,123,-132,42.3077974498501,2.15898421475631
1.23,123,-129,35.9906948451139,1.9490591236126
1.23,123,-126,32.2547039410736,1.60909739791569
1.23,123,-123,34.129547841773,1.19342469710936
1.23,123,-120,42.5858711618478,0.852959259192988
1.23,123,-117,55.9765747547383,0.638908509962099
1.23,123,-114,72.5987762991656,0.514138281173439
1.23,123,-111,91.4817881553969,0.441357044062782
1.23,123,-108,112.106605377354,0.398538995732913
1.23,123,-105,134.168893467389,0.373518406788239
1.23,123,-102,157.466736876802,0.359379906153273
1.23,123,-99,181.849767287145,0.351999770421425
1.23,123,-96,207.194476854582,0.348800827335558
1.23,123,-93,233.390845547963,0.348106052218262
1.23,123,-90,260.334080499251,0.34878856743517
1.23,123,-87,287.918819182161,0.350073742643238
1.23,123,-84,316.034676385538,0.351422669842047
1.23,123,-81,344.562716296719,0.352460890572016
1.23,123,-78,373.372767683351,0.352933102751501
1.23,123,-75,402.321655496315,0.352673133991008
1.23,123,-72,431.252470822278,0.35158301694561
1.23,123,-69,459.994974553777,0.349617538847404
1.23,123,-66,488.367145249239,0.346772127749002
1.23,123,-63,516.17775488217,0.343072862908321
1.23,123,-60,543.229711389836,0.338567999032033
1.23,123,-57,569.323777951332,0.333320795087013
1.23,123,-54,594.262206320652,0.327403695201343
1.23,123,-51,617.851843455967,0.32089404522496
1.23,123,-48,639.90640942959,0.313871551984452
1.23,123,-45,660.247893159763,0.306417609342065
1.23,123,-42,678.707326875115,0.298616440462658
1.23,123,-39,695.125503054491,0.290557769092341
1.23,123,-36,709.354395303249,0.28234048031243
1.23,123,-33,721.260054797791,0.27407651874172
1.23,123,-30,730.72753428236,0.26589415081026
1.23,123,-27,737.66795977749,0.257939718816529
1.23,123,-24,742.027305672869,0.250377139159555
1.23,123,-21,743.795855328162,0.243384617934547
1.23,123,-18,743.016882549828,0.2371483317842
1.23,123,-15,739.792882468393,0.231853113802878
1.23,123,-12,734.287776885821,0.227670478687211
1.23,123,-9,726.723921259728,0.224744628863312
1.23,123,-6,717.373393252001,0.223177425888047
1.23,123,-3,706.543849339893,0.223013693366334
1.23,123,0,694.560075576643,0.224228592770482
1.23,123,3,681.743101152148,0.226719065433032
1.23,123,6,668.389260192137,0.230301290051119
1.23,123,9,654.751762932138,0.234715598541966
1.23,123,12,641.027092066724,0.239639263067314
1.23,123,15,627.347862734025,0.244706151092359
1.23,123,18,613.782766029178,0.249530796490467
1.23,123,21,600.343055642794,0.253733415820084
1.23,123,24,586.99400323891,0.256962182491484
1.23,123,27,573.669093391909,0.258909752543122
1.23,123,30,560.284598690711,0.259322376545998
1.23,123,33,546.752554442751,0.258001477588072
1.23,123,36,532.99087707842,0.254798862871789
1.23,123,39,518.93020057225,0.249607476150826
1.23,123,42,504.517713644959,0.242349738141226
1.23,123,45,489.718722271913,0.232965200662169
1.23,123,48,474.516801203423,0.221398683030878
1.23,123,51,458.913292479423,0.207589481257431
1.23,123,54,442.926668007694,0.19146178909349
1.23,123,57,426.592011729303,0.172916210281506
1.23,123,60,409.960677925721,0.151822173584888
1.23,123,63,393.100081094466,0.12801115265964
1.23,123,66,376.093559821478,0.10127080597196
1.23,123,69,359.040293499993,0.0713404736443453
1.23,123,72,342.055288689427,0.0379089153274223
1.23,123,75,325.269450058964,0.000615787410092808
1.23,123,78,308.829682379049,-0.0409408220110011
1.23,123,81,292.898823479237,-0.0871874765706324
1.23,123,84,277.654986294331,-0.138544761607138
1.23,123,87,263.2896119389,-0.195378101214828
1.23,123,90,250.003259557546,-0.257926175426998
1.23,123,93,237.997998147318,-0.326207098932767
1.23,123,96,227.465420855382,-0.399911040249776
1.23,123,99,218.570028430797,-0.478300859173777
1.23,123,102,211.429180888476,-0.56015538169827
1.23,123,105,206.092759641351,-0.643793594693432
1.23,123,108,202.527264380355,-0.727201827942708
1.23,123,111,200.609080725906,-0.80824923414562
1.23,123,114,200.129446434241,-0.884936847452893
1.23,123,117,200.810004996831,-0.955608643977754
1.23,123,120,202.324703795092,-1.01907190346299
1.23,123,123,204.322778016066,-1.07461496235335
1.23,123,126,206.448758341739,-1.1219465848958
1.23,123,129,208.357688675712,-1.16109619394341
1.23,123,132,209.725743827002,-1.19230951852974
1.23,123,135,210.257541122892,-1.21596055208184
1.23,123,138,209.691651186342,-1.23248747008282
1.23,123,141,207.80545341228,-1.2423514237079
1.23,123,144,204.419895268254,-1.24601299183138
1.23,123,147,199.404148460631,-1.24392006021783
1.23,123,150,192.679748343799,-1.23650148527687
1.23,123,153,184.223609075725,-1.22416202484379
1.23,123,156,174.06931686352,-1.20727502895494
1.23,123,159,162.306267629559,-1.18616983932605
1.23,123,162,149.076467111663,-1.16111026586826
1.23,123,165,134.569090428711,-1.13225798443709
1.23,123,168,119.01316679042,-1.09960801401476
1.23,123,171,102.66900712734,-1.06286645888485
1.23,123,174,85.8192696025743,-1.02119452273583
1.23,123,177,68.7610409191235,-0.972600137693442
1.23,123,180,51.8018228370622,-0.912229786199531
1.23,126,-180,51.8018228370622,-0.8598699086397
1.23,126,-177,34.8974956499648,-0.76283155030872
1.23,126,-174,19.0118677574173,-0.566721065708121
1.23,126,-171,6.85569862092365,0.33159443456453
1.23,126,-168,13.4039401790151,1.80980304047924
1.23,126,-165,25.4061329749943,2.09119823024411
1.23,126,-162,36.3366862740067,2.20702684348577
1.23,126,-159,45.6010927013278,2.28117995556551
1.23,126,-156,52.97405503167,2.33814399709632
1.23,126,-153,58.3177608747206,2.38547290836902
1.23,126,-150,61.5452517345475,2.4257883539868
1.23,126,-147,62.613451273778,2.45961818017827
1.23,126,-144,61.5221526819959,2.4861256659684
1.23,126,-141,58.315342479127,2.50300522778383
1.23,126,-138,53.0870942095787,2.50559106898099
1.23,126,-135,46.0020457928672,2.4843627111533
1.23,126,-132,37.3655552262151,2.41785787553007
1.23,126,-129,27.890332778096,2.25022163786779
1.23,126,-126,19.8468422295249,1.83069650094949
1.23,126,-123,19.6343169659218,1.08603891628227
1.23,126,-120,29.9803646081947,0.579325831189073
1.23,126,-117,45.6270970936184,0.367778338376714
1.23,126,-114,63.8901163995338,0.276037884684636
1.23,126,-111,83.9285419069506,0.234089969566007
1.23,126,-108,105.397076343388,0.215801549074649
1.23,126,-105,128.102776943996,0.209854942467835
1.23,126,-102,151.91046109167,0.210660522461193
1.23,126,-99,176.710303173412,0.215166662722201
1.23,126,-96,202.404121148264,0.221576650957332
1.23,126,-93,228.898150442614,0.228771247702526
1.23,126,-90,256.098296911497,0.236024661496905
1.23,126,-87,283.906428549596,0.242854668115016
1.23,126,-84,312.217210463476,0.248938895121375
1.23,126,-81,340.915387168767,0.254065733079786
1.23,126,-78,369.873601381365,0.25810416863113
1.23,126,-75,398.950919951222,0.26098423793678
1.23,126,-72,427.992253058482,0.262683499283224
1.23,126,-69,456.828813999551,0.263216899136161
1.23,126,-66,485.279678760626,0.262628537224664
1.23,126,-63,513.154375604593,0.260984533852345
1.23,126,-60,540.256283674903,0.25836666211935
1.23,126,-57,566.386477389791,0.254866720165126
1.23,126,-54,591.347561167339,0.250581821762263
1.23,126,-51,614.947038354979,0.24561088842168
1.23,126,-48,636.999877012842,0.240052632045713
1.23,126,-45,657.330172373554,0.234005223688275
1.23,126,-42,675.772121484754,0.227567660473174
1.23,126,-39,692.17084267717,0.220842595035233
1.23,126,-36,706.383793240101,0.213940123853764
1.23,126,-33,718.283572798342,0.206981798210924
1.23,126,-30,727.762696467138,0.200103978080808
1.23,126,-27,734.740492412679,0.193459630645719
1.23,126,-24,739.171701371461,0.187217787130555
1.23,126,-21,741.055759110333,0.181560090312286
1.23,126,-18,740.445271148171,0.176674149967723
1.23,126,-15,737.45196493378,0.172743738268503
1.23,126,-12,732.248498870865,0.16993618648181
1.23,126,-9,725.06492537263,0.168387697505385
1.23,126,-6,716.179290126918,0.168187683684236
1.23,126,-3,705.902699719362,0.169363670954252
1.23,126,0,694.560075576643,0.171868715210653
1.23,126,3,682.46859311734,0.175573514811859
1.23,126,6,669.916339908716,0.180265280090567
1.23,126,9,657.143888332422,0.185654765305429
1.23,126,12,644.331180166698,0.191391646983654
1.23,126,15,631.59135631901,0.197086843887759
1.23,126,18,618.972044967141,0.202338845186647
1.23,126,21,606.463375581057,0.206760156371961
1.23,126,24,594.010912457738,0.209999949509996
1.23,126,27,581.531067145909,0.211759940330137
1.23,126,30,568.926491994863,0.211802076944034
1.23,126,33,556.099434817255,0.209948287783164
1.23,126,36,542.961851329226,0.206073820236707
1.23,126,39,529.441962030744,0.200096349042876
1.23,126,42,515.487666148351,0.191963047619914
1.23,126,45,501.067647456713,0.181637383111049
1.23,126,48,486.171104374126,0.169086769253551
1.23,126,51,470.806885127109,0.154271610191032
1.23,126,54,455.002532116052,0.137135830661912
1.23,126,57,438.803459937203,0.117598763660089
1.23,126,60,422.272291912972,0.0955482411244429
1.23,126,63,405.488289718997,0.0708348613362907
1.23,126,66,388.546811382686,0.0432676444204949
1.23,126,69,371.558777948694,0.0126116122922756
1.23,126,72,354.650166082693,-0.0214117539947513
1.23,126,75,337.961531792779,-0.059119699557374
1.23,126,78,321.64748770178,-0.100856905910842
1.23,126,81,305.87590129204,-0.146974934789531
1.23,126,84,290.826370906339,-0.197799141126349
1.23,126,87,276.687307383039,-0.253580018258768
1.23,126,90,263.650770720795,-0.314427686893482
1.23,126,93,251.904197773348,-0.380232497077727
1.23,126,96,241.618468360031,-0.450582015878932
1.23,126,99,232.932544150857,-0.524693881781898
1.23,126,102,225.936180383583,-0.601391020248691
1.23,126,105,220.653627545102,-0.679143885850227
1.23,126,108,217.032103629474,-0.756188594486906
1.23,126,111,214.938361982989,-0.830702915098449
1.23,126,114,214.164709031115,-0.90099732476312
1.23,126,117,214.443114280358,-0.965671338523605
1.23,126,120,215.463952029542,-1.02370098359361
1.23,126,123,216.895380055627,-1.07445116425514
1.23,126,126,218.400342794648,-1.11763043270206
1.23,126,129,219.649867670874,-1.15321574707185
1.23,126,132,220.332823626807,-1.18137207712805
1.23,126,135,220.163162943046,-1.20238270943397
1.23,126,138,218.885843471988,-1.21659681785958
1.23,126,141,216.282337599811,-1.22439427025289
1.23,126,144,212.176132417474,-1.22616414738101
1.23,126,147,206.438120700245,-1.2222922735993
1.23,126,150,198.991409093575,-1.21315320928998
1.23,126,153,189.814891934753,-1.19910283308059
1.23,126,156,178.944959162385,-1.18046827610085
1.23,126,159,166.474883160104,-1.15753209863954
1.23,126,162,152.551698716561,-1.13050665316337
1.23,126,165,137.370691541646,-1.09949146993547
1.23,126,168,121.167904509131,-1.06439859521219
1.23,126,171,104.211352394775,-1.02481082225223
1.23,126,174,86.7919624385057,-0.97968303400119
1.23,126,177,69.2158784802072,-0.926626040683604
1.23,126,180,51.8018228370622,-0.8598699086397
1.23,129,-180,51.8018228370621,-0.807510031079871
1.23,129,-177,34.5710126661147,-0.699571867858262
1.23,129,-174,18.5157618780795,-0.47421190319721
1.23,129,-171,7.18724591170483,0.548730788618534
1.23,129,-168,14.8054411791945,1.86429983053082
1.23,129,-165,26.913002292752,2.13824265408981
1.23,129,-162,37.9023178551587,2.25970660387155
1.23,129,-159,47.1807607712204,2.34100505872534
1.23,129,-156,54.5191350484134,2.40612987540495
1.23,129,-153,59.7785033993942,2.46299722155972
1.23,129,-150,62.8709299680304,2.51482515676405
1.23,129,-147,63.7502075541154,2.56300532020131
1.23,129,-144,62.4078608443755,2.60802289424793
1.23,129,-141,58.8693369552292,2.64974324039961
1.23,129,-138,53.1893441669058,2.68735708153699
1.23,129,-135,45.4468694364258,2.71886196963111
1.23,129,-132,35.7422042607296,2.73916534614596
1.23,129,-129,24.2064099155268,2.73147550154397
1.23,129,-126,11.1358844396478,2.59143484380583
1.23,129,-123,5.76904574425558,0.485289436174702
1.23,129,-120,21.4507360608934,0.0186299877579007
1.23,129,-117,39.4052720628644,-0.0241206776760282
1.23,129,-114,58.8124527897505,-0.0220132954277489
1.23,129,-111,79.5219538232599,-0.00758615950979384
1.23,129,-108,101.431343592043,0.01105769505275
1.23,129,-105,124.450428119584,0.0309399385351581
1.23,129,-102,148.494061627033,0.0507085173240623
1.23,129,-99,173.479266804001,0.0696630230101503
1.23,129,-96,199.32320359895,0.0874081705786175
1.23,129,-93,225.941197157985,0.103709425270205
1.23,129,-90,253.244622026388,0.118425974854302
1.23,129,-87,281.13864141901,0.131477225693886
1.23,129,-84,309.519904180065,0.142825189992864
1.23,129,-81,338.274368997752,0.152464837371632
1.23,129,-78,367.275468778463,0.160418492075285
1.23,129,-75,396.382847786033,0.166732177364082
1.23,129,-72,425.441894814465,0.1714727198602
1.23,129,-69,454.284249956815,0.174724939023338
1.23,129,-66,482.729375161,0.176588578077369
1.23,129,-63,510.587151578009,0.177174877594414
1.23,129,-60,537.661313710602,0.176602889705104
1.23,129,-57,563.753380248606,0.17499578857828
1.23,129,-54,588.666635127196,0.172477544626261
1.23,129,-51,612.2096938305,0.169170381229181
1.23,129,-48,634.199291705206,0.165193407698949
1.23,129,-45,654.462157202535,0.160662710248853
1.23,129,-42,672.836147563238,0.155692986046389
1.23,129,-39,689.171151282935,0.150400544657252
1.23,129,-36,703.33049984217,0.144907217021139
1.23,129,-33,715.193684223227,0.139344459457232
1.23,129,-30,724.660981626886,0.133856774792765
1.23,129,-27,731.660170860545,0.128603534040476
1.23,129,-24,736.154928531952,0.1237583805367
1.23,129,-21,738.153884398454,0.119505614074412
1.23,129,-18,737.718824600331,0.116033247183748
1.23,129,-15,734.970296543445,0.113522763502746
1.23,129,-12,730.088965456266,0.112135973058469
1.23,129,-9,723.311507395354,0.111999757916143
1.23,129,-6,714.92053829795,0.11318994622203
1.23,129,-3,705.228966045409,0.115716026722202
1.23,129,0,694.560075576643,0.119508837650823
1.23,129,3,683.225465536499,0.12441357104413
1.23,129,6,671.503496895783,0.13019021522355
1.23,129,9,659.621052708486,0.136522747006049
1.23,129,12,647.741053394503,0.143036983756792
1.23,129,15,635.957324863836,0.149325277192275
1.23,129,18,624.297208266341,0.154974670063462
1.23,129,21,612.730988410647,0.159594285828878
1.23,129,24,601.186124726935,0.162837912582075
1.23,129,27,589.563669430888,0.164418920296045
1.23,129,30,577.754276992844,0.164116393946914
1.23,129,33,565.651777893018,0.161773096457829
1.23,129,36,553.163183297542,0.157287117974758
1.23,129,39,540.214920948181,0.15059960733545
1.23,129,42,526.755833900049,0.141680874028478
1.23,129,45,512.757870521392,0.130516620951671
1.23,129,48,498.215450024715,0.117095389152608
1.23,129,51,483.144293685757,0.101397683632948
1.23,129,54,467.580203851684,0.0833868300320198
1.23,129,57,451.577978643574,0.06300142128632
1.23,129,60,435.210452263613,0.0401492239813476
1.23,129,63,418.567572609346,0.0147025709805229
1.23,129,66,401.755443222065,-0.0135044824644368
1.23,129,69,384.895311811742,-0.0446766493975431
1.23,129,72,368.122526550802,-0.0790545939615423
1.23,129,75,351.585463785548,-0.116907437075322
1.23,129,78,335.444340771439,-0.158518780957935
1.23,129,81,319.869672621011,-0.204164099523739
1.23,129,84,305.039942947419,-0.254077322146723
1.23,129,87,291.137882103574,-0.308405176473934
1.23,129,90,278.344658989056,-0.367149933318166
1.23,129,93,266.831391831838,-0.430105120067487
1.23,129,96,256.747779260014,-0.496794429772637
1.23,129,99,248.208405835616,-0.566429953191206
1.23,129,102,241.278295453415,-0.637908692285795
1.23,129,105,235.960240304141,-0.709861976422916
1.23,129,108,232.186799465732,-0.780759045089772
1.23,129,111,229.819205193888,-0.84904744509848
1.23,129,114,228.653777145505,-0.913298172385234
1.23,129,117,228.434476257397,-0.972321453768928
1.23,129,120,228.868838321452,-1.02523107256107
1.23,129,123,229.644274997508,-1.07145393527329
1.23,129,126,230.442517110233,-1.1106972506212
1.23,129,129,230.951233140954,-1.14289257891558
1.23,129,132,230.872982997368,-1.16813458199798
1.23,129,135,229.93232279988,-1.18662643916461
1.23,129,138,227.882014346289,-1.19863742330185
1.23,129,141,224.509046986896,-1.20447318891973
1.23,129,144,219.640741600503,-1.20445643469318
1.23,129,147,213.150752075862,-1.19891440932918
1.23,129,150,204.964436984775,-1.18816960372346
1.23,129,153,195.062911998044,-1.1725303200535
1.23,129,156,183.485123282336,-1.15227813355435
1.23,129,159,170.327468761254,-1.12764909437237
1.23,129,162,155.740777748613,-1.09880421498455
1.23,129,165,139.924779523545,-1.06578109827952
1.23,129,168,123.120507843544,-1.02840943072578
1.23,129,171,105.601399227149,-0.986150037537836
1.23,129,174,87.6642230675018,-0.93775381382381
1.23,129,177,69.6217586244099,-0.88043714726543
1.23,129,180,51.8018228370621,-0.807510031079871
1.23,132,-180,51.801822837062,-0.755150153520041
1.23,132,-177,34.2907498736564,-0.63653865198039
1.23,132,-174,18.1159874555896,-0.381888050852279
1.23,132,-171,7.68316223599546,0.735369122063303
1.23,132,-168,16.1115785688906,1.91680714133901
1.23,132,-165,28.3356145291047,2.18604719745471
1.23,132,-162,39.4173782745333,2.31298883290873
1.23,132,-159,48.767684982985,2.40117689035941
1.23,132,-156,56.1582594896581,2.47422638185899
1.23,132,-153,61.4550263956524,2.54040949080126
1.23,132,-150,64.5772691688415,2.60352615706439
1.23,132,-147,65.4877500552151,2.66581708058266
1.23,132,-144,64.1888401994442,2.72907593341727
1.23,132,-141,60.719804626875,2.79533734049576
1.23,132,-138,55.1552823964275,2.86771125427369
1.23,132,-135,47.6088555153546,2.95210315608322
1.23,132,-132,38.2561642657248,3.06206490031119
1.23,132,-129,27.4450166458388,3.23686686226164
1.23,132,-126,16.3815752963335,3.63517188141827
1.23,132,-123,12.236635073588,4.74624220122105
1.23,132,-120,23.3001168928106,5.53366647531677
1.23,132,-117,39.941156981347,5.79898039144874
1.23,132,-114,58.7712447656436,5.93011391827673
1.23,132,-111,79.1457623871463,6.01420776397876
1.23,132,-108,100.827465820755,6.07613900503594
1.23,132,-105,123.676070584066,6.12538308233409
1.23,132,-102,147.583773661938,6.16629381920211
1.23,132,-99,172.455717076221,6.20114662165387
1.23,132,-96,198.201950578324,6.23124906881492
1.23,132,-93,224.732969589682,6.25741129564556
1.23,132,-90,251.956480511784,6.28016886424136
1.23,132,-87,279.774627122714,6.29989819401158
1.23,132,-84,308.081466609109,6.31688088220506
1.23,132,-81,336.760717619257,6.33134174678709
1.23,132,-78,365.683915059639,6.34347234404214
1.23,132,-75,394.709159166901,6.35344584515927
1.23,132,-72,423.680657038477,6.36142636740819
1.23,132,-69,452.42922433751,6.36757448434644
1.23,132,-66,480.773840228941,6.37204996530891
1.23,132,-63,508.524230986344,6.37501248128278
1.23,132,-60,535.484309479033,6.37662089153486
1.23,132,-57,561.456146240877,6.37703169604395
1.23,132,-54,586.244033904445,6.37639723989838
1.23,132,-51,609.658176344945,6.37486424158008
1.23,132,-48,631.517622829482,6.37257315333019
1.23,132,-45,651.652284153647,6.36965872664104
1.23,132,-42,669.904179593568,6.36625194361215
1.23,132,-39,686.128395420899,6.36248320044309
1.23,132,-36,700.194484949219,6.35848632974716
1.23,132,-33,711.989105792267,6.35440277725795
1.23,132,-30,721.420509000305,6.35038506280228
1.23,132,-27,728.425069592867,6.34659859799585
1.23,132,-24,732.97545568048,6.34322101881028
1.23,132,-21,735.089408973318,6.34043840399724
1.23,132,-18,734.83761020905,6.33843805480969
1.23,132,-15,732.348865158879,6.33739787243235
1.23,132,-12,727.810950704179,6.33747276966443
1.23,132,-9,721.465913789277,6.33877899559929
1.23,132,-6,713.599357716014,6.34137774089579
1.23,132,-3,704.524167541479,6.34525989721668
1.23,132,0,694.560075576643,6.35033426727058
1.23,132,3,684.011290754161,6.35642167984231
1.23,132,6,673.144951673593,6.36325713674715
1.23,132,9,662.173269390884,6.37050115196677
1.23,132,12,651.241812193853,6.37775988384095
1.23,132,15,640.425462198242,6.38461183650346
1.23,132,18,629.732293985555,6.39063736493915
1.23,132,21,619.114271043459,6.39544651102754
1.23,132,24,608.48256480668,6.39870110994273
1.23,132,27,597.724749181775,6.40012849786372
1.23,132,30,586.721218598126,6.39952602724058
1.23,132,33,575.358825289171,6.39675734720744
1.23,132,36,563.540684307515,6.39174257799261
1.23,132,39,551.192055673343,6.3844449335771
1.23,132,42,538.26293951023,6.37485613026973
1.23,132,45,524.728388478124,6.36298231529645
1.23,132,48,510.587558624963,6.34883153530434
1.23,132,51,495.862288276421,6.33240315086062
1.23,132,54,480.595659814466,6.3136792027665
1.23,132,57,464.850693109142,6.29261757274595
1.23,132,60,448.709123481587,6.26914681779229
1.23,132,63,432.270150343298,6.24316273126483
1.23,132,66,415.649072455676,6.21452693468873
1.23,132,69,398.975792712168,6.18306809090243
1.23,132,72,382.393220243762,6.14858662923388
1.23,132,75,366.055581078944,6.11086416685369
1.23,132,78,350.12655946633,6.06967905003682
1.23,132,81,334.777046619489,6.02482951143513
1.23,132,84,320.182110569778,5.97616563007811
1.23,132,87,306.516676022855,5.92363026982839
1.23,132,90,293.949386975766,5.86730711283566
1.23,132,93,282.634294702916,5.80747065026383
1.23,132,96,272.70043041312,5.74462898663145
1.23,132,99,264.239980815433,5.67954698169904
1.23,132,102,257.296553254281,5.61323694544304
1.23,132,105,251.855608466485,5.54690904900865
1.23,132,108,247.839197229592,5.48188397566704
1.23,132,111,245.106446747332,5.41948271692621
1.23,132,114,243.459943084365,5.36091688335878
1.23,132,117,242.656751992546,5.30720270783237
1.23,132,120,242.421909376782,5.2591131171357
1.23,132,123,242.462121154315,5.21716965671069
1.23,132,126,242.478037121454,5.18166565978008
1.23,132,129,242.174409760491,5.1527072659843
1.23,132,132,241.268299179655,5.13025953795063
1.23,132,135,239.495986789864,5.11418871020652
1.23,132,138,236.619359408302,5.10429609790907
1.23,132,141,232.432307304938,5.10034287064041
1.23,132,144,226.767290101293,5.10206723599192
1.23,132,147,219.501812906587,5.10919669483454
1.23,132,150,210.564240811326,5.12145831152778
1.23,132,153,199.938233521198,5.13858982955173
1.23,132,156,187.665120353274,5.16035438738862
1.23,132,159,173.843729901154,5.18656202280303
1.23,132,162,158.627482378399,5.21710279652802
1.23,132,165,142.218887130078,5.25200063166326
1.23,132,168,124.861923621847,5.29150731139115
1.23,132,171,106.83312325056,5.33628213042981
1.23,132,174,88.4326068113156,5.38777475072577
1.23,132,177,69.9772837478067,5.44915763517449
1.23,132,180,51.801822837062,5.52803515365955
1.23,135,-180,51.801822837062,-0.702790275960212
1.23,135,-177,34.057116945316,-0.573795518134237
1.23,135,-174,17.8111698654504,-0.290342519017389
1.23,135,-171,8.2817613893494,0.892401982934833
1.23,135,-168,17.3244688949926,1.9673678905622
1.23,135,-165,29.6765272832987,2.23402414949302
1.23,135,-162,40.8860252480571,2.3662979072299
1.23,135,-159,50.3684441135245,2.4610448349425
1.23,135,-156,57.900835481532,2.5416039542024
1.23,135,-153,63.3595682640268,2.61656406626872
1.23,135,-150,66.6786903690125,2.69021762740737
1.23,135,-147,67.8408026100481,2.76549078179294
1.23,135,-144,66.8757075428951,2.84516904355585
1.23,135,-141,63.8632121809083,2.93279005603205
1.23,135,-138,58.9433719322411,3.03382608487203
1.23,135,-135,52.3461738026538,3.15791589211641
1.23,135,-132,44.4755106904075,3.32374863825446
1.23,135,-129,36.1530122147434,3.56965945993482
1.23,135,-126,29.2900990297651,3.96498416615422
1.23,135,-123,27.7408945117206,4.53365184754954
1.23,135,-120,34.4323711576854,5.06508576969143
1.23,135,-117,47.4521567819804,5.40814920394645
1.23,135,-114,64.1370067528991,5.61841816191191
1.23,135,-111,83.1555779101441,5.75775649138511
1.23,135,-108,103.902273845254,5.85798995017361
1.23,135,-105,126.059002816919,5.93471640996203
1.23,135,-102,149.426472628695,5.99606946694904
1.23,135,-99,173.858874884736,6.04661265814537
1.23,135,-96,199.235680269764,6.08908083307316
1.23,135,-93,225.447708561515,6.12520871979083
1.23,135,-90,252.389159522505,6.15615276449408
1.23,135,-87,279.952352921292,6.18271979100474
1.23,135,-84,308.023858125824,6.20549805584251
1.23,135,-81,336.481504563693,6.22493608081208
1.23,135,-78,365.192133997211,6.24139198621594
1.23,135,-75,394.010131148029,6.25516524267544
1.23,135,-72,422.776843702929,6.26651736165837
1.23,135,-69,451.321009464295,6.27568525223029
1.23,135,-66,479.460258081646,6.28288949909136
1.23,135,-63,507.003653967095,6.28833904260574
1.23,135,-60,533.755109466542,6.29223334565885
1.23,135,-57,559.517350565226,6.29476293798255
1.23,135,-54,584.09600247334,6.2961091290723
1.23,135,-51,607.303326481216,6.29644360515571
1.23,135,-48,628.961220740733,6.29592852475142
1.23,135,-45,648.903307383353,6.29471756960135
1.23,135,-42,666.976236577678,6.29295818060572
1.23,135,-39,683.040670808677,6.29079492173914
1.23,135,-36,696.972666264988,6.28837360231519
1.23,135,-33,708.666239535644,6.28584550146929
1.23,135,-30,718.037730748921,6.28337083603952
1.23,135,-27,725.032149579592,6.28112053984086
1.23,135,-24,729.631095465949,6.27927549750907
1.23,135,-21,731.861215576215,6.27802258762617
1.23,135,-18,731.801664505061,6.27754720491266
1.23,135,-15,729.588797914627,6.27802231547489
1.23,135,-12,725.416449995137,6.27959453323508
1.23,135,-9,719.53061820948,6.28236818759683
1.23,135,-6,712.218143631668,6.28638887733164
1.23,135,-3,703.789913569054,6.29162852976611
1.23,135,0,694.560075576643,6.29797438971075
1.23,135,3,684.823573925162,6.30522445263886
1.23,135,6,674.834835416048,6.3130914098906
1.23,135,9,664.790495771523,6.32121605985324
1.23,135,12,654.818584532834,6.3291894539833
1.23,135,15,644.97559981751,6.33658117598459
1.23,135,18,635.251575078353,6.34296968078622
1.23,135,21,625.581868707609,6.34797008599101
1.23,135,24,615.863340061097,6.35125543373962
1.23,135,27,605.972080373526,6.35256900545725
1.23,135,30,595.780032883849,6.35172722418161
1.23,135,33,585.168546903271,6.34861440492975
1.23,135,36,574.037902771253,6.34317169191599
1.23,135,39,562.312816609283,6.33538283621308
1.23,135,42,549.944646958472,6.32525916087728
1.23,135,45,536.911365175981,6.31282540401141
1.23,135,48,523.216334255061,6.29810739792875
1.23,135,51,508.886678444231,6.28112193423817
1.23,135,54,493.971669588265,6.26186878117539
1.23,135,57,478.541240091258,6.24032467481035
1.23,135,60,462.684537803722,6.21643915636467
1.23,135,63,446.508380862528,6.19013230571355
1.23,135,66,430.135513572677,6.16129466033559
1.23,135,69,413.702644314771,6.1297898603121
1.23,135,72,397.35830160355,6.09546079061185
1.23,135,75,381.260535827216,6.05814017098308
1.23,135,78,365.574414220181,6.01766661821298
1.23,135,81,350.469127189178,5.97390707365454
1.23,135,84,336.114389231687,5.92678598626997
1.23,135,87,322.675734776218,5.87632056229886
1.23,135,90,310.308340368043,5.822659580301
1.23,135,93,299.149203599141,5.76612079868908
1.23,135,96,289.307898695019,5.70721939426492
1.23,135,99,280.856665806792,5.64667831058738
1.23,135,102,273.821137341771,5.58541236800309
1.23,135,105,268.173336231066,5.52448253331987
1.23,135,108,263.828472564903,5.46502432645319
1.23,135,111,260.6464313685,5.40816233486308
1.23,135,114,258.437847562541,5.35492753915346
1.23,135,117,256.973676135668,5.3061931477167
1.23,135,120,255.996574981893,5.2626383742414
1.23,135,123,255.232414253652,5.22474117834912
1.23,135,126,254.400719822282,5.1927940531477
1.23,135,129,253.223573893038,5.16693357833666
1.23,135,132,251.433138633177,5.14717465558835
1.23,135,135,248.778348104903,5.1334427717175
1.23,135,138,245.031376097328,5.12560074793145
1.23,135,141,239.994286660439,5.12346915294237
1.23,135,144,233.505923139335,5.12684141823291
1.23,135,147,225.448717944609,5.13549568429872
1.23,135,150,215.754818581682,5.14920576049648
1.23,135,153,204.410794973652,5.16775363066832
1.23,135,156,191.460239006322,5.19094606072638
1.23,135,159,177.00376533677,5.21863853303963
1.23,135,162,161.196221351892,5.25077169899103
1.23,135,165,144.241257878591,5.2874303673807
1.23,135,168,126.383763357545,5.32894658719044
1.23,135,171,107.901029656888,5.37609741706255
1.23,135,174,89.0940152660035,5.43052860601529
1.23,135,177,70.2812131570546,5.49579318718027
1.23,135,180,51.801822837062,5.58039503121937
1.23,138,-180,51.8018228370621,-0.650430398400382
1.23,138,-177,33.8704031726248,-0.511405849855321
1.23,138,-174,17.5991829571414,-0.200189139301598
1.23,138,-171,8.93575624102947,1.02374989054442
1.23,138,-168,18.4457020674677,2.01594088301875
1.23,138,-165,30.9370263722251,2.28168604618159
1.23,138,-162,42.3097470550568,2.41913046140769
1.23,138,-159,51.9846909819669,2.52002492095511
1.23,138,-156,59.7478439346944,2.60751343948522
1.23,138,-153,65.4904822645399,2.69043567165353
1.23,138,-150,69.1670394455409,2.77343519436017
1.23,138,-147,70.787246753103,2.85986758997535
1.23,138,-144,70.4178634590359,2.95303338832606
1.23,138,-141,68.1911212400239,3.05703625788419
1.23,138,-138,64.3244264936523,3.17775307294319
1.23,138,-135,59.1636075851068,3.32421707874261
1.23,138,-132,53.2743285044157,3.51043976879434
1.23,138,-129,47.616363678912,3.75605061382311
1.23,138,-126,43.7690442966608,4.07791350649709
1.23,138,-123,43.8083367991621,4.45993282158581
1.23,138,-120,49.1754826769643,4.83364945617552
1.23,138,-117,59.6307249654057,5.13714005592373
1.23,138,-114,73.9943492297388,5.36233730930312
1.23,138,-111,91.2027563358333,5.52799982005661
1.23,138,-108,110.556092216591,5.65304075544571
1.23,138,-105,131.616426493641,5.75053390770167
1.23,138,-102,154.096025761652,5.8287900351734
1.23,138,-99,177.789420722198,5.89307682801758
1.23,138,-96,202.535963976257,5.94681093921904
1.23,138,-93,228.198839009909,5.9922776467638
1.23,138,-90,254.652551139388,6.031055797171
1.23,138,-87,281.774872211647,6.06427217455377
1.23,138,-84,309.441269932297,6.09275777668132
1.23,138,-81,337.52089221252,6.11714665779139
1.23,138,-78,365.873707906463,6.13794016238336
1.23,138,-75,394.348679219968,6.15554956163186
1.23,138,-72,422.782974349279,6.17032467844372
1.23,138,-69,451.002272278001,6.18257305650652
1.23,138,-66,478.822185970972,6.1925725259139
1.23,138,-63,506.05074708623,6.20057906588096
1.23,138,-60,532.491770635215,6.20683134194515
1.23,138,-57,557.948779734118,6.21155301259617
1.23,138,-54,582.229059962907,6.21495374079535
1.23,138,-51,605.147377414741,6.21722973041235
1.23,138,-48,626.528973477689,6.21856448115786
1.23,138,-45,646.21165535698,6.21913028186677
1.23,138,-42,664.047105604184,6.21909072441566
1.23,138,-39,679.901863377492,6.2186042255508
1.23,138,-36,693.658681410252,6.21782822233019
1.23,138,-33,705.219032129191,6.21692340952574
1.23,138,-30,714.507357594745,6.21605717241567
1.23,138,-27,721.477231988335,6.21540528396159
1.23,138,-24,726.119010793143,6.2151510037903
1.23,138,-21,728.467917238999,6.21548092930451
1.23,138,-18,728.611026743154,6.21657727635223
1.23,138,-15,726.691394055428,6.21860667421738
1.23,138,-12,722.907705860564,6.22170602550088
1.23,138,-9,717.508336968171,6.2259664971904
1.23,138,-6,710.779471840964,6.23141725917305
1.23,138,-3,703.027902579159,6.23801111186824
1.23,138,0,694.560075576643,6.24561451215092
1.23,138,3,685.65976366604,6.25400451126055
1.23,138,6,676.567221227872,6.26287454728321
1.23,138,9,667.462693363009,6.27184979076838
1.23,138,12,658.456619283749,6.28051097254331
1.23,138,15,649.587833784982,6.28842376168224
1.23,138,18,640.829716414114,6.29516940791391
1.23,138,21,632.102877081371,6.30037201996716
1.23,138,24,623.291943712848,6.30371866891759
1.23,138,27,614.263585771211,6.30497019279329
1.23,138,30,604.883135453635,6.30396255137915
1.23,138,33,595.027922892928,6.30060024005146
1.23,138,36,584.596452640825,6.29484424354528
1.23,138,39,573.513516241021,6.28669722515246
1.23,138,42,561.732028886996,6.276188273271
1.23,138,45,549.232690935333,6.26335884117781
1.23,138,48,536.022530583942,6.24825078138827
1.23,138,51,522.133098701665,6.23089677857933
1.23,138,54,507.618714096625,6.21131311446926
1.23,138,57,492.554833208382,6.18949456187775
1.23,138,60,477.036423271094,6.1654112569741
1.23,138,63,461.176167145473,6.13900756819292
1.23,138,66,445.102382196835,6.1102031980137
1.23,138,69,428.956628979711,6.0788969648989
1.23,138,72,412.89105479082,6.04497387754899
1.23,138,75,397.065523115325,6.00831619683558
1.23,138,78,381.644516389542,5.96881913330139
1.23,138,81,366.793690688051,5.9264115715874
1.23,138,84,352.675852413773,5.88108163901432
1.23,138,87,339.446073601868,5.83290593627835
1.23,138,90,327.24571562549,5.78207979611543
1.23,138,93,316.195324787049,5.72894420672421
1.23,138,96,306.386694972996,5.6740035290732
1.23,138,99,297.874803405737,5.617927669144
1.23,138,102,290.670692510427,5.56153380919634
1.23,138,105,284.7365317603,5.50574652711367
1.23,138,108,279.983914918943,5.4515404376197
1.23,138,111,276.275914079532,5.399874531159
1.23,138,114,273.43266985351,5.3516299677347
1.23,138,117,271.239611131045,5.3075619408606
1.23,138,120,269.457019497289,5.2682718713281
1.23,138,123,267.829693386417,5.23420058404236
1.23,138,126,266.095854125927,5.20563846840594
1.23,138,129,263.994976941467,5.18274623785086
1.23,138,132,261.274714278025,5.16557986610152
1.23,138,135,257.697360817978,5.1541148235737
1.23,138,138,253.046339234392,5.14826688736997
1.23,138,141,247.132997492757,5.14790879553051
1.23,138,144,239.803691146713,5.15288347183168
1.23,138,147,230.946786552074,5.16301539262727
1.23,138,150,220.498962043245,5.1781220417686
1.23,138,153,208.450069717835,5.1980275602822
1.23,138,156,194.845872281217,5.22258098255107
1.23,138,159,179.788167734949,5.25168232880518
1.23,138,162,163.432113276798,5.28532209550131
1.23,138,165,145.98090700793,5.32364505361649
1.23,138,168,127.678347744989,5.36706196795278
1.23,138,171,108.800182728483,5.41646479112167
1.23,138,174,89.6457126439883,5.47368989804531
1.23,138,177,70.532468935851,5.54266005727499
1.23,138,180,51.8018228370621,5.63275490877921
1.23,141,-180,51.8018228370621,-0.598070520840552
1.23,141,-177,33.7307816183659,-0.44943185075421
1.23,141,-174,17.4772414667791,-0.112031134604232
1.23,141,-171,9.6119656108917,1.13385381448088
1.23,141,-168,19.476337103713,2.06243226732655
1.23,141,-165,32.1170194802468,2.32861841976643
1.23,141,-162,43.6872354270301,2.47104663070518
1.23,141,-159,53.6130709402976,2.57760486281033
1.23,141,-156,61.6919405973002,2.67130846722118
1.23,141,-153,67.8328595210288,2.76117035446371
1.23,141,-150,72.0135640981648,2.85202631180973
1.23,141,-147,74.2735060717652,2.94738996451418
1.23,141,-144,74.7174920996691,3.05061608874775
1.23,141,-141,73.5266193737794,3.16558788826289
1.23,141,-138,70.9793951261449,3.29727330265354
1.23,141,-135,67.4892504688576,3.45215581206208
1.23,141,-132,63.6641161104322,3.63811175620869
1.23,141,-129,60.377648880857,3.86244749301672
1.23,141,-126,58.7843553898129,4.12607504929295
1.23,141,-123,60.1256976996522,4.41503832915361
1.23,141,-120,65.2719836824943,4.70039633203636
1.23,141,-117,74.3685643159031,4.95433512286827
1.23,141,-114,86.9805751792639,5.16489235889479
1.23,141,-111,102.488788533581,5.33416483948722
1.23,141,-108,120.339718736957,5.46975765626321
1.23,141,-105,140.107893780888,5.57942825090926
1.23,141,-102,161.477207705753,5.66938534672279
1.23,141,-99,184.207805091432,5.74420742208798
1.23,141,-96,208.108776955086,5.80718987995833
1.23,141,-93,233.01889981311,5.86070572654602
1.23,141,-90,258.793455556418,5.90648428405825
1.23,141,-87,285.295072603646,5.94580847942395
1.23,141,-84,312.38718674539,5.9796508260596
1.23,141,-81,339.929305777049,6.00876688993634
1.23,141,-78,367.773658716768,6.03375993077282
1.23,141,-75,395.763052897487,6.05512592507706
1.23,141,-72,423.729894957481,6.07328500204887
1.23,141,-69,451.496382759265,6.08860324872082
1.23,141,-66,478.875858950648,6.10140754201155
1.23,141,-63,505.675243343099,6.1119952786872
1.23,141,-60,531.698345956466,6.12064041271515
1.23,141,-57,556.749733008678,6.12759694420246
1.23,141,-54,580.638714930856,6.13310084407827
1.23,141,-51,603.182995447676,6.1373712771972
1.23,141,-48,624.211602389797,6.14061185389721
1.23,141,-45,643.566926331517,6.14301246178773
1.23,141,-42,661.105993526129,6.14475198893153
1.23,141,-39,676.701422209264,6.14600195187032
1.23,141,-36,690.242753724446,6.14693071670644
1.23,141,-33,701.638910160582,6.14770769881373
1.23,141,-30,710.82234409236,6.14850670548666
1.23,141,-27,717.755017213598,6.14950749589921
1.23,141,-24,722.435754041293,6.15089469941817
1.23,141,-21,724.9079054411,6.15285345127514
1.23,141,-18,725.265786890217,6.15556144565574
1.23,141,-15,723.658165848331,6.1591775363426
1.23,141,-12,720.287237393492,6.16382750895064
1.23,141,-9,715.402045409913,6.16958819024338
1.23,141,-6,709.286103727653,6.17647162121473
1.23,141,-3,702.239920785221,6.18441152817137
1.23,141,0,694.560075576643,6.19325463459109
1.23,141,3,686.517262641155,6.20275926031086
1.23,141,6,678.3361544898,6.21260296022769
1.23,141,9,670.179885303558,6.22239960589597
1.23,141,12,662.141375388939,6.23172450783447
1.23,141,15,654.2426470969,6.24014438129344
1.23,141,18,646.441930071544,6.24724776394373
1.23,141,21,638.647030504489,6.25267134872371
1.23,141,24,630.732478552447,6.25611867262416
1.23,141,27,622.557603183761,6.25736935629825
1.23,141,30,613.982962651366,6.25627902790732
1.23,141,33,604.883337365684,6.25277162506053
1.23,141,36,595.156500962408,6.24682662841374
1.23,141,39,584.72793391065,6.23846391019138
1.23,141,42,573.552311837739,6.22772846493935
1.23,141,45,561.612889471846,6.21467659714203
1.23,141,48,548.919837244334,6.19936441813476
1.23,141,51,535.508287781023,6.18183892262162
1.23,141,54,521.436466466733,6.16213155308876
1.23,141,57,506.783949444198,6.14025402294354
1.23,141,60,491.649895242902,6.11619621038232
1.23,141,63,476.151048205873,6.08992608543296
1.23,141,66,460.419374270461,6.06139182201505
1.23,141,69,444.599296199531,6.0305264174613
1.23,141,72,428.844581737045,5.99725525107843
1.23,141,75,413.31496401264,5.96150702624731
1.23,141,78,398.172531800118,5.9232284185951
1.23,141,81,383.577841485839,5.88240244489017
1.23,141,84,369.685616295341,5.83907001542381
1.23,141,87,356.639861025028,5.79335330081443
1.23,141,90,344.568273765506,5.74547847589234
1.23,141,93,333.575999586387,5.69579429355336
1.23,141,96,323.739029653323,5.64478218005426
1.23,141,99,315.097843849941,5.59305365868612
1.23,141,102,307.65212735531,5.54133235487285
1.23,141,105,301.357451069759,5.49042065849969
1.23,141,108,296.124618497389,5.44115469588746
1.23,141,111,291.821961582418,5.39435438181748
1.23,141,114,288.28033335762,5.35077670336636
1.23,141,117,285.300077843508,5.31107939780397
1.23,141,120,282.65901925478,5.27579923069892
1.23,141,123,280.120569020757,5.24534536975271
1.23,141,126,277.441347259342,5.22000522678249
1.23,141,129,274.378119975388,5.19995844470818
1.23,141,132,270.694212870901,5.18529455442042
1.23,141,135,266.165765727211,5.17603079474347
1.23,141,138,260.588193509465,5.17212806198918
1.23,141,141,253.78304378262,5.17350440694801
1.23,141,144,245.605155021743,5.18004661660412
1.23,141,147,235.949719299963,5.19162111829352
1.23,141,150,224.758623082047,5.20808581081005
1.23,141,153,212.0253420377,5.22930466547989
1.23,141,156,197.797721933561,5.25516735853892
1.23,141,159,182.178172331307,5.28561726241228
1.23,141,162,165.321092646555,5.32069368234088
1.23,141,165,147.42769496298,5.3606001128503
1.23,141,168,128.738755271208,5.40582411170629
1.23,141,171,109.526235442213,5.45736913409626
1.23,141,174,90.0853410807101,5.51725576732821
1.23,141,177,70.7301411884284,5.58976326829514
1.23,141,180,51.8018228370621,5.68511478633903
1.23,144,-180,51.8018228370622,-0.545710643280721
1.23,144,-177,33.6383139580634,-0.387933581689403
1.23,144,-174,17.442045459345,-0.0264298338103339
1.23,144,-171,10.2882895993578,1.22659489443641
1.23,144,-168,20.4169350986994,2.10671228477676
1.23,144,-165,33.215019825032,2.37446197015173
1.23,144,-162,45.014408500459,2.52166411405368
1.23,144,-159,55.2454034841788,2.6333475200623
1.23,144,-156,63.7180362537627,2.73245952147328
1.23,144,-153,70.3600318595371,2.82811334049754
1.23,144,-150,75.1724827462548,2.92519365193188
1.23,144,-147,78.2226708817995,3.02714882480556
1.23,144,-144,79.6476440311725,3.13706045764546
1.23,144,-141,79.6638640496785,3.25815027200077
1.23,144,-138,78.5830767981478,3.39401169104894
1.23,144,-135,76.8348162774595,3.54853519804397
1.23,144,-132,74.9913592516456,3.72527007281807
1.23,144,-129,73.7779676234965,3.92583453499505
1.23,144,-126,74.0310735050853,4.14737661490044
1.23,144,-123,76.5648876934895,4.38057410628697
1.23,144,-120,81.9708087270703,4.61106508919691
1.23,144,-117,90.4758125921829,4.82486842291233
1.23,144,-114,101.967748999683,5.01347858947629
1.23,144,-111,116.140131450535,5.17475547947361
1.23,144,-108,132.633348284237,5.31069609048608
1.23,144,-105,151.112685345859,5.42493758283335
1.23,144,-102,171.293119545503,5.52125160075044
1.23,144,-99,192.937617926996,5.60292611985258
1.23,144,-96,215.846697036156,5.67262560276507
1.23,144,-93,239.847044008153,5.73244377749392
1.23,144,-90,264.781679572371,5.78401016348607
1.23,144,-87,290.502057299103,5.82859590266107
1.23,144,-84,316.861890841462,5.86720237308258
1.23,144,-81,343.712440268891,5.90063057067289
1.23,144,-78,370.899078517763,5.92953379811093
1.23,144,-75,398.259059588316,5.95445701112588
1.23,144,-72,425.620477140429,5.97586579353439
1.23,144,-69,452.802422452013,5.994167319536
1.23,144,-66,479.616320608579,6.00972512759444
1.23,144,-63,505.868345736119,6.0228691446212
1.23,144,-60,531.362702223886,6.03390214797292
1.23,144,-57,555.90543495518,6.04310369695417
1.23,144,-54,579.308336531206,6.05073246173966
1.23,144,-51,601.392498067081,6.05702778484963
1.23,144,-48,621.99113842043,6.06221119267753
1.23,144,-45,640.951554383716,6.06648840484966
1.23,144,-42,658.136330869409,6.07005215403534
1.23,144,-39,673.42426245063,6.0730858347208
1.23,144,-36,686.711665043824,6.07576767628028
1.23,144,-33,697.914800688572,6.07827483376199
1.23,144,-30,706.973939901489,6.08078656866528
1.23,144,-27,713.859153355715,6.0834856030852
1.23,144,-24,718.577341860955,6.08655680139425
1.23,144,-21,721.179422448036,6.09018256103899
1.23,144,-18,721.766148699642,6.09453465118785
1.23,144,-15,720.490887698706,6.09976268990442
1.23,144,-12,717.557873133492,6.10597996754818
1.23,144,-9,713.214995037521,6.11324788101951
1.23,144,-6,707.740990992335,6.1215607996992
1.23,144,-3,701.427840527899,6.13083365280751
1.23,144,0,694.560075576643,6.14089475703126
1.23,144,3,687.393438015206,6.15148619503909
1.23,144,6,680.135682049942,6.16227324600294
1.23,144,9,672.932210918834,6.17286294879912
1.23,144,12,665.858606329228,6.18283008963048
1.23,144,15,658.921027018749,6.19174723104994
1.23,144,18,652.064128351059,6.19921439678821
1.23,144,21,645.184895245196,6.20488407383146
1.23,144,24,638.149898663151,6.20847829002786
1.23,144,27,630.813188741422,6.209796289324
1.23,144,30,623.032354751599,6.20871318136509
1.23,144,33,614.681064530225,6.20517137698834
1.23,144,36,605.657383320325,6.19916736831632
1.23,144,39,595.888088173485,6.19073647479542
1.23,144,42,585.329832111826,6.17993774242451
1.23,144,45,573.968280473223,6.16684050523695
1.23,144,48,561.816266849158,6.15151342112093
1.23,144,51,548.911710665328,6.13401623089759
1.23,144,54,535.315651447903,6.1143941322468
1.23,144,57,521.11041970533,6.09267451282669
1.23,144,60,506.397763346592,6.06886580764723
1.23,144,63,491.296699641947,6.04295836904935
1.23,144,66,475.940929834902,6.01492739512904
1.23,144,69,460.475771810777,5.98473809630219
1.23,144,72,445.054671075943,5.95235334735365
1.23,144,75,429.835399451852,5.91774404307708
1.23,144,78,414.976034373965,5.88090222352759
1.23,144,81,400.630749379912,5.84185673431519
1.23,144,84,386.94537705313,5.80069071868316
1.23,144,87,374.052672590572,5.75755960901511
1.23,144,90,362.067242784028,5.71270756592993
1.23,144,93,351.080223403545,5.6664796705049
1.23,144,96,341.153969775086,5.61932687873015
1.23,144,99,332.317221178069,5.57180110665528
1.23,144,102,324.561337419349,5.5245390362301
1.23,144,105,317.838213761771,5.47823523795784
1.23,144,108,312.060319420919,5.43360753231248
1.23,144,111,307.102996911928,5.39135940406143
1.23,144,114,302.808790790107,5.35214501792105
1.23,144,117,298.99326529836,5.31654164198522
1.23,144,120,295.451624124471,5.28503234160949
1.23,144,123,291.965501914113,5.2579993885907
1.23,144,126,288.309519172085,5.2357267503899
1.23,144,129,284.257486507367,5.21840882398933
1.23,144,132,279.588402507725,5.20616238242317
1.23,144,135,274.09252738935,5.19903928817446
1.23,144,138,267.577794577213,5.19703851775935
1.23,144,141,259.876658809416,5.2001170761561
1.23,144,144,250.853227685263,5.20820022156161
1.23,144,147,240.41026068004,5.22119198691836
1.23,144,150,228.495420919222,5.2389873305628
1.23,144,153,215.106084496886,5.26148754500754
1.23,144,156,200.292071238541,5.28862108576789
1.23,144,159,184.155848250483,5.32037322021086
1.23,144,162,166.850039538261,5.35683072524999
1.23,144,165,148.572411777055,5.39825424536574
1.23,144,168,129.558874154315,5.4452058150818
1.23,144,171,110.075458811726,5.49879647178121
1.23,144,174,90.410934779702,5.56122368057717
1.23,144,177,70.8734926259533,5.63710765781466
1.23,144,180,51.8018228370622,5.73747466389887
1.23,147,-180,51.8018228370621,-0.493350765720892
1.23,147,-177,33.5929558748915,-0.326968015069181
1.23,147,-174,17.4899632038903,0.0561226910420551
1.23,147,-171,10.9506395018855,1.30503153685556
1.23,147,-168,21.2676289680598,2.14862418538049
1.23,147,-165,34.228207402514,2.41890015420721
1.23,147,-162,46.2845642703158,2.57065329119912
1.23,147,-159,56.8690834276297,2.68689142009127
1.23,147,-156,65.8042396691614,2.790558228374
1.23,147,-153,73.0356338343275,2.89081266252491
1.23,147,-150,78.5852734449875,2.99248293172646
1.23,147,-147,82.5430469082814,3.09880891084456
1.23,147,-144,85.0684523825434,3.21243607171882
1.23,147,-141,86.396453320959,3.33580295278125
1.23,147,-138,86.8455271618451,3.47121729242617
1.23,147,-135,86.8256078929799,3.62065700366527
1.23,147,-132,86.8403416821735,3.78524532788374
1.23,147,-129,87.4727415994326,3.96440509199218
1.23,147,-126,89.3403333092435,4.15496393668625
1.23,147,-123,93.014868634871,4.35087464880429
1.23,147,-120,98.9277859642435,4.54422224117474
1.23,147,-117,107.306572910859,4.72732426638926
1.23,147,-114,118.175263091714,4.89468923556447
1.23,147,-111,131.40881443453,5.04373861102774
1.23,147,-108,146.802722075714,5.17432216983326
1.23,147,-105,164.127373100979,5.28775886062284
1.23,147,-102,183.158787538591,5.38599633980085
1.23,147,-99,203.69091581903,5.47108240349178
1.23,147,-96,225.537301751952,5.54490410843846
1.23,147,-93,248.52783161365,5.60909329538623
1.23,147,-90,272.503764493773,5.66501750582756
1.23,147,-87,297.312570669145,5.71380757333198
1.23,147,-84,322.803242178686,5.75639675371004
1.23,147,-81,348.822362980177,5.79355986231605
1.23,147,-78,375.211087276364,5.82594781737026
1.23,147,-75,401.803131971011,5.85411622345623
1.23,147,-72,428.423870372415,5.87854802075782
1.23,147,-69,454.890583137972,5.89967076711538
1.23,147,-66,481.013861579015,5.91786930206461
1.23,147,-63,506.600063188252,5.93349459011322
1.23,147,-60,531.454598390022,5.94686954819335
1.23,147,-57,555.38570480407,5.9582926593329
1.23,147,-54,578.208277576448,5.96804016044983
1.23,147,-51,599.74731322468,5.97636755187952
1.23,147,-48,619.840622012966,5.98351108977088
1.23,147,-45,638.34067559176,5.98968977198263
1.23,147,-42,655.115748759402,5.99510810560435
1.23,147,-39,670.050812927307,5.9999596592143
1.23,147,-36,683.048845827862,6.00443108702374
1.23,147,-33,694.033244247113,6.00870601657257
1.23,147,-30,702.951811803648,6.01296797708525
1.23,147,-27,709.782357107075,6.0174014645232
1.23,147,-24,714.539367214304,6.02219032052095
1.23,147,-21,717.280658600592,6.02751284388834
1.23,147,-18,718.112508065075,6.03353342861823
1.23,147,-15,717.191653344364,6.04039099442304
1.23,147,-12,714.72278718238,6.04818500942214
1.23,147,-9,710.950731168931,6.05696046460761
1.23,147,-6,706.14727994499,6.06669369285372
1.23,147,-3,700.593618302542,6.07728133407281
1.23,147,0,694.560075576643,6.08853487947143
1.23,147,3,688.285631707914,6.10018290170209
1.23,147,6,681.959880058177,6.11188216859355
1.23,147,9,675.709976976658,6.12323738543889
1.23,147,12,669.594439386768,6.133827592449
1.23,147,15,663.604576714723,6.14323573793729
1.23,147,18,657.673073450584,6.15107715836417
1.23,147,21,651.688065846329,6.15702291981198
1.23,147,24,645.51026525149,6.16081514593514
1.23,147,27,638.990449798597,6.16227317616723
1.23,147,30,631.98498813513,6.16129112613745
1.23,147,33,624.367826104891,6.15782871260536
1.23,147,36,616.038314753778,6.15189784400446
1.23,147,39,606.92512987945,6.14354749154673
1.23,147,42,596.987137753512,6.13284892575576
1.23,147,45,586.212312825351,6.11988275812989
1.23,147,48,574.615735010317,6.10472856715763
1.23,147,51,562.237392182716,6.08745734727929
1.23,147,54,549.140129341984,6.06812666413583
1.23,147,57,535.407749507485,6.04677823608736
1.23,147,60,521.143065663933,6.02343765504004
1.23,147,63,506.465649885003,5.99811605055776
1.23,147,66,491.509093698588,5.97081362631933
1.23,147,69,476.417721214517,5.94152510180856
1.23,147,72,461.34281933756,5.91024713437565
1.23,147,75,446.438522877473,5.87698775219056
1.23,147,78,431.857502001326,5.84177768286769
1.23,147,81,417.746559300983,5.8046832094934
1.23,147,84,404.242186200772,5.76581983039245
1.23,147,87,391.466090416671,5.72536556899676
1.23,147,90,379.520715835078,5.68357234366932
1.23,147,93,368.484843009375,5.6407734853914
1.23,147,96,358.409468465897,5.59738544904477
1.23,147,99,349.314278150002,5.55390216424529
1.23,147,102,341.185105859716,5.51088139069072
1.23,147,105,333.972756697498,5.46892378226989
1.23,147,108,327.593457921262,5.42864681680911
1.23,147,111,321.930993483684,5.39065687325275
1.23,147,114,316.840340760715,5.35552313649639
1.23,147,117,312.152434247134,5.32375651853795
1.23,147,120,307.679595241189,5.29579556651032
1.23,147,123,303.221213600039,5.2719998014507
1.23,147,126,298.569423414532,5.25264957698811
1.23,147,129,293.514716844354,5.23795071204766
1.23,147,132,287.851614028704,5.22804194995899
1.23,147,135,281.384589970293,5.22300362626185
1.23,147,138,273.934421894394,5.22286656597813
1.23,147,141,265.344972127219,5.22762094171031
1.23,147,144,255.490204953905,5.23722543570309
1.23,147,147,244.281013340918,5.25161749432712
1.23,147,150,231.671265643337,5.27072578429185
1.23,147,153,217.662420036715,5.29448630390691
1.23,147,156,202.306115539788,5.32286423823733
1.23,147,159,185.704325871952,5.35588504446104
1.23,147,162,168.006929158212,5.39368133687934
1.23,147,165,149.406870305111,5.43656899168227
1.23,147,168,130.133456620555,5.48518179607391
1.23,147,171,110.444770554702,5.54073391348846
1.23,147,174,90.62093285605,5.60559145649833
1.23,147,177,70.9619624634537,5.68469790967992
1.23,147,180,51.8018228370621,5.78983454145869
1.23,150,-180,51.8018228370622,-0.440990888161062
1.23,150,-177,33.5945628366279,-0.266588138408803
1.23,150,-174,17.6172330684875,0.135224150740699
1.23,150,-171,11.59061368016,1.37146300907168
1.23,150,-168,22.0282299264234,2.18798856150486
1.23,150,-165,35.1525575472504,2.46164980317944
1.23,150,-162,47.4886425721739,2.61773233553948
1.23,150,-159,58.4676484849414,2.73794788528151
1.23,150,-156,67.9230290507985,2.84531246922092
1.23,150,-153,75.8158937726941,2.94900288817855
1.23,150,-150,82.1849153882131,3.05373230954865
1.23,150,-147,87.135501500725,3.16247060786604
1.23,150,-144,90.8386264159939,3.27739961311645
1.23,150,-141,93.5321167202918,3.40025232954023
1.23,150,-138,95.5215270267329,3.53236060585317
1.23,150,-135,97.178022340768,3.67450958236801
1.23,150,-132,98.9295662561753,3.82664695863544
1.23,150,-129,101.24073056452,3.98753341303356
1.23,150,-126,104.577852794442,4.15450958812241
1.23,150,-123,109.362187273414,4.32360979689638
1.23,150,-120,115.922690715356,4.49014649560852
1.23,150,-117,124.465118091943,4.64960807511954
1.23,150,-114,135.068351131908,4.7984774789611
1.23,150,-111,147.705372736342,4.93463683979063
1.23,150,-108,162.276169337516,5.05730995793142
1.23,150,-105,178.639493898475,5.16672677319284
1.23,150,-102,196.636396281587,5.26372854304121
1.23,150,-99,216.104387257744,5.34944425380884
1.23,150,-96,236.884167093124,5.42507506230391
1.23,150,-93,258.821476344087,5.49177253604995
1.23,150,-90,281.766154754799,5.55058193176222
1.23,150,-87,305.569823908626,5.60242473562332
1.23,150,-84,330.083086958136,5.64810231716141
1.23,150,-81,355.152811103573,5.68830940548977
1.23,150,-78,380.619872760406,5.72365089503202
1.23,150,-75,406.317638763265,5.75465847944804
1.23,150,-72,432.071381719014,5.78180536914952
1.23,150,-69,457.698752249108,5.80551835342927
1.23,150,-66,483.011337227953,5.82618704639445
1.23,150,-63,507.817215719604,5.84417049917906
1.23,150,-60,531.924291611774,5.85980157445881
1.23,150,-57,555.144057230729,5.87338961449666
1.23,150,-54,577.295360649286,5.88522201017447
1.23,150,-51,598.207749154057,5.8955652964208
1.23,150,-48,617.724069367399,5.90466635034985
1.23,150,-45,635.702220718842,5.91275414221601
1.23,150,-42,652.016245323521,5.92004228331854
1.23,150,-39,666.557218951165,5.92673234244839
1.23,150,-36,679.234589437775,5.93301759749364
1.23,150,-33,689.978604699832,5.93908660456467
1.23,150,-30,698.744239212701,5.94512576495061
1.23,150,-27,705.516588602576,5.95132000346379
1.23,150,-24,710.317149353951,5.95785076926912
1.23,150,-21,713.209874658728,5.96489083018998
1.23,150,-18,714.305546403531,5.97259572614462
1.23,150,-15,713.76294072785,5.98109223664308
1.23,150,-12,711.785538160686,5.99046475909186
1.23,150,-9,708.613110845682,6.00074104340286
1.23,150,-6,704.508315223799,6.01187921903663
1.23,150,-3,699.739292420254,6.02375837871579
1.23,150,0,694.560075576643,6.0361750019116
1.23,150,3,689.19117039127,6.04884705767906
1.23,150,6,683.802880260222,6.06142664043905
1.23,150,9,678.50370529564,6.07352055096225
1.23,150,12,673.335449170215,6.08471663876732
1.23,150,15,668.275620318377,6.09461242433446
1.23,150,18,663.246522311829,6.10284195283209
1.23,150,21,658.129361807162,6.10909720627716
1.23,150,24,652.781011634801,6.11314159810846
1.23,150,27,647.050898993378,6.11481469867959
1.23,150,30,640.795842810586,6.11402890802004
1.23,150,33,633.891399250571,6.11075992633998
1.23,150,36,626.239166235672,6.10503340999357
1.23,150,39,617.770314826593,6.09691018267474
1.23,150,42,608.446182476838,6.08647196438058
1.23,150,45,598.257000108572,6.07380898388205
1.23,150,48,587.2197506284,6.05901022611623
1.23,150,51,575.375866360133,6.04215655170476
1.23,150,54,562.789098677666,6.02331657186734
1.23,150,57,549.543559306024,6.00254497894953
1.23,150,60,535.741722491872,5.97988299403916
1.23,150,63,521.502117045839,5.95536064948273
1.23,150,66,506.956501955998,5.92900071884143
1.23,150,69,492.246452065329,5.90082418893889
1.23,150,72,477.519418418605,5.87085720117812
1.23,150,75,462.924424180825,5.83913935178022
1.23,150,78,448.607591443452,5.80573312714057
1.23,150,81,434.707673741594,5.77073406681662
1.23,150,84,421.351719082043,5.73428100952288
1.23,150,87,408.650940003697,5.69656551835754
1.23,150,90,396.696845949573,5.65783935236456
1.23,150,93,385.557710048629,5.61841872744191
1.23,150,96,375.275490772662,5.57868417890423
1.23,150,99,365.863386930518,5.53907517495962
1.23,150,102,357.304242036408,5.50007925317892
1.23,150,105,349.550004156924,5.46221628408461
1.23,150,108,342.522377647011,5.42601932759241
1.23,150,111,336.114684160211,5.39201419975022
1.23,150,114,330.194814314316,5.36070009831069
1.23,150,117,324.609041845579,5.33253335833046
1.23,150,120,319.186426312627,5.30791570543775
1.23,150,123,313.743563687598,5.28718746694294
1.23,150,126,308.089542498089,5.27062536012326
1.23,150,129,302.031087898054,5.25844391774653
1.23,150,132,295.377977829038,5.25079942680056
1.23,150,135,287.948851679867,5.24779541339227
1.23,150,138,279.577481003569,5.24948908498534
1.23,150,141,270.119440250737,5.25589859654374
1.23,150,144,259.458935237968,5.26701142705797
1.23,150,147,247.515366227802,5.28279449177101
1.23,150,150,234.249071050075,5.30320691144918
1.23,150,153,219.665650158715,5.32821674564607
1.23,150,156,203.818338241795,5.35782372719483
1.23,150,159,186.808052554,5.3920915823014
1.23,150,162,168.780996736414,5.43119684344132
1.23,150,165,149.924005886589,5.47550835317234
1.23,150,168,130.458174355524,5.52572850969069
1.23,150,171,110.631762608665,5.58316960483397
1.23,150,174,90.7141907269456,5.65035729319167
1.23,150,177,70.995169597037,5.73253858392112
1.23,150,180,51.8018228370622,5.84219441901852
1.23,153,-180,51.8018228370622,-0.388631010601232
1.23,153,-177,33.6428960556995,-0.206842137531758
1.23,153,-174,17.8201631747351,0.210574213411337
1.23,153,-171,12.2039300864976,1.42758109408523
1.23,153,-168,22.6983708390406,2.22460474312297
1.23,153,-165,35.9830275333202,2.50245331488891
1.23,153,-162,48.6155724728234,2.66266176864885
1.23,153,-159,60.0214581010385,2.78629499681863
1.23,153,-156,70.0425255247809,2.89653434661365
1.23,153,-153,78.651886429212,3.00257603263181
1.23,153,-150,85.8995906660561,3.10900398668584
1.23,153,-147,91.8989367281806,3.21852145174563
1.23,153,-144,96.8221537628069,3.33290404024911
1.23,153,-141,100.89761307678,3.45334176376004
1.23,153,-138,104.405606159578,3.5805201511497
1.23,153,-135,107.670820390719,3.71457021287332
1.23,153,-132,111.0498692646,3.8549600995653
1.23,153,-129,114.912712481123,4.00039997366041
1.23,153,-126,119.618285792081,4.14884126406193
1.23,153,-123,125.487264083954,4.29763639603975
1.23,153,-120,132.777489950172,4.44386440502469
1.23,153,-117,141.668202402259,4.58474195283708
1.23,153,-114,152.256648267166,4.71798723051477
1.23,153,-111,164.566215595013,4.84202909224505
1.23,153,-108,178.561683929557,4.95603408123452
1.23,153,-105,194.166315719748,5.05979790360277
1.23,153,-102,211.276896050265,5.15357554129235
1.23,153,-99,229.774919596988,5.23791083438545
1.23,153,-96,249.533750758425,5.31349808165221
1.23,153,-93,270.422420293591,5.38108453089365
1.23,153,-90,292.306964393843,5.44140949618753
1.23,153,-87,315.050157692569,5.49517119175546
1.23,153,-84,338.510346278862,5.54301235428705
1.23,153,-81,362.539945295544,5.58551746915085
1.23,153,-78,386.984052873657,5.62321642193188
1.23,153,-75,411.679541092909,5.65659109112486
1.23,153,-72,436.454899058548,5.68608266615119
1.23,153,-69,461.131007533676,5.71209837600866
1.23,153,-66,485.522909100753,5.73501694427006
1.23,153,-63,509.44250217212,5.75519252929754
1.23,153,-60,532.701943286387,5.7729572226656
1.23,153,-57,555.117415079858,5.78862239846201
1.23,153,-54,576.512841682142,5.80247934729808
1.23,153,-51,596.723143909777,5.81479969408663
1.23,153,-48,615.596744891734,5.82583608271917
1.23,153,-45,632.997256259611,5.83582350747776
1.23,153,-42,648.804553046427,5.8449814814222
1.23,153,-39,662.915706145863,5.85351697271897
1.23,153,-36,675.246393460033,5.86162774796217
1.23,153,-33,685.733377325661,5.86950549215641
1.23,153,-30,694.338383720089,5.87733789055498
1.23,153,-27,701.053280236288,5.88530881087839
1.23,153,-24,705.905921363408,5.89359584364956
1.23,153,-21,708.965548577834,5.9023647400585
1.23,153,-18,710.346338342141,5.91176070086985
1.23,153,-15,710.207683858564,5.92189697170083
1.23,153,-12,708.750110464368,5.93284173968869
1.23,153,-9,706.206320654363,5.94460484797846
1.23,153,-6,702.827642790889,5.95712627271726
1.23,153,-3,698.86698027445,5.97026853592232
1.23,153,0,694.560075576643,5.98381512435177
1.23,153,3,690.10737517482,5.99747643141626
1.23,153,6,685.65889458894,6.01090370555038
1.23,153,9,681.304176395718,6.02371010386053
1.23,153,12,677.068724852798,6.03549652248878
1.23,153,15,672.917300444866,6.04587881380273
1.23,153,18,668.763364783454,6.05451265429389
1.23,153,21,664.483021272338,6.06111282305339
1.23,153,24,659.931211760985,6.06546482918434
1.23,153,27,654.957820567223,6.06742831590548
1.23,153,30,649.421692040734,6.06693305225579
1.23,153,33,643.20125634063,6.06396929572222
1.23,153,36,636.201281551479,6.05857475299929
1.23,153,39,628.35602355378,6.05082033073042
1.23,153,42,619.629571502773,6.04079649836059
1.23,153,45,610.014411172231,6.02860154865683
1.23,153,48,599.529163637895,6.01433248135118
1.23,153,51,588.216186025497,5.99807875201223
1.23,153,54,576.139363933278,5.97991877710009
1.23,153,57,563.38209869502,5.95991888293822
1.23,153,60,550.045279276774,5.93813431484206
1.23,153,63,536.244959586326,5.91461194482794
1.23,153,66,522.109519377434,5.88939438443879
1.23,153,69,507.776220110045,5.86252527802249
1.23,153,72,493.387215824168,5.83405558780172
1.23,153,75,479.085194203179,5.80405066783781
1.23,153,78,465.008878869545,5.77259785755534
1.23,153,81,451.288620172442,5.73981421704873
1.23,153,84,438.042256671102,5.70585389485639
1.23,153,87,425.371369722364,5.67091449020307
1.23,153,90,413.358003264789,5.63524167863674
1.23,153,93,402.061894604373,5.5991313510492
1.23,153,96,391.518261633378,5.56292861019851
1.23,153,99,381.736207953702,5.52702320338202
1.23,153,102,372.697823623752,5.49184134365333
1.23,153,105,364.358059483348,5.45783434053161
1.23,153,108,356.645427798941,5.42546493511259
1.23,153,111,349.463533235949,5.3951925985568
1.23,153,114,342.693379461019,5.36745920380594
1.23,153,117,336.196348393783,5.34267636869577
1.23,153,120,329.817730063089,5.32121542380069
1.23,153,123,323.39069971183,5.30340048157885
1.23,153,126,316.740688456601,5.28950461071616
1.23,153,129,309.690153347493,5.27974877248535
1.23,153,132,302.063793568487,5.27430302246852
1.23,153,135,293.694256011776,5.27328952235519
1.23,153,138,284.428312239133,5.27678709074964
1.23,153,141,274.133374761249,5.28483727472086
1.23,153,144,262.704076444955,5.29745218340104
1.23,153,147,250.068497586857,5.31462457071744
1.23,153,150,236.193528249319,5.33634092755622
1.23,153,153,221.088829137989,5.36259876728472
1.23,153,156,204.808918799016,5.39343010755976
1.23,153,159,187.453068191469,5.42893483968352
1.23,153,162,169.162912727341,5.46933122517446
1.23,153,165,150.11797970745,5.51503846165412
1.23,153,168,130.529673818102,5.56682399224118
1.23,153,171,110.63472696713,5.62609269309395
1.23,153,174,90.6899898899845,5.69551979745495
1.23,153,177,70.9729150336935,5.7806341451121
1.23,153,180,51.8018228370622,5.89455429657835
1.23,156,-180,51.8018228370622,-0.336271133041403
1.23,156,-177,33.7376284166911,-0.147772686277226
1.23,156,-174,18.0953096743143,0.281978302826346
1.23,156,-171,12.7894305732201,1.47462078991157
1.23,156,-168,23.2776868461918,2.25825014979545
1.23,156,-165,36.7137927236033,2.54107152771486
1.23,156,-162,49.652682549446,2.70523824537053
1.23,156,-159,61.5084330192524,2.83176905594503
1.23,156,-156,72.1277671993311,2.94412361975822
1.23,156,-153,81.4915750282025,3.05154685721733
1.23,156,-150,89.6556439314284,3.15851472693615
1.23,156,-147,96.733939905072,3.26750920658883
1.23,156,-144,102.891464827449,3.37999621669151
1.23,156,-141,108.33849216042,3.49679683610446
1.23,156,-138,113.32345680606,3.61821847343067
1.23,156,-135,118.123409822395,3.74408573828749
1.23,156,-132,123.031688152503,3.87374086013643
1.23,156,-129,128.343083792749,4.00606009635925
1.23,156,-126,134.337564401293,4.13951907110559
1.23,156,-123,141.264405130773,4.2723214983565
1.23,156,-120,149.329071633818,4.40258001110822
1.23,156,-117,158.684940137346,4.52851359433824
1.23,156,-114,169.430877488898,4.64861637453776
1.23,156,-111,181.61425740604,4.76176307284939
1.23,156,-108,195.237820932987,4.86724020373304
1.23,156,-105,210.268333051592,4.96471510860635
1.23,156,-102,226.645223711444,5.05416710483709
1.23,156,-99,244.288007718934,5.1358052864408
1.23,156,-96,263.101915978523,5.20999070662817
1.23,156,-93,282.981653769287,5.27717234873102
1.23,156,-90,303.813495227489,5.33783971588014
1.23,156,-87,325.476070376406,5.39249091241546
1.23,156,-84,347.840258998191,5.44161330511811
1.23,156,-81,370.768615428465,5.4856734407173
1.23,156,-78,394.114730451374,5.52511318502724
1.23,156,-75,417.722896442422,5.5603496104921
1.23,156,-72,441.428377498996,5.59177676800351
1.23,156,-69,465.058493439553,5.61976803811939
1.23,156,-66,488.434604377827,5.64467823509935
1.23,156,-63,511.374937827315,5.66684503183623
1.23,156,-60,533.69805039887,5.68658959061318
1.23,156,-57,555.226589454906,5.7042165284765
1.23,156,-54,575.790951436653,5.72001351694729
1.23,156,-51,595.232454836029,5.73425090860006
1.23,156,-48,613.405772715942,5.74718178942964
1.23,156,-45,630.1805895752,5.75904276952126
1.23,156,-42,645.442713034855,5.77005564808678
1.23,156,-39,659.095106325428,5.78042984176336
1.23,156,-36,671.059427033965,5.79036518704476
1.23,156,-33,681.278593462637,5.80005447597065
1.23,156,-30,689.720630954364,5.8096849215678
1.23,156,-27,696.383617829786,5.81943772781502
1.23,156,-24,701.301053755573,5.82948508392486
1.23,156,-21,704.546545329579,5.8399842081115
1.23,156,-18,706.236472485505,5.85106849776218
1.23,156,-15,706.529350679758,5.8628363504962
1.23,156,-12,705.620957130345,5.87533874570038
1.23,156,-9,703.734894065452,5.88856715274376
1.23,156,-6,701.109012045009,5.90244367854732
1.23,156,-3,697.978875186,5.91681548109336
1.23,156,0,694.560075576643,5.93145524679194
1.23,156,3,691.031570929916,5.94606888227297
1.23,156,6,687.522237912411,5.96031052427314
1.23,156,9,684.102468908673,5.9738036878434
1.23,156,12,680.781930568054,5.98616615239505
1.23,156,15,677.513667032213,5.99703537579223
1.23,156,18,674.203752969065,6.00609108769363
1.23,156,21,670.724887973084,6.01307229527918
1.23,156,24,666.931846224286,6.01778705396636
1.23,156,27,662.676640011654,6.02011467891908
1.23,156,30,657.821601753565,6.02000125692927
1.23,156,33,652.249220560229,6.01745012894234
1.23,156,36,645.868314838997,6.01250937252754
1.23,156,39,638.616805121655,6.00525827183518
1.23,156,42,630.46183359011,5.99579444049755
1.23,156,45,621.398189083896,5.98422279478701
1.23,156,48,611.445945029472,5.97064707494797
1.23,156,51,600.647972567973,5.95516416520896
1.23,156,54,589.06765786887,5.93786111840901
1.23,156,57,576.78683895729,5.91881457045893
1.23,156,60,563.903763527828,5.89809212774328
1.23,156,63,550.530790624935,5.87575530124798
1.23,156,66,536.791605381134,5.85186360712712
1.23,156,69,522.81784379027,5.82647951590851
1.23,156,72,508.745177318064,5.79967398113512
1.23,156,75,494.709035106095,5.77153229622843
1.23,156,78,480.84021413427,5.74216001334334
1.23,156,81,467.260637747753,5.71168861869736
1.23,156,84,454.079482348996,5.68028061036221
1.23,156,87,441.38982329578,5.64813358392554
1.23,156,90,429.265878015739,5.61548291530099
1.23,156,93,417.760865378092,5.58260265298332
1.23,156,96,406.90546477135,5.54980430594439
1.23,156,99,396.706846318865,5.51743334454461
1.23,156,102,387.148248656303,5.48586341733631
1.23,156,105,378.189093043009,5.45548850986986
1.23,156,108,369.765633420036,5.4267135008235
1.23,156,111,361.792146321967,5.39994376333039
1.23,156,114,354.16266238562,5.3755745727443
1.23,156,117,346.753236879667,5.35398108849248
1.23,156,120,339.42475584121,5.33550957614744
1.23,156,123,332.026280258203,5.3204703553379
1.23,156,126,324.398941082938,5.30913274989668
1.23,156,129,316.380404411847,5.30172213333951
1.23,156,132,307.809916799778,5.29841904633051
1.23,156,135,298.533904036259,5.29936032933362
1.23,156,138,288.412027455738,5.30464225461543
1.23,156,141,277.323504492854,5.31432573486987
1.23,156,144,265.173389910433,5.32844381255167
1.23,156,147,251.898414117252,5.34701179957181
1.23,156,150,237.471911146774,5.37004068996408
1.23,156,153,221.907363566739,5.39755492671784
1.23,156,156,205.260158579581,5.42961650583464
1.23,156,159,187.627291525836,5.46635922173957
1.23,156,162,169.144962885989,5.50804061786546
1.23,156,165,149.98428290128,5.55512729035859
1.23,156,168,130.34562999467,5.60844773077045
1.23,156,171,110.452679269674,5.6694933043322
1.23,156,174,90.5480459255472,5.74107801626473
1.23,156,177,70.8951835489715,5.82898898923449
1.23,156,180,51.8018228370622,5.94691417413818
1.23,159,-180,51.8018228370622,-0.283911255481572
1.23,159,-177,33.8783501517008,-0.0894163645440263
1.23,159,-174,18.4396194868689,0.349344181908375
1.23,159,-171,13.3484746379652,1.51348578428166
1.23,159,-168,23.7660341357542,2.28867814453637
1.23,159,-165,37.3385248160093,2.5772767229858
1.23,159,-162,50.5861537920119,2.74528756777771
1.23,159,-159,62.9048141682868,2.87425437569887
1.23,159,-156,74.1419145663941,2.98804911832037
1.23,159,-153,84.28156264372,3.09601819761712
1.23,159,-150,93.3798091304726,3.20257531839328
1.23,159,-147,101.545010395426,3.31004788408777
1.23,159,-144,108.928475543791,3.41969641776011
1.23,159,-141,115.71691339903,3.53212359480563
1.23,159,-138,122.124189594988,3.64745047060419
1.23,159,-135,128.381795784988,3.76540108531359
1.23,159,-132,134.728244261117,3.8853578964032
1.23,159,-129,141.398031617367,4.00641902837622
1.23,159,-126,148.611040757524,4.1274715558304
1.23,159,-123,156.563304153745,4.24728279722644
1.23,159,-120,165.419928746812,4.36460191336494
1.23,159,-117,175.310696206564,4.47825817893868
1.23,159,-114,186.32845920086,4.58724155131539
1.23,159,-111,198.530053714527,4.69075535414628
1.23,159,-108,211.939140921345,4.78823782212423
1.23,159,-105,226.550240021057,4.87935595212711
1.23,159,-102,242.333217215738,4.96397940251485
1.23,159,-99,259.237613492249,5.04214346024805
1.23,159,-96,277.196369690832,5.11400901749915
1.23,159,-93,296.128696094372,5.17982523078571
1.23,159,-90,315.942008096585,5.23989809290425
1.23,159,-87,336.532996840636,5.29456612731906
1.23,159,-84,357.788019556241,5.34418302122384
1.23,159,-81,379.583076733063,5.38910621040216
1.23,159,-78,401.783690022198,5.42969007941317
1.23,159,-75,424.245002650285,5.46628239609551
1.23,159,-72,446.812389891113,5.49922273856694
1.23,159,-69,469.322789584831,5.52884190959337
1.23,159,-66,491.606845780191,5.55546161078349
1.23,159,-63,513.491814560246,5.57939393133312
1.23,159,-60,534.805032458672,5.60094046890405
1.23,159,-57,555.377626139815,5.62039112546092
1.23,159,-54,575.048082375944,5.63802279219703
1.23,159,-51,593.665328716077,5.65409823902331
1.23,159,-48,611.091108003848,5.66886554086317
1.23,159,-45,627.201645585896,5.68255829615437
1.23,159,-42,641.888856031882,5.69539672550521
1.23,159,-39,655.061541699622,5.70758950179972
1.23,159,-36,666.647119403657,5.71933589960836
1.23,159,-33,676.594317147745,5.73082762031031
1.23,159,-30,684.877000859647,5.74224951246761
1.23,159,-27,691.498870944217,5.75377841429396
1.23,159,-24,696.498311490263,5.76557951873161
1.23,159,-21,699.952307599015,5.77779999083892
1.23,159,-18,701.978183533929,5.79056001256324
1.23,159,-15,702.732025657756,5.80394193407971
1.23,159,-12,702.403043472166,5.81797870682646
1.23,159,-9,701.203727841038,5.8326431868465
1.23,159,-6,699.356376882852,5.84784014381591
1.23,159,-3,697.077242801934,5.8634027995186
1.23,159,0,694.560075576643,5.87909536923211
1.23,159,3,691.961095209617,5.89462236033453
1.23,159,6,689.387348821258,5.90964435990969
1.23,159,9,686.889994501004,5.92379890153607
1.23,159,12,684.463358417788,5.93672401481569
1.23,159,15,682.049756327487,5.94808150628468
1.23,159,18,679.549219432341,5.9575770659142
1.23,159,21,676.832587370392,5.96497492526008
1.23,159,24,673.756059491662,5.9701058201105
1.23,159,27,670.175288215614,5.97286814703934
1.23,159,30,665.957428368981,5.97322318225359
1.23,159,33,660.990123769962,5.97118588473961
1.23,159,36,655.187073738793,5.96681308804737
1.23,159,39,648.490429442456,5.96019084428938
1.23,159,42,640.870704964317,5.9514224150294
1.23,159,45,632.325087341713,5.94061800860871
1.23,159,48,622.874993811473,5.92788692959192
1.23,159,51,612.563509361608,5.91333240008832
1.23,159,54,601.453034106291,5.89704898063041
1.23,159,57,589.623174746304,5.87912228567014
1.23,159,60,577.168703621432,5.85963056084391
1.23,159,63,564.197320999196,5.8386476525465
1.23,159,66,550.826988219487,5.81624692824237
1.23,159,69,537.182715623437,5.79250576651602
1.23,159,72,523.39283864836,5.76751030111386
1.23,159,75,509.584949033562,5.74136015515382
1.23,159,78,495.881732036855,5.71417293412761
1.23,159,81,482.396982058138,5.68608826275612
1.23,159,84,469.232034327223,5.6572711596566
1.23,159,87,456.472778078133,5.62791455389998
1.23,159,90,444.187330161074,5.59824076481126
1.23,159,93,432.424368376765,5.56850179315727
1.23,159,96,421.212065665003,5.53897830822702
1.23,159,99,410.557536620808,5.50997726109374
1.23,159,102,400.446706524594,5.48182811068092
1.23,159,105,390.844534694555,5.45487771830286
1.23,159,108,381.695559886072,5.42948404921727
1.23,159,111,372.924776085136,5.40600891353817
1.23,159,114,364.438883677239,5.3848100748041
1.23,159,117,356.127987139693,5.36623313851456
1.23,159,120,347.867822369905,5.35060368944409
1.23,159,123,339.522593207826,5.33822016390408
1.23,159,126,330.948477757359,5.32934791846391
1.23,159,129,321.997831212261,5.32421489743543
1.23,159,132,312.52406325876,5.32300922317003
1.23,159,135,302.387105132365,5.32587895459021
1.23,159,138,291.459305922944,5.33293419776461
1.23,159,141,279.631514811434,5.34425172282331
1.23,159,144,266.819024979587,5.35988226117816
1.23,159,147,252.966989516972,5.37986075519532
1.23,159,150,238.054885685901,5.40422006796969
1.23,159,153,222.099616644014,5.43300915109169
1.23,159,156,205.156910302535,5.46631764648809
1.23,159,159,187.320807873877,5.50431084300398
1.23,159,162,168.721227573885,5.54728286435642
1.23,159,165,149.519838289372,5.59574439982243
1.23,159,168,129.904797100909,5.65058055475652
1.23,159,171,110.085379556662,5.71336253169021
1.23,159,174,90.2885145594039,5.78703147069753
1.23,159,177,70.762144551268,5.87760746908526
1.23,159,180,51.8018228370622,5.99927405169801
1.23,162,-180,51.8018228370621,-0.231551377921743
1.23,162,-177,34.0645740532732,-0.0318032203737752
1.23,162,-174,18.8505295418058,0.412673156738904
1.23,162,-171,13.884584422707,1.54484765499152
1.23,162,-168,24.1637484532377,2.31561479400613
1.23,162,-165,37.8507062233995,2.61084540611382
1.23,162,-162,51.4014983601555,2.78265702839782
1.23,162,-159,64.1859104992795,2.91367220595226
1.23,162,-156,76.0473488501839,3.02833011520527
1.23,162,-153,86.9685420625871,3.13614984506562
1.23,162,-150,97.0008244751824,3.24154297657487
1.23,162,-147,106.241827808495,3.34675534813589
1.23,162,-144,114.824585953592,3.45293705664366
1.23,162,-141,122.909192489281,3.56058873769771
1.23,162,-138,130.674600283235,3.66977160543616
1.23,162,-135,138.310142343472,3.7802229383166
1.23,162,-132,146.007091468619,3.89143504924635
1.23,162,-129,153.950809715925,4.00272235342443
1.23,162,-126,162.313998349039,4.11328563090859
1.23,162,-123,171.25137332743,4.22227469542733
1.23,162,-120,180.89586885067,4.32884689702241
1.23,162,-117,191.356293503587,4.43221771440182
1.23,162,-114,202.716265194435,4.53170018167027
1.23,162,-111,215.034220078117,4.62673126443056
1.23,162,-108,228.344289715494,4.71688494211453
1.23,162,-105,242.657837005735,4.80187325122378
1.23,162,-102,257.965424492457,4.88153765212187
1.23,162,-99,274.238969659085,4.95583368482328
1.23,162,-96,291.433840639212,5.02481196933241
1.23,162,-93,309.490677213394,5.08859826777297
1.23,162,-90,328.336788919713,5.14737470557407
1.23,162,-87,347.887075924061,5.20136351298031
1.23,162,-84,368.044523263651,5.25081393906537
1.23,162,-81,388.700417242007,5.29599240419416
1.23,162,-78,409.734507292117,5.33717553882208
1.23,162,-75,431.015373750285,5.37464551174612
1.23,162,-72,452.401252309037,5.40868695948805
1.23,162,-69,473.741506111798,5.43958485869516
1.23,162,-66,494.878831375408,5.46762280058794
1.23,162,-63,515.652147071727,5.49308129719783
1.23,162,-60,535.899979088601,5.5162359426322
1.23,162,-57,555.464037803365,5.53735544031095
1.23,162,-54,574.192639711197,5.55669966205607
1.23,162,-51,591.94366424183,5.57451800196927
1.23,162,-48,608.586871481324,5.59104830620306
1.23,162,-45,624.005611934978,5.60651658677438
1.23,162,-42,638.098183224174,5.62113756626481
1.23,162,-39,650.779258986929,5.63511587380831
1.23,162,-36,661.981861473128,5.64864746585101
1.23,162,-33,671.660226579966,5.66192063760297
1.23,162,-30,679.793620501891,5.67511588428803
1.23,162,-27,686.39076762132,5.68840391131954
1.23,162,-24,691.494140666157,5.70194129652144
1.23,162,-21,695.183064415492,5.71586365874884
1.23,162,-18,697.574493519446,5.73027663984972
1.23,162,-15,698.820495519186,5.74524549584948
1.23,162,-12,699.101890507583,5.76078454358829
1.23,162,-9,698.618097016073,5.77684804083951
1.23,162,-6,697.573895535207,5.79332420961292
1.23,162,-3,696.164417024985,5.8100339700548
1.23,162,0,694.560075576643,5.82673549167228
1.23,162,3,692.893306726937,5.84313490625119
1.23,162,6,691.248808361727,5.85890256734628
1.23,162,9,689.658528101085,5.87369327589315
1.23,162,12,688.101973575426,5.88716815432453
1.23,162,15,686.511658808609,5.89901554083412
1.23,162,18,684.782781818304,5.90896847567494
1.23,162,21,682.785687759391,5.91681699826392
1.23,162,24,680.379401880694,5.9224143824197
1.23,162,27,677.424551333894,5.92567737709155
1.23,162,30,673.794304256985,5.92658129714314
1.23,162,33,669.382454596992,5.92515131383631
1.23,162,36,664.108356003251,5.92145150787432
1.23,162,39,657.918937333515,5.91557321208563
1.23,162,42,650.788417311549,5.90762395642688
1.23,162,45,642.716520318162,5.89771800699918
1.23,162,48,633.725974515884,5.88596912546089
1.23,162,51,623.859890743269,5.87248581639163
1.23,162,54,613.179351221194,5.85736901807743
1.23,162,57,601.761265512613,5.84071195557009
1.23,162,60,589.696347652498,5.82260172808687
1.23,162,63,577.086972553217,5.80312214402508
1.23,162,66,564.044685092926,5.78235732982848
1.23,162,69,550.687234462117,5.7603956987583
1.23,162,72,537.135144829091,5.73733394637631
1.23,162,75,523.507965038692,5.71328082085603
1.23,162,78,509.92042996533,5.68836048646482
1.23,162,81,496.478797396043,5.66271535425539
1.23,162,84,483.277598227724,5.63650829669458
1.23,162,87,470.396969173103,5.60992419521187
1.23,162,90,457.900647670039,5.58317079226867
1.23,162,93,445.83462017888,5.55647883094772
1.23,162,96,434.226345208539,5.53010146295286
1.23,162,99,423.084432384174,5.50431289044682
1.23,162,102,412.39865277166,5.47940618397247
1.23,162,105,402.140181145023,5.4556902001112
1.23,162,108,392.262020196673,5.43348552556647
1.23,162,111,382.699618243068,5.41311941552546
1.23,162,114,373.371752217084,5.39491978233262
1.23,162,117,364.181793535825,5.37920842087359
1.23,162,120,355.019495612482,5.36629380917417
1.23,162,123,345.763433150311,5.35646396472315
1.23,162,126,336.284185527318,5.3499799352696
1.23,162,129,326.448295198251,5.34707053327841
1.23,162,132,316.122955712749,5.34792887996639
1.23,162,135,305.181301775557,5.35271122241754
1.23,162,138,293.508093597898,5.36153835653182
1.23,162,141,281.005515853265,5.37449986955666
1.23,162,144,267.598753491641,5.39166135305349
1.23,162,147,253.240968986714,5.41307478113881
1.23,162,150,237.917296514225,5.43879247003052
1.23,162,153,221.647497460606,5.46888555319608
1.23,162,156,204.486997056652,5.50346895349711
1.23,162,159,186.526148999852,5.54273689155677
1.23,162,162,167.887754616903,5.58701710586813
1.23,162,165,148.723096615252,5.6368607130279
1.23,162,168,129.207054711969,5.69320454765404
1.23,162,171,109.533349592982,5.75769243440601
1.23,162,174,89.911995625925,5.83338019255235
1.23,162,177,70.5741521354267,5.92649391824797
1.23,162,180,51.8018228370621,6.05163392925784
1.23,165,-180,51.8018228370622,-0.179191500361913
1.23,165,-177,34.2957400367351,0.0250435149604842
1.23,165,-174,19.3260205020739,0.472047895677566
1.23,165,-171,14.4032423817821,1.56922419260357
1.23,165,-168,24.4719458249402,2.33875493274791
1.23,165,-165,38.2439766084664,2.64155063475755
1.23,165,-162,52.0840516574455,2.81720720456115
1.23,165,-159,65.3268163496063,2.94996943644716
1.23,165,-156,77.8066495338702,3.06501895929666
1.23,165,-153,89.5004746871773,3.17213259123902
1.23,165,-150,100.450590836195,3.27578670217806
1.23,165,-147,110.739951752103,3.37821582143384
1.23,165,-144,120.480303509921,3.48053840099684
1.23,165,-141,129.803769660963,3.58323679102592
1.23,165,-138,138.855371771339,3.68639085655812
1.23,165,-135,147.786016296656,3.78980941985917
1.23,165,-132,156.74614434338,3.89311681946871
1.23,165,-129,165.880369335288,3.99581805016516
1.23,165,-126,175.323305213429,4.0973516020287
1.23,165,-123,185.196577761125,4.19713305840663
1.23,165,-120,195.606832674615,4.29459034594899
1.23,165,-117,206.644474391592,4.38919111589808
1.23,165,-114,218.382897011449,4.48046288713175
1.23,165,-111,230.878061150604,4.56800671511179
1.23,165,-108,244.168367637906,4.65150512386939
1.23,165,-105,258.274833405869,4.7307249495856
1.23,165,-102,273.201571399548,4.80551573159558
1.23,165,-99,288.936530284065,4.87580439884828
1.23,165,-96,305.452393154717,4.9415871805273
1.23,165,-93,322.707498556578,5.00291981334593
1.23,165,-90,340.646650527002,5.05990713953812
1.23,165,-87,359.201729482995,5.11269306109063
1.23,165,-84,378.292091506379,5.1614515661289
1.23,165,-81,397.824830932997,5.20637923341192
1.23,165,-78,417.695058738817,5.24768931577028
1.23,165,-75,437.78639759437,5.28560725392486
1.23,165,-72,457.971899401424,5.32036730793514
1.23,165,-69,478.115546327348,5.3522099236173
1.23,165,-66,498.074405727075,5.38137946887095
1.23,165,-63,517.701388347316,5.40812206224237
1.23,165,-60,536.848434094302,5.43268334840604
1.23,165,-57,555.369853515754,5.45530622333582
1.23,165,-54,573.12551840039,5.47622864441215
1.23,165,-51,589.983643056407,5.49568174695266
1.23,165,-48,605.823029384789,5.51388850306549
1.23,165,-45,620.534837049492,5.531063086686
1.23,165,-42,634.024132459638,5.54741095306301
1.23,165,-39,646.21160038071,5.56312942680677
1.23,165,-36,657.035809009127,5.57840836639877
1.23,165,-33,666.456270932906,5.59343029479424
1.23,165,-30,674.457251734139,5.60836931435564
1.23,165,-27,681.051907452794,5.6233882009495
1.23,165,-24,686.285980092576,5.63863330721745
1.23,165,-21,690.240054025662,5.65422727489343
1.23,165,-18,693.029359438517,5.67026000721576
1.23,165,-15,694.80033628466,5.6867788123154
1.23,165,-12,695.723617072532,5.70377901539215
1.23,165,-9,695.983667918863,5.72119656969534
1.23,165,-6,695.765929001913,5.73890420105794
1.23,165,-3,695.242795454217,5.75671234892328
1.23,165,0,694.560075576644,5.77437561411245
1.23,165,3,693.825593360278,5.79160465115438
1.23,165,6,693.101356645755,5.80808258376939
1.23,165,9,692.40023326768,5.82348425903487
1.23,165,12,691.687451017792,5.8374961709326
1.23,165,15,690.886574857455,5.8498347960806
1.23,165,18,689.889031419266,5.86026140472587
1.23,165,21,688.565841993715,5.86859204023322
1.23,165,24,686.780049678134,5.87470213367395
1.23,165,27,684.398397457009,5.87852596350523
1.23,165,30,681.301100020105,5.88005175606742
1.23,165,33,677.388984929238,5.87931359091896
1.23,165,36,672.587767928749,5.87638142619506
1.23,165,39,666.849678207749,5.87135052954187
1.23,165,42,660.152982602637,5.86433143798516
1.23,165,45,652.500124578559,5.85544132120081
1.23,165,48,643.915186286916,5.84479732691861
1.23,165,51,634.441231700366,5.83251218051271
1.23,165,54,624.137856193053,5.81869202694812
1.23,165,57,613.079024222492,5.80343627198579
1.23,165,60,601.351084647418,5.78683902211967
1.23,165,63,589.050751652605,5.76899164716148
1.23,165,66,576.282836824643,5.74998598918208
1.23,165,69,563.157595535641,5.72991779855397
1.23,165,72,549.787671687479,5.70889006847398
1.23,165,75,536.284747787094,5.68701604090586
1.23,165,78,522.756098338489,5.6644217522016
1.23,165,81,509.301284382634,5.64124806553873
1.23,165,84,496.009212809431,5.61765219529248
1.23,165,87,482.955726370492,5.59380876426594
1.23,165,90,470.201807663522,5.5699104478593
1.23,165,93,457.792393437693,5.54616824912152
1.23,165,96,445.755722712761,5.5228114152077
1.23,165,99,434.103096625926,5.50008695209194
1.23,165,102,422.828916517744,5.47825862930112
1.23,165,105,411.910889885653,5.45760530620796
1.23,165,108,401.310345553094,5.43841837852811
1.23,165,111,390.972668341784,5.42099816177931
1.23,165,114,380.827934446845,5.40564911427633
1.23,165,117,370.791885143257,5.39267395670865
1.23,165,120,360.76740424666,5.38236694833581
1.23,165,123,350.646655584793,5.37500679184147
1.23,165,126,340.313990357625,5.37084981105215
1.23,165,129,329.649658429381,5.37012413529188
1.23,165,132,318.534265497463,5.37302560942966
1.23,165,135,306.853824289024,5.37971603733162
1.23,165,138,294.50516458146,5.39032419402949
1.23,165,141,281.401401699387,5.40494986304866
1.23,165,144,267.477120143457,5.42367103340977
1.23,165,147,252.692910530595,5.44655439407503
1.23,165,150,237.038907316145,5.47366947403839
1.23,165,153,220.537016987515,5.50510731881399
1.23,165,156,203.241607671767,5.54100570202185
1.23,165,159,185.238556215588,5.5815850307492
1.23,165,162,166.642720184696,5.62720340322371
1.23,165,165,147.594124181292,5.67844831455942
1.23,165,168,128.253447820082,5.73630297623075
1.23,165,171,108.797886175856,5.80247604729129
1.23,165,174,89.4195347811074,5.88012476394091
1.23,165,177,70.3317443127736,5.97565267362849
1.23,165,180,51.8018228370622,6.10399380681767
1.23,168,-180,51.8018228370621,-0.126831622802083
1.23,168,-177,34.571218896955,0.0811075567334866
1.23,168,-174,19.8646276512524,0.527618640007091
1.23,168,-171,14.9117698769486,1.58704269708651
1.23,168,-168,24.6928688492157,2.35775803687716
1.23,168,-165,38.5125100651348,2.66915372777859
1.23,168,-162,52.6194697116547,2.848803292264
1.23,168,-159,66.3030884537676,2.98310750675167
1.23,168,-156,79.3834541327949,3.09818563099374
1.23,168,-153,91.8275471134798,3.20416767683705
1.23,168,-150,103.665017184984,3.30566360833803
1.23,168,-147,114.961228653418,3.40495981522102
1.23,168,-144,125.804845858403,3.50320487494315
1.23,168,-141,136.299789884196,3.60092013906851
1.23,168,-138,146.558801307666,3.69825005417813
1.23,168,-135,156.697962930142,3.79510142093749
1.23,168,-132,166.832175977179,3.89123071060956
1.23,168,-129,177.071686179414,3.98630414272833
1.23,168,-126,187.519644885682,4.07994116348557
1.23,168,-123,198.270530029152,4.17174625538421
1.23,168,-120,209.409142983306,4.26133190642124
1.23,168,-117,221.009885691867,4.34833488558377
1.23,168,-114,233.136101169274,4.43242764757445
1.23,168,-111,245.839386085166,4.51332629361653
1.23,168,-108,259.15890210075,4.59079600082726
1.23,168,-105,273.120781586632,4.66465433525591
1.23,168,-102,287.737728832135,4.73477253432199
1.23,168,-99,303.008872137698,4.80107475138207
1.23,168,-96,318.919854041381,4.86353536326458
1.23,168,-93,335.443087825758,4.92217464843362
1.23,168,-90,352.538081267162,4.97705333598243
1.23,168,-87,370.151742098718,5.02826662482904
1.23,168,-84,388.218628641192,5.0759382507012
1.23,168,-81,406.661178082377,5.12021505309422
1.23,168,-78,425.390013499501,5.16126230869628
1.23,168,-75,444.304478515293,5.19925990147031
1.23,168,-72,463.293559507948,5.23439923479537
1.23,168,-69,482.237321689937,5.26688068554957
1.23,168,-66,501.008909984319,5.29691136548517
1.23,168,-63,519.477063090384,5.32470298860035
1.23,168,-60,537.508984410355,5.35046972886489
1.23,168,-57,554.97333723569,5.37442606541402
1.23,168,-54,571.743112200955,5.39678472093139
1.23,168,-51,587.698169065629,5.41775487081097
1.23,168,-48,602.727378320682,5.43754080813925
1.23,168,-45,616.730452051225,5.45634117717612
1.23,168,-42,629.619707708439,5.47434873966113
1.23,168,-39,641.322093753162,5.49175044078973
1.23,168,-36,651.781773264699,5.50872734278202
1.23,168,-33,660.963391019255,5.52545385253076
1.23,168,-30,668.855864481817,5.54209564070313
1.23,168,-27,675.476205618181,5.55880576731295
1.23,168,-24,680.872591965014,5.57571879568968
1.23,168,-21,685.125756605775,5.59294306066698
1.23,168,-18,688.347824099258,5.61055169624423
1.23,168,-15,690.677999491877,5.62857344313876
1.23,168,-12,692.274979405413,5.64698456180227
1.23,168,-9,693.306508667426,5.66570329281803
1.23,168,-6,693.937037911098,5.68458817698274
1.23,168,-3,694.314834320457,5.70344115374494
1.23,168,0,694.560075576644,5.72201573655262
1.23,168,3,694.755379661151,5.74002981669475
1.23,168,6,694.939907294817,5.7571819214987
1.23,168,9,695.107682588073,5.77316920805283
1.23,168,12,695.210203490802,5.7877052319854
1.23,168,15,695.162857078033,5.80053563556733
1.23,168,18,694.854203269515,5.81145030291737
1.23,168,21,694.156905477469,5.82029111637253
1.23,168,24,692.938996646247,5.82695507771096
1.23,168,27,691.074270803143,5.83139311297194
1.23,168,30,688.450852099087,5.83360529008516
1.23,168,33,684.977361794982,5.83363342435607
1.23,168,36,680.586511021474,5.83155214283764
1.23,168,39,675.236322164427,5.82745945430564
1.23,168,42,668.909462455294,5.82146775651211
1.23,168,45,661.611319669891,5.81369603077112
1.23,168,48,653.367452034972,5.80426374657103
1.23,168,51,644.220924441085,5.79328674810883
1.23,168,54,634.229847476742,5.78087514680152
1.23,168,57,623.465222604147,5.76713302758315
1.23,168,60,612.009019750069,5.75215961741395
1.23,168,63,599.952309149948,5.73605147741428
1.23,168,66,587.393249661296,5.71890526721652
1.23,168,69,574.43478943558,5.70082067998485
1.23,168,72,561.182033496964,5.68190323843554
1.23,168,75,547.739341681113,5.66226675235345
1.23,168,78,534.207308576225,5.64203534521263
1.23,168,81,520.679824555004,5.62134504600097
1.23,168,84,507.241417327736,5.60034500324197
1.23,168,87,493.965032598636,5.57919840801684
1.23,168,90,480.910344559295,5.55808321165576
1.23,168,93,468.122609792219,5.53719269389475
1.23,168,96,455.632008763848,5.51673588252683
1.23,168,99,443.453371134979,5.49693775231507
1.23,168,102,431.586163290585,5.47803904995788
1.23,168,105,420.014631659431,5.46029551987648
1.23,168,108,408.708040217084,5.44397626466711
1.23,168,111,397.621005609283,5.42936098805144
1.23,168,114,386.694004123235,5.41673595527928
1.23,168,117,375.854184199151,5.406388669808
1.23,168,120,365.016650396211,5.39860148785387
1.23,168,123,354.086379160574,5.39364463429174
1.23,168,126,342.960881398858,5.39176929103263
1.23,168,129,331.533649014873,5.39320155130988
1.23,168,132,319.698326451304,5.39813803891358
1.23,168,135,307.35345059217,5.40674388095515
1.23,168,138,294.407517582844,5.41915353075484
1.23,168,141,280.784072528542,5.43547472451078
1.23,168,144,266.426481767389,5.45579569619807
1.23,168,147,251.30203869957,5.48019575080659
1.23,168,150,235.405074209005,5.50875949945313
1.23,168,153,218.75879445083,5.54159562312082
1.23,168,156,201.415656377631,5.57886219234344
1.23,168,159,183.456218430201,5.62080282088261
1.23,168,162,164.98657248115,5.66780237775446
1.23,168,165,146.134678941132,5.72048026872174
1.23,168,168,127.046219381378,5.77986023591472
1.23,168,171,107.881069869558,5.8477074005547
1.23,168,174,88.8126228280836,5.92726636012512
1.23,168,177,70.0356414096276,6.0250880965343
1.23,168,180,51.8018228370621,6.1563536843775
1.23,171,-180,51.8018228370621,-0.0744717452422546
1.23,171,-177,34.8903151462804,0.136379545759609
1.23,171,-174,20.4654147373227,0.579589169876717
1.23,171,-171,15.4192312628996,1.59869266899172
1.23,171,-168,24.8302824277276,2.37224464747958
1.23,171,-165,38.6514243709478,2.69339522794803
1.23,171,-162,52.9942283827765,2.87730600199143
1.23,171,-159,67.0913803349571,3.01305173054973
1.23,171,-156,80.7432130570738,3.12790438170224
1.23,171,-153,93.9029564872001,3.23245107695349
1.23,171,-150,106.584666085691,3.33150360831993
1.23,171,-147,118.834076909241,3.42745519445631
1.23,171,-144,130.715878157919,3.52153145077365
1.23,171,-141,142.306263900058,3.61433043139088
1.23,171,-138,153.68763006042,3.70608622389918
1.23,171,-135,164.944534249684,3.79681255646273
1.23,171,-132,176.160697718122,3.88638887657839
1.23,171,-129,187.416954809405,3.97461573480353
1.23,171,-126,198.789992369644,4.06125182093061
1.23,171,-123,210.351627217921,4.14603897245268
1.23,171,-120,222.168324986369,4.22871897818923
1.23,171,-117,234.300697111281,4.30904489356358
1.23,171,-114,246.80281203615,4.38678890758662
1.23,171,-111,259.721283917687,4.46174818418918
1.23,171,-108,273.094213744569,4.53374948338415
1.23,171,-105,286.950121765371,4.60265282977261
1.23,171,-102,301.307015488474,4.66835413418541
1.23,171,-99,316.171694408032,4.73078653521188
1.23,171,-96,331.539325081004,4.78992028715738
1.23,171,-93,347.393255817774,4.84576120303708
1.23,171,-90,363.705000870159,4.89834787155831
1.23,171,-87,380.434320130582,4.94774802759132
1.23,171,-84,397.529350122719,4.99405452338024
1.23,171,-81,414.926793563714,5.03738131727206
1.23,171,-78,432.552230350306,5.07785979085199
1.23,171,-75,450.320653878066,5.11563556127946
1.23,171,-72,468.137348182113,5.15086581228006
1.23,171,-69,485.899195956814,5.18371705654619
1.23,171,-66,503.496447568579,5.21436318412885
1.23,171,-63,520.814899997102,5.24298365171293
1.23,171,-60,537.738354445808,5.2697617185276
1.23,171,-57,554.151168446958,5.29488271598366
1.23,171,-54,569.94071550055,5.31853242131437
1.23,171,-51,584.999623413185,5.3408956589323
1.23,171,-48,599.227773235041,5.36215524987266
1.23,171,-45,612.534174365947,5.38249135546874
1.23,171,-42,624.838941946715,5.40208112220378
1.23,171,-39,636.075640082748,5.42109835932602
1.23,171,-36,646.194182135586,5.43971281729849
1.23,171,-33,655.164290490778,5.45808853970218
1.23,171,-30,662.979245000044,5.47638078257706
1.23,171,-27,669.659359380915,5.4947311591452
1.23,171,-24,675.254404956363,5.51326096716321
1.23,171,-21,679.844131747535,5.53206304895387
1.23,171,-18,683.536166577425,5.55119295060485
1.23,171,-15,686.460895275917,5.57066050111053
1.23,171,-12,688.76340689629,5.5904231378482
1.23,171,-9,690.593096560861,5.61038229176949
1.23,171,-6,692.091977633866,5.63038387948487
1.23,171,-3,693.383042904375,5.65022344793479
1.23,171,0,694.560075576643,5.66965585899279
1.23,171,3,695.680133845562,5.68840871523866
1.23,171,6,696.759559700237,5.7061981629129
1.23,171,9,697.773873051042,5.7227453872032
1.23,171,12,698.661400410144,5.73779209678432
1.23,171,15,699.330038286882,5.75111355556482
1.23,171,18,699.666225500596,5.76252816992317
1.23,171,21,699.545026165753,5.771903160553
1.23,171,24,698.840210064808,5.77915633296343
1.23,171,27,697.433343637699,5.78425434242932
1.23,171,30,695.221142955763,5.78720810495356
1.23,171,33,692.120649225944,5.78806614549317
1.23,171,36,688.072119264175,5.78690672254425
1.23,171,39,683.039826874216,5.78382954734288
1.23,171,42,677.011200181024,5.77894784118619
1.23,171,45,669.994843114123,5.77238135294532
1.23,171,48,662.01799664201,5.76425079629184
1.23,171,51,653.123901436043,5.75467397286211
1.23,171,54,643.369362966674,5.74376364209035
1.23,171,57,632.822637938447,5.73162700600909
1.23,171,60,621.561601686936,5.7183665242702
1.23,171,63,609.672052151856,5.7040816811679
1.23,171,66,597.245971491487,5.68887130095823
1.23,171,69,584.379596321962,5.67283604503078
1.23,171,72,571.171222052944,5.65608080789103
1.23,171,75,557.718758561655,5.63871683560305
1.23,171,78,544.117136959933,5.62086349708166
1.23,171,81,530.455721046743,5.60264972649294
1.23,171,84,516.815893131455,5.58421521196119
1.23,171,87,503.2689634807,5.56571142688473
1.23,171,90,489.87450475099,5.54730258640293
1.23,171,93,476.679150858236,5.52916656788183
1.23,171,96,463.715838280215,5.51149576811059
1.23,171,99,451.003419738638,5.49449779061036
1.23,171,102,438.546555220216,5.47839577602103
1.23,171,105,426.335788482456,5.463428122496
1.23,171,108,414.347748173986,5.44984731053598
1.23,171,111,402.545465129849,5.43791756798433
1.23,171,114,390.878859408523,5.42791120175455
1.23,171,117,379.285506736174,5.42010358683994
1.23,171,120,367.691828534663,5.41476702489523
1.23,171,123,356.014850949448,5.41216392805821
1.23,171,126,344.164642121329,5.41253999796312
1.23,171,129,332.04746815063,5.41611820352074
1.23,171,132,319.569618965346,5.42309437874176
1.23,171,135,306.641761308422,5.43363515852537
1.23,171,138,293.183591973428,5.44787877588166
1.23,171,141,279.128500772857,5.4659390184799
1.23,171,144,264.427915330852,5.48791246482475
1.23,171,147,249.054991403769,5.5138890802288
1.23,171,150,233.007335126004,5.54396645259394
1.23,171,153,216.308500151067,5.57826852837367
1.23,171,156,199.008096188094,5.61697091432278
1.23,171,159,181.180477753731,5.66033714111306
1.23,171,162,162.922153510805,5.70877486086554
1.23,171,165,144.34827233482,5.76293045150101
1.23,171,168,125.588834018202,5.82386181057208
1.23,171,171,106.785768654167,5.89338155001888
1.23,171,174,88.0931925357601,5.97480679590151
1.23,171,177,69.6867436316845,6.07480459225348
1.23,171,180,51.8018228370621,6.20871356193733
1.23,174,-180,51.8018228370622,-0.0221118676824244
1.23,174,-177,35.2522688675654,0.190856886652352
1.23,174,-174,21.1279181853133,0.628203439446808
1.23,174,-171,15.9363179555158,1.60457041028218
1.23,174,-168,24.8899223225284,2.38179447988541
1.23,174,-165,38.6572271115797,2.71398502978454
1.23,174,-162,53.1961253565325,2.90256195856658
1.23,174,-159,67.6700375617371,3.03976104454554
1.23,174,-156,81.8538569229574,3.15424227405162
1.23,174,-153,95.6835698488581,3.25716168587107
1.23,174,-150,109.155278692996,3.35359997592333
1.23,174,-147,122.293743712757,3.44610476536257
1.23,174,-144,135.139427133516,3.5360140139747
1.23,174,-141,147.741698629925,3.62402664245211
1.23,174,-138,160.154624801523,3.71047872174172
1.23,174,-135,172.434199037069,3.79549083178973
1.23,174,-132,184.636592628972,3.87905326220204
1.23,174,-129,196.817181822987,3.96107827903988
1.23,174,-126,209.030100444858,4.04143334953768
1.23,174,-123,221.328035575222,4.11996262170084
1.23,174,-120,233.761991284325,4.19650098979516
1.23,174,-117,246.380810735012,4.27088360148162
1.23,174,-114,259.230355474885,4.34295275270758
1.23,174,-111,272.352360476446,4.41256340621592
1.23,174,-108,285.783080478627,4.47958796332573
1.23,174,-105,299.551893972834,4.54392043774881
1.23,174,-102,313.680029282811,4.60547987045889
1.23,174,-99,328.179532735064,4.66421270572536
1.23,174,-96,343.052532894876,4.7200938967635
1.23,174,-93,358.290790950922,4.77312666597123
1.23,174,-90,373.875484506374,4.82334103623532
1.23,174,-87,389.77715980753,4.87079141169909
1.23,174,-84,405.955804811068,4.91555357792159
1.23,174,-81,422.361032758654,4.95772150012226
1.23,174,-78,438.932408327798,4.99740423578802
1.23,174,-75,455.599980401255,5.03472317086811
1.23,174,-72,472.285094763094,5.06980966894242
1.23,174,-69,488.901540894675,5.10280311931096
1.23,174,-66,505.357042455777,5.13384930391306
1.23,174,-63,521.555042821064,5.16309898379204
1.23,174,-60,537.396683788519,5.19070662998764
1.23,174,-57,552.782847974282,5.21682927551611
1.23,174,-54,567.616149595698,5.24162551960732
1.23,174,-51,581.802818830938,5.26525474437914
1.23,174,-48,595.254519544317,5.28787658403382
1.23,174,-45,607.890239589969,5.30965060707568
1.23,174,-42,619.638456738018,5.33073604245558
1.23,174,-39,630.439772017614,5.3512912320019
1.23,174,-36,640.250092478978,5.37147237137025
1.23,174,-33,649.044242564773,5.39143106174467
1.23,174,-30,656.819627143609,5.4113102751019
1.23,174,-27,663.599327459129,5.43123855193821
1.23,174,-24,669.433862187524,5.45132258307333
1.23,174,-21,674.400855043829,5.47163872384607
1.23,174,-18,678.602048299781,5.49222437129229
1.23,174,-15,682.157469787418,5.51307041270812
1.23,174,-12,685.197032632158,5.53411604427421
1.23,174,-9,687.850321780843,5.55524710650016
1.23,174,-6,690.235691495692,5.57629868379721
1.23,174,-3,692.449977429715,5.59706212557986
1.23,174,0,694.560075576643,5.61729598143296
1.23,174,3,696.597374256601,5.63673975025236
1.23,174,6,698.55560910885,5.6551289574007
1.23,174,9,700.392236402132,5.67220997180733
1.23,174,12,702.032977516219,5.68775315183139
1.23,174,15,703.378844392724,5.70156328657111
1.23,174,18,704.314745937653,5.71348676264462
1.23,174,21,704.718702541323,5.72341532632259
1.23,174,24,704.470744472114,5.73128665656581
1.23,174,27,703.460715605959,5.73708219276742
1.23,174,30,701.594419568755,5.74082278542266
1.23,174,33,698.797801601147,5.74256278915431
1.23,174,36,695.019123985734,5.74238322479128
1.23,174,39,690.229331260097,5.74038461789841
1.23,174,42,684.420981411688,5.73668007902625
1.23,174,45,677.606217349648,5.7313891209838
1.23,174,48,669.814260617469,5.7246326047529
1.23,174,51,661.088835661523,5.71652906873982
1.23,174,54,651.485802767507,5.70719253660753
1.23,174,57,641.071125131814,5.6967317371
1.23,174,60,629.919155351909,5.68525052968775
1.23,174,63,618.111126422593,5.67284923457082
1.23,174,66,605.733686732247,5.6596265275838
1.23,174,69,592.877327624269,5.6456815803677
1.23,174,72,579.634603504412,5.63111619225757
1.23,174,75,566.098118434287,5.61603675286846
1.23,174,78,552.358328279024,5.60055597075037
1.23,174,81,538.501266009828,5.58479438364493
1.23,174,84,524.606328825599,5.56888171594687
1.23,174,87,510.744266336765,5.55295816280721
1.23,174,90,496.975483027402,5.53717565898078
1.23,174,93,483.348724258736,5.52169914052386
1.23,174,96,469.90016429241,5.50670773863105
1.23,174,99,456.652868549415,5.4923957688759
1.23,174,102,443.616570416049,5.47897330867329
1.23,174,105,430.787692176744,5.46666610498744
1.23,174,108,418.14955259462,5.45571453847989
1.23,174,111,405.672737544033,5.44637140449219
1.23,174,114,393.315656871258,5.43889836659439
1.23,174,117,381.025358140123,5.43356109646784
1.23,174,120,368.738702427949,5.43062332121681
1.23,174,123,356.384017235504,5.43034022526774
1.23,174,126,343.883320610416,5.43295185502108
1.23,174,129,331.155159726632,5.43867730388727
1.23,174,132,318.118034141608,5.44771047867662
1.23,174,135,304.694290723176,5.46021815630443
1.23,174,138,290.814296615216,5.47634085576412
1.23,174,141,276.420629641154,5.49619682885199
1.23,174,144,261.471980598912,5.51988929220972
1.23,174,147,245.946445344278,5.54751697662486
1.23,174,150,229.843901856005,5.57918826798907
1.23,174,153,213.187223459367,5.61503980806037
1.23,174,156,196.0221772246,5.65526166562985
1.23,174,159,178.415996347494,5.70013358891657
1.23,174,162,160.454794796432,5.7500815399374
1.23,174,165,142.240214464079,5.80577339096813
1.23,174,168,123.885991686149,5.86829424528441
1.23,174,171,105.5156360352,5.93949461794762
1.23,174,174,87.2636128535196,6.02274857586009
1.23,174,177,69.2861277974303,6.12480662806434
1.23,174,180,51.8018228370622,6.26107343949716
1.23,177,-180,51.8018228370622,0.0302480098774043
1.23,177,-177,35.6562565654468,0.244543460068663
1.23,177,-174,21.852069549926,0.673733407240384
1.23,177,-171,16.4751745815866,1.60511613730836
1.23,177,-168,24.8799973466205,2.38594795597419
1.23,177,-165,38.5283072680752,2.73059165256696
1.23,177,-162,53.2147902833144,2.92439346645579
1.23,177,-159,68.0196616822139,3.06317803126893
1.23,177,-156,82.6863949488071,3.17724923055694
1.23,177,-153,97.1304937427603,3.27845237126671
1.23,177,-150,111.328229991642,3.37220371314842
1.23,177,-147,125.282575057745,3.46124726483176
1.23,177,-144,139.009956435352,3.54706039825499
1.23,177,-141,152.534068161808,3.63045832141228
1.23,177,-138,165.88264035146,3.71188416174863
1.23,177,-135,179.085755519115,3.79156112126453
1.23,177,-132,192.175114016998,3.86957819552728
1.23,177,-129,205.183883448073,3.94594115357366
1.23,177,-126,218.146818544763,4.020604046898
1.23,177,-123,231.100359859399,4.0934892773088
1.23,177,-120,244.082470021028,4.16450085099291
1.23,177,-117,257.132056586162,4.23353368131891
1.23,177,-114,270.287944969179,4.30048073645668
1.23,177,-111,283.5874758827,4.36523907367578
1.23,177,-108,297.064882445517,4.42771522909379
1.23,177,-105,310.749636381136,4.4878300178809
1.23,177,-102,324.664938940362,4.5455225540513
1.23,177,-99,338.826482083901,4.60075321856617
1.23,177,-96,353.241538778019,4.65350536115463
1.23,177,-93,367.908378735386,4.70378566437278
1.23,177,-90,382.815963303313,4.75162326899265
1.23,177,-87,397.943857693307,4.79706790620336
1.23,177,-84,413.262308622544,4.84018737096601
1.23,177,-81,428.732461973614,4.88106469073186
1.23,177,-78,444.306725924683,4.91979530219388
1.23,177,-75,459.929307898785,4.95648446592292
1.23,177,-72,475.536959764748,4.99124504998667
1.23,177,-69,491.059951940819,5.02419572312015
1.23,177,-66,506.423267324793,5.0554595338075
1.23,177,-63,521.547970742866,5.08516282247631
1.23,177,-60,536.352683486619,5.11343441756603
1.23,177,-57,550.755090049535,5.14040508944014
1.23,177,-54,564.673434415299,5.16620725802651
1.23,177,-51,578.028024435991,5.19097494752375
1.23,177,-48,590.742839416411,5.21484393686924
1.23,177,-45,602.747399931846,5.23795196383098
1.23,177,-42,613.97907624914,5.26043871844875
1.23,177,-39,624.385953950248,5.28244524202802
1.23,177,-36,633.930231922964,5.30411227708303
1.23,177,-33,642.591915635153,5.32557713710563
1.23,177,-30,650.372333415417,5.34696881279905
1.23,177,-27,657.29681165938,5.36840130528598
1.23,177,-24,663.415765749526,5.38996554426067
1.23,177,-21,668.803547555162,5.41172064531339
1.23,177,-18,673.554650456337,5.43368559873763
1.23,177,-15,677.777274288877,5.45583266988854
1.23,177,-12,681.584717336088,5.47808375374316
1.23,177,-9,685.085486828984,5.50031063094984
1.23,177,-6,688.373301940552,5.52233954894371
1.23,177,-3,691.51823442939,5.54395989692537
1.23,177,0,694.560075576643,5.56493610387313
1.23,177,3,697.5046752919,5.58502141689606
1.23,177,6,700.323554568874,5.60397202023276
1.23,177,9,702.956644555326,5.62156005711049
1.23,177,12,705.317637241737,5.63758445453872
1.23,177,15,707.301191628382,5.65187890619856
1.23,177,18,708.791134275732,5.66431681558306
1.23,177,21,709.668805932341,5.6748133509273
1.23,177,24,709.820806498511,5.68332498029408
1.23,177,27,709.145549853287,5.68984695256911
1.23,177,30,707.558234582529,5.69440920778601
1.23,177,33,704.994046814905,5.69707118124404
1.23,177,36,701.409617680988,5.69791594085374
1.23,177,39,696.782939088167,5.69704407813317
1.23,177,42,691.112076431724,5.69456775623363
1.23,177,45,684.413089229634,5.690605290216
1.23,177,48,676.717573885111,5.68527658186747
1.23,177,51,668.070182670961,5.67869964656943
1.23,177,54,658.526367020001,5.67098835662056
1.23,177,57,648.15046625799,5.66225139806942
1.23,177,60,637.014141624192,5.65259231733536
1.23,177,63,625.195062121454,5.64211044106646
1.23,177,66,612.775697180586,5.63090240335765
1.23,177,69,599.842064660799,5.61906401400589
1.23,177,72,586.482315019117,5.60669224398543
1.23,177,75,572.785090354352,5.59388717476871
1.23,177,78,558.837664206645,5.58075383684418
1.23,177,81,544.723929024789,5.56740393059389
1.23,177,84,530.522341447427,5.55395746509135
1.23,177,87,516.303954740132,5.54054436000427
1.23,177,90,502.130662279524,5.52730603284917
1.23,177,93,488.053750047073,5.51439694491582
1.23,177,96,474.112817177639,5.50198601507187
1.23,177,99,460.335080854264,5.49025774422839
1.23,177,102,446.735044442424,5.47941283772909
1.23,177,105,433.314483416773,5.46966808099491
1.23,177,108,420.062697179597,5.46125522698456
1.23,177,111,406.956987158198,5.45441870200687
1.23,177,114,393.96334896798,5.44941203480656
1.23,177,117,381.037401241895,5.44649306124393
1.23,177,120,368.125605711805,5.44591814142908
1.23,177,123,355.166851898307,5.44793582368891
1.23,177,126,342.09447743015,5.45278056571002
1.23,177,129,328.838768160391,5.46066723952128
1.23,177,132,315.329932619496,5.47178717277259
1.23,177,135,301.501479131382,5.48630640204161
1.23,177,138,287.293850206357,5.50436665017015
1.23,177,141,272.658098114917,5.52608933458436
1.23,177,144,257.559328872378,5.55158273991942
1.23,177,147,241.979610415219,5.58095244089107
1.23,177,150,225.920045291307,5.61431525833533
1.23,177,153,209.40175761583,5.65181763378243
1.23,177,156,192.465643178718,5.69366058052372
1.23,177,159,175.170879465134,5.74013583052367
1.23,177,162,157.592383642711,5.79168258639402
1.23,177,165,139.817640580436,5.84898411022438
1.23,177,168,121.943630291088,5.9131451308056
1.23,177,171,104.07510323461,5.98604384488563
1.23,177,174,86.3266804511628,6.0710949488809
1.23,177,177,68.8350432498482,6.17509874957941
1.23,177,180,51.8018228370622,6.31343331705699
